URL,更新日,タイトル,本文
https://ishiharakaori-fc.com/news/?id=1,2021/02/21,石原夏織 オフィシャルファンクラブ「hand in hand」先行入会受付スタート！,石原夏織 オフィシャルファンクラブ「hand in hand」の先行入会受付がスタートいたしました！ 2021年5月30日（日）23:59までに入会いただくと 【会報誌０号】 をプレゼント！ さらに 【会員限定ページ】 も公開！ コンテンツは都度更新されますので、ぜひチェックください♪ 皆さまのご入会をお待ちしております！
https://ishiharakaori-fc.com/news/?id=3,2021/04/15,サポート窓口 ゴールデンウィーク休業のお知らせ,いつも当サイトをご利用いただきありがとうございます。 ゴールデンウィーク期間中のお問い合わせにつきまして、下記の通りご案内いたします。 【休業期間】 2021年4月29日(木)～5月5日(水) 期間中にいただいたお問い合わせは、承りました順に5月6日(木)から対応させていただきます。 通常よりお時間がかかる場合がございますので、恐れ入りますが、予めご了承いただきますようお願いいたします。 ご迷惑をおかけいたしますが、何卒よろしくお願い申し上げます。
https://ishiharakaori-fc.com/news/?id=4,2021/04/28,会報0号／会員の皆さんからのおたよりを大募集！,"会報0号の発行にあたり、ファンクラブ会員の皆さんから下記のテーマで投稿を募集します！ 皆さんの投稿が会報誌に掲載されるかも？！ 投稿をお待ちしております♪ ●テーマ ・6thシングル「Plastic Smile」の感想 ・2nd LIVE「MAKE SMILE」の感想 ●投稿可能なもの ・文字（500文字以内） ・写真（5MB/jpg,gif,png） ・イラスト（5MB/jpg,gif,png） ●締切 5月9日（日）23:59まで ☆郵送を希望の方は下記宛先までお送りください 〒106-8487 東京都港区六本木1-5-17 泉ガーデンANNEX 石原夏織 オフィシャルファンクラブ『hand in hand』係 宛"
https://ishiharakaori-fc.com/news/?id=5,2021/05/13,【重要】会員証＆会報0号　発送先住所確認のお願い,石原夏織 オフィシャルファンクラブ「hand in hand」会員の皆様にお知らせです。 会員証＆会報0号の発送にあたり、発送先住所のご確認をお願いいたします。 ●確認期間 2021年5月19日(水)23:59まで ●確認・変更方法 ログイン後、MYPAGE内 会員情報にてご確認・変更ください ※2021年6月1日（火）より順次発送を予定しております ※クロネコDM便での発送となります ※確認期間内に住所変更がされていなかった場合・住所不明による未着や紛失等があった場合、再送のご対応はできかねます。あらかじめご了承ください
https://ishiharakaori-fc.com/news/?id=6,2021/06/01,フレーム Vol.1・Vol.2更新☆,新コンテンツとして、AR CAMERA が登場です！ お手持ちのスマートフォンで好きなフレームを選択すると、夏織ちゃんと記念撮影ができちゃう？！ 撮影いただいた写真は、シェアボタンを使ってSNSへの投稿が可能となっています。 皆さまの投稿お待ちしています♪ こちら からお楽しみください！
https://ishiharakaori-fc.com/news/?id=9,2021/06/01,『hand in hand』グランドオープン！ を更新☆,MOVIEを更新しました！ 夏織ちゃんがファンクラブでやりたいことは…？！ こちら からご覧ください！
https://ishiharakaori-fc.com/news/?id=10,2021/06/01,「hand in hand」スタート を更新☆,BLOGを更新しました！ グランドオープン第一号は、もちろん夏織ちゃんです♪ ご入会いただいた皆さまへの思いを綴ってくれました！ こちら からご覧ください！
https://ishiharakaori-fc.com/news/?id=12,2021/06/01,『hand in hand』グランドオープン☆彡,本日12時より、『hand in hand』がグランドオープンいたしました！ 今回新しく加わった「AR CAMERA」などなど、会員の皆さまに楽しんでいただけるコンテンツが盛りだくさん♪ コンテンツは都度更新されますので、ぜひチェックしてくださいね！
https://ishiharakaori-fc.com/news/?id=13,2021/03/03,2nd LIVE「MAKE SMILE」終演後コメント！を更新☆,MOVIEを更新しました！ 2月20日（土）に開催された2nd LIVE「MAKE SMILE」終演後に夏織ちゃんからコメントをいただきました！ 2021/7/31までの限定公開となりますのでお見逃しなく♪ こちら からご覧ください！
https://ishiharakaori-fc.com/news/?id=14,2021/04/28,会報０号♪『おたより』募集します！！ を更新☆,会報０号♪『おたより』募集します！！ スタッフブログを更新しました！ いよいよ会報0号に向けて編集作業、進んでます！ ぜひご覧ください♪ こちら からご覧ください！
https://ishiharakaori-fc.com/news/?id=15,2021/04/24,「Plastic Smile」誕生しました♪ を更新☆,スタッフブログを更新しました！ 「Plastic Smile」では「初の試み」が3つもあるんです…♪ こちら からご覧ください！
https://ishiharakaori-fc.com/news/?id=16,2021/03/18,「Plastic Smile」制作、大詰めです を更新☆,BLOGを更新しました！ スタッフブログを更新しました！ CD完成に向けて鋭意進行中です！ こちら からご覧ください！
https://ishiharakaori-fc.com/news/?id=17,2021/03/16,「Plastic Smile」カップリング曲、TD中！ を更新☆,BLOGを更新しました！ スタッフブログを更新しました！ 楽曲制作中の一枚やMVオフショットなどを公開です♪ こちら からご覧ください！
https://ishiharakaori-fc.com/news/?id=21,2021/06/16,とある撮影にて を更新☆,スタッフブログを更新しました！ とある撮影の日のお話です♪ こちら からご覧ください！
https://ishiharakaori-fc.com/news/?id=22,2021/06/20,フレーム Vol.3 更新☆,AR CAMERAに新しいフレームを追加いたしました！ 新フレームの夏織ちゃんはどんな姿か… ぜひログインしてお確かめください♪ こちら からお楽しみください！
https://ishiharakaori-fc.com/news/?id=23,2021/07/07,石原夏織 SUMMER EVENT「Smile Go Happy」チケット優先販売（FC会員先行受付）申込受付開始！,"石原夏織 SUMMER EVENT「Smile Go Happy」開催決定！ ゲストMCには約2年ぶりに鷲崎 健さんをお迎えして、様々な企画への挑戦はもちろん、ライブパートもお届けします！ 夏織ちゃんと一緒にみんなでHappyな一日を作りましょう！ ■SUMMER EVENT「Smile Go Happy」概要 【日程】 2021年8月14日（土） 【会場】サンシティ越谷市民ホール 大ホール （埼玉県越谷市南越谷1-2876-1） 【出演】 石原夏織／鷲崎 健（MC） 【内容】 トーク（ゲーム）＆ライブ 【チケット】 全席指定 4,600円（税込） 【開場 / 開演】 [昼の部]開場13:30/開演：14:30 [夜の部]開場17:00/開演：18:00 ＊未就学児童入場不可 ＊開場・開演時間は変更となる場合がございます。 ■参加方法 2021年7月7日発売 石原夏織2nd LIVE「MAKE SMILE」BD/DVD（PCXP.50837/PCBP.54446）初回製造分に、チケット優先販売申込券が封入されます。 申込券記載の注意事項等をご確認・ご了承の上、記載のシリアルナンバーを使い、受付期間内に専用の受付URLにてお申込みください。 ▶2nd LIVE「MAKE SMILE」BD/DVDの商品情報は コチラ ＊申込多数の場合は抽選となります。 ＊シリアルナンバー1つにつき、いずれか1公演のみ1枚までお申込みいただけます。 ＊2公演以上にお申込みをご希望の場合、シリアルナンバーはお申込み公演分必要となります。 ＊「チケット優先販売申込券」封入の初回製造分は数に限りがございます。お近くのショップ等にてお早めのご予約をお勧めいたします。 ■申込スケジュール ①FC会員で優先販売申込券をお持ちの方 申込受付期間2021年7月7日(水)～2021年7月13日(火)23:59 抽選結果発表2021年7月16日(金) 19:00以降 支払手続期間2021年7月16日(金) 19:00 ～ 2021年7月19日(月)23:59 ②優先販売申込券をお持ちの方（FC会員でなくともOK） ③FC会員（優先販売申込券をお持ちでない方） 申込受付期間2021年7月14日(水)～2021年7月20日(火)23:59 抽選結果発表2021年7月23日(金)19:00以降 支払手続期間2021年7月23日(金)19:00～2021年7月26日(月)23:59 ＊新型コロナウイルス感染症の状況を注視しながら対応を検討して参ります。 （客席は、現状では会場収容人数の50%以内での配席で販売を予定しております。） 最新情報は、HP及びSNS等で発表させていただきます。 ＊オンライン有料配信の実施も予定しております。 ■申込は こちら から"
https://ishiharakaori-fc.com/news/?id=24,2021/07/07,七夕のお土産♡ を更新☆,BLOGを更新しました！ 本日は七夕ですね！ 夏織ちゃんが2nd LIVE「MAKE SMILE」への思いを綴ってくれました！ こちら からご覧ください！
https://ishiharakaori-fc.com/news/?id=25,2021/07/01,未来の話、色々と☆,BLOGを更新しました！ 夏織ちゃん＆スタッフで 未来の話、色々しています♪ こちら からご覧ください！
https://ishiharakaori-fc.com/news/?id=26,2021/07/07,SUMMER EVENT先行申込み受付開始！ を更新☆,MOVIEを更新しました！ いよいよSUMMER EVENT「Smile Go Happy」の先行申込み受付が開始です…！ ということで夏織ちゃんからコメントをいただきました！ 皆様からのご応募お待ちしております♪ こちら からご覧ください！
https://ishiharakaori-fc.com/news/?id=27,2021/07/16,「MAKE SMILE」同時視聴会 終了後コメント！ を更新☆,MOVIEを更新しました！ 「MAKE SMILE」Blu-ray＆DVD同時視聴会終了後に夏織ちゃんからコメントをいただきました！ 7月23日までの限定公開となります♪ こちら からご覧ください！
https://ishiharakaori-fc.com/news/?id=28,2021/07/30,8月6日「hand in hand」会員限定 バースデー生配信　決定！,夏織ちゃんバースデーの8月6日にファンクラブ会員限定の生配信を実施します♪ ファンクラブ初の生配信で夏織ちゃんのお誕生日を一緒にお祝いしましょう！ 皆さまのご参加お待ちしております！ 配信日時 2021年8月6日(金) 21時頃 配信開始予定 ※配信直前は混雑が予想されます。配信開始の15～20分前などお早めにログインのうえ配信開始をお待ちください。 ※配信が始まると、動画は自動的に開始いたします。過度なリロードはサイトへの負荷となりますので、お控えいただきますようお願いいたします。 ※後日、本配信のアーカイブ映像を期間限定でファンクラブサイト内にて公開予定です。 チャット機能について ※チャットに参加する場合は、名前、利用規約とプライバシーポリシーに同意のチェックを入れ、登録を押し、その後にメッセージを入力してください。（チャット上にお名前が表示されない場合は、メッセージ内にもお名前をいれてください ※任意） ※チャット機能は会話に参加するほかのユーザーへの思いやりを忘れずにお楽しみください。 注意事項 ※ご視聴には、石原夏織 オフィシャルファンクラブ「hand in hand」への有料会員登録が必要となります。ご視聴を希望される方は、配信開始までに会員登録・入金完了までお手続きをお済ませください。 ※生配信のため、通信エラー等により配信が途切れる場合がございます。予めご了承ください。 ※本コンテンツは視聴専用となりダウンロードは出来ません。録画・スクリーンショットなどは禁止とさせていただきます。 ※視聴が出来ない方はブラウザを変えてお試しください。 ※機種や端末、ブラウザによって表示が異なる為、再生ボタンやチャットが表示されない場合がございます。その際はブラウザを変えてお試しくださいませ。 ※Androidをご利用されている場合はChrome等にブラウザを変えてお試しください。 ※Wi-Fi環境にてご視聴いただく事を強くお勧めいたします。 ◆ 配信ページはこちら ◆ 新規ご入会はこちら
https://ishiharakaori-fc.com/news/?id=29,2021/07/29,未来のお仕事,スタッフブログを更新しました！ 未来のお仕事をチラ見せしちゃってます♪ こちら からご覧ください！
https://ishiharakaori-fc.com/news/?id=30,2021/08/01,RH（リハーサル）始まってます！,スタッフブログを更新しました！ SUMMER EVENT「Smile Go Happy」のRH風景をお届けです♪ こちら からご覧ください！
https://ishiharakaori-fc.com/news/?id=31,2021/07/21,フレーム Vol.4 更新☆,AR CAMERAに新しいフレームを追加いたしました！ 新フレームの夏織ちゃんはどんな姿か… ぜひログインしてお確かめください♪ こちら からお楽しみください！
https://ishiharakaori-fc.com/news/?id=32,2021/08/06,フレーム Vol.5 ＆ Vol.6 更新☆,フレーム Vol.5 ＆ Vol.6 を更新しました☆ 新しいフレームはSUMMER EVENT「Smile Go Happy」から 夏らしい青ストライブ衣装の夏織ちゃんです♪ こちらからご確認ください！
https://ishiharakaori-fc.com/news/?id=33,2021/08/06,初✨FC限定 生配信！,スタッフブログを更新しました！ バースデー生配信、ありがとうございました♪ 放送中に撮影したお写真をアップしました。 こちら からご覧ください！
https://ishiharakaori-fc.com/news/?id=34,2021/08/07,バースデー生配信アーカイブ を更新しました☆,生配信はお楽しみいただけましたか？ 現在アーカイブ映像を「MOVIE」にて公開中です！ 8月31日までの限定公開となります！ こちらからご覧ください♪
https://ishiharakaori-fc.com/news/?id=35,2021/08/14,会報1号／皆さまからのおたよりを大募集☆,※募集は終了いたしました。たくさんのご投稿ありがとうございます※ 会報1号の発行にあたり、ファンクラブ会員の皆さんから下記のテーマで投稿を募集します！ 皆さんの投稿が会報誌に掲載されるかも？！ 投稿をお待ちしております♪ ≪テーマ≫ ・CARRY MEETING - MAKE SMILE - 感想 ・8月14日 SUMMER EVENT「Smile Go Happy」感想 ・8月27日 Animelo Summer Live 2021 -COLORS- 感想 ≪締切≫ 8月29日（日）23:59まで ≪詳細≫ https://ishiharakaori-fc.com/enq/sdxSu/ ☆郵送を希望の方は下記宛先までお送りください 〒106-8487 東京都港区六本木1-5-17 泉ガーデンANNEX 石原夏織 オフィシャルファンクラブ『hand in hand』係 宛
https://ishiharakaori-fc.com/news/?id=36,2021/08/14,「Smile Go Happy」終演後コメント を更新しました☆,「Smile Go Happy」終演後の夏織ちゃんからコメントが到着♪ こちら からご覧ください！
https://ishiharakaori-fc.com/news/?id=37,2021/08/17,夏はまだまだ続きます！,スタッフブログを更新しました！ SUMMER EVENTの次はアニサマです♪ リハーサルスタジオの夏織ちゃんからとある画像が送られてきて…？！ こちら からご覧ください！
https://ishiharakaori-fc.com/news/?id=38,2021/08/17,SUMMER EVENT 「Smile Go Happy」,ブログを更新しました！ 夏織ちゃんがSUMMER EVENT「Smile Go Happy」の感想を綴ってくれました！ こちら からご覧ください！
https://ishiharakaori-fc.com/news/?id=40,2021/08/27,フレーム Vol.7 更新☆,フレーム Vol.7 を更新しました☆ SUMMER EVENT「Smile Go Happy」より、さわやかな白い衣装のフレームを更新しました！ こちらからご確認ください！
https://ishiharakaori-fc.com/news/?id=41,2021/09/01,SUMMER EVENT 「Smile Go Happy」夜の部ライブ映像の一部を大公開！,8月14日に開催された石原夏織 SUMMER EVENT「Smile Go Happy」より、 ライブ全景映像を4週連続で公開します♪ ≪公開スケジュール≫ vol.1『半透明の世界で』 9月1日（水）12:00～9月7日（火）23:59 vol.2『キミに空とクローバー』 9月8日（水）12:00～9月14日（火）23:59 vol.3『Diorama-Drama』 9月15日（水）12:00～9月21日（火）23:59 vol.4『Against.』 9月22日（水）12:00～9月28日（火）23:59 こちら からご確認ください♪
https://ishiharakaori-fc.com/news/?id=45,2021/09/10,【重要】会報1号に関するご案内,石原夏織 オフィシャルファンクラブ「hand in hand」会員の皆さまにお知らせです。 現在、会報1号を絶賛制作中です。 会報誌を確実に皆さまのお手元に届けるために、必ず下記をご一読いただきますようお願いいたします。 ◆発送日 2021年9月27日（月）より順次発送を予定しております。 ◆発送対象 ・「hand in hand」有効会員の方 ・2021年9月30日（月）までに会員登録・入金完了までお手続きをお済ませいただいた方 ◆発送先住所確認のお願い 会報誌の発送に伴い、お引越しをされた方、お引越し予定の方は、期間内に必ず住所変更のお手続きをお願いいたします。 ＜確認期間＞ 2021年9月12日（日）23:59まで ＜確認・変更方法＞ ログイン後、MYPAGE内 会員情報にてご確認・変更ください ※確認期間内に住所変更がされていなかった場合・住所不明による未着や紛失等があった場合、再送のご対応はできかねます。あらかじめご了承ください。 ◆未着問合せ期間のご案内 時間がたってもお手元に会報誌が届かない場合は、以下の期間中に「お問い合わせ」よりご連絡ください。 ＜未着問い合わせ期間＞ 10月11日（月）〜10月20日（水）まで ※【クロネコDM便】での発送となり、ポスト投函でのお届けとなります。 ※上記期間以外のお問い合わせにつきましては、ご対応いたしかねますのでご注意ださい。 ※再送対応にお時間をいただいてしまう可能性がございます。予めご了承ください。
https://ishiharakaori-fc.com/news/?id=46,2021/09/13,「Starcast」で活躍した…？ を更新☆,スタッフブログを更新しました！ 7thシングル「Starcast」ジャケット撮影の裏側の裏側をチラ見せしちゃいます！ こちら からご覧ください♪
https://ishiharakaori-fc.com/news/?id=50,2021/10/03,早くも最終チェック中✨ を更新☆,スタッフブログを更新しました！ 「Starcast」の制作も順調に進行中です！ こちら からご覧ください♪
https://ishiharakaori-fc.com/news/?id=51,2021/10/21,聴いて・見ていただけましたか…？ を更新☆,スタッフブログを更新しました！ こちら からご覧ください♪
https://ishiharakaori-fc.com/news/?id=53,2021/11/02,Starcast先行配信♡ を更新☆,7thシングル『Starcast』より表題曲「Starcast」の先行配信がはじまりました！ 夏織ちゃんが楽曲への思いを綴ってくれました♪ ぜひ こちら からチェックしてくださいね！
https://ishiharakaori-fc.com/news/?id=56,2021/11/24,石原夏織 LIVE 2022「Starcast」ファンクラブ先行受付について,"石原夏織 LIVE 2022「Starcast」開催決定！ ■石原夏織 LIVE 2022「Starcast」 概要 ☆東京公演 「Starcast」-Vega- 【日程】 2022年3月12日（土） 【会場】TACHIKAWA STAGE GARDEN（立川ステージガーデン）（東京都立川市緑町3-3 N1） 【チケット】 全席指定 7,500円（税込） 【開場 / 開演】 [DAY]開場13:00/開演：14:00 [NIGHT]開場17:00/開演：18:00 ☆神奈川公演 「Starcast」-Altair- 【日程】 2022年3月27日（日） 【会場】神奈川県民ホール 大ホール（神奈川県横浜市中区山下町３−１） 【チケット】 全席指定 7,500円（税込） 【開場 / 開演】 [DAY]開場14:00/開演：15:00 [NIGHT]開場17:45/開演：18:45 ■参加方法 ☆ファンクラブ会員で優先販売申込券をお持ちの方 2021年11月24日発売 石原夏織7thシングル『Starcast』（PCCG.02068/PCCG.02069）初回製造分に、チケット優先販売申込券が封入されます。 申込券記載の注意事項等をご確認・ご了承の上、記載のシリアルナンバーを使い、受付期間内に専用の受付URLにてお申込みください。 申込受付期間2021年11月24日(水) ～ 2021年12月7日(火) 23:59 抽選結果発表2021年12月10日(金) 19:00以降 支払手続期間2021年12月10日(金) 19:00 ～ 2021年12月13日(月)23:59 ☆ファンクラブ会員（優先販売申込券をお持ちでない方） 申込受付期間2021年12月10日(金)～2022年1月5日(水)23:59 抽選結果発表2022年1月8日(土)19:00以降 支払手続期間2022年1月8日(土)19:00～2022年1月11日(火)23:59 ※ファンクラブに新規ご入会予定の方へ※ コンビニ決済を利用される場合、入金完了から実際にログインできるようになるまで、最大60分程度お時間をいただく可能性がございます。 ■申込は こちら から ＊現段階では実施の方向で準備を行っておりますが、新型コロナウイルス感染症の状況を注視しながら対応を進めて参ります。今後の状況によっては、延期または中止、イベント内容の変更をさせていただく可能性がございます。最新情報は、HP及びSNS等で発表させていただきます。"
https://ishiharakaori-fc.com/news/?id=61,2021/12/01,「Starcast」ジャケット撮影の裏側 その２！ を更新☆,ジャケット撮影の裏側を大公開♪ こちら から！
https://ishiharakaori-fc.com/news/?id=62,2021/12/10,【重要】会報2号に関するご案内,"石原夏織 オフィシャルファンクラブ「hand in hand」会員の皆さまにお知らせです。 現在、会報2号を絶賛制作中です。 会報誌を確実に皆さまのお手元に届けるために、必ず下記をご一読いただきますようお願いいたします。 ◆発送日 2022年1月下旬より順次発送を予定しております。 ◆発送対象 ・「hand in hand」有効会員の方 ・2021年1月31日（月）までに会員登録・入金完了までお手続きをお済ませいただいた方 ◆おたより募集のご案内 会報2号の発行にあたり、ファンクラブ会員の皆さんから投稿を募集いたします。 ＜テーマ＞ ・7thシングル「Starcast」感想 ・7thシングルc/w「わざと触れた。」感想 ＜投稿可能なもの＞ ・文字（500文字以内） ・写真（5MB/jpg,gif,png） ・イラスト（5MB/jpg,gif,png） ＜締切＞ 12月13日（月）23:59まで アンケートは こちら ◆発送先住所確認のお願い 会報誌の発送に伴い、お引越しをされた方、お引越し予定の方は、期間内に必ず住所変更のお手続きをお願いいたします。 ＜確認期間＞ 2022年1月16日（日）23:59まで ＜確認・変更方法＞ ログイン後、MYPAGE内 会員情報にてご確認・変更ください ※確認期間内に住所変更がされていなかった場合・住所不明による未着や紛失等があった場合、再送のご対応はできかねます。あらかじめご了承ください。 ◆未着問合せ期間のご案内 時間がたってもお手元に会報誌が届かない場合は、以下の期間中に「お問い合わせ」よりご連絡ください。 ＜未着問い合わせ期間＞ 2022年2月7日（月）〜2月14日（月）まで ※【クロネコDM便】での発送となり、ポスト投函でのお届けとなります。 ※上記期間以外のお問い合わせにつきましては、ご対応いたしかねますのでご注意ださい。 ※再送対応にお時間をいただいてしまう可能性がございます。予めご了承ください。"
https://ishiharakaori-fc.com/news/?id=63,2022/01/01,新コンテンツ『おみくじ』が登場！,「hand in hand」に、新コンテンツ「おみくじ」が登場！ 1日1回、あなたの運勢を夏織ちゃんが占ってくれますよ♪ ファンクラブページ内TOPに「おみくじ」のアイコンがあるので 毎日ログインしてみては？！ ログインはこちら
https://ishiharakaori-fc.com/news/?id=64,2021/12/24,「hand in hand」生配信アーカイブ動画 を更新☆,12月23日の生配信はお楽しみいただけましたか？ 現在アーカイブ映像を「MOVIE」にて公開中です！ 2022年1月3日までの限定公開となります！ こちら からご覧ください♪
https://ishiharakaori-fc.com/news/?id=65,2022/01/01,HAPPY NEW YEAR 2022！ を更新しました☆,あけましておめでとうございます！！ 夏織ちゃんからメッセージが届きました♪ こちら からご確認いただけます！
https://ishiharakaori-fc.com/news/?id=66,2022/01/30,ライブビジュアル公開しました‼️そして…📻👀 を更新！,スタッフブログを更新しました♪ オフショットもぜひチェックしてくださいね！ ブログは こちら ​​​​​​
https://ishiharakaori-fc.com/news/?id=67,2022/01/31,New Single「Cherish」リリース決定✨ を更新！,スタッフブログを更新しました♪ オフショットもぜひチェックしてくださいね！ ブログは こちら ​​​​​​
https://ishiharakaori-fc.com/news/?id=68,2022/03/03,LIVE「Starcast」グッズ解禁‼️ を更新☆,スタッフブログを更新しました♪ こちら からご確認ください！
https://ishiharakaori-fc.com/news/?id=69,2022/02/28,もうちょっとだけ…！ を更新☆,スタッフブログを更新しました♪ こちら からご確認ください！
https://ishiharakaori-fc.com/news/?id=70,2022/02/18,会報2号撮りおろしロケ スペシャルムービー を更新☆,MOVIEを更新しました！ ぜひ チェック してください！
https://ishiharakaori-fc.com/news/?id=71,2022/03/04,ライブ近づいてきました！！ を更新☆,ライブ近づいてきました！！ を更新☆ LIVE 2022「Starcast」開幕まであと少し…！ 夏織ちゃんからブログが届きました♪ グッズ情報と合わせて、ぜひチェックしてくださいね！ こちら からご覧いただけます☆
https://ishiharakaori-fc.com/news/?id=72,2022/03/08,※3/25追記※石原夏織 LIVE 2022「Starcast」ファンクラブ入会キャンペーンを開催！,※3月27日（日）Altair公演の入会受付時間を更新しました！ いつも石原夏織を応援いただきありがとうございます！ LIVE 2022「Starcast」公演会場にて、石原夏織 オフィシャルファンクラブ「hand in hand」の新規入会キャンペーンを行います♪ 会場でご入会いただいた方には、その場で ＜会報2号＞ をプレゼント✨ ぜひファンクラブカウンターにお立ち寄りください！ ＝＝＝＝＝＝＝ 入会受付時間 ＝＝＝＝＝＝＝ 10:30～15:00 昼の部終演後～18:45 夜の部終演後～列が途切れるまで ※会場入会特典は数量限定・無くなり次第終了となります。 ※会員証は後日配送いたします。 ※公演の詳細は こちら から！ ＝＝＝＝＝＝＝ 「hand in hand」会報2号 ＝＝＝＝＝＝＝ フルカラー／全16ページ 横浜中華街での撮りおろしカットを多数掲載！ 皆様のご入会お待ちしております♪
https://ishiharakaori-fc.com/news/?id=73,2022/03/12,フレーム Vol.8 ＆ Vol.9 更新☆,フレームを更新しました！ ぜひチェックしてくださいね！
https://ishiharakaori-fc.com/news/?id=74,2022/03/12,LIVE 2022「Starcast」 -Vega- 終演後コメント,MOVIEを更新しました！ ぜひ チェック してください！
https://ishiharakaori-fc.com/news/?id=75,2022/03/27,「hand in hand」初のファンクラブイベント開催決定！,"6月19日（日）に 石原夏織 初のファンクラブイベントを開催することが決定いたしました！ 本日 3月27日よりチケット申込みがスタート！ ファンクラブページ 【TICKET】 からお申込みいただけます☆ 夏織ちゃん念願のファンクラブイベント、みんなで一緒に楽しい時間を過ごしましょう♪ ●公演日時 2022年6月19日（日） ＜昼の部＞14：00 開場／15：00 開演／16：30 終演予定 ＜夜の部＞17：30 開場／18：30 開演／20：00 終演予定 ※開場・開演時間は変更となる場合がございます ●会場 埼玉県・三郷市文化会館 ●出演 石原夏織 井尻晏菜（MC） ●チケット料金 6,050円（税込） ※お一人様 各公演1枚まで ※お申込みは、お一人様1回まで（例：昼の部、夜の部の最大合計2枚をご応募いただけます。） ※全席指定 ※未就学児童入場不可／譲渡・転売不可 ※別途チケット配送料が発生いたします ●チケットスケジュール 申込受付期間／2022/03/27(日) ～ 2022/05/10(火) 23:59まで 抽選結果発表／2022/05/13(金) 19:00以降 支払手続期間／2022/05/13(金) 19:00 ～ 2022/05/16(月) 23:59まで 支払方法：クレジットカード・コンビニ決済 発券方法：配送（佐川急便：送料 税込550円） ●イベント参加方法 （1）チケット申込受付期間～公演当日までの間、ファンクラブ会員資格が必要となります。会員期限にご注意ください。 ★ファンクラブにご入会されていない方へ チケット申込受付期間内に、ファンクラブへの入会手続き（会員登録・入金完了まで）をいただきますとチケットのお申込みが可能です！ 新規ご入会はこちら ※入金確認が取れず仮登録状態の場合、チケット申込対象外となります ※チケットのお申込みには一定の手続きが必要となりますので、入会手続き（会員登録・入金完了まで）は時間に余裕をもってお手続きください （2）ご当選された方は公演当日、ご本人様を確認できる下記3点をご提示いただきます。 公演当日、下記をお持ちでない方やご本人様確認ができない方、入場をお断りいたしますので十分にご注意ください。 ●チケット ●会員証 または デジタル会員証 ●写真付きの身分証明書 ※下記参照 （パスポート／運転免許証／顔写真付き住民基本台帳カード／特別永住者証明書または在留カード／障害者手帳／顔写真入クレジットカード／顔写真付きマイナンバーカード／顔写真付き学生証） ※全てコピー及び期限切れは不可となります ※「マイナンバーカード通知カード」は身分証証明書とは認められません ※「マイナンバーカード」はどなたでも無料で取得していただけます ■マイナンバーカード総合サイト https://www.kojinbango-card.go.jp/kofushinse/"
https://ishiharakaori-fc.com/news/?id=76,2022/04/01,会報3号／皆さまからのおたよりを大募集！,"会報3号の発行にあたり、ファンクラブ会員の皆さんから下記のテーマで投稿を募集します！ 皆さんの投稿が会報誌に掲載されるかも？！ 投稿をお待ちしております♪ ●テーマ／締切 ・石原夏織 LIVE 2022「Starcast」感想／4月10日(日)23:59まで ・8thシングル「Cherish」感想／4月27日(水)23:59まで ●投稿可能なもの ・文字（500文字以内） ・写真（5MB/jpg,gif,png） ・イラスト（5MB/jpg,gif,png） ＞LIVE 2022 「Starcast」の感想は こちら ＞8thシングル「Cherish」の感想は こちら 締切がそれぞれ異なりますので、ご投稿いただく際はご注意ください。"
https://ishiharakaori-fc.com/news/?id=77,2022/03/27,フレーム Vol.10 更新☆,フレームを更新しました！ ぜひチェックしてくださいね！
https://ishiharakaori-fc.com/news/?id=78,2022/03/27,LIVE 2022「Starcast」 -Altair- 終演後コメント,MOVIEを更新しました♪ LIVE 2022「Starcast」-Altair-公演終演後ホヤホヤのコメントです☆彡 こちら からご覧いただけます！
https://ishiharakaori-fc.com/news/?id=79,2022/04/01,会報3号、発行決定！,"会報3号の発行が決定しました♪ 会報誌を確実に皆さまのお手元に届けるために、必ず下記をご一読いただきますようお願いいたします。 ◆発送日 2022年5月23日（月）より順次発送を予定しております。 ◆発送対象 ・「hand in hand」有効会員の方 ・2022年5月31日（火）までに会員登録・入金完了までお手続きをお済ませいただいた方 ◆おたより募集のご案内 会報3号の発行にあたり、ファンクラブ会員の皆さんから投稿を募集いたします。 ●テーマ／締切 ・石原夏織 LIVE 2022「Starcast」感想／4月10日(日)23:59まで ・8thシングル「Cherish」感想／4月27日(水)23:59まで ●投稿可能なもの ・文字（500文字以内） ・写真（5MB/jpg,gif,png） ・イラスト（5MB/jpg,gif,png） 投稿はこちら ◆発送先住所確認のお願い 会報誌の発送に伴い、お引越しをされた方、お引越し予定の方は、期間内に必ず住所変更のお手続きをお願いいたします。 ＜確認期間＞ 2022年5月9日（月）23:59まで ＜確認・変更方法＞ ログイン後、MYPAGE内 会員情報にてご確認・変更ください ※確認期間内に住所変更がされていなかった場合・住所不明による未着や紛失等があった場合、再送のご対応はできかねます。あらかじめご了承ください。 ◆未着問合せ期間のご案内 時間がたってもお手元に会報誌が届かない場合は、以下の期間中に「お問い合わせ」よりご連絡ください。 ＜未着問い合わせ期間＞ 2022年6月13日（月）〜6月19日（日）まで ※【クロネコDM便】での発送となり、ポスト投函でのお届けとなります。 ※上記期間以外のお問い合わせにつきましては、ご対応いたしかねますのでご注意ださい。 ※再送対応にお時間をいただいてしまう可能性がございます。予めご了承ください。"
https://ishiharakaori-fc.com/news/?id=80,2022/04/01,LIVE 2022「Starcast」グッズ事後通販が決定！,一般販売に先駆け、ファンクラブ会員の皆さまに LIVE 2022「Starcast」グッズの先行販売を実施いたします！ またご好評いただいた『パーカー（全サイズ）』 の受注販売も行います♪ 他アイテムは在庫に限りがございますので、この機会をお見逃しなく！ ＜ファンクラブ会員販売＞ 4月4日(月) 昼12:00～ ＜詳細はこちら＞ https://ishiharakaori.com/info/2153/#2153
https://ishiharakaori-fc.com/news/?id=82,2022/04/05,新おみくじを追加♪,いつも「おみくじ」をお楽しみいただきありがとうございます！ 本日4月5日より「おみくじ」の結果を追加いたしました！ 新しい占い結果はどんな内容なのか、お楽しみに☆ おみくじはこちら
https://ishiharakaori-fc.com/news/?id=83,2022/04/30,「やなぎなぎ 10周年記念ライブ -Roundabout-」hand in hand 先行予約（抽選）受付が決定！,"石原夏織がゲスト出演いたします「やなぎなぎ 10周年記念ライブ -Roundabout-」公演につきまして、 hand in hand会員の先行予約（抽選）の受付を実施いたします。 受付概要 受付期間：2022年4月30日（土）21:00〜5月8日（日）23:59まで 当落確認・入金期間：2022年5月11日（水）15:00〜5月15日（日）23:00まで 支払方法：クレジットカード・キャリア決済・コンビニ決済 発券方法：店頭発券／電子チケット ※2022年6月19日（日）10:00以降発券開始 ※受付は先着順ではございません。お申し込み多数の場合は抽選となります ※枚数制限：1回のお申込みにつき1公演4枚まで ※お申し込みの際、『hand in hand』へのログインが必要となります 公演概要 「やなぎなぎ 10周年記念ライブ -Roundabout-」 日程：2022年6月26日（日） 会場：東京・SHIBUYA PLEASURE PLEASURE 開場 / 開演： [DAY] 開場14:30/開演：15:00 [NIGHT]開場18:00/開演：18:30 チケット価格： 全席指定 6,600円（消費税込／ドリンク代別） ※別途各種手数料が発生いたします ※お申込みの際、ローソンチケットの会員登録（無料）が必須となります お申込みはこちら ファンクラブに新規ご入会予定の方へ こちらから 新規ご入会が可能です。 コンビニ決済を利用される場合、入金完了からファンクラブページにログインできるようになるまで、最大60分程度お時間をいただく可能性がございます。 注意事項 ＜新型コロナウイルス感染拡大防止に関しての取り組みと公演にご来場のお客様へのご案内＞ ※ご来場のお客様におかれましても、 ・検温の実施 ・マスク着用の義務付け ・開演中の歓声、声援の制限 ・会場内での飲食の制限、 ・喫煙所の封鎖(もしくは人数制限) ・手洗い ・消毒の実施 ・規制退場の実施など、お願いをさせていただく予定です。 ご協力いただけない場合、ご入場をお断りすることもございますので、あらかじめご了承ください。 ※座席配置は前後左右の間隔を空けない配席となる場合がございますので予めご了承ください。 ※購入時にお預かりする個人情報は、保健所などの公的機関へ提供する場合がございます。 ※体調が優れないなど、下記の特定の条件に該当するお客様につきましては、ご来場をお控えください。 ・ご来場時、37.5度以上発熱がある場合。 ・極端な咳、呼吸困難、全身の倦怠感、咽頭痛、鼻汁・鼻閉、味覚・嗅覚障害、関節・ 筋肉痛、下痢、嘔気・嘔吐 等の症状がある場合。 ・新型コロナウイルス感染症陽性とされた方との濃厚接触がある場合。 ・過去2週間以内に、政府から入国制限、入国後の観察期間を必要とされている国・地域への訪問歴及び当該在住者との濃厚接触がある場合。 ※プレゼント、お花等のお預かりは出来ません。 ※会場周辺及び交通機関での出演者の入り待ち、出待ち行為は一切禁止とさせていただきます。 ※厚生労働省よりリリースされました、新型コロナウィルス接触確認アプリ(COCOA)のダウンロードをお願いいたします。 ※今後、厚生労働省及び行政機関また各自治体からの公演開催自粛要請があった場合を含め、開催が困難となった場合には公演を延期もしくは中止する場合がございます。 ※延期・中止の場合以外、チケットの払い戻しを原則行わない予定です。ご理解の上、ご購入をお願いいたします。 ※各地域の状況に則して、感染対策情報等は変更になる場合がございます。 ※なお今後の状況により、開場開演時間や席数などの変更があることがございます。予めご了承ください。 ※万全のコロナ対策でお客様をお迎えし、安心、安全なコンサート運営に努めてまいります。"
https://ishiharakaori-fc.com/news/?id=84,2022/04/27,4月27日YouTube LIVE終了後「ファンクラブ会員限定生放送」配信決定！,4月27日(水)の8thシングル「Cherish」発売記念生放送終了後、 「hand in hand」会員限定でアフタートークの配信が決定しました♪ 皆さまのご参加お待ちしております！ YouTube LIVEは こちら 4月27日（水）20:00～配信予定 配信日時 2022年04月27日（水） YouTube LIVE終了後 配信開始予定 ※配信直前は混雑が予想されます。配信開始の15～20分前などお早めにログインのうえ配信開始をお待ちください。 ※配信が始まると、動画は自動的に開始いたします。過度なリロードはサイトへの負荷となりますので、お控えいただきますようお願いいたします。 ※後日、本配信のアーカイブ映像を期間限定でファンクラブサイト内にて公開予定です。 チャット機能について ※チャットに参加する場合は、名前、利用規約とプライバシーポリシーに同意のチェックを入れ、登録を押し、その後にメッセージを入力してください。（チャット上にお名前が表示されない場合は、メッセージ内にもお名前をいれてください ※任意） ※チャット機能は会話に参加するほかのユーザーへの思いやりを忘れずにお楽しみください。 注意事項 ※ご視聴には、石原夏織 オフィシャルファンクラブ「hand in hand」への有料会員登録が必要となります。ご視聴を希望される方は、配信開始までに会員登録・入金完了までお手続きをお済ませください。 ※生配信のため、通信エラー等により配信が途切れる場合がございます。予めご了承ください。 ※本コンテンツは視聴専用となりダウンロードは出来ません。録画・スクリーンショットなどは禁止とさせていただきます。 ※視聴が出来ない方はブラウザを変えてお試しください。 ※機種や端末、ブラウザによって表示が異なる為、再生ボタンやチャットが表示されない場合がございます。その際はブラウザを変えてお試しくださいませ。 ※Androidをご利用されている場合はChrome等にブラウザを変えてお試しください。 ※Wi-Fi環境にてご視聴いただく事を強くお勧めいたします。 ◆ アーカイブはこちら ◆ 新規ご入会はこちら
https://ishiharakaori-fc.com/news/?id=85,2022/04/26,サポート窓口 ゴールデンウィーク休業のお知らせ,いつも当サイトをご利用いただきありがとうございます。 ゴールデンウィーク期間中のお問い合わせにつきまして、下記の通りご案内いたします。 【休業期間】 2022年4月29日(金祝)～5月1日(日)および、5月3日(火祝)～5月5日(木祝) 期間中にいただいたお問い合わせは、期間中にいただいたお問い合わせは、営業時間内（平日10:00～12:00､13:00～17:00）に順次対応させていただきます。 通常よりお時間がかかる場合がございますので、恐れ入りますが、予めご了承いただきますようお願いいたします。 ご迷惑をおかけいたしますが、何卒よろしくお願い申し上げます。
https://ishiharakaori-fc.com/news/?id=86,2022/04/27,「Cherish」発売🍒 を更新☆,夏織ちゃんからブログが届きました♪ 8thシングル「Cherish」への思いを綴っています。 ぜひチェックしてくださいね！ こちら からお読みください
https://ishiharakaori-fc.com/news/?id=87,2022/05/19,ファンクラブイベント「UNITY」vol.01／楽曲リクエストを大募集！,6月19日（日）開催のファンクラブイベント「UNITY」vol.01にて、『夏織ちゃんに歌ってほしい楽曲』をファンクラブ会員の皆さんに大募集します！ あなたが選んだ曲がイベント内で披露されるかも？！ 選曲理由とあわせて、たくさんのご応募お待ちしてます♪ ●テーマ 【A】歌ってほしい石原夏織楽曲 ※3つまで選択式 【B】歌ってほしいカバー曲 ※3つまで自由記述 ●締切 2022年5月29日（日）23：59まで ●アンケートはこちら
https://ishiharakaori-fc.com/news/?id=88,2022/05/19,石原夏織 ファンクラブイベント「UNITY」vol.01 チケット先着販売が決定！,"6月19日（日）開催の 石原夏織 初のファンクラブイベント「UNITY」vol.01のチケット先着販売が決定しました！ タイトルの「UNITY」は夏織ちゃんが命名してくれました♪ 夏織ちゃん念願のファンクラブイベント、みんなで一緒に楽しい時間を過ごしましょう♪ ●公演日時 2022年6月19日（日） ＜昼の部＞14：00 開場／15：00 開演／16：30 終演予定 ＜夜の部＞17：30 開場／18：30 開演／20：00 終演予定 ●会場 埼玉県・三郷市文化会館 ●出演 石原夏織 井尻晏菜（MC） ●チケット料金 6,050円（税込） ※ファンクラブ『hand in hand』会員1名様につき 各公演 1枚まで購入可能 （例：昼の部、夜の部の最大合計2枚をご購入いただけます） ※全席指定 ※未就学児童入場不可／譲渡・転売不可 ※別途チケット配送料が発生いたします ●チケットスケジュール／先着販売 販売期間／2022/05/20(金) 19:00 ～ 2022/06/09(木) 23:59 支払方法：クレジットカード・コンビニ決済 発券方法：配送（佐川急便：送料 税込550円） ※予定枚数に達し次第、受付終了となります ※会員同士であっても、一緒にお申込することはできません。予めご了承ください ●イベント参加方法 （1）チケット販売期間～公演当日までの間、ファンクラブ会員資格が必要となります。会員期限にご注意ください。 ★ファンクラブにご入会されていない方へ チケット申込受付期間内に、ファンクラブへの入会手続き（会員登録・入金完了まで）をいただきますとチケットのお申込みが可能です！ 新規ご入会はこちら ※入金確認が取れず仮登録状態の場合、チケット申込対象外となります ※チケットのお申込みには一定の手続きが必要となりますので、入会手続き（会員登録・入金完了まで）は時間に余裕をもってお手続きください （2）ご当選された方は公演当日、ご本人様を確認できる下記3点をご提示いただきます。 公演当日、下記をお持ちでない方やご本人様確認ができない方、入場をお断りいたしますので十分にご注意ください。 ●チケット ●会員証 または デジタル会員証 ●写真付きの身分証明書 ※下記参照 （パスポート／運転免許証／顔写真付き住民基本台帳カード／特別永住者証明書または在留カード／障害者手帳／顔写真入クレジットカード／顔写真付きマイナンバーカード／顔写真付き学生証） ※全てコピー及び期限切れは不可となります ※「マイナンバーカード通知カード」は身分証証明書とは認められません ※「マイナンバーカード」はどなたでも無料で取得していただけます ■マイナンバーカード総合サイト https://www.kojinbango-card.go.jp/kofushinse/"
https://ishiharakaori-fc.com/news/?id=89,2022/06/03,6/19（日）開催 石原夏織 ファンクラブイベント「UNITY」vol.01グッズ情報を公開！,"6/19（日）開催 石原夏織 ファンクラブイベント「UNITY」vol.01のグッズ情報を公開いたしました！ GOODS INFORMATION 感染予防対策を講じた上で、グッズの会場販売を実施いたします。 【販売時間】 12:00(予定)～夜の部 終演後、物販列途切れるまで ◆注意事項◆ ※ファンクラブ会員証を物販コーナー入口にて係員が確認させていただきます。お忘れないようご持参ください ※13:30〜14:00・17:00〜17:30の間は、開場準備のため販売を一時停止いたします ※各開場〜開演時間までの間は、公演チケットをお持ちの方のみへの販売となります ※イベント販売商品のため、 数に限りがあります。品切れの際はご容赦ください ※クレジットカードは VISA、Master、American Express、JCB の4社がご利用いただけます。また、全レジ対応可能です ※待機列にて事前に検温・消毒をいただきます ※レジ袋のご用意はございません。あらかじめご了承ください ※ご購入品のお渡し間違い、釣り銭不足などないよう心がけて販売を行ないますが、必ずご購入後にその場でご確認ください。後ほどのお申し出にはご対応いたしかねます ※不良品の交換も当日会場対応のみとなります。ご購入後のご確認お願い申しあげます ※徹夜行為は会場ならびに近隣の方のご迷惑になりますため、一切禁止とさせていただきます GOODS LINEUP ●ブロマイドセット A・B／各500円（税込） サイズ：L判 仕様：3枚1セット ●缶バッジ ランダム6種／500円（税込） サイズ：φ65mm ●ビックシルエットTシャツ／各3500円（税込） サイズ：M・L カラー：フロストグレー ●パスケース／2200円（税込） サイズ：【パスケース部分】約 W75 × H112mm、【チェーン】長さ 約14cm、【コードリール】長さ 約31cm ●マグカップ／2000円（税込） サイズ：φ85×H90mm 容量：約280ml ●ステッカーソープセット／2500円（税込） サイズ：約Φ55×H20mm, 内容量：約50g ●デニムトートバッグ／2000円（税込） サイズ：約W28×H34×D10cm、持ち手 約54cm ※ビックシルエットTシャツ サイズ一覧表※ 身丈 身巾 肩巾 袖丈 M 72 57 53 23 L 76 60 56 25"
https://ishiharakaori-fc.com/news/?id=90,2022/06/15,石原夏織 ファンクラブイベント「UNITY」vol.01にご来場予定のお客様へご案内,イベント開催にあたっての新型コロナウィルスへの対策指針について 6月19日（日）石原夏織 ファンクラブイベント「UNITY」vol.01開催にあたって、COVID-19（新型コロナウイルス感染症）に対する、感染予防と流行拡大防止に万全を期して主催スタッフ一同、尽力してまいります。また、今後の日本政府、自治体の指針や、感染状況を踏まえて慎重な判断を行うと同時に、一人でも多くのお客様に本公演を心からお楽しみいただけるように、以下の対策を実施させていただきます。 今後の感染拡大状況に注視しながら対策指針を見直す場合がございますが、現時点においては開催地域が定める規則に沿って、会場キャパシティ100%以内での動員および開催を予定しております。 ご来場を予定されているお客様におかれましても、感染症予防対策の趣旨をご理解いただき、ご協力くださいますようお願い申し上げます。 ・プレゼントやスタンドフラワー（楽屋花など含む）のご案内・設置の中止。 ・会場入り口での来場者様の検温。（37.5度以上のお客様は入場をお断りさせていただきます） ・会場入り口での来場者様の手指消毒実施。（会場入り口及び会場内に消毒液の設置） ・来場者様のマスク着用をお願いいたします。 ・場内係員のマスク着用をさせていただきます。 ・定期的な換気実施。 ・会場内での、食事は禁止とさせていただきます。（水分補給は可） ・こまめな手洗いの励行をお願いいたします。 ・退場時は規制退場のご案内をいたします。終演後は係員から案内があるまではご自身のお席にてお待ちください。 本来のイベントの楽しみ方とは異なる環境になってしまうことを心からお詫び申し上げます。今後も段階的な緩和の状況に合わせて、政府ガイドラインおよび会場ガイドラインに準拠し適宜対策を行わせていただく所存です。現段階では実施の方向で準備を行っておりますが、新型コロナウイルス感染症の状況を注視しながら対応を進めて参ります。今後の状況によっては、延期または中止、イベント内容の変更をさせていただく可能性がございます。最新情報は、HP及びSNS等で発表させていただきます。 ご連絡先の事前登録について COVID-19（新型コロナウイルス感染症）に対する、感染予防と流行拡大防止のため、ご来場のお客様におかれましては、大変お手数をおかけしますが、下記の問診票事前入力フォームにご連絡先等を事前にご登録くださいますようお願い申し上げます。 ご入場時にフォームの受付完了画面もしくはフォームから送信されたましたメールの受信画面を確認させていただきます。 ★問診票事前入力フォーム https://forms.gle/zGbcFAChRvJr7qZR6 ※現地でもフォームにアクセス出来る様に準備はいたしますが、メールより事前にアクセスいただき、入力をお済ませの上、ご来場いただけますとスムーズにご入場いただけます。 ※お客様の端末事情によって登録が難しい場合は現地にて別途、お客様情報用紙にご記入をいただきます。 ※万が一、会場内で新型コロナウイルスの陽性者が確認された場合など、保健所等の公的機関から開示要請があった際には、お断りなくお客様情報を提供させていただく場合があります。 新型コロナウイルス接触確認アプリ(COCOA)をインストールされているお客様は公演当日Bluetoothをオンにしていただくことを推奨いたします。 インストールされていないお客様はApp StoreまたはGoogle Playで「接触確認アプリ」で検索してインストールしてください。 iOS13.5搭載端末で、接触について通知を受け取れないケースが見つかっています。OSを最新版にアップデートした上で本アプリのご利用をお願いします。 バージョン1.2.3へのアップデート後は１日１回の再起動が必要なくなります。速やかにアップデートしてください。 自動的に通知を受け取ることができるよう、省電力機能などの設定を今一度ご確認ください。 チケットを購入頂きましたお客様の座席位置を含むお客様情報、フォーマットにてご登録いただきました連絡先につきましてはポニーキャニオン（きゃにめ）が保有させていただいております。もし、お客様にお知らせしなければいけない事柄が発生した場合、ご連絡を差し上げますので公演終了3週間後まではチケット購入先からのメールの受信ができる様にお願いいたします。またその様な連絡が入った場合、同行者がいらっしゃる場合は同行のお客様への情報共有もお願いいたします。 来場をお控え頂きたいお客様につきまして 公演当日に以下に該当する場合はご参加いただけませんので、ご来場を控えていただくようお願いいたします。 •体調不良の症状、もしくは下記症状に該当している方と2週間以内に濃厚接触した方(例：会社の同僚など) •新型コロナウイルス陽性判定を受けている、医師や保健所に自宅待機指示をうけている方 •風邪の症状（発熱、のどの痛み、頭痛、関節痛など）や37.5 度以上の発熱がある方 •強いだるさ（倦怠感）や呼吸器症状（咳、息苦しさ、息の吸いずらさ）がある方 •咳、痰、胸部不快感のある方 •同居家族や身近な知人に感染者、もしくは感染が疑われる方がいる方 •そのほか、新型コロナウイルス感染症状が見受けられる方 •そのほかの症状（下痢、味が薄く感じる、味覚障害、目やに、充血）などがある方 •新型コロナウイルスに過去にかかり、現在は完治しておりますが、後遺症などで例えばまだ味覚障害、他症状が残っている、また医師の診断のもと、原因がはっきりしており新型コロナウイルスではないと明確となっている場合は除きます。 •過去14日以内に、政府から入国制限、入国後の観察期間を必要と発表されている国・地域渡への渡航、並びに当該在住者との濃厚接触がある方 また、公演当日に以下に該当する場合は、ご来場を控えていただくようお願いいたします。 妊婦の方、70歳以上の方、糖尿病・心不全・呼吸器疾患の基礎疾患がある方や透析を受けている方（免疫抑制剤や抗がん剤等を用いている方もリスクマネジメントの観点より参加いただくことはお控えください） 参考サイトなど ≫内閣官房より国民の皆様へのメッセージ https://corona.go.jp/ 厚生労働省の電話相談窓口電話番号 （フリーダイヤル）：0120-565653 （受付時間：9:00～21:00（土日・祝日も実施）） 皆様のご理解・ご協力を何卒よろしくお願いいたします。 出演者へのプレゼント・お花について 出演者へのプレゼント、花束、フラワーアレンジメント（籠花）、スタンド花につきましては大変恐縮ながら、「新型コロナウイルス」の感染予防のため、お客様と出演者の安全を第一と考え、お受取及びスタンド花の設置は辞退させて頂きます。何卒、ご理解、ご協力の程お願い申し上げます。
https://ishiharakaori-fc.com/news/?id=91,2022/06/15,石原夏織 ファンクラブイベント「UNITY」vol.01 当日券販売が決定！,"6月19日（日）開催 ファンクラブイベント「UNITY」vol.01にて、当日券の販売を行います。 皆さまのご来場を心よりお待ちしております♪ ■販売時間／12:00〜 ■販売場所／グッズ売場窓口 ※売場スタッフに、当日券購入ですとお声かけください ■当日券販売価格／6,550円（税込） ※数に限りがございますので、ご希望のお客様はお早めにご利用ください ※座席の指定は承れません ※当日券のお支払いは現金でのみ承ります ※ファンクラブ会員限定のイベントとなります。当日券の購入および入場にあたってはファンクラブ会員証・身分証明書のご提示をお願いいたします ★ファンクラブにご入会されていない方へ チケット購入前に、ファンクラブへの入会手続き（会員登録・入金完了まで）をいただきますとチケットの購入が可能です！ 新規ご入会はこちら ※入金確認が取れず仮登録状態の場合、チケット購入対象外となります ●公演概要 https://ishiharakaori-fc.com/news/?id=88 ●公演日時 2022年6月19日（日） ＜昼の部＞14：00 開場／15：00 開演／16：30 終演予定 ＜夜の部＞17：30 開場／18：30 開演／20：00 終演予定 ●会場 埼玉県・三郷市文化会館 ●出演 石原夏織 井尻晏菜（MC）"
https://ishiharakaori-fc.com/news/?id=92,2022/06/15,「UNITY vol.01」持ち物チェックしてね！ を更新☆,ファンクラブイベント「UNITY vol.01」はいよいよ今週末開催！ 夏織ちゃんから大事なメッセージが届きました♪ イベントにご参加いただく皆さんは要チェックです…！
https://ishiharakaori-fc.com/news/?id=93,2022/05/17,LIVE「Starcast」の編集作業 を更新☆,スタッフブログを更新しました♪ こちら からお読みください
https://ishiharakaori-fc.com/news/?id=94,2022/06/24,石原夏織 ファンクラブイベント「UNITY」vol.01グッズの受注＆事後通販が決定！,多くのご要望をいただき、石原夏織 ファンクラブイベント「UNITY」vol.01グッズの受注＆事後通販が決定いたしました！ 一部アイテムは在庫に限りがございますので、この機会をお見逃しなく！ 【受注販売アイテム】 ●ブロマイドセット A・B／各500円（税込） ●缶バッジ ランダム6種／500円（税込） ●ビックシルエットTシャツ／各3500円（税込） ●マグカップ／2000円（税込） ●デニムトートバッグ／2000円（税込） 【在庫販売アイテム】 ●パスケース／2200円（税込） ●ステッカーソープセット／2500円（税込） 【販売スケジュール】 2022年6月24日（金）19:00〜 ※受注販売は、7月10日（日）23:59までの受付となります ※受注販売アイテムのお届けは、2022年9月中旬を予定しております 【販売URL】 https://canime.jp/ishiharakaori/ ※商品は販売開始時間より表示されます ※ご購入の際は、石原夏織 オフィシャルファンクラブ「hand in hand」と「きゃにめ』」への会員登録が必要です ※ご利用方法については、こちら（ https://canime.jp/help/ ）からご確認ください ※通販に関するご質問は、こちらから（ https://canime.jp/contact/ ）お問い合わせください 新規ご入会はこちら
https://ishiharakaori-fc.com/news/?id=95,2022/06/23,改めて楽しかったなと思ったんだよ♡ を更新☆,ファンクラブイベント「UNITY」vol.1を振り返って、夏織ちゃんからブログが届きました♪ ぜひチェックしてくださいね！ ☆BLOGは こちら
https://ishiharakaori-fc.com/news/?id=96,2022/08/02,会報4号／皆さまからのおたよりを大募集！,"会報4号の発行にあたり、ファンクラブ会員の皆さんから下記のテーマで投稿を募集します！ 皆さんの投稿が会報誌に掲載されるかも？！ 投稿をお待ちしております♪ ●テーマ ・ファンクラブイベント「UNITY」vol.01感想 ・9thシングル「夢想的クロニクル」感想 ・10thシングル「Abracada-Boo」感想 ●締切 2022年8月7日（日）23：59まで ●投稿可能なもの ・文字（500文字以内） ・写真（5MB/jpg,gif,png） ・イラスト（5MB/jpg,gif,png） 投稿はこちら"
https://ishiharakaori-fc.com/news/?id=97,2022/08/02,会報4号、発行決定！,"会報4号の発行が決定しました♪ 会報誌を確実に皆さまのお手元に届けるために、必ず下記をご一読いただきますようお願いいたします。 ◆発送日 2022年9月26日（月）より順次発送を予定しております。 ◆発送対象 ・「hand in hand」有効会員の方 ・2022年9月30日（金）までに会員登録・入金完了までお手続きをお済ませいただいた方 ◆おたより募集のご案内 会報4号の発行にあたり、ファンクラブ会員の皆さんから投稿を募集いたします。 ●テーマ ・ファンクラブイベント「UNITY」vol.01感想 ・9thシングル「夢想的クロニクル」感想 ・10thシングル「Abracada-Boo」感想 ●投稿可能なもの ・文字（500文字以内） ・写真（5MB/jpg,gif,png） ・イラスト（5MB/jpg,gif,png） ●締切 2022年8月7日（日）23：59まで 投稿はこちら ◆発送先住所確認のお願い 会報誌の発送に伴い、お引越しをされた方、お引越し予定の方は、期間内に必ず住所変更のお手続きをお願いいたします。 ＜確認期間＞ 2022年9月11日（日）23:59まで ＜確認・変更方法＞ ログイン後、MYPAGE内 会員情報にてご確認・変更ください ※確認期間内に住所変更がされていなかった場合・住所不明による未着や紛失等があった場合、再送のご対応はできかねます。あらかじめご了承ください。 ◆未着問合せ期間のご案内 時間がたってもお手元に会報誌が届かない場合は、以下の期間中に「お問い合わせ」よりご連絡ください。 ＜未着問い合わせ期間＞ 2022年10月17日（月）〜10月23日（日）まで ※【クロネコDM便】での発送となり、ポスト投函でのお届けとなります。 ※上記期間以外のお問い合わせにつきましては、ご対応いたしかねますのでご注意ださい。 ※再送対応にお時間をいただいてしまう可能性がございます。予めご了承ください。"
https://ishiharakaori-fc.com/news/?id=98,2022/10/22,10月23日ファンクラブ会員限定「hand in hand」アフタートーク　実施決定！,アーカイブ映像は 【MOVIE】 より期間限定でご覧いただけます ※2022年11月30日まで※ 10月23日（日）開催の、石原夏織 LIVE 2022「Starcast」Blu-ray ＆ DVD同時視聴“お茶会”終了後、「hand in hand」でのアフタートーク配信が決定しました！！ 皆さまのご参加お待ちしております！ 配信日時 2022年10月23日（日） 14時頃 配信開始予定 ※配信直前は混雑が予想されます。お早めにログインのうえ配信開始をお待ちください。 ※配信が始まると、動画は自動的に開始いたします。過度なリロードはサイトへの負荷となりますので、お控えいただきますようお願いいたします。 ※後日、本配信のアーカイブ映像を期間限定でファンクラブサイト内にて公開予定です。 チャット機能について ※チャットに参加する場合は、名前、利用規約とプライバシーポリシーに同意のチェックを入れ、登録を押し、その後にメッセージを入力してください。（チャット上にお名前が表示されない場合は、メッセージ内にもお名前をいれてください ※任意） ※チャット機能は会話に参加するほかのユーザーへの思いやりを忘れずにお楽しみください。 注意事項 ※ご視聴には、石原夏織 オフィシャルファンクラブ「hand in hand」への有料会員登録が必要となります。ご視聴を希望される方は、配信開始までに会員登録・入金完了までお手続きをお済ませください。 ※生配信のため、通信エラー等により配信が途切れる場合がございます。予めご了承ください。 ※本コンテンツは視聴専用となりダウンロードは出来ません。録画・スクリーンショットなどは禁止とさせていただきます。 ※視聴が出来ない方はブラウザを変えてお試しください。 ※機種や端末、ブラウザによって表示が異なる為、再生ボタンやチャットが表示されない場合がございます。その際はブラウザを変えてお試しくださいませ。 ※Androidをご利用されている場合はChrome等にブラウザを変えてお試しください。 ※Wi-Fi環境にてご視聴いただく事を強くお勧めいたします。 ◆ 配信ページはこちら ◆ 新規ご入会はこちら
https://ishiharakaori-fc.com/news/?id=99,2022/09/04,「夢想的クロニクル」＆「Abracada-Boo」発売記念イベント『トーク＆お見送り会』＠東京 終演後コメント,「夢想的クロニクル」＆「Abracada-Boo」発売記念イベント『トーク＆お見送り会』＠東京 終演後コメントを更新しました♪ 10月31日までの限定公開となりますので、ぜひチェックしてくださいね！ MOVIE
https://ishiharakaori-fc.com/news/?id=100,2022/09/03,「夢想的クロニクル」発売記念イベント『オンラインお渡し会』終演後コメント,「夢想的クロニクル」発売記念イベント『オンラインお渡し会』終演後コメントを更新しました♪ MOVIE
https://ishiharakaori-fc.com/news/?id=101,2022/08/29,アニサマ2022の思い出,アニサマ2022の思い出動画を更新しました♪ MOVIE
https://ishiharakaori-fc.com/news/?id=102,2022/08/06,幸せな8月スタートです！,夏織ちゃんからブログがとどきました♪ 幸せな8月をぜひ一緒に過ごしましょうね！ BLOG
https://ishiharakaori-fc.com/news/?id=103,2022/09/26,9月ものこり少し を更新☆,9thシングル「夢想的クロニクル」と10thシングル「Abracada-Boo」のリリースイベントを終えた夏織ちゃんから、皆さんへのメッセージが届きました♪ ぜひご覧ください！ BLOGは こちら
https://ishiharakaori-fc.com/news/?id=104,2022/10/08,「アニサマシンフォニックナイト 2022」楽屋前ムービー,「アニサマシンフォニックナイト 2022」楽屋前ムービーを更新しました♪ 10月31日までの限定公開となりますので、ぜひチェックしてくださいね！ MOVIE
https://ishiharakaori-fc.com/news/?id=105,2022/10/09,石原夏織 ファンクラブイベント「UNITY」vol.01 -SUMMER DROP-,石原夏織 ファンクラブイベント「UNITY」vol.01 -SUMMER DROP-を更新しました♪ 10月31日までの限定公開となりますので、ぜひチェックしてくださいね！ MOVIE
https://ishiharakaori-fc.com/news/?id=106,2022/11/08,やっと見つけた！ を更新☆,夏織ちゃんからブログが届きました♪ 夏織ちゃんがようやく見つけたあるモノとは・・・？！ ぜひお確かめください✨ BLOGは こちら
https://ishiharakaori-fc.com/news/?id=107,2022/11/24,可愛くて美味しいパン を更新☆,寒い日が続きますがいかがお過ごしですか？ 夏織ちゃんからブログが届きました♪ぜひチェックしてくださいね！ BLOG
https://ishiharakaori-fc.com/news/?id=108,2022/12/19,サポート窓口 年末年始休業のお知らせ,いつも当サイトをご利用いただきありがとうございます。 以下の期間中、年末年始休業のためサポート窓口をお休みさせていただきます。 ■サポート窓口休業期間 2022年12月28日(水)～2023年1月4日(水) 期間中にいただいたお問い合わせは、承りました順に1月5日(木)から対応させていただきます。 通常よりお時間がかかる場合がございますので、恐れ入りますが、予めご了承いただきますようお願い致します。 ご迷惑をおかけ致しますが、何卒よろしくお願い申し上げます。
https://ishiharakaori-fc.com/news/?id=109,2022/12/18,年末セール！ を更新♪,もうすっかり年末ですね…！ 夏織ちゃんからブログが届きました☆彡 ぜひご覧ください！ ブログは こちら
https://ishiharakaori-fc.com/news/?id=110,2022/12/22,「hand in hand」Xmas大抽選会 開催決定！,※アーカイブ映像を【MOVIE】に掲載中です（2023/1/31まで）※ 12月24日(土)のYouTube LIVE「石原夏織 Xmas Party 〜重大発表もあるよ♪〜」終了後、ファンクラブ会員限定で生配信が決定いたしました！ 今回は会員の皆さまへの日頃の感謝を込めて、大抽選会を開催します！ 皆さまぜひご参加くださいね！ イベント概要 配信日時 2022年12月24日(土) YouTube LIVE 「石原夏織 Xmas Party 〜重大発表もあるよ♪〜」 終了後 配信開始予定 ※配信直前は混雑が予想されます。配信開始の15～20分前などお早めにログインのうえ配信開始をお待ちください。 ※配信が始まると、動画は自動的に開始いたします。過度なリロードはサイトへの負荷となりますので、お控えいただきますようお願いいたします。 チャット機能について ※チャットに参加する場合は、名前、利用規約とプライバシーポリシーに同意のチェックを入れ、登録を押し、その後にメッセージを入力してください。（チャット上にお名前が表示されない場合は、メッセージ内にもお名前をいれてください ※任意） ※チャット機能は会話に参加するほかのユーザーへの思いやりを忘れずにお楽しみください。 注意事項 ※ご視聴には、石原夏織 オフィシャルファンクラブ「hand in hand」への有料会員登録が必要となります。ご視聴を希望される方は、配信開始までに会員登録・入金完了までお手続きをお済ませください。 ※生配信のため、通信エラー等により配信が途切れる場合がございます。予めご了承ください。 ※本コンテンツは視聴専用となりダウンロードは出来ません。録画・スクリーンショットなどは禁止とさせていただきます。 ※視聴が出来ない方はブラウザを変えてお試しください。 ※機種や端末、ブラウザによって表示が異なる為、再生ボタンやチャットが表示されない場合がございます。その際はブラウザを変えてお試しくださいませ。 ※Androidをご利用されている場合はChrome等にブラウザを変えてお試しください。 ※Wi-Fi環境にてご視聴いただく事を強くお勧めいたします。 ◆ 配信ページはこちら ◆ 新規ご入会はこちら
https://ishiharakaori-fc.com/news/?id=111,2022/12/24,会報5号、発行決定！,"会報5号の発行が決定しました♪ 会報誌を確実に皆さまのお手元に届けるために、必ず下記をご一読いただきますようお願いいたします。 ◆発送日 2023年1月30日（月）より順次発送を予定しております。 ◆発送対象 ・「hand in hand」有効会員の方 ・2023年1月30日（月）までに会員登録・入金完了までお手続きをお済ませいただいた方 ◆おたより募集のご案内 会報5号の発行にあたり、ファンクラブ会員の皆さんから投稿を募集いたします。 ●テーマ YouTube LIVE「石原夏織 Xmas Party ～重大発表もあるよ♪～」感想 ●投稿可能なもの ・文字（500文字以内） ・写真（5MB/jpg,gif,png） ・イラスト（5MB/jpg,gif,png） ●締切 2023年1月4日（水）23：59まで 投稿はこちら ◆発送先住所確認のお願い 会報誌の発送に伴い、お引越しをされた方、お引越し予定の方は、期間内に必ず住所変更のお手続きをお願いいたします。 ＜確認期間＞ 2023年1月17日（火）23:59まで ＜確認・変更方法＞ ログイン後、MYPAGE内 会員情報にてご確認・変更ください ※確認期間内に住所変更がされていなかった場合・住所不明による未着や紛失等があった場合、再送のご対応はできかねます。あらかじめご了承ください。 ◆未着問合せ期間のご案内 時間がたってもお手元に会報誌が届かない場合は、以下の期間中に「お問い合わせ」よりご連絡ください。 ＜未着問い合わせ期間＞ 2023年2月20日（月）〜2月26日（日）まで ※【クロネコDM便】での発送となり、ポスト投函でのお届けとなります。 ※上記期間以外のお問い合わせにつきましては、ご対応いたしかねますのでご注意ださい。 ※再送対応にお時間をいただいてしまう可能性がございます。予めご了承ください。"
https://ishiharakaori-fc.com/news/?id=112,2022/12/25,Merry Christmas!! 夏織サンタからのプレゼント☆,メリークリスマス！ 夏織サンタからプレゼントが届きました♪ 5周年記念アーティスト写真を使用したスマホ壁紙です🎁 ●ダウンロード期限 2022年12月31日(土)23:59まで 期間内に忘れずダウンロードしてくださいね！ こちら からチェックしてくださいね！
https://ishiharakaori-fc.com/news/?id=113,2023/03/07,石原夏織 ファンクラブイベント「UNITY」vol.02開催決定！（3月7日更新）,"石原夏織 ファンクラブイベント「UNITY」vol.02の開催が決定いたしました！ 今回もみんなで一緒に楽しい時間を過ごしましょう♪ ※チケット先着販売の情報を更新しました（3月7日） ※チケット2次先行の情報を更新しました（2月15日） ※「イベント内での声出しに関するご案内」／「新型コロナウイルスへの対策指針について」／「来場をお控え頂きたいお客様につきまして」 を更新いたしました（1月31日更新） 公演概要 ●公演日時 2023年3月21日（火祝） ＜昼の部＞開場 13:45 / 開演 14:30 / 終演 16:00予定 ＜夜の部＞開場 17:15 / 開演 18:00 / 終演 19:30予定 ※開場・開演時間は変更となる場合がございます ●会場 東京・山野ホール（〒151-8539 東京都渋谷区代々木1丁目53-1） ●出演 石原夏織 井尻晏菜（MC） ●チケット価格 6,050円（税込） ※ファンクラブ『hand in hand』会員1名様につき 各公演 1枚まで （例：昼の部、夜の部の最大合計2枚お申込み可能です） ※全席指定 ※未就学児童入場不可／譲渡・転売不可 チケット受付スケジュール （1）最速先行 【終了しました】 ＜申込受付期間＞2022/12/24(土) ～ 2023/01/31(火) 23:59まで ＜抽選結果発表＞2023/02/03(金) 19:00以降 ＜支払手続期間＞2023/02/03(金) 19:00 ～ 2023/02/06(月) 23:59まで （2）2次先行 【終了しました】 ＜申込受付期間＞2023/02/15(水) ～ 2023/02/28(火) 23:59 ＜抽選結果発表＞2023/03/03(金) 19:00以降 ＜支払手続期間＞2023/03/03(金) 19:00 ～ 2023/03/06(月) 23:59 （3）先着販売 ＜受付期間＞2023/03/09(木) 19:00 ～ 2023/03/21(火祝) 18：00 ※昼の部は完売のため、夜の部のみの取り扱いとなります ※準備数に達し次第、販売を終了いたします 申込方法 お申込みには「ポニキャン」アプリ（無料）のインストールが必要です。 本受付の発券はポニーキャニオンの電子チケットアプリ「ポニキャン」のみとなります。 【電子チケットアプリ「ポニキャン」】 ◆iOSアプリ https://apps.apple.com/jp/app/id1617078121 ◆Androidアプリ https://play.google.com/store/apps/details?id=jp.co.ponycanyon.ticket ※チケット申込受付期間～公演当日までの間、ファンクラブ会員資格が必要となります。会員期限にご注意ください。 ※ご利用にはポニーキャニオンショッピングクラブ（きゃにめ）の会員登録(無料)が必要です ※注意事項等の詳細は「ポニキャン」アプリからご確認ください ※現段階では実施の方向で準備を行っておりますが、新型コロナウイルス感染症の状況を注視しながら対応を進めて参ります。今後の状況によっては、延期または中止、イベント内容の変更をさせていただく可能性がございます。最新情報は、HP及びSNS等で発表させていただきます。 イベント参加方法 ご当選された方は公演当日、ご本人様を確認できる下記3点をご提示いただきます。 公演当日、下記をお持ちでない方やご本人様確認ができない方、入場をお断りいたしますので十分にご注意ください。 ●電子チケット ●会員証 または デジタル会員証 ●写真付きの身分証明書 ※下記参照 （パスポート／運転免許証／顔写真付き住民基本台帳カード／特別永住者証明書または在留カード／障害者手帳／顔写真入クレジットカード／顔写真付きマイナンバーカード／顔写真付き学生証） ※全てコピー及び期限切れは不可となります ※「マイナンバーカード通知カード」は身分証証明書とは認められません ※「マイナンバーカード」はどなたでも無料で取得していただけます ■マイナンバーカード総合サイト https://www.kojinbango-card.go.jp/kofushinse/ イベント内での声出しに関するご案内 新型コロナウイルス感染拡大防止ガイドラインに関して、政府の対処方針変更緩和に伴い、 本公演における声出し（不織布マスク着用）をOKとさせていただきます。 ※「観客等が、（ア）通常よりも大きな声量で、（イ）反復・継続的に声を発すること」はできません。 ご来場を予定されているお客様に置かれましては、下記の注意事項と例を必ずご一読いただきますようお願い申し上げます。 ＜注意事項＞ ■公演中はマスクの着用をお願いします。 ■マスクは不織布マスクをご着用ください。 ※アレルギーなどで不織布マスクがつけられない場合は布マスク等も可とします。 ■座席の移動は禁止です。必ず自分の席でご観覧ください。 ■ハイタッチや肩組みなど、他のお客様と接触する行為はご遠慮ください。 ■開演前に、「手洗いうがい」「手指消毒」など基本的な感染対策を実施してください。 ■場内におけるお客様同士の会話は、引き続き最低限に留めていただきますようお願いします。 ■会場外、周辺施設等ではその場所のご案内に従ってください。 ■場内では係員の注意や指示に従ってください。 【OK例】 ・隣の人と会話する程度の声量で歌う。 ・出演者の登場や呼びかけ、ファンサービス、演出効果などに反応して一時的に大声を出す。 【NG例】 ・大きな声で継続的に出演者の名前を呼び続ける。もしくは合唱する。 そのほか、会場にご来場いただいたお客様同士が互いに気分良く、楽しく、喜びを共有しあえる空間作りにご協力いただきますようお願い申し上げます。 新型コロナウイルスへの対策指針について 一人でも多くのお客様に本公演を心からお楽しみいただけるように、以下の対策を実施させていただきます。感染症予防対策の趣旨をご理解いただき、ご協力のほどよろしくお願い申し上げます。 ■政府の現行ガイドラインに従い、会場収容率100%での開催となります。 ■開演時刻が近くなりますと入場口が混雑いたしますので、お時間に余裕をもってご来場ください。 ■退場時は規制退場のご案内をいたします。終演後は係員から案内があるまではご自身のお席にてお待ちください。 ■プレゼントや花束、フラワーアレンジメント（籠花、楽屋花など含む）のご案内・設置の中止。 （スタンド花については別途ご案内しているレギュレーションに準拠することで受付可） ■会場入り口での来場者様の検温（37.5度以上のお客様は入場をお断りさせていただきます） ■会場入り口での来場者様の手指消毒実施。（会場入り口及び会場内に消毒液の設置） ■来場者様のマスク着用をお願いいたします。 ■場内係員のマスク着用をさせていただきます。 ■各公演の前後時間、公演中の換気実施 ■会場内での、飲食は原則禁止とさせていただきます。（休憩中の水分補給は可。利用可能スペースは会場ごとにご確認ください） ■こまめな手洗い、うがいの励行をお願いいたします。 イベント内での声出し・対策指針は状況に応じて変更する場合がございます。最新情報は、HP及びSNS等で発表させていただきます。 来場をお控え頂きたいお客様につきまして 公演当日に以下に該当する場合はご参加いただけませんので、ご来場を控えていただくようお願いいたします。 ●37.5℃以上の発熱（入場時に検温させていただきます） ●体調の優れない方（咳きこみ、呼吸困難、倦怠感、鼻汁・鼻閉、味覚・嗅覚障害、 結膜炎、頭痛、下痢、嘔気・嘔吐の症状等） ●新型コロナウイルス感染症の陽性者、濃厚接触者（同居家族や身近な知人の感染が疑われる方） ●海外渡航履歴 ご来場日から過去 14 日以内に政府から入国制限、入国後の観察期間を必要とされている国・地域等への渡航及び当該国・地域の在住者との濃厚接触がある方 ●感染防止のための措置や指示に従えない方 感染防止を意識した行動にご協力いただけない方、安全確保の妨げになると判断した方 ※検疫措置について詳しくはこちらをご覧ください。 入国時の検査及び入国後待機期間の見直し： https://www.mofa.go.jp/mofaj/ca/fna/page4_005130.html#title28 ◯公演・場内注意事項／禁止事項について ■本公演は全席指定となります。チケットをお持ちでない方はご覧になれません。 チケットの営利目的、転売目的での利用は禁止いたします。万一引き換えされたチケットの不法販売・複製・偽造等が発覚した場合、そのチケットは無効となりご入場をお断りさせていただきます。 いかなる事情であれ、ご購入・お引換後のチケットの変更や払い戻しはできません。（上記ご案内の体調不良に伴う場合はこの限りではございません。） ■館内は禁煙です。ご了承ください。 （会場ルールに従ってください） ■場内でのカメラ(携帯カメラ含む)・ビデオによる撮影、録音等は固くお断りいたします。（撮影可能のご案内がございました場合はこの限りではございません。） ■危険物、酒類の持ち込みおよび飲酒後、酒気帯びでのイベント参加は禁止です。 ■ゴミは各自の責任で処理、またはお持ち帰りいただくようお願いいたします。 ■本イベントの安全な運営に支障をきたすと主催者が判断した場合、ご退場もしくはご入場をお断りする場合がございます。 ■ホール内における物品およびホール自体の器物破損については、運営、会場側は責任を負いません。 ■お手荷物や大きな荷物は会場周辺のコインロッカーにあらかじめお預けする事をお勧めいたします。お荷物等の紛失・盗難等は、主催者は一切責任を負いません。 ■貴重品は自己管理をお願いいたします。万が一紛失されても責任は負いません。 ■忘れ物や落し物などは、届け出がなければイベント終了後1週間後に処分させていただきます。心当たりのある方はお早めにご連絡ください。 ■車椅子でご来場の方、または介助犬などをお連れする場合は事前に問い合わせ先までご相談ください。 非常時はスタッフの指示に従い、慌てず落ち着いて行動してください。 ■会場構造上や設営状況により、お席によっては、舞台/映像/出演者が見え辛い場合がございます。予めご了承ください。 ■取材用撮影が入る場合、お客様が映り込む可能性がございます。あらかじめご了承ください。 ■天候やトラブル、アーティストの都合により、やむをえずイベントが中止となる場合がございます。予めご了承ください。 ■開場・開演・終演時間は変更になる場合があります。 チケット販売に関するお問合せ きゃにめ チケットQ&A／お問い合わせ： http://special.canime.jp/ticket/ ※公演内容や抽選結果・当選者情報に関するお問い合わせはお答えすることができません。 イベントに関するお問合せ ポニーキャニオン カスタマーセンター 営業時間：平日10:00～13:00/14:00～17:00（土日祝・会社の指定日除く） 問い合わせフォーム https://www.ponycanyon.co.jp/support/inquiry 問い合わせフォームの受付は24時間可能ですが、ご返信につきましては営業時間内となります。 また、イベント名、参加日もご連絡願います。なお、イベント前日、当日のお問い合わせにはお答は出来かねる場合がございます。 上記お問い合わせ以外、特に会場への直接のお問い合わせは御遠慮願います。"
https://ishiharakaori-fc.com/news/?id=114,2023/01/01,HAPPY NEW YEAR 2023！ 更新☆,MOVIEを更新しました♪ 2023年もよろしくお願いします★ MOVIEは こちら
https://ishiharakaori-fc.com/news/?id=115,2023/01/02,あけましておめでとうございます！ を更新☆,新年あけましておめでとうございます♪ 夏織ちゃんからブログが届きました！ ぜひチェックしてくださいね！ ブログは こちら
https://ishiharakaori-fc.com/news/?id=116,2023/01/23,石原夏織 LIVE 2023 開催決定！（1月23日更新）,"石原夏織 LIVE 2023の開催が決定いたしました！ 夏織ちゃんの誕生日である8月6日にLINE CUBE SHIBUYAでの開催です♪ ※グッズ付きチケットの「グッズ内容」を更新しました（1月23日） 公演概要 ●公演日時 2023年8月6日（日） ※開場・開演時間は追ってご案内いたします ●会場 東京・LINE CUBE SHIBUYA（渋谷公会堂） （〒150-0042 東京都渋谷区宇田川町1-1） ●チケット価格 （1）グッズ付きチケット／11,000円（税込） ※ファンクラブ『hand in hand』会員限定 ＜グッズ内容／チケットホルダー＋ピクチャーチケット＞ ※グッズは公演当日のお渡しとなります。後日郵送はいたしかねますのでご了承ください ※公演当日のお渡し方法などは後日ご案内いたします ※ピクチャーチケットの絵柄はお楽しみに☆ ＜お見送り会＞ ライブ終演後、夏織ちゃんが皆さんをお見送りさせていただきます♪ グッズ付きチケットを購入されたファンクラブ会員の方のみへの特典となりますので、お見逃しなく！ ※公演当日の受付方法などは後日ご案内いたします （2）通常チケット／8,800円（税込） ※全席指定 ※購入枚数制限／グッズ付きチケット：お一人様につき1枚まで、通常チケット：お一人様につき2枚まで ※未就学児童入場不可／譲渡・転売不可 ※グッズの内容は後日発表いたします チケット受付スケジュール （1）ファンクラブ『hand in hand』会員先行 ＜申込受付期間＞2022/12/24(土) ～ 2023/01/31(火) 23:59まで ＜抽選結果発表＞2023/02/03(金) 19:00以降 ＜支払手続期間＞2023/02/03(金) 19:00 ～ 2023/02/06(月) 23:59まで ※以降のチケット受付スケジュールは、後日ご案内いたします 申込方法 お申込みには「ポニキャン」アプリ（無料）のインストールが必要です。 本受付の発券はポニーキャニオンの電子チケットアプリ「ポニキャン」のみとなります。 【電子チケットアプリ「ポニキャン」】 ◆iOSアプリ https://apps.apple.com/jp/app/id1617078121 ◆Androidアプリ https://play.google.com/store/apps/details?id=jp.co.ponycanyon.ticket ※チケット申込受付期間～公演当日までの間、ファンクラブ会員資格が必要となります。会員期限にご注意ください。 ※ご利用にはポニーキャニオンショッピングクラブ（きゃにめ）の会員登録(無料)が必要です ※注意事項等の詳細は「ポニキャン」アプリからご確認ください ※現段階では実施の方向で準備を行っておりますが、新型コロナウイルス感染症の状況を注視しながら対応を進めて参ります。今後の状況によっては、延期または中止、イベント内容の変更をさせていただく可能性がございます。最新情報は、HP及びSNS等で発表させていただきます。 ◆ チケット申込みはこちら ◆ ファンクラブにご入会されていない方へ チケット申込受付期間内に、ファンクラブへの入会手続き（会員登録・入金完了まで）をいただきますとチケットのお申込みが可能です！ ご入会は こちら から！ ※入金確認が取れず仮登録状態の場合、チケット申込対象外となります ※チケットのお申込みには一定の手続きが必要となりますので、入会手続き（会員登録・入金完了まで）は時間に余裕をもってお手続きください お見送り会 参加方法 （１）公演当日、物販開始時より場内に設置されている【ファンクラブカウンター】で下記2点をご提示いただいた方を対象に＜お見送り会参加券＞をお渡しします ・「会員証」または「デジタル会員証」 ・「グッズ付きチケット」 ※開演時間までに＜お見送り会参加券＞の引き取りをお願いいたします ※公演当日に会員期限が切れている場合、＜お見送り会参加券＞はお渡しできません。会員期限の事前確認をお願いいたします （２）終演後、＜お見送り会参加券＞と引き換えにお見送りに参加いただけます ※終演後、スタッフが順番にご案内いたしますので、お席にてお待ちください ※お見送り会はアクリル板を挟んでの実施を予定しております ※立ち止まって会話はできません。係員の指示に従っての移動をお願いいたします チケット販売に関するお問合せ きゃにめ チケットQ&A／お問い合わせ： http://special.canime.jp/ticket/ ※公演内容や抽選結果・当選者情報に関するお問い合わせはお答えすることができません。"
https://ishiharakaori-fc.com/news/?id=117,2023/02/06,石原夏織 ファンクラブイベント「UNITY」vol.02 プレゼント・スタンドフラワー受付のお知らせ,●出演者へのプレゼント 公演当日、ファンレターBOX（お手紙や色紙のみの受付）を設置させていただきます。 「新型コロナウイルス」の感染予防のため、一部制限がある受付となり恐縮ですが、ご理解賜りますようお願いいたします。 ※著しく大きなもの、生ものやお菓子などの飲食物、花束、フラワーアレンジメント（籠花）はお受けいたしかねます ※本人やスタッフへの直接の受け渡しはできません ※設置場所は当日会場にてご確認いただきますようお願いいたします ●スタンドフラワーについて お客様がご自身でスタンドフラワーを手配される際は、以下の点を必ずお守りください。 （1）配達着日時指定 指定到着日時は、イベント当日2023年3月21日（火・祝）午前中指定にて、花屋さんまたは宅配業者に必ずご指示ください。 （2）回収指定 2023年3月21日（火・祝）の公演終演後、スタンドフラワーのお引き取りをしていただきますよう、花屋さんまたは宅配業者へ必ずご指示をお願いいたします。 なお、当日の回収可能時間は同日20時00分頃とお伝えください。 ※当日回収が難しい場合、受付はお断りさせていただきます （3）大きさ フラワースタンドについては、底辺(スタンド足部分)が40センチ×40センチ、高さが180センチ以下のものでお願いいたします。 （4）その他禁止事項 ※スタンドフラワーのみ受付となります。（楽屋花・プレゼントはお受け取りできません） ※スタンド用札に「住所」「電話番号」が記載されたものは会場に飾れません。特に法人団体様はご注意ください ※上記、指定時間外にお届けの場合は、お受取りいたしかねます ※スタンド花の会場内(会場敷地内の場外も含む)での設置場所についてはご指定いただけません ※渋滞などによる配達のトラブルや会場内の都合により、会場に設置できない場合がございますので、あらかじめご了承ください ※現地でのスタンドフラワーの撮影問題ございませんが、場内における来場者の滞留の状況を見てご遠慮いただく場合がございますので、あらかじめご了承ください 【送付先】 〒151-8539 東京都渋谷区代々木1丁目53-1 山野ホール会場気付 石原夏織FCイベント事務局 宛 ■イベントに関するお問い合わせ ポニーキャニオン カスタマーセンター 営業時間：平日10:00～13:00/14:00～17:00(土日祝・会社の指定日除く) 問い合わせフォーム： https://www.ponycanyon.co.jp/support/inquiry 問い合わせフォームの受付は24時間可能ですが、ご返信につきましては営業時間内となります。 また、イベント名、参加日もご連絡願います。なお、イベント前日、当日のお問い合わせにはお答は出来かねる場合がございます。上記お問い合わせ以外、特に会場への直接のお問い合わせは御遠慮願います。
https://ishiharakaori-fc.com/news/?id=118,2023/03/03,3/21（火祝）開催 石原夏織 ファンクラブイベント「UNITY」vol.02グッズ情報を公開！,3/21（火祝）開催 石原夏織 ファンクラブイベント「UNITY」vol.02のグッズ情報を公開いたしました！ GOODS INFORMATION 感染予防対策を講じた上で、グッズの会場販売を実施いたします。 ■販売時間 12:00(予定)～夜の部 終演後、物販列途切れるまで ■注意事項 ※ファンクラブ会員証を物販コーナー入口にて係員が確認させていただきます。お忘れないようご持参ください ※準備状況により販売時間が前後する場合がございます ※イベント販売商品のため、 数に限りがあります。品切れの際はご容赦ください ※お支払いは、現金、クレジットカード（VISA、Master、American Express、JCB）、交通系IC、ID、QUICPay、PayPayがご利用いただけます。また、全レジ対応可能です※待機列にて事前に検温・消毒をいただきます ※レジ袋のご用意はございません。あらかじめご了承ください ※ご購入品のお渡し間違い、釣り銭不足などないよう心がけて販売を行ないますが、必ずご購入後にその場でご確認ください。後ほどのお申し出にはご対応いたしかねます ※不良品の交換も当日会場対応のみとなります。ご購入後のご確認お願い申しあげます ※徹夜行為は会場ならびに近隣の方のご迷惑になりますため、一切禁止とさせていただきます GOODS LINEUP ●ブロマイドセット A・B／各500円（税込） サイズ：L判 仕様：3枚1セット ●缶バッジ ランダム6種／500円（税込） サイズ：φ65mm ●ロングTシャツ／各4000円（税込） サイズ：M・L カラー：サンドベージュ ●オーガニックハンドクリーム／2500円（税込） 容量：50ml ※お肌に合わない場合やお肌に異常がある場合、ご使用をおやめください ●スマートフォンストラップ／1500円（税込） サイズ：【タブ】約Ｈ88×Ｗ55ｍｍ、【ネックストラップ】全長 約1450～1600ｍｍ（調整可能） ●マルチポーチ／3000円（税込） サイズ：約W105×H155mm、収納ポケット2つ・カードポケット2つ付き ●卓上カレンダー 2023-2024／2500円（税込） サイズ：H145×W210mm 仕様：表紙＋13枚（2023年4月～2024年3月／1ヶ月表示） ●石原夏織×ジェットストリームボールペン／1800円（税込） 仕様：4色ボールペン（黒・赤・青・緑）＆シャープ ※ロングTシャツ サイズ一覧表※ 身丈 身巾 肩巾 袖丈 M 74 65 65 57 L 76 68 68 59
https://ishiharakaori-fc.com/news/?id=123,2023/03/21,祝！アーティストデビュー5周年！,いつも応援ありがとうございます！ ​​​​​​ 2023年3月21日、アーティストデビュー5周年を迎えました🎉 夏織ちゃんから「hand in hand」の皆さまにスペシャルメッセージが届きました♪ 更に、スペシャルスマホ壁紙もプレゼント🎁 期間内に忘れずダウンロードしてくださいね！ ●ダウンロード期限 2023年4月30日(日)23:59まで メッセージと壁紙は こちら からチェックしてくださいね！
https://ishiharakaori-fc.com/news/?id=124,2023/03/21,フレーム Vol.13～20を更新☆,AR CAMERAのフレームを更新しました☆ ぜひ色んな写真を撮ってみてください！
https://ishiharakaori-fc.com/news/?id=125,2023/03/19,グッズ紹介しまーす🌸 を更新,スタッフブログを更新しました☆ 2回目のファンクラブグッズ、ぜひチェックしてくださいね！
https://ishiharakaori-fc.com/news/?id=126,2023/03/21,会報6号、発行決定！,"会報6号の発行が決定しました♪ 会報誌を確実に皆さまのお手元に届けるために、必ず下記をご一読いただきますようお願いいたします。 ◆発送日 2023年5月下旬頃より順次発送を予定しております。 ◆発送対象 ・「hand in hand」有効会員の方 ・2023年5月31日（水）までに会員登録・入金完了までお手続きをお済ませいただいた方 ◆おたより募集のご案内 会報6号の発行にあたり、ファンクラブ会員の皆さんから投稿を募集いたします。 ●テーマ 3/21（火祝）開催ファンクラブイベント「UNITY」Vol.02 感想 ●投稿可能なもの ・文字（500文字以内） ・写真（5MB/jpg,gif,png） ・イラスト（5MB/jpg,gif,png） ●締切 2023年4月2日（日）23：59まで 投稿はこちら ◆発送先住所確認のお願い 会報誌の発送に伴い、お引越しをされた方、お引越し予定の方は、期間内に必ず住所変更のお手続きをお願いいたします。 ＜確認期間＞ 2023年5月7日（日）23:59まで ＜確認・変更方法＞ ログイン後、MYPAGE内 会員情報にてご確認・変更ください ※確認期間内に住所変更がされていなかった場合・住所不明による未着や紛失等があった場合、再送のご対応はできかねます。あらかじめご了承ください。 ◆未着問合せ期間のご案内 時間がたってもお手元に会報誌が届かない場合は、以下の期間中に「お問い合わせ」よりご連絡ください。 ＜未着問い合わせ期間＞ 2023年6月12日（月）〜6月18日（日）23:59まで ※【クロネコDM便】での発送となり、ポスト投函でのお届けとなります。 ※上記期間以外のお問い合わせにつきましては、ご対応いたしかねますのでご注意ださい。 ※再送対応にお時間をいただいてしまう可能性がございます。予めご了承ください。"
https://ishiharakaori-fc.com/news/?id=127,2023/03/22,【重要】石原夏織 オフィシャルファンクラブ「hand in hand」会員規約改定のお知らせ,2023年3月22日（水）より、「石原夏織 オフィシャルファンクラブ『hand in hand』」サービス利用規約内 個人情報利用に関するお問い合わせ窓口を下記のとおり変更いたします。 ――――――――――――――― ◆第5条7項 に記載の個人情報利用に関するお問い合わせ窓口 ＜改定前＞ 株式会社ポニーキャニオン 個人情報お問い合わせ窓口 〒106-8487 東京都港区六本木 1-5-17 TEL：0570-000-326（平日 11:00 〜17:00） ＜改定後＞ 住所 〒106-8487 東京都港区六本木一丁目5番17号 担当 株式会社ポニーキャニオン 内部監査室 個人情報問合せ窓口 ※ 書面以外（FAX、 電話、電子メール等）でのお問合せはお受けしておりません。 お返事は問合せ窓口が書面を受領後、適時ご連絡させていただきます。 ――――――――――――――― 個人情報利用以外に関する、通常のお問い合わせ窓口に変更はございません。 本変更に関するお問い合わせは、「石原夏織 オフィシャルファンクラブ『hand in hand』」内「お問い合わせ」よりお願いいたします。 引き続き個人情報の適正な履行に努めてまいります。 今後とも、「石原夏織 オフィシャルファンクラブ『hand in hand』」をよろしくお願い申し上げます。
https://ishiharakaori-fc.com/news/?id=129,2023/03/26,「hand in hand」生配信 3月27日(月)開催決定！,※アーカイブ映像を【MOVIE】にて公開中です（4月30日までの限定公開） ご視聴ありがとうございました！ 3月27日(月)20時より、「hand in hand」生配信の開催が決定しました☆彡 先日開催したファンクラブイベント「UNITY」vol.02の感想を中心にお届けします♪ 皆さま、たくさんのコメントお待ちしております！！ イベント概要 配信日時 2023年3月27日(月)20時頃 配信開始予定 ※配信直前は混雑が予想されます。配信開始の15～20分前などお早めにログインのうえ配信開始をお待ちください。 ※配信が始まると、動画は自動的に開始いたします。過度なリロードはサイトへの負荷となりますので、お控えいただきますようお願いいたします。 チャット機能について ※チャットに参加する場合は、名前、利用規約とプライバシーポリシーに同意のチェックを入れ、登録を押し、その後にメッセージを入力してください。（チャット上にお名前が表示されない場合は、メッセージ内にもお名前をいれてください ※任意） ※チャット機能は会話に参加するほかのユーザーへの思いやりを忘れずにお楽しみください。 注意事項 ※ご視聴には、石原夏織 オフィシャルファンクラブ「hand in hand」への有料会員登録が必要となります。ご視聴を希望される方は、配信開始までに会員登録・入金完了までお手続きをお済ませください。 ※生配信のため、通信エラー等により配信が途切れる場合がございます。予めご了承ください。 ※本コンテンツは視聴専用となりダウンロードは出来ません。録画・スクリーンショットなどは禁止とさせていただきます。 ※視聴が出来ない方はブラウザを変えてお試しください。 ※機種や端末、ブラウザによって表示が異なる為、再生ボタンやチャットが表示されない場合がございます。その際はブラウザを変えてお試しくださいませ。 ※Androidをご利用されている場合はChrome等にブラウザを変えてお試しください。 ※Wi-Fi環境にてご視聴いただく事を強くお勧めいたします。 ◆ 配信ページはこちら ◆ 新規ご入会はこちら
https://ishiharakaori-fc.com/news/?id=130,2023/03/27,石原夏織 ファンクラブイベント「UNITY」vol.02 グッズ通販情報！,3月21日（火祝）開催 石原夏織 ファンクラブイベント「UNITY」vol.02グッズの通信販売を下記の通り実施いたします！ ご好評につき完売となりました【石原夏織×ジェットストリームボールペン】は受注生産が決定！ この機会をお見逃しなく♪ GOODS LINEUP 【ラインナップ】 ＜在庫販売アイテム／ファンクラブ会員のみ購入可能＞ ●ブロマイドセット A・B／各500円（税込） ●缶バッジ ランダム6種／500円（税込） ●ロングTシャツ M・Lサイズ／各4000円（税込） ●オーガニックハンドクリーム／2500円（税込） ●マルチポーチ／3000円（税込） ＜在庫販売アイテム／どなたでも購入可能＞ ●卓上カレンダー 2023-2024／2500円（税込） ＜受注販売アイテム／どなたでも購入可能＞ ●石原夏織×ジェットストリームボールペン／1800円（税込） 【販売期間】 3月28日（火）19:00〜 【販売URL】 https://canime.jp/ishiharakaori/ ※商品は販売開始時間より表示されます ※在庫販売アイテムは準備数に限りがございます。あらかじめご了承ください ※ご購入の際は『きゃにめ』への会員登録が必要です。またファンクラブ会員のみ購入可能商品は、オフィシャルファンクラブ『hand in hand』への入会が必要です ※通販に関するご質問は、こちらから（ https://canime.jp/contact/ ）お問い合わせください
https://ishiharakaori-fc.com/news/?id=131,2023/03/27,「hand in hand」生配信 アーカイブ映像を更新☆,3月27日開催の「hand in hand」生配信のアーカイブ映像を更新しました♪ 4月30日までの限定公開となりますので、見逃した方は忘れずにチェックしてくださいね！ MOVIEはこちら
https://ishiharakaori-fc.com/news/?id=132,2023/04/24,サポート窓口 ゴールデンウィーク休業のお知らせ,いつも当サイトをご利用いただきありがとうございます。 以下の期間中、ゴールデンウィーク休業のためサポート窓口をお休みさせていただきます。 ■サポート窓口休業期間 2023年5月3日(水・祝)～2023年5月7日(日) 期間中にいただいたお問い合わせは、承りました順に5月8日(月)から対応させていただきます。 通常よりお時間がかかる場合がございますので、恐れ入りますが、予めご了承いただきますようお願い致します。 ご迷惑をおかけ致しますが、何卒よろしくお願い申し上げます。
https://ishiharakaori-fc.com/news/?id=133,2023/04/25,「hand in hand」生配信 4月28日(金)開催決定！,4月28日(金)19時より、「hand in hand」生配信の開催が決定しました☆彡 ゆるく楽しくお届け予定です♪ 皆さま、たくさんのコメントお待ちしております！！ イベント概要 配信日時 2023年4月28日(金)19時頃 配信開始予定 ※配信直前は混雑が予想されます。配信開始の15～20分前などお早めにログインのうえ配信開始をお待ちください。 ※配信が始まると、動画は自動的に開始いたします。過度なリロードはサイトへの負荷となりますので、お控えいただきますようお願いいたします。 チャット機能について ※チャットに参加する場合は、名前、利用規約とプライバシーポリシーに同意のチェックを入れ、登録を押し、その後にメッセージを入力してください。（チャット上にお名前が表示されない場合は、メッセージ内にもお名前をいれてください ※任意） ※チャット機能は会話に参加するほかのユーザーへの思いやりを忘れずにお楽しみください。 注意事項 ※ご視聴には、石原夏織 オフィシャルファンクラブ「hand in hand」への有料会員登録が必要となります。ご視聴を希望される方は、配信開始までに会員登録・入金完了までお手続きをお済ませください。 ※生配信のため、通信エラー等により配信が途切れる場合がございます。予めご了承ください。 ※本コンテンツは視聴専用となりダウンロードは出来ません。録画・スクリーンショットなどは禁止とさせていただきます。 ※視聴が出来ない方はブラウザを変えてお試しください。 ※機種や端末、ブラウザによって表示が異なる為、再生ボタンやチャットが表示されない場合がございます。その際はブラウザを変えてお試しくださいませ。 ※Androidをご利用されている場合はChrome等にブラウザを変えてお試しください。 ※Wi-Fi環境にてご視聴いただく事を強くお勧めいたします。 ◆ 配信ページはこちら ◆ 新規ご入会はこちら
https://ishiharakaori-fc.com/news/?id=134,2023/06/01,石原夏織 『“推し”タオル』＆『うちわ』の発売が決定！,ファンクラブ会員限定配信などでも多くのリクエストを頂戴した『“推し”タオル』と『うちわ』の発売が決定しました！ イベントやライブでの“推し”アピールに大活躍な2アイテム！ 使用や応援する時は、周りの方への配慮も忘れずにお楽しみくださいね♪ 【受付期間】 6月1日（木）12:00〜6月12日（月）23:59まで 【お届け】 7月下旬予定 【販売URL】 https://canime.jp/ishiharakaori/ ※商品は販売開始時間より表示されます ※若干数ではございますが、8月6日開催予定「5th Anniversary Live -bouquet-」会場でも販売を予定しております ※「クリアうちわ ランダム4種」をご購入の際は、石原夏織 オフィシャルファンクラブ「hand in hand」と「きゃにめ』」への会員登録が必要です ※ご利用方法については、こちら（ https://canime.jp/help/ ）からご確認ください ※通販に関するご質問は、こちらから（ https://canime.jp/contact/ ）お問い合わせください ●“推し”スポーツタオル／2800円（税込） サイズ：約 H400×W1100mm ちょっと大きめのスポーツタオル！ SNSのハッシュタグで皆さんに楽しんでいただいている「#今日も夏織は可愛い」を大胆にデザインしました！ ●クリアうちわ ランダム4種／1000円（税込） サイズ：約200×200mm（取っ手含まず） ※ファンクラブ「hand in hand」会員限定グッズとなります 『うちわ』は、クリア素材になっているので持ち運びも楽々☆ ファンクラブ会員限定グッズとなりますので、この機会に『hand in hand』もチェックしてくださいね！
https://ishiharakaori-fc.com/news/?id=135,2023/06/09,「hand in hand」生配信 6月12日(月)開催決定！,6月12日(月)20時より、「hand in hand」生配信の開催が決定しました☆彡 今回はなんと、Nintendo Switchを使って「マリオカート」にチャレンジしちゃいます🎮 ソフトをお持ちの方は、ぜひご準備してご参加ください！ 「hand in hand」初の試み、皆さまあたたかい目で見守っていてくださいね！ ご参加お待ちしております✨ イベント概要 配信日時 2023年6月12日(月)20時頃 配信開始予定 ※配信直前は混雑が予想されます。配信開始の15～20分前などお早めにログインのうえ配信開始をお待ちください。 ※配信が始まると、動画は自動的に開始いたします。過度なリロードはサイトへの負荷となりますので、お控えいただきますようお願いいたします。 チャット機能について ※チャットに参加する場合は、名前、利用規約とプライバシーポリシーに同意のチェックを入れ、登録を押し、その後にメッセージを入力してください。（チャット上にお名前が表示されない場合は、メッセージ内にもお名前をいれてください ※任意） ※チャット機能は会話に参加するほかのユーザーへの思いやりを忘れずにお楽しみください。 注意事項 ※ご視聴には、石原夏織 オフィシャルファンクラブ「hand in hand」への有料会員登録が必要となります。ご視聴を希望される方は、配信開始までに会員登録・入金完了までお手続きをお済ませください。 ※生配信のため、通信エラー等により配信が途切れる場合がございます。予めご了承ください。 ※本コンテンツは視聴専用となりダウンロードは出来ません。録画・スクリーンショットなどは禁止とさせていただきます。 ※視聴が出来ない方はブラウザを変えてお試しください。 ※機種や端末、ブラウザによって表示が異なる為、再生ボタンやチャットが表示されない場合がございます。その際はブラウザを変えてお試しくださいませ。 ※Androidをご利用されている場合はChrome等にブラウザを変えてお試しください。 ※Wi-Fi環境にてご視聴いただく事を強くお勧めいたします。 ◆ 配信ページはこちら ◆ 新規ご入会はこちら
https://ishiharakaori-fc.com/news/?id=136,2023/06/12,ゲーム配信、やってみよう🎮 を更新,スタッフブログを更新しました☆ いよいよ本日〈6月12日（月）20時〉より、会員限定生配信を実施します！ 皆さまぜひ遊びに来てください！
https://ishiharakaori-fc.com/news/?id=138,2023/08/06,会報7号、発行決定！,"会報7号の発行が決定しました♪ 会報誌を確実に皆さまのお手元に届けるために、必ず下記をご一読いただきますようお願いいたします。 ◆発送日 2023年9月19日より順次発送を予定しております。 ◆発送対象 ・「hand in hand」有効会員の方 ・2023年9月30日（土）までに会員登録・入金完了までお手続きをお済ませいただいた方 ◆おたより募集のご案内 会報7号の発行にあたり、ファンクラブ会員の皆さんから投稿を募集いたします。 ●テーマ ・2023/8/6(日) Ishihara Kaori 5th Anniversary Live -bouquet-感想 ・11thシングル「Paraglider」感想 ●投稿可能なもの ・文字（500文字以内） ・写真（5MB/jpg,gif,png） ・イラスト（5MB/jpg,gif,png） ●締切 2023年8月15日（火）23：59まで 投稿はこちら ◆発送先住所確認のお願い 会報誌の発送に伴い、お引越しをされた方、お引越し予定の方は、期間内に必ず住所変更のお手続きをお願いいたします。 ＜確認期間＞ 2023年8月31日（木）23:59まで ＜確認・変更方法＞ ログイン後、MYPAGE内 会員情報にてご確認・変更ください ※確認期間内に住所変更がされていなかった場合・住所不明による未着や紛失等があった場合、再送のご対応はできかねます。あらかじめご了承ください。 ◆未着問合せ期間のご案内 時間がたってもお手元に会報誌が届かない場合は、以下の期間中に「お問い合わせ」よりご連絡ください。 ＜未着問い合わせ期間＞ 2023年10月9日（月）〜10月15日（日）23:59まで ※【クロネコDM便】での発送となり、ポスト投函でのお届けとなります。 ※上記期間以外のお問い合わせにつきましては、ご対応いたしかねますのでご注意ださい。 ※再送対応にお時間をいただいてしまう可能性がございます。予めご了承ください。"
https://ishiharakaori-fc.com/news/?id=139,2023/08/27,Animelo Summer Live 2023 -AXEL- コメント,Animelo Summer Live 2023 -AXEL- コメントを更新しました！
https://ishiharakaori-fc.com/news/?id=140,2023/09/20,「Paraglider」ジャケット撮影メイキングを更新☆,「Paraglider」ジャケット撮影メイキングを更新しました！
https://ishiharakaori-fc.com/news/?id=141,2023/10/10,FCイベント開催決定！更新！,ファンクラブイベント開催を記念して、夏織ちゃんからメッセージがとどきました♪ ぜひチェックしてくださいね！
https://ishiharakaori-fc.com/news/?id=142,2023/10/02,夏織ちゃんからブログが届きました！,夏織ちゃんからブログが届きました！ ▽こちらからチェック
https://ishiharakaori-fc.com/news/?id=143,2023/11/09,夏織ちゃんからブログが届きました！,夏織ちゃんからブログが届きました！ ▽こちらからチェック
https://ishiharakaori-fc.com/news/?id=144,2023/12/01,STAFF BLOG更新！,スタッフブログを更新しました！ ▽こちらからチェック
https://ishiharakaori-fc.com/news/?id=145,2023/12/06,夏織ちゃんからブログが届きました！,夏織ちゃんからブログが届きました！ ▽こちらからチェック
https://ishiharakaori-fc.com/news/?id=146,2023/12/08,石原夏織 ファンクラブイベント「Ishihara Kaori Xmas Sweets Party」にご参加の皆様へお願い,"石原夏織 ファンクラブイベント「Ishihara Kaori Xmas Sweets Party」 にご参加のファンクラブ会員の皆様へ🎄 イベントを盛り上げるため、皆様にご協力のお願いです｡:*.ﾟ･*. 1. 皆様からの質問を大募集！ イベント開催にあたりまして、皆様から以下の内容で、おたよりを募集します♪ テーマ ・夏織ちゃんへの質問 ・夏織ちゃんへのお願い（言ってほしい・やってほしいこと） 募集期間：12月8日（金）〜12月17日（日）23：59まで ※ご応募は、お一人様１回でお願いします 投稿可能なもの ・文字（500文字以内） おたよりを送る 2. #今日も夏織はかわいい フォトコンテスト ファンクラブ限定コンテンツのARカメラ機能を使ったフォトコンテストを開催します！ 今回は「クリスマス」をテーマに皆様からフォトを募集☆ コンテストで受賞された場合、当日、素敵な何かが起こるかも...？ 募集期間：12月8日（金）〜12月17日（日）23：59まで ※ご応募は、お一人様１回でお願いします 投稿可能なもの ・文字（500文字以内） ・写真（5MB/jpg,gif,png） 作品例 コンテストに応募する 3. ❄︎夏織ちゃんからお願い事❄︎ 今回のイベント、クリスマスパーティーということで、夏織ちゃんからお願い事があるそうです☺️ :*:・'゜☆' .:*:・'゜☆' .:*:・'゜☆ イベントのドレスコード👗 💙something blue💙 夏織サンタより🤶 :*:・'゜☆' .:*:・'゜☆' .:*:・'゜☆ ということで、、、 12月25日（月）のイベントにご参加される方は、 夏織ちゃんのイメージカラーでもある、ブルー系のアイテムを何か身につけて来ていただけたら嬉しいです♪ お洋服でも、ハンカチでも、アクセサリーでも、アクリルスタンドでも大丈夫ですので、無理のない範囲でご参加お待ちしております⛄️ 皆様のご参加、お待ちしております！"
https://ishiharakaori-fc.com/news/?id=147,2023/12/08,STAFF BLOG更新！,スタッフブログを更新しました！ ▽こちらからチェック
https://ishiharakaori-fc.com/news/?id=148,2023/12/12,Kaori's diary in kyoto を更新！,MOVIE「Kaori's diary in kyoto1&2」を更新しました！ ▽こちらからチェック
https://ishiharakaori-fc.com/news/?id=149,2023/12/12,STAFF BLOG更新！,スタッフブログを更新しました！ ▽こちらからチェック
https://ishiharakaori-fc.com/news/?id=150,2023/12/13,85 BLOG更新！,制作担当85のブログを更新しました！ ▽こちらからチェック
https://ishiharakaori-fc.com/news/?id=151,2023/12/14,STAFF BLOG更新！,スタッフブログを更新しました！ ▽こちらからチェック
https://ishiharakaori-fc.com/news/?id=152,2023/12/15,12/25（月）開催　石原夏織 ファンクラブイベント「Ishihara Kaori Xmas Sweets Party」会場物販が決定！,"12/25（月）開催 石原夏織 ファンクラブイベント 「Ishihara Kaori Xmas Sweets Party」 にて、ファンクラブ会員限定グッズの会場物販を行います♪ 「皆さんに、寒い冬を暖かく過ごしてほしい」という夏織ちゃんの願いから、 リバーシブルネックウォーマーと巾着付きブランケット の２種類をご用意しました！ どちらもふわふわの生地を使用し、冬らしいオリジナルロゴをプリント！ オフィスでもプライベートでも使いやすいブラックカラーとなっています。 ＜販売方法＞ ❄︎会場販売❄︎ 販売時間／10時〜夜の部 終演後、物販列が途切れるまで ※公演チケットをお持ちでない方もご購入いただけます ※ご購入の際、ファンクラブ会員証（もしくはデジタル会員証）の確認を実施いたします ※完売となりました商品の取り扱いはございません ＜注意事項＞ ※販売時間は前後する場合がございます ※状況により販売を一時中断する可能性がございます ※ライブ販売商品のため、 数に限りがございます。品切れの際はご容赦ください ※お支払いは、現金、クレジットカード（VISA、Master、American Express、JCB）、交通系IC、iD、QUICPay、PayPay がご利用いただけます ※レジ袋のご用意はございません。あらかじめご了承ください ※ご購入品のお渡し間違い、釣り銭不足などないよう心がけて販売を行いますが、必ずご購入後にその場でご確認ください。後ほどのお申し出にはご対応いたしかねます ※不良品の交換も当日会場対応のみとなります。ご購入後のご確認お願い申しあげます ※徹夜行為･早朝からのご来場は、会場および近隣の方へのご迷惑となるためご遠慮ください ＜グッズラインナップ＞ ❄︎ファンクラブ会員限定グッズ❄︎ ネックウォーマー／2,000円（税込） ＊リバーシブル仕様 オリジナルロゴイラストのネックウォーマー ボア面にもこもこ生地を使用しています♪ ブランケット／4,000円（税込） ＊巾着付き オリジナルロゴイラストのタグ付きブランケット 両面のフリース生地は、それぞれ毛足感が異なる仕様となっています☆ 是非、この機会にgetして下さい♡"
https://ishiharakaori-fc.com/news/?id=153,2023/12/15,AR CAMERAのフレーム Vol.21～26を更新☆,AR CAMERAのフレームを更新しました☆ winter seasonにぴったりな夏織ちゃんと一緒に ぜひ色んな写真を撮ってみてください！
https://ishiharakaori-fc.com/news/?id=154,2023/12/21,冬グッズのご紹介 を更新！,MOVIE「冬グッズのご紹介」を更新しました！ ▽こちらからチェック
https://ishiharakaori-fc.com/news/?id=155,2023/12/22,Kaori's diary Garapon を更新！,MOVIE「Kaori's diary Garapon」を更新しました！ ▽こちらからチェック
https://ishiharakaori-fc.com/news/?id=156,2023/12/26,サポート窓口 年末年始休業のお知らせ,いつも当サイトをご利用いただきありがとうございます。 以下の期間中、年末年始休業のためサポート窓口をお休みさせていただきます。 ■サポート窓口休業期間 2023年12月28日(木)～2024年1月4日(木) 期間中にいただいたお問い合わせは、承りました順に1月5日(金)から対応させていただきます。 通常よりお時間がかかる場合がございますので、恐れ入りますが、予めご了承いただきますようお願い致します。 ご迷惑をおかけ致しますが、何卒よろしくお願い申し上げます。
https://ishiharakaori-fc.com/news/?id=157,2023/12/22,夏織ちゃんからブログが届きました！,夏織ちゃんからブログが届きました！ ▽こちらからチェック
https://ishiharakaori-fc.com/news/?id=158,2023/12/25,石原夏織 ファンクラブイベント「UNITY」vol.03開催決定！,来年2024年3月にファンクラブイベント「UNITY vol.3」が東京と大阪で開催が決定しました！ 3月9日（土）大阪ドーンセンター、3月16日（土）山野ホールでの開催です。 詳細は後日発表予定ですので、お楽しみに！ 公演概要 ●公演日時 2024年3月9日（土）UNITY vol.3 in OSAKA （会場：大阪ドーンセンター） 2024年3月16日（土）UNITY vol.3 in TOKYO （会場：山野ホール） また、イベントにてミニオンズコラボグッズの発売も決定しました！ こちらもお楽しみに♪
https://ishiharakaori-fc.com/news/?id=159,2023/12/25,クリスマスイベント終演後メッセージ を更新！,MOVIE「クリスマスイベント終演後メッセージ」を更新しました！ ▽こちらからチェック
https://ishiharakaori-fc.com/news/?id=160,2023/12/26,「Ishihara Kaori Xmas Sweets Party」ファンクラブ会員限定グッズの事後通販が決定！,"石原夏織 ファンクラブイベント 「Ishihara Kaori Xmas Sweets Party」 ファンクラブ会員限定グッズが、『きゃにめ』にて事後通販が決定しました！ 「皆さんに、寒い冬を暖かく過ごしてほしい」という夏織ちゃんの願いから、 リバーシブルネックウォーマーと巾着付きブランケット の２種類をご用意しました！ どちらもふわふわの生地を使用し、冬らしいオリジナルロゴをプリント！ オフィスでもプライベートでも使いやすいブラックカラーとなっています。 ＜販売方法＞ きゃにめ https://canime.jp/ishiharakaori/ ＜販売開始日時＞ 2023/12/27 18:00〜 ＜お届け時期＞ 1月中旬より順次お届け予定となります ＜グッズラインナップ＞ ❄︎ファンクラブ会員限定グッズ❄︎ ネックウォーマー／2,000円（税込） ＊リバーシブル仕様 ▶︎ご購入はこちら オリジナルロゴイラストのネックウォーマー ボア面にもこもこ生地を使用しています♪ ブランケット／4,000円（税込） ＊巾着付き ▶︎ご購入はこちら オリジナルロゴイラストのタグ付きブランケット 両面のフリース生地は、それぞれ毛足感が異なる仕様となっています☆ 是非、この機会にgetして下さい♡"
https://ishiharakaori-fc.com/news/?id=161,2024/01/01,Happy New Year 夏織ちゃんから年賀状が届きました！,ファンクラブ会員の皆さま 新年、あけましておめでとうございます！ 夏織ちゃんから、年賀状が届きました✨ ぜひチェックしてくださいね！ ※閲覧は2024年2月29日までとなります ◆ 年賀状はこちら ◆ 新規ご入会はこちら 今後も石原夏織の応援、宜しくお願いいたします。 石原夏織チーム一同
https://ishiharakaori-fc.com/news/?id=162,2023/12/29,"くるくる動画　""クリスマスイベント衣装ver""を更新！","MOVIE「くるくる動画 ""クリスマスイベント衣装ver""」を更新しました！ ▽こちらからチェック"
https://ishiharakaori-fc.com/news/?id=163,2024/01/01,『かおみくじ』更新！,「かおみくじ」が新年に合わせて更新！ 是非、新しい「かおみくじ」をお楽しみにください✨ ▷「かおみくじ」を引く
https://ishiharakaori-fc.com/news/?id=164,2024/01/01,夏織ちゃんからブログが届きました！,夏織ちゃんからブログが届きました！ ▽こちらからチェック
https://ishiharakaori-fc.com/news/?id=165,2024/01/05,新コンテンツ「VOICE BLOG」がスタート！,夏織ちゃんがまったりおしゃべりする新コンテンツがスタート！ ↓ご視聴は、こちらから
https://ishiharakaori-fc.com/news/?id=166,2024/01/06,Kaori's diary singing♪を更新！,MOVIE「Kaori's diary singing♪」を更新しました！ ▽こちらからチェック
https://ishiharakaori-fc.com/news/?id=167,2024/01/07,Kaori's diary Cheers!を更新！,MOVIE「Kaori's diary Cheers!」を更新しました！ ▽こちらからチェック
https://ishiharakaori-fc.com/news/?id=168,2024/01/11,クリスマスイベントDigest Movieを更新！,MOVIE「クリスマスイベントDigest Movie」を更新しました！ ▽こちらからチェック
https://ishiharakaori-fc.com/news/?id=169,2024/01/12,クリスマスイベント夜の部「Page Flip」を更新！,MOVIE『クリスマスイベント夜の部「Page Flip」』を更新しました！ ▽こちらからチェック
https://ishiharakaori-fc.com/news/?id=170,2024/01/10,「VOICE BLOG」#2　更新！,夏織ちゃんがまったりおしゃべりする新コンテンツ 「VOICE BLOG」#2 を更新しました！ ↓ご視聴は、こちらから
https://ishiharakaori-fc.com/news/?id=171,2024/01/13,STAFF BLOG更新！,スタッフブログを更新しました！ ▽こちらからチェック
https://ishiharakaori-fc.com/news/?id=172,2024/01/12,会報8号、発行決定！,会報8号の発行が決定しました♪ 会報誌を確実に皆さまのお手元に届けるために、必ず下記をご一読いただきますようお願いいたします。 ◆発送日 2024年1月29日より順次発送を予定しております。 ◆発送対象 ・「hand in hand」有効会員の方 ・2024年1月31日（水）までに会員登録・入金完了までお手続きをお済ませいただいた方 ◆発送先住所確認のお願い 会報誌の発送に伴い、お引越しをされた方、お引越し予定の方は、期間内に必ず住所変更のお手続きをお願いいたします。 ※住所変更期間が短くなっておりますので、ご注意ください ＜確認期間＞ 2024年1月17日（水）23:59まで ＜確認・変更方法＞ ログイン後、MYPAGE内 会員情報にてご確認・変更ください ※確認期間内に住所変更がされていなかった場合・住所不明による未着や紛失等があった場合、再送のご対応はできかねます。あらかじめご了承ください。 ◆未着問合せ期間のご案内 時間がたってもお手元に会報誌が届かない場合は、以下の期間中に「お問い合わせ」よりご連絡ください。 ＜未着問い合わせ期間＞ 2024年2月12日（月）〜2月18日（日）23:59まで ※【クロネコDM便】での発送となり、ポスト投函でのお届けとなります。 ※上記期間以外のお問い合わせにつきましては、ご対応いたしかねますのでご注意ださい。 ※再送対応にお時間をいただいてしまう可能性がございます。予めご了承ください。
https://ishiharakaori-fc.com/news/?id=173,2024/02/27,石原夏織 ファンクラブイベント「UNITY」vol.03 チケット情報　※2月27日更新,"※チケット先着販売の情報を更新しました（2月27日） ※チケット二次抽選の情報を更新しました（2月15日） ※MCの情報を更新しました（2月15日） チケットの先着販売が決定しました！ 2月27日19時〜販売いたします。 グッズ情報はこちら 公演概要 ●公演日時 大阪公演 2024年3月9日（土） 開場 16:00 / 開演 16:30 ※開場・開演時間は変更となる場合がございます 会場 大阪・ドーンセンター（〒540-0008 大阪市中央区大手前1丁目3番49号 ） 東京公演 2024年3月16日（土） ＜昼の部＞開場 14:00 / 開演 14:30 ＜夜の部＞開場 17:30 / 開演 18:00 ※開場・開演時間は変更となる場合がございます 会場 東京・山野ホール（〒151-8539 東京都渋谷区代々木1丁目53-1） ●チケット料金 全席指定 ¥6,500(税込) ※ファンクラブ『hand in hand』会員1名様につき 各公演1枚まで （例：東京公演の場合、昼の部、夜の部の最大合計2枚お申込み可能です） ※未就学児童入場不可 ※営利目的の転売禁止 ※発券方法：電子チケット ●MC 井尻晏菜 チケット受付スケジュール ＜先着販売＞ 販売期間： 2024/02/27(火) 19:00 〜 2024/03/16(土) 18:00 ※大阪公演は、2024/03/09(土) 16:30までの販売です ※先着受付（予定枚数に達し次第受付終了） ＜一次抽選＞ 受付終了しました 申込受付期間 2024/01/16(火) ～ 2024/01/31(水) 23:59 抽選結果発表 2024/02/02(金) 19:00以降 支払手続期間 2024/02/02(金) 19:00 ～ 2024/02/05(月) 23:59 ＜二次抽選＞ 受付終了しました 申込受付期間 2024/02/07(水) ～ 2024/02/21(水) 23:59 抽選結果発表 2024/02/23(金) 19:00以降 支払手続期間 2024/02/23(金) 19:00 ～ 2024/02/26(月) 23:59 ●申込方法 お申込みには「ポニキャン」アプリ（無料）のインストールが必要です。 本受付の発券はポニーキャニオンの電子チケットアプリ「ポニキャン」のみとなります。 【電子チケットアプリ「ポニキャン」】 ◆iOSアプリ https://apps.apple.com/jp/app/id1617078121 ◆Androidアプリ https://play.google.com/store/apps/details?id=jp.co.ponycanyon.ticket ※ご利用にはポニーキャニオンショッピングクラブ（きゃにめ）の会員登録(無料)が必要です イベント参加方法 （1）チケット申込受付期間～公演当日までの間、『hand in hand』ファンクラブ会員資格が必要となります。会員期限にご注意ください。 （2）ご当選された方は公演当日、ご本人様を確認できる下記3点をご提示いただきます。 公演当日、下記をお持ちでない方やご本人様確認ができない方、入場をお断りいたしますので十分にご注意ください。 ●チケット ●会員証 または デジタル会員証 ●写真付きの身分証明書 ※下記参照 （パスポート／運転免許証／顔写真付き住民基本台帳カード／特別永住者証明書または在留カード／障害者手帳／顔写真入クレジットカード／顔写真付きマイナンバーカード／顔写真付き学生証） ※全てコピー及び期限切れは不可となります ※「マイナンバーカード通知カード」は身分証証明書とは認められません ※「マイナンバーカード」はどなたでも無料で取得していただけます ■マイナンバーカード総合サイト https://www.kojinbango-card.go.jp/kofushinse/ ◆ チケット申込に進む ◆ ◆ 新規ご入会はこちら ◆ ★ファンクラブにご入会されていない方へ チケット申込受付期間内に、ファンクラブへの入会手続き（会員登録・入金完了まで）をいただきますとチケットのお申込みが可能です！ ※入金確認が取れず仮登録状態の場合、チケット申込対象外となります ※チケットのお申込みには一定の手続きが必要となりますので、入会手続き（会員登録・入金完了まで）は時間に余裕をもってお手続きください 注意事項 【お申込みの前に】 ・きゃにめのシステムを利用しており、会員登録（無料）が必要です。 ・受付期間中に受付URLにてお申込みください。料金の支払方法・手数料・受取方法などは、受付URL内に記載の申込方法ならびに注意文言をご確認ください。 ・日本国内に住所をお持ちの方のみ申込が可能です。 ・未成年者によるチケットの購入は、親権者など法定代理人の責任において行われるものとし、親権者など法定代理人の同意を得て購入決定されているものとします。 ・未就学児入場不可／転売・譲渡禁止 ＜お申込み・座席等について＞ ・本受付は先着順ではございませんので、受付期間内にお間違いのないようお申込みください。 ・座席の指定はできません。チケット券面にてご確認ください。 ・会員同士であっても、一緒にお申込みすることはできません。 ・申込内容の変更・取消は受付期間内にのみ行えます。当選後の変更・取消（購入辞退）などは一切お受けできません。 ・申込多数の場合の抽選は、応募受付期間終了後に全応募者の中で行い、当選・落選を決定します。 ・当落および座席などは、先着順ではなく、受付期間内にお申込みいただいた中から抽選で決定します。 ・抽選方法や座席番号に関するお問い合わせは、一切お答えできませんのでご了承ください。 ・申込期間中に退会を希望される方は、申込を取り消した後、退会のお手続きを行ってください。 ＜抽選結果・お支払いについて＞ ・ご当選されたにも関わらず、ご入金がなかったお客様に対して、『hand in hand』でのチケット予約の際、不利になる場合がございます。 ・支払方法で〔クレジットカード〕をお選びの方は、当選時にご請求します。 ・支払方法で〔コンビニ〕をお選びの方は、支払手続期間内にご入金ください。ご入金が確認できない場合、当選は予告なく無効となります。 ・『hand in hand』退会後はチケットがお手元にあってもイベントに参加することはできません。 ＜入場等について＞ ・申込者本人以外のご入場はできません。 ・当日、チケット／会員証／身分証明書をお忘れの場合、いかなる理由でもご入場できません。 （身分証明書についてはファンクラブサイト（https://ishiharakaori-fc.com/）からご確認いただけます） ◇公演・場内注意事項／禁止事項について ●公演中の声出しに制限はございません。但し、周りのお客様にご迷惑となるような大声でのご声援はおやめください。 ●本公演は全席指定となります。チケットをお持ちでない方はご覧になれません。チケットの営利目的、転売目的での利用は禁止いたします。万一引き換えされたチケットの不法販売・複製・偽造等が発覚した場合、そのチケットは無効となりご入場をお断りさせていただきます。いかなる事情であれ、ご購入・お引換後のチケットの変更や払い戻しはできません。 ●館内は禁煙です。ご了承ください。 ●場内でのカメラ(携帯カメラ含む)・ビデオによる撮影、録音等は固くお断りいたします。（撮影可能のご案内がございました場合はこの限りではございません。） ●危険物、酒類の持ち込みは禁止です。 ●ゴミは各自の責任で処理、またはお持ち帰りいただくようお願いいたします。 ●本イベントの安全な運営に支障をきたすと主催者が判断した場合、 ご退場もしくはご入場をお断りする場合がございます。 ●会場内における物品およびホール自体の器物破損については、運営、会場側は責任を負いません。 ●お手荷物や大きな荷物は会場周辺のコインロッカーにあらかじめお預けする事をお勧めいたします。お荷物等の紛失・盗難等は主催者は一切責任を負いません。 ●貴重品は自己管理をお願いいたします。万が一紛失されても責任は負いません。 ●忘れ物や落し物などは、届け出がなければイベント終了後1週間後に処分させていただきます。 心当たりのある方はお早めにご連絡ください。 ●車椅子でご来場の方、または介助犬などをお連れする場合は事前に問い合わせ先までご相談ください。 ●非常時はスタッフの指示に従い、慌てず落ち着いて行動してください。 ●会場構造上や設営状況により、お席によっては、舞台/映像/出演者が見え辛い場合がございます。 予めご了承ください。 ●取材用撮影が入る場合、お客様が映り込む可能性がございます。あらかじめご了承ください。 ●天候やトラブル、アーティストの都合により、やむをえずイベントが中止となる場合がございます。予めご了承ください。 ●開場・開演・終演時間は変更になる場合があります。 ◇出演者へのプレゼント、花束、フラワーアレンジメントについて ＜プレゼントについて＞ 会場内に設置されているプレゼントボックスにお預けください。 設置場所については事前にご案内いたしかねますので、会場にてご確認ください。 また、下記に属するものに関しましては安全面や衛生面を考慮し、お受け取りすることができませんのであらかじめご了承ください。 ＜受け取れないもの＞ ・飲食物全般 ・既に開封されているもの／使用済のもの ・危険物(火薬・花火・刃物等) ・生き物(動物、虫など) ・自己制作のCD・DVD・アルバム・グッズ全般 ・持ち運びが困難な大きな物、重量物 ・現金、記念硬貨 ・下着類（ショーツなど） ※タレントやスタッフへの直接の手渡しはご遠慮いただいております。 ※内容によっては、事務所の判断により返却・処分する場合があります。 ＜スタンドフラワーについて＞ お客様がご自身でスタンドフラワーを手配される際は、以下の点を必ずお守りください。 配達着日時指定 ＜大阪公演＞ 指定到着日時は、3月9日（土）午前中 9:00-12:00 着指定にて、花屋さんまたは宅配業者に必ずご指示ください。 ＜東京公演＞ 指定到着日時は、3月16日（土）午前中 9:00-12:00 着指定にて、花屋さんまたは宅配業者に必ずご指示ください。 回収指定 両公演いずれも、公演終演後に御祝花・フラワースタンドのお引き取りをしていただきますよう、生花店・造花店または宅配業者へ必ずご指示をお願いいたします。 なお、当日の回収可能時間は、以下の日時となります。 ＜大阪公演＞ 回収日時：3月9日（土）19:30頃 ＜東京公演＞ 回収日時：3月16日（土）21:00頃 3.大きさ フラワースタンドについては、底辺(スタンド足部分)が40センチ×40センチ、高さが180センチ以下のものでお願いいたします。 4.その他禁止事項 ※スタンド花の会場内(会場敷地内の場外も含む)での設置場所については会場利用規定及び、消防法にのっとった形で主催側にて判断させていただいた上、順不同で設置させていただきますので、設置場所や順番の指定はできません。 ※スタンド用札に「住所」「電話番号」が記載されたものは会場に飾れません。特に法人団体様はご注意ください。 ※上記、指定時間外にお届けの場合は、お受取りいたしかねます。 ※スタンド花の会場内(会場敷地内の場外も含む)での設置場所についてはご指定いただけません。 ※渋滞などによる配達のトラブルや会場内の都合により、会場に設置できない場合がございますので、あらかじめご了承ください。 ※現地でのフラワースタンドの撮影問題ございませんが、場内における来場者の滞留の状況を見てご遠慮いただく場合がございますので、あらかじめご了承ください。 送付先： ＜大阪公演＞ 〒540-0008 大阪府大阪市中央区大手前１丁目３−４９ ドーンセンター気付 石原夏織 ライブイベント事務局 宛 ＜東京公演＞ 〒151-8539 東京都渋谷区代々木１丁目５３−１山野ホール気付 石原夏織 ライブイベント事務局 宛 チケット販売に関するお問合せ きゃにめ チケットQ&A／お問い合わせ： http://special.canime.jp/ticket/ ※公演内容や抽選結果・当選者情報に関するお問い合わせはお答えすることができません。 イベントに関するお問合せ ポニーキャニオン カスタマーセンター 営業時間：平日10:00～13:00/14:00～17:00（土日祝・会社の指定日除く） 問い合わせフォーム https://www.ponycanyon.co.jp/support/inquiry 問い合わせフォームの受付は24時間可能ですが、ご返信につきましては営業時間内となります。 また、イベント名、参加日もご連絡願います。なお、イベント前日、当日のお問い合わせにはお答は出来かねる場合がございます。 上記お問い合わせ以外、特に会場への直接のお問い合わせは御遠慮願います。"
https://ishiharakaori-fc.com/news/?id=174,2024/01/15,5th Anniversary LIVE -bouquet- Blu-rayリリースイベント 東京 終了後コメントを更新！,MOVIE『5th Anniversary LIVE -bouquet- Blu-rayリリースイベント 東京 終了後コメント』を更新しました！ ▽こちらからチェック
https://ishiharakaori-fc.com/news/?id=176,2024/01/16,ファンクラブイベント「UNITY」vol.03／楽曲リクエストを大募集！,3月9日（土）・16日（土）開催のファンクラブイベント「UNITY」vol.03にて、夏織ちゃんにカバーしてほしい楽曲を大募集します！ 今回のテーマは「卒業ソング」♪ あなたが選んだ曲がイベント内で披露されるかも？！ 選曲理由とあわせて、たくさんのご応募お待ちしてます♪ ●テーマ 夏織ちゃんに歌ってほしい卒業ソング ※最大3つまで自由記述 ●締切 2024年1月31日（水）23：59まで ●アンケートはこちら
https://ishiharakaori-fc.com/news/?id=177,2024/01/22,「hand in hand」生配信 1月26日(金)開催決定！,1月26日(金)20時30分頃より、「hand in hand」生配信の開催が決定しました☆彡 同日20時〜配信する、Youtube生配信のアフタートークとなります！ ご参加お待ちしております✨ イベント概要 配信日時 2024年1月26日(金)20時30分頃 配信開始予定 ※Youtube生配信後の配信となります ※配信直前は混雑が予想されます。配信開始の15～20分前などお早めにログインのうえ配信開始をお待ちください。 ※配信が始まると、動画は自動的に開始いたします。過度なリロードはサイトへの負荷となりますので、お控えいただきますようお願いいたします。 チャット機能について ※チャットに参加する場合は、名前、利用規約とプライバシーポリシーに同意のチェックを入れ、登録を押し、その後にメッセージを入力してください。（チャット上にお名前が表示されない場合は、メッセージ内にもお名前をいれてください ※任意） ※チャット機能は会話に参加するほかのユーザーへの思いやりを忘れずにお楽しみください。 注意事項 ※ご視聴には、石原夏織 オフィシャルファンクラブ「hand in hand」への有料会員登録が必要となります。ご視聴を希望される方は、配信開始までに会員登録・入金完了までお手続きをお済ませください。 ※生配信のため、通信エラー等により配信が途切れる場合がございます。予めご了承ください。 ※本コンテンツは視聴専用となりダウンロードは出来ません。録画・スクリーンショットなどは禁止とさせていただきます。 ※視聴が出来ない方はブラウザを変えてお試しください。 ※機種や端末、ブラウザによって表示が異なる為、再生ボタンやチャットが表示されない場合がございます。その際はブラウザを変えてお試しくださいませ。 ※Androidをご利用されている場合はChrome等にブラウザを変えてお試しください。 ※Wi-Fi環境にてご視聴いただく事を強くお勧めいたします。 ◆ 配信ページはこちら ◆ 新規ご入会はこちら
https://ishiharakaori-fc.com/news/?id=178,2024/01/25,夏織ちゃんからブログが届きました！,夏織ちゃんからブログが届きました！ ▽こちらからチェック
https://ishiharakaori-fc.com/news/?id=179,2024/03/01,石原夏織LIVE TOUR 2024 チケット応募2弾スタート！※3月1日更新,"石原夏織LIVE TOUR 2024の開催が決定しました！ 東京、大阪、名古屋、横浜の全国4都市での開催です！ 3rd Album「Calm Scene」をご予約の方に、石原夏織 LIVE TOUR 2024のチケット優先販売申込券が配布されます！ 公演概要 ●公演日時 2024年6月1日(土) 大阪／大阪国際交流センター 2024年6月2日(日) 愛知／名古屋市公会堂 大ホール 2024年6月23日(日) 神奈川／KT Zepp Yokohama 2024年7月7日(日) 東京／なかのZERO ※東京公演は「生バンド編成」となります。 ●チケット料金 全席指定 グッズ付きチケット：11,000円（税込） 特典内容：巾着袋＆ハンカチセット（各公演絵柄別仕様） 通常チケット：8,800円（税込） ※神奈川公演のみ、入場時ドリンク代が別途必要です。 対象商品 2024年4月24日(水)発売 石原夏織 3rd Album「Calm Scene」 ・きゃにめ豪華盤（CD+BD）／品番：SCCG-00161／価格：7,700円（税込） ・初回限定盤（CD+BD）／品番：PCCG-02352／価格：5,280円（税込） ・通常盤（CD only）／品番：PCCG-02353／価格：3,500円（税込） 配布対象店舗 「全国アニメイト（通販含む）」「ゲーマーズ」全店（オンラインショップ含む）「きゃにめ」 チケット優先販売申込券の配布期間：2024年1月27日（土）店舗開店時より（通販は解禁時より） ・対象商品のいずれかをご予約(全額内金)もしくは、ご購入頂きましたお客様に、シリアルナンバー入りのチケット優先販売申込券をお渡し致します。 ・1シリアルで全公演ご応募いただけます。（各公演2席まで） ・チケット優先販売申込券の配布期間や付与方法に関する詳細は、法人によって異なります。詳細は各社公式Web等にてご確認ください。 ・チケット優先販売申込券は無くなり次第、配布終了となります。 応募スケジュール ②優先販売申込券をお持ちの方（FC会員でなくともOK） ③FC会員（優先販売申込券をお持ちでなくともOK） 申込受付期間 2024/03/01(金) ～ 2024/03/27(水) 23:59 抽選結果発表 2024/03/30(土) 19:00以降 支払手続期間 2024/03/30(土) 19:00 ～ 2024/04/02(火) 23:59 ①FC会員で優先販売申込券をお持ちの方 ※受付終了しました 申込受付期間 2024/01/26(金) ～ 2024/02/28(水) 23:59 抽選結果発表 2024/03/02(土) 19:00以降 支払手続期間 2024/03/02(土) 19:00 ～ 2024/03/05(火) 23:59 枚数制限 1シリアルナンバーにつき 各公演 どちらか1券種 2枚まで 支払方法 クレジットカード・コンビニ決済 発券方法 アプリ（電子チケット） ・本受付の発券はポニーキャニオンの電子チケットアプリ「ポニキャン」のみとなります。 ・お申し込みには「ポニキャン」アプリ（無料）のインストールが必要です。 ※グッズ付きチケットのグッズは、公演当日会場にてお渡しいたします。後日のお渡しはできません。 ※開場・開演時間は変更となる場合がございます。 ※申込多数の場合は抽選となります。 ※未就学児童入場不可 ◆ チケット申込に進む ◆ ◆ 新規ご入会はこちら ◆ ★ファンクラブにご入会されていない方へ チケット申込受付期間内に、ファンクラブへの入会手続き（会員登録・入金完了まで）をいただきますとチケットのお申込みが可能です！ ※入金確認が取れず仮登録状態の場合、チケット申込対象外となります ※チケットのお申込みには一定の手続きが必要となりますので、入会手続き（会員登録・入金完了まで）は時間に余裕をもってお手続きください 【電子チケットアプリ「ポニキャン」】 ◆iOSアプリ https://apps.apple.com/jp/app/id1617078121 ◆Androidアプリ https://play.google.com/store/apps/details?id=jp.co.ponycanyon.ticket ※ご利用にはポニーキャニオンショッピングクラブ（きゃにめ）の会員登録(無料)が必要です ※注意事項等の詳細は「ポニキャン」アプリからご確認ください チケット販売に関するお問合せ きゃにめ チケットQ&A／お問い合わせ： http://special.canime.jp/ticket/ ※公演内容や抽選結果・当選者情報に関するお問い合わせはお答えすることができません。"
https://ishiharakaori-fc.com/news/?id=181,2024/01/27,【再募集】「hand in hand」会員の皆さまの＜あだ名＞を募集！,「hand in hand」では、会員の皆さまの呼び方を決めるべく、＜あだ名＞の案を再度、大募集します！ 決定したあだ名は、3月のファンクラブイベントにて発表します！ 皆さまからいただいた案が採用されるかも…！？ ≪募集期間≫ 2月11日（日）23:59まで 皆さまのご参加お待ちしております♪ ▽アンケートはこちらから https://ishiharakaori-fc.com/enq/form.php?enq_id=39
https://ishiharakaori-fc.com/news/?id=182,2024/01/30,トワツガイコンサート 2024～鳥籠で見る夢～ チケット ファンクラブ『hand in hand』抽選先行受付のお知らせ,"『トワツガイコンサート 2024〜鳥籠で見る夢〜』 に石原夏織の出演が決定！ チケットのファンクラブ先行申込を、1月30日(火)12:00~より受付開始いたします！ この機会をお見逃しなく！ 『トワツガイ』とは スクウェア・エニックスが贈るスマホゲームアプリ『トワツガイ』は、『トリ』の少女達の絆を育み残酷な運命に抗う“ツガイ育成バトルファンタジーRPG”だ。 『黒い海』に侵食され始めた世界を舞台にしたバトルファンタジーゲームの音楽を、映像と共に生演奏で繰り広げられる待望のコンサートが実現する。 同時に、雪醒（ゆきさめ）描き下ろしのメインビジュアルも公開。 ゲームでも原作・世界観設定を務める白本奈緒書き下ろしのコンサートオリジナルストーリーと、圧巻の生演奏でお届け。 構成・演出は、大ヒットゲーム『NieR:Automata』と世界観を同じくする『舞台ヨルハ』シリーズの演出（少年ヨルハ除く）、 『NieR:AutomataFANFESTIVAL 12022 壊レタ五年間ノ声』朗読劇・コンサートパート、『舞台トワツガイ』、『FFBE幻影戦争THE STAGE』などの 演出を務める松多壱岱が手掛ける。 さらに、音楽監修を、TVアニメ『アイカツスターズ！』、「NieR」シリーズ、『SINoALICE -シノアリス-』、『トワツガイ』の BGMを担当している岡部啓一、スマホゲーム『トワツガイ』のBGMやキャラクターソングを担当している瀬尾祥太郎が手がける。 出演者は、 ゲーム『トワツガイ』の声優を務める、近藤玲奈、立花理香、立花日菜、高橋李依、富田美憂、上田麗奈、鬼頭明里、日向未南、石原夏織、 Lynnら、その他多数の人気キャラクターを務める豪華声優陣が、『トワツガイ』の中から飛び出しオリジナルストーリーのリーディングで綴っていく。 さらに、小泉萌香、和氣あず未らは映像コメント出演により本作を盛り上げる。 公演概要 ●会場 LINE CUBE SHIBUYA（〒150-0042 東京都渋谷区宇田川町1−1） ●公演日程 ※全3回公演 2024年 ※各回の開場は開演の60分前 5月11日（土）18:00開演 5月12日（日）13:00開演／17:00開演 ●チケット料金 ※未就学児童入場不可 S席（グッズ付）：12,000円（税込） ※注釈有り ※S席（グッズ付）グッズ内容。以下公演ごとにコンサートビジュアル入り特製グッズを会場にてお渡しいたします。 ※S席（グッズ付）のグッズデザインやグッズの仕様は後日ご案内いたします ※イメージ違い等による不良品以外の返品・交換等は一切お受けできませんので予めご了承ください 2024年5月11日（土）18:00公演 サコッシュ＆キャラファインブック 2024年5月12日（日）13:00公演 アクリルバングル＆キャラファインブック 2024年5月12日（日）17:00公演 クリアファイル＆キャラファインブック ※S席（グッズ付）の特典グッズは販売はいたしません。 ※S席（グッズ付）のグッズは公演当日、会場にてお引き換え下さい。 公演期間以降のお引き渡しはできませんのでご了承ください。 A席：8,800円（税込）※注釈有り ※A席は一部映像が見えづらい場合がございます。 ※ご購入後の返金・クレーム及びお席の振替は一切お受けできません。予めご了承ください。 応募スケジュール 【石原夏織ファンクラブ「hand in hand」抽選先行】 ●受付期間： 2024年1月30日（火）12:00～2月5日（月）18:00 ※受付終了しました ●枚数制限：お1人様各公演1回ずつ、各公演最大4枚まで申し込み可能です。 複数公演当選する場合がございますので、必ずお支払い頂ける公演をお申し込み下さい。 ◆ チケット申込に進む ◆ ◆ 新規ご入会はこちら ◆ ★ファンクラブにご入会されていない方へ チケット申込受付期間内に、ファンクラブへの入会手続き（会員登録・入金完了まで）をいただきますとチケットのお申込みが可能です！ ※入金確認が取れず仮登録状態の場合、チケット申込対象外となります ※チケットのお申込みには一定の手続きが必要となりますので、入会手続き（会員登録・入金完了まで）は時間に余裕をもってお手続きください ●一般発売日 2024年3月24日（日）10:00〜 スタッフ・キャスト ●原作 白本奈緒（ILCA） ●音楽監修：岡部啓一（MONACA） 瀬尾祥太郎（MONACA） ●音楽監督：白須 今 ●構成・演出：松多壱岱（ILCA） ●出演 カラス：近藤玲奈 ハクチョウ：立花理香 エナガ：立花日菜 スズメ：高橋李依 フクロウ：小泉萌香 ※映像コメント出演のみ フラミンゴ：和氣あず未 ※映像コメント出演のみ ハチドリ：富田美憂 ※5月12日（日）のみ出演 ツル：上田麗奈 ※5月12日（日）のみ出演 モズ：鬼頭明里 ツバメ：日向未南 カモメ：石原夏織 タカ：Lynn ※本コンサートでの出演声優の歌唱予定はございません。 ●演奏 オーケストラ レゼル ●公式HP： https://concert.towatsugai.jp/ ●公式X（Twitter）：@towatsugai_cnt お問い合わせ ●公演事務局： https://supportform.jp/event （平日10:00～17:00） ※お問い合わせは24時間承っておりますがご対応は営業時間内とさせていただきます。 なお、内容によってはご回答までに少々お時間をいただく場合もございますので予めご了承いただけますようお願い申し上げます。"
https://ishiharakaori-fc.com/news/?id=183,2024/01/21,5th Anniversary LIVE -bouquet- Blu-rayリリースイベント大阪・名古屋 終了後コメントを更新！,MOVIE『5th Anniversary LIVE -bouquet- Blu-rayリリースイベント 大阪・名古屋 終了後コメント』を更新しました！ ▽こちらからチェック
https://ishiharakaori-fc.com/news/?id=184,2024/01/28,Youtube Live＆FC生配信後コメントを更新！,MOVIE『Youtube Live＆FC生配信後コメント』を更新しました！ ▽こちらからチェック
https://ishiharakaori-fc.com/news/?id=185,2024/01/28,STAFF BLOG「最近のお知らせまとめ」を更新！,スタッフブログを更新しました！ ▽こちらからチェック
https://ishiharakaori-fc.com/news/?id=186,2024/01/29,Youtube Live リハーサル風景	を更新！,MOVIE『Youtube Live リハーサル風景』を更新しました！ ▽こちらからチェック
https://ishiharakaori-fc.com/news/?id=187,2024/01/31,Kaori's diary Rehearsal Kaori focus ver	を更新！,MOVIE『Kaori's diary Rehearsal Kaori focus ver』を更新しました！ ▽こちらからチェック
https://ishiharakaori-fc.com/news/?id=188,2024/02/02,「VOICE BLOG」#3　更新！,夏織ちゃんがまったりおしゃべりする新コンテンツ 「VOICE BLOG」#3 を更新しました！ ↓ご視聴は、こちらから
https://ishiharakaori-fc.com/news/?id=190,2024/02/14,Happy Valentine's Day♡　夏織ちゃんからフォトグラフが届きました！,ファンクラブ会員の皆さま こんにちは！ 夏織ちゃんから、バレンタイン限定の フォトグラフが届きました✨ ぜひチェックしてくださいね！ ※閲覧は2024年3月14日までとなります ◆ フォトグラフはこちら ◆ 新規ご入会はこちら 是非ダウンロードしてくださいね🎵
https://ishiharakaori-fc.com/news/?id=191,2024/02/04,Carry up＆up!? -6周年記念公開イベント-終了後コメント	を更新！,MOVIE『Carry up＆up!? -6周年記念公開イベント-終了後コメント』を更新しました！ ▽こちらからチェック
https://ishiharakaori-fc.com/news/?id=192,2024/02/09,Carry up＆up!? 昼の部 影ナレ を更新！,MOVIE『Carry up＆up!? 昼の部 影ナレ』を更新しました！ ▽こちらからチェック
https://ishiharakaori-fc.com/news/?id=193,2024/02/11,くるくる動画 Carry up＆up!? ver	を更新！,MOVIE『くるくる動画 Carry up＆up!? ver』を更新しました！ ▽こちらからチェック
https://ishiharakaori-fc.com/news/?id=194,2024/02/13,夏織ちゃんからブログが届きました！,夏織ちゃんからブログが届きました！ ▽こちらからチェック
https://ishiharakaori-fc.com/news/?id=195,2024/02/15,AR CAMERAのフレーム Vol.27〜28を更新☆,AR CAMERAのフレームを更新しました☆ 純白の夏織ちゃんと、 むーちゃんが初登場！ 一緒にお出かけして、 ぜひ色んな写真を撮ってみてください！
https://ishiharakaori-fc.com/news/?id=196,2024/02/15,Carry up＆up!? 夜の部 影ナレ を更新！,MOVIE『Carry up＆up!? 夜の部 影ナレ』を更新しました！ ▽こちらからチェック
https://ishiharakaori-fc.com/news/?id=197,2024/02/17,Kaori's diary 駄菓子屋さん ver  を更新！,MOVIE『Kaori's diary 駄菓子屋さん ver』を更新しました！ ▽こちらからチェック
https://ishiharakaori-fc.com/news/?id=198,2024/02/20,Kaori's diary けん玉 ver  を更新！,MOVIE『Kaori's diary けん玉 ver』を更新しました！ ▽こちらからチェック
https://ishiharakaori-fc.com/news/?id=199,2024/03/06,石原夏織 ファンクラブイベント「UNITY」vol.03 グッズ情報/会場物販情報を公開！※3月7日更新,"3/6大阪・3/16東京開催 石原夏織 ファンクラブイベントUNITYlol.03にて、 ファンクラブ会員限定グッズの会場物販を行います♪ 大好きなミニオンズグッズを作りたい！！という石原夏織ちゃんのアツい思いから 販売が実現することとなりました！！ レギュラーアイテムと合わせてぜひチェックしてください。 また、石原夏織初のLIVE PHOTO BOOK 「TIMELESS」 も会場にて数量限定で販売します！ イベントチケットページはこちら 販売方法 ・大阪会場販売 販売時間／14時~ 終演後、物販列が途切れるまで ※時間が変更となりました。ご注意ください。 ・東京会場販売 販売時間／12時~ 終演後、物販列が途切れるまで ※公演チケットをお持ちでない方もご購入いただけます ※ご購入の際、ファンクラブ会員証（もしくはデジタル会員証）の確認を実施いたします ※完売となりました商品の取り扱いはございません 石原夏織UNITY vol.03グッズ購入特典 ・物販にて１会計1万円以上ご購入のお客様には 限定ポストカード＆クリアファイル を 各１点プレゼント！（クリアファイル共通・ポストカード公演ごとに柄別） ポストカードにはなんと当たりがついているかも・・・？ 景品： 色違いUNITY特別Tシャツor石原夏織本人からの直筆メッセージ入りポストカード ※東京会場の、グッズ購入特典の限定ポストカードの種類につきましては、昼の部の終演後から切替予定となります。 ※限定特典は数量限定、無くなり次第配布終了となります ※イベント商品ですが１アイテムにつき１点（缶バッチのみ６点）の購入制限を設けさせていただきます ※当たりの確認はお会計時にさせていただきます ※TIMELESSは会計額に含みません ※並び直しでのご購入も可能です 注意事項 ※販売時間は前後する場合がございます ※状況により販売を一時中断する可能性がございます ※ライブ販売商品のため、 数に限りがございます。品切れの際はご容赦ください ※お支払いは、 現金、クレジットカード（VISA、Master、American Express、JCB）、交通系IC、iD、QUICPay、PayPay がご利用いただけます ※レジ袋のご用意はございません。あらかじめご了承ください ※ご購入品のお渡し間違い、釣り銭不足などないよう心がけて販売を行いますが、必ずご購入後にその場でご確認ください。後ほどのお申し出にはご対応いたしかねます ※不良品の交換も当日会場対応のみとなります。ご購入後のご確認お願い申しあげます ※徹夜行為･早朝からのご来場は、会場および近隣の方へのご迷惑となるためご遠慮ください どれも夏織ちゃんのこだわりが詰まったグッズたちです！ 是非、この機会にgetして下さい♡ GOODS LINEUP ● 石原夏織/ミニオンズ コーデュロイリバーシブルトート／5,500円（税込） 仕様：リバーシブル サイズ：W320xH360xD100mm ※持ち手含まず ● 石原夏織/ミニオンズ ストロー付きタンブラー／2,200円（税込） 容量：500ml サイズ：φ100×H162mm ※ストロー含まず ● 石原夏織/ミニオンズ ティッシュポーチ／3,300円（税込） サイズ：W150×H100mm ● 石原夏織/ミニオンズ メガネケース&クロスセット／4,950円（税込） サイズ：H75×W180mm（メガネケース）・190×190mm（クロス） ● 石原夏織/ミニオンズ メタルキーホルダー／3,300円（税込） サイズ：全長約130mm ● ブロマイドセットA／500円（税込） 仕様：L版3枚１セット ● ブロマイドセットB／500円（税込） 仕様：L版3枚１セット ● ランダム缶バッチ 6種／各500円（税込） サイズ：φ65mm ● ロングTシャツ Mサイズ／4,200円（税込） ● ロングTシャツ Lサイズ／4,200円（税込） ※ロングTシャツ サイズ一覧表※ 身丈 身巾 肩巾 袖丈 M 74 65 65 57 L 76 68 68 59 是非、この機会にgetして下さい♡"
https://ishiharakaori-fc.com/news/?id=200,2024/02/22,くるくる動画 Blu-rayリリースイベント 大阪・名古屋 ver を更新！,MOVIE『くるくる動画 Blu-rayリリースイベント 大阪・名古屋 ver』を更新しました！ ▽こちらからチェック
https://ishiharakaori-fc.com/news/?id=201,2024/02/24,【先行公開】3rd Album Jacket Photo Behind Vol.1を更新！,MOVIE『【先行公開】3rd Album Jacket Photo Behind Vol.1』を更新しました！ 公開されたばかりのアルバムジャケット撮影のメイキングを最速でお届け✨ CD発売まで見たくないよ〜という方は、スルーしてくださいね！ ▽こちらからチェック
https://ishiharakaori-fc.com/news/?id=202,2024/02/27,【先行公開】Kaori's diary ひつじさん ver を更新！,MOVIE『【先行公開】Kaori's diary ひつじさん ver』を更新しました！ アルバムジャケット撮影のメイキングをお届け中✨ CD発売まで見たくないよ〜という方は、スルーしてくださいね！ ▽こちらからチェック
https://ishiharakaori-fc.com/news/?id=203,2024/03/01,【先行公開】Kaori's diary  森の妖精さん ver を更新！,MOVIE『【先行公開】Kaori's diary 森の妖精さん ver』を更新しました！ アルバムジャケット撮影のメイキングをお届け中✨ CD発売まで見たくないよ〜という方は、スルーしてくださいね！ ▽こちらからチェック
https://ishiharakaori-fc.com/news/?id=204,2024/02/28,夏織ちゃんからブログが届きました！,夏織ちゃんからブログが届きました！ ▽こちらからチェック
https://ishiharakaori-fc.com/news/?id=205,2024/03/05,UNITY vol.3 グッズ紹介①②③④を更新！,MOVIE『UNITY vol.3 グッズ紹介①②③④』を更新しました！ ▽こちらからチェック
https://ishiharakaori-fc.com/news/?id=206,2024/03/07,STAFF BLOG「いよいよUNITY vol.3 開催！」を更新！,スタッフブログを更新しました！ ▽こちらからチェック
https://ishiharakaori-fc.com/news/?id=207,2024/03/09,UNITY vol.3 大阪公演終演後コメントを更新！,MOVIE『UNITY vol.3 大阪公演終演後コメント』を更新しました！ ▽こちらからチェック
https://ishiharakaori-fc.com/news/?id=208,2024/03/13,会報9号／会員の皆さんからのおたよりを大募集！,"会報9号／会員の皆さんからのおたよりを大募集！ 会報9号の発行にあたり、ファンクラブ会員の皆さんから下記のテーマで投稿を募集します！ 皆さんの投稿が会報誌に掲載されるかも？！ 投稿をお待ちしております♪ ●テーマ ・ファンクラブイベント「UNITY」vol.03感想 ●投稿可能なもの ・文字（500文字以内） ・写真（5MB/jpg,gif,png） ・イラスト（5MB/jpg,gif,png） ●締切 2024年3月24日（日）23：59まで ●その他 ・アンケートはお一人様一度になります ▽アンケートはこちらから アンケートに答える"
https://ishiharakaori-fc.com/news/?id=209,2024/03/13,Kaori's diary 大阪のたこ焼き ver を更新！,MOVIE『Kaori's diary 大阪のたこ焼き ver』を更新しました！ ▽こちらからチェック
https://ishiharakaori-fc.com/news/?id=210,2024/03/14,くるくる動画 UNITY vol.3 in OSAKA ver を更新！,MOVIE『くるくる動画 UNITY vol.3 in OSAKA ver』を更新しました！ ▽こちらからチェック
https://ishiharakaori-fc.com/news/?id=211,2024/03/17,UNITY vol.3 東京公演終演後コメントを更新！,MOVIE『UNITY vol.3 東京公演終演後コメント』を更新しました！ ▽こちらからチェック
https://ishiharakaori-fc.com/news/?id=212,2024/03/19,くるくる動画 UNITY vol.3 in TOKYO ver を更新！,MOVIE『くるくる動画 UNITY vol.3 in TOKYO ver』を更新しました！ ▽こちらからチェック
https://ishiharakaori-fc.com/news/?id=213,2024/03/21,石原夏織アーティストデビュー6周年コメントを更新！,MOVIE『石原夏織アーティストデビュー6周年コメント』を更新しました！ ▽こちらからチェック
https://ishiharakaori-fc.com/news/?id=214,2024/03/21,祝！アーティストデビュー6周年！夏織ちゃんからメッセージカードが届きました！,ハンズの皆さま こんにちは！ 本日は、夏織ちゃんアーティストデビュー6周年記念日！ 夏織ちゃんから、ハンズの皆さんへ メッセージカードが届きました✨ ぜひチェックしてくださいね！ ※閲覧は2025年3月20日までとなります ◆ メッセージカードはこちら ◆ 新規ご入会はこちら 是非ダウンロードしてくださいね🎵
https://ishiharakaori-fc.com/news/?id=215,2024/03/21,夏織ちゃんへプチサプライズ🎉を更新！,MOVIE『夏織ちゃんへプチサプライズ🎉』を更新しました！ ▽こちらからチェック
https://ishiharakaori-fc.com/news/?id=216,2024/05/10,石原夏織 2nd LIVE TOUR -Calm Magic- supported by dアニメストア チケット一般発売スタート！※5月13日更新,"石原夏織 2nd LIVE TOUR -Calm Magic- supported by dアニメストア 特設サイトがオープン！ http://ishiharakaori.com/calmmagic 公演概要 ●公演日時 2024年6月1日(土) 大阪／大阪国際交流センター 2024年6月2日(日) 愛知／岡谷鋼機名古屋公会堂 大ホール（名古屋市公会堂 大ホール） 2024年6月23日(日) 神奈川／KT Zepp Yokohama 2024年7月7日(日) 東京／なかのZERO ※東京公演は「生バンド編成」となります。 ●チケット料金 全席指定 グッズ付きチケット：11,000円（税込） 特典内容：巾着袋＆ハンカチセット（各公演絵柄別仕様） 通常チケット：8,800円（税込） ※神奈川公演のみ、入場時ドリンク代が別途必要です。 応募スケジュール イープラス 一般販売 ◼︎6月1日(土) 大阪・大阪国際交流センター ▼イープラス一般発売（先着） 販売期間 2024/05/13(月)12:00 ～ 2024/06/01(土)18:00 取り扱い券種 全席指定 枚数制限 お一人様 4枚まで ※先着受付（予定枚数に達し次第受付終了） ◼︎6月2日(日) 愛知・岡谷鋼機名古屋公会堂 大ホール ▼イープラス一般発売（先着） 販売期間 2024/05/13(月)12:00 ～ 2024/06/02(日)17:30 取り扱い券種 全席指定 枚数制限 お一人様 4枚まで ※先着受付（予定枚数に達し次第受付終了） ◼︎6月23日(日) 神奈川・KT Zepp Yokohama ▼イープラス一般発売（先着） 販売期間 2024/05/13(月)12:00 ～ 2024/06/23(日)17:30 取り扱い券種 全席指定 枚数制限 お一人様 4枚まで ※先着受付（予定枚数に達し次第受付終了） ◼︎7月7日(日) 東京・なかのZERO ▼イープラス一般発売（先着） 販売期間 2024/05/13(月)12:00 ～ 2024/07/07(日)18:00 取り扱い券種 全席指定 枚数制限 お一人様 4枚まで ※先着受付（予定枚数に達し次第受付終了） イープラスチケットはこちら きゃにめ 一般販売 ◼︎6月1日(土) 大阪・大阪国際交流センター ▼きゃにめ一般発売（先着） 販売期間 2024/05/13(月)12:00 ～ 2024/06/01(土)18:00 ※先着受付（予定枚数に達し次第受付終了） 枚数制限： お一人様 各公演 4枚まで 発券方法： アプリ（電子チケット） ◼︎6月2日(日) 愛知・岡谷鋼機名古屋公会堂 大ホール ▼きゃにめ一般発売（先着） 販売期間 2024/05/13(月)12:00 ～ 2024/06/02(日)17:30 ※先着受付（予定枚数に達し次第受付終了） 枚数制限： お一人様 各公演 4枚まで 発券方法： アプリ（電子チケット） ◼︎6月23日(日) 神奈川・KT Zepp Yokohama ▼きゃにめ一般発売（先着） 販売期間 2024/05/13(月)12:00 ～ 2024/06/23(日)17:30 ※先着受付（予定枚数に達し次第受付終了） 枚数制限： お一人様 各公演 4枚まで 発券方法： アプリ（電子チケット） ◼︎7月7日(日) 東京・なかのZERO ▼きゃにめ一般発売（先着） 販売期間 2024/05/13(月)12:00 ～ 2024/07/07(日)18:00 ※先着受付（予定枚数に達し次第受付終了） 枚数制限： お一人様 各公演 4枚まで 発券方法： アプリ（電子チケット） きゃにめチケットはこちら ⑤申込受付期間 2024/04/26(金) ～ 2024/05/07(火) 23:59 抽選結果発表：2024年5月9日(木) 19:00以降 支払手続期間：2024年5月9日(木) 19:00 ～ 2024年05月11日(土)23:59 枚数制限： 1シリアルナンバーにつき 各公演 どちらか1券種 2枚まで dアニメストア特設ページはこちら ④オフィシャルサイト先行 申込受付期間 2024/04/03(水) 12:00 ～ 2024/04/16(火) 23:59 抽選結果発表 2024/04/18(木) 19:00以降 支払手続期間 2024/04/18(木) 19:00 ～ 2024/04/21(日) 23:59 ②優先販売申込券をお持ちの方（FC会員でなくともOK） ③FC会員（優先販売申込券をお持ちでなくともOK） 申込受付期間 2024/03/01(金) ～ 2024/03/27(水) 23:59 抽選結果発表 2024/03/30(土) 19:00以降 支払手続期間 2024/03/30(土) 19:00 ～ 2024/04/02(火) 23:59 ①FC会員で優先販売申込券をお持ちの方 ※受付終了しました 申込受付期間 2024/01/26(金) ～ 2024/02/28(水) 23:59 抽選結果発表 2024/03/02(土) 19:00以降 支払手続期間 2024/03/02(土) 19:00 ～ 2024/03/05(火) 23:59 【電子チケットアプリ「ポニキャン」】 ◆iOSアプリ https://apps.apple.com/jp/app/id1617078121 ◆Androidアプリ https://play.google.com/store/apps/details?id=jp.co.ponycanyon.ticket ※ご利用にはポニーキャニオンショッピングクラブ（きゃにめ）の会員登録(無料)が必要です ※注意事項等の詳細は「ポニキャン」アプリからご確認ください チケット販売に関するお問合せ きゃにめ チケットQ&A／お問い合わせ： http://special.canime.jp/ticket/ ※公演内容や抽選結果・当選者情報に関するお問い合わせはお答えすることができません。"
https://ishiharakaori-fc.com/news/?id=217,2024/03/28,石原夏織 ファンクラブイベント「UNITY」vol.03 グッズ事後通販が決定！,"3/6大阪・3/16東京に行われた石原夏織 ファンクラブイベント「UNITY」lol.03 グッズの事後通販が決定しました！ GOODS LINEUP ＜ファンクラブ会員様のみ購入可能＞ ●ブロマイドセット A・B／各500円（税込） ●缶バッジ ランダム6種／500円（税込） ●ロングTシャツ M・Lサイズ／各4,200円（税込） ＜どなたでも購入可能＞ ●【石原夏織】ミニオンズ / コーデュロイリバーシブルトート／5,500円（税込） ●【石原夏織】ミニオンズ / ストロー付きタンブラー／2,200円（税込） ●【石原夏織】ミニオンズ / ティッシュポーチ／3,300円（税込） ●【石原夏織】ミニオンズ / メタルキーホルダー／3,300円（税込） 販売期間 3月29日（金）20:00〜 販売URL https://canime.jp/ishiharakaori/ ※商品は販売開始時間より表示されます ※在庫販売アイテムは準備数に限りがございます。あらかじめご了承ください ※ご購入の際は『きゃにめ』への会員登録が必要です。またファンクラブ会員のみ購入可能商品は、オフィシャルファンクラブ『hand in hand』への入会が必要です ※通販に関するご質問は、 こちら からお問い合わせください ● 石原夏織/ミニオンズ コーデュロイリバーシブルトート／5,500円（税込） 仕様：リバーシブル サイズ：W320xH360xD100mm ※持ち手含まず ● 石原夏織/ミニオンズ ストロー付きタンブラー／2,200円（税込） 容量：500ml サイズ：φ100×H162mm ※ストロー含まず ● 石原夏織/ミニオンズ ティッシュポーチ／3,300円（税込） サイズ：W150×H100mm ● 石原夏織/ミニオンズ メタルキーホルダー／3,300円（税込） サイズ：全長約130mm ● ブロマイドセットA／500円（税込） 仕様：L版3枚１セット ● ブロマイドセットB／500円（税込） 仕様：L版3枚１セット ● ランダム缶バッチ 6種／各500円（税込） サイズ：φ65mm ● ロングTシャツ Mサイズ／4,200円（税込） ● ロングTシャツ Lサイズ／4,200円（税込） ※ロングTシャツ サイズ一覧表※ 身丈 身巾 肩巾 袖丈 M 74 65 65 57 L 76 68 68 59 是非、この機会にgetして下さい♡"
https://ishiharakaori-fc.com/news/?id=218,2024/03/28,【先行公開】3rd Album Jacket Photo Behind Vol.2　を更新！,MOVIE『【先行公開】3rd Album Jacket Photo Behind Vol.2』を更新しました！ アルバムジャケット撮影のメイキングをお届け✨ CD発売まで見たくないよ〜という方は、スルーしてくださいね！ ▽こちらからチェック
https://ishiharakaori-fc.com/news/?id=219,2024/03/30,Lemino presents ANIMAXMUSIX 2024 SPRING 終演後コメント	を更新！,MOVIE『Lemino presents ANIMAXMUSIX 2024 SPRING 終演後コメント』を更新しました！ ▽こちらからチェック
https://ishiharakaori-fc.com/news/?id=220,2024/03/30,「UNITY」vol.03「Gift」 リハーサル 歌唱 ver	を更新！,MOVIE『「UNITY」vol.03「Gift」 リハーサル 歌唱 ver』を更新しました！ ▽こちらからチェック
https://ishiharakaori-fc.com/news/?id=221,2024/03/31,くるくる動画 ANIMAXMUSIX 2024 SPRING ver を更新！,MOVIE『くるくる動画 ANIMAXMUSIX 2024 SPRING ver』を更新しました！ ▽こちらからチェック
https://ishiharakaori-fc.com/news/?id=222,2024/04/01,『かおみくじ』更新！,「かおみくじ」に新しいおみくじが追加！ 是非、おみくじを引いてみてくださいね✨ ▷「かおみくじ」を引く
https://ishiharakaori-fc.com/news/?id=224,2024/04/05,ファンクラブイベント 「UNITY」vol.03　『Gift』full ver を更新！,MOVIE『ファンクラブイベント 「UNITY」vol.03 『Gift』full ver』を更新しました！ ▽こちらからチェック
https://ishiharakaori-fc.com/news/?id=225,2024/04/05,【先行公開】3rd Album Jacket Photo Behind Vol.3 を更新！,MOVIE『【先行公開】3rd Album Jacket Photo Behind Vol.3』を更新しました！ アルバムジャケット撮影のメイキングをお届け✨ CD発売まで見たくないよ〜という方は、スルーしてくださいね！ ▽こちらからチェック
https://ishiharakaori-fc.com/news/?id=226,2024/04/08,「VOICE BLOG」#4　更新！,夏織ちゃんがまったりおしゃべりする新コンテンツ 「VOICE BLOG」#4 を更新しました！ ↓ご視聴は、こちらから
https://ishiharakaori-fc.com/news/?id=227,2024/04/12,ファンクラブイベント「UNITY」vol.03『ひめごと*クライシスターズ』full ver	を更新！,ファンクラブイベント「UNITY」vol.03『ひめごと*クライシスターズ』full verを更新しました！ ▽こちらからチェック
https://ishiharakaori-fc.com/news/?id=228,2024/04/14,ファンクラブイベント「UNITY」vol.03『夜とワンダーランド』full ver　を更新！,ファンクラブイベント「UNITY」vol.03『夜とワンダーランド』full verを更新しました！ ▽こちらからチェック
https://ishiharakaori-fc.com/news/?id=229,2024/04/17,Kaori's diary にゃんこドーナツ🐈 ver を更新！,Kaori's diary にゃんこドーナツ🐈 ver を更新しました！ ▽こちらからチェック
https://ishiharakaori-fc.com/news/?id=230,2024/04/18,"AR CAMERAのフレーム Vol.29,30を更新☆",AR CAMERAのフレームを更新しました☆ 「みはりちゃんイメージ」の夏織ちゃんと、 「#今日も夏織は可愛い」ハッシュタグ が初登場！ 一緒にお出かけして、 ぜひ色んな写真を撮ってみてください！
https://ishiharakaori-fc.com/news/?id=231,2024/04/22,会報9号、発行決定！,会報9号の発行が決定しました♪ 会報誌を確実に皆さまのお手元に届けるために、必ず下記をご一読いただきますようお願いいたします。 ◆発送日 2024年5月24日（金）より順次発送を予定しております。 ◆発送対象 ・「hand in hand」有効会員の方 ・2024年5月31日（金）までに会員登録・入金完了までお手続きをお済ませいただいた方 ◆発送先住所確認のお願い 会報誌の発送に伴い、お引越しをされた方、お引越し予定の方は、期間内に必ず住所変更のお手続きをお願いいたします。 ※住所変更期間が短くなっておりますので、ご注意ください ＜確認期間＞ 2024年5月12日（日）23:59まで ＜確認・変更方法＞ ログイン後、MYPAGE内 会員情報にてご確認・変更ください ※確認期間内に住所変更がされていなかった場合・住所不明による未着や紛失等があった場合、再送のご対応はできかねます。あらかじめご了承ください。 ◆未着問合せ期間のご案内 時間がたってもお手元に会報誌が届かない場合は、以下の期間中に「お問い合わせ」よりご連絡ください。 ＜未着問い合わせ期間＞ 2024年6月10日（月）〜6月19日（水）23:59まで ※ゆうメール、ポスト投函でのお届けとなります。 ※上記期間以外のお問い合わせにつきましては、ご対応いたしかねますのでご注意ださい。 ※再送対応にお時間をいただいてしまう可能性がございます。予めご了承ください。
https://ishiharakaori-fc.com/news/?id=232,2024/04/23,3rdアルバム「Calm Scene」発売記念！AR CAMERAのフレーム Vol.31を更新☆,AR CAMERAのフレームを更新しました☆ 3rdアルバム「Calm Scene」発売記念ジャケット写真 衣装ver が登場！ 一緒にお出かけして、 ぜひ色んな写真を撮ってみてください！
https://ishiharakaori-fc.com/news/?id=233,2024/04/24,【85 BLOG】OUT NOW!!　を更新！,制作担当85ブログを更新しました！ ▽こちらからチェック
https://ishiharakaori-fc.com/news/?id=234,2024/04/25,3rd Album Jacket Photo Behind Vol.4 を更新！,3rd Album Jacket Photo Behind Vol.4 を更新しました！ ▽こちらからチェック
https://ishiharakaori-fc.com/news/?id=235,2024/04/28,3rd Album Jacket Photo Behind Vol.5 を更新！,3rd Album Jacket Photo Behind Vol.5 を更新しました！ ▽こちらからチェック
https://ishiharakaori-fc.com/news/?id=236,2024/04/30,3rd Album Jacket Photo Behind Vol.6 を更新！,3rd Album Jacket Photo Behind Vol.6 を更新しました！ ▽こちらからチェック
https://ishiharakaori-fc.com/news/?id=237,2024/05/03,Kaori's diary 森の妖精さん ver2	 を更新！,Kaori's diary 森の妖精さん ver2 を更新しました！ ▽こちらからチェック
https://ishiharakaori-fc.com/news/?id=238,2024/05/04,温怪談 終演後コメント を更新！,温怪談 終演後コメント を更新しました！ ▽こちらからチェック
https://ishiharakaori-fc.com/news/?id=239,2024/05/05,夏織ちゃんからブログが届きました！,夏織ちゃんからブログが届きました！ ▽こちらからチェック
https://ishiharakaori-fc.com/news/?id=240,2024/05/08,くるくる動画 温怪談 ver	を更新！,くるくる動画 温怪談 verを更新しました！ ▽こちらからチェック
https://ishiharakaori-fc.com/news/?id=241,2024/06/19,東京公演受付中！石原夏織 2nd LIVE TOUR -Calm Magic- FC会員来場特典引き換え方法について,石原夏織 2nd LIVE TOUR -Calm Magic- supported by dアニメストア FC会員来場/新規入会特典として、 「公演別4コマフォトカード」 の配布が決定！ さらに東京公演では、全公演来場された方に、 4公演コンプリート絵柄ver もお渡しします！ こちらのフォトカードは、LIVE TOURグッズのフォトカードホルダーに入れて持ち歩きいただけます♪ ツアー特設サイト： http://ishiharakaori.com/calmmagic 特典絵柄 FC会員様事前申込・引き換え方法 ⭐️当日、スムーズにお受け取りいただくために、「公演別4コマフォトカード」のお受け取りには事前の申込が必要となります ①こちらのページの「FC会員来場特典 引き換え事前申込フォーム」より、電子チケット「ポニキャン」アプリに遷移し、来場予定の公演を選択して申込（複数公演選択可） ※申込の際にシステム上抽選という表記になりますが、お申込みいただいた方全員が当選対象ですのでご安心ください ②公演週の金曜日に引き換えチケットQRコードが発行 ③公演当日、会場のFC受付にてORコードをご提示いただき、特典と引き換え ⭐️全公演コンプリート絵柄は、4会場分のチケット/ギャラリー画面をご提示いただいた方にその場でお渡しします ⭐️お渡しは各公演お一人様一回限りとなります 会場での新規ご入会の方・引き換え方法 当日、会場で新規ご入会された方で、FC受付にて入会完了メールをご提示いただいた方にも特典をお渡しします！ FC受付までお越しください 事前申込スケジュール ◎7月7日(日) 東京公演／なかのZERO 申込受付期間 2024/05/16(木) PM20:00 ～ 2024/07/4(木) 23:59 引き換えQR発行 2024/07/5(金) 当日引き換え予定時間 2024/07/07(日) 13:00〜16:00、16:30〜終演後、列が途切れるまで ※配布時間は変更となる可能性がございます、時間は公演日にXにてアナウンスします ◎6月1日(土) 大阪公演／大阪国際交流センター 申込受付期間 2024/05/16(木) PM20:00 ～ 2024/05/30(木) 23:59 引き換えQR発行 2024/05/31(金) 当日引き換え予定時間 2024/06/01(土) 12:00〜16:00、16:30〜終演後、列が途切れるまで ※配布時間は変更となる可能性がございます、時間は公演日にXにてアナウンスします ◎6月2日(日) 愛知公演／岡谷鋼機名古屋公会堂 大ホール 申込受付期間 2024/05/16(木) PM20:00 ～ 2024/05/30(木) 23:59 引き換えQR発行 2024/05/31(金) 当日引き換え予定時間 2024/06/02(日) 12:00〜15:30、16:00〜終演後、列が途切れるまで ※配布時間は変更となる可能性がございます、時間は公演日にXにてアナウンスします ◎6月23日(日) 神奈川公演／KT Zepp Yokohama 申込受付期間 2024/05/16(木) PM20:00 ～ 2024/06/20(木) 23:59 引き換えQR発行 2024/06/21(金) 当日引き換え予定時間 2024/06/23(日) 13:00〜15:30、16:00〜終演後、列が途切れるまで ※配布時間は変更となる可能性がございます、時間は公演日にXにてアナウンスします FC会員来場特典 引き換え事前申込フォーム ◆ 事前引き換え申込に進む ◆ ◆ 新規ご入会はこちら ◆ 発券方法 アプリ（電子チケット） ・本受付の発券はポニーキャニオンの電子チケットアプリ「ポニキャン」のみとなります。 ・お申し込みには「ポニキャン」アプリ（無料）のインストールが必要です。 【電子チケットアプリ「ポニキャン」】 ◆iOSアプリ https://apps.apple.com/jp/app/id1617078121 ◆Androidアプリ https://play.google.com/store/apps/details?id=jp.co.ponycanyon.ticket ※ご利用にはポニーキャニオンショッピングクラブ（きゃにめ）の会員登録(無料)が必要です ※注意事項等の詳細は「ポニキャン」アプリからご確認ください チケット販売に関するお問合せ きゃにめ チケットQ&A／お問い合わせ： http://special.canime.jp/ticket/ ※公演内容や抽選結果・当選者情報に関するお問い合わせはお答えすることができません。
https://ishiharakaori-fc.com/news/?id=242,2024/05/13,石原夏織 2nd LIVE TOUR -Calm Magic- リハーサル見学ご招待が決定！,石原夏織 2nd LIVE TOUR -Calm Magic-の開催を記念して、チケットをお持ちの皆様を対象に抽選でリハーサル見学にご招待させていただきます。 以下の募集詳細・注意事項をよく読み、ご理解いただいた上でご応募ください。 皆様のご応募お待ちしております。 ＊抽選でご招待させていただく企画になります。先着順ではございません。 チケットをお持ちの方のみご応募ください。 ＊これから公演チケットをご購入の方は以下のURLよりご購入ください。 https://special.canime.jp/ticket/ishiharakaori/ ＜参加資格・募集＞ ・リハーサル見学参加希望日のチケットをお持ちの方 ・＜きゃにめ（ポニキャンアプリ）＞でご購入いただいたチケットをお持ちの会場、全てご応募いただけます。 ・各公演、＜きゃにめ（ポニキャンアプリ）＞でチケットをご購入いただいたお客様が対象となります。 ・各先行販売、一般販売、どこのタイミングでご購入いただいたチケットでも応募対象となります。 ◆大阪公演 2024年6月1日(土) 16:30 開場／17:30 開演 大阪国際交流センター 応募期間：2024年5月13日(月)19:00 – 2024年5月25日(土)23:59 ◆愛知公演 2024年6月2日(日) 16:00 開場／17:00 開演 岡谷鋼機名古屋公会堂 大ホール 応募期間：2024年5月13日(月)19:00 – 2024年5月25日(土)23:59 ◆神奈川公演 2024年6月23日(日) 16:00 開場／17:00 開演 KT Zepp Yokohama 応募期間：2024年5月13日(月)19:00 – 2024年6月16日(日)23:59 ◆ 申込に進む ◆ ＜当選発表/実施スケジュール＞ 抽選結果は、ポニキャンアプリに記載の抽選結果発表日時にご確認いただけます。また、集合時間等詳細は、アプリ内でお知らせいたしますので合わせてご確認ください。 リハーサル見学の集合時間は開場時間の2〜3時間前を予定しております。 ＜注意事項＞ ・本受付はポニーキャニオンの電子チケットアプリ「ポニキャン」のみとなります。お申し込みには「ポニキャン」アプリ（無料）のインストールが必要です。 ・集合時間、集合場所などの詳細はご当選者のみにお知らせいたします。 ・リハーサル見学参加希望日のライブチケットを必ずお持ちください。 ・ライブ会場までの交通費、宿泊費などは、ご当選者様の負担となります。 ・当落に関する質問は一切お受けできません。 ・リハーサル見学参加時、顔写真入りのご本人確認書類（免許証、学生証、社員証、健康保険証など）を必ずお持ちください。お持ちいただけない場合は入場をお断りさせていただきますのでご注意ください。 ・当選権利の譲渡および販売は禁止とさせていただきます。オークション等による譲渡・販売が判明した際、入場をお断りいたします。 ・都合によりライブおよびリハーサル見学は中止になる場合がございます。あらかじめご了承ください。 【お願い】 ◆リハーサル見学中はスタッフの指示に従ってください。安全確保にご協力いただけない場合や迷惑行為などがあった際はご退出いただく場合があります。 ◆スタッフが会報誌・動画コンテンツ用に写真や動画の撮影を行います。映像・写真は公開される場合があります。予めご了承ください。 ◆写真や動画の撮影および録音はご遠慮ください。 ◆演出の都合上、会場への入場をお待ちいただく場合があります。 ◆リハーサル見学中に怪我をされた際、主催者側に過失のある場合は加入している保険の範囲内で補償いたします。 【申込に関するお問合せ】 きゃにめ https://canime.jp/help/ticket/ 【公演に関するお問合せ】 ポニーキャニオン カスタマーセンター 営業時間：平日 10:00〜13:00/14:00〜17:00（土日祝・会社の指定日除く） （問い合わせフォーム） https://www.ponycanyon.co.jp/support/inquiry 問い合わせフォームの受付は 24 時間可能ですが、ご返信につきましては営業時間内となります。 また、イベント名、参加⽇もご連絡願います。なお、イベント前日、当日のお問い合わせにはお答は出来かねる場合がございます。 上記お問い合わせ以外、特に会場への直接のお問い合わせは御遠慮願います。 ※公演内容に関するお問い合わせはお受けいたしかねます。
https://ishiharakaori-fc.com/news/?id=243,2024/05/16,Harmonia MV Behind Vol.1 を更新！,Harmonia MV Behind Vol.1 を更新しました！ ▽こちらからチェック
https://ishiharakaori-fc.com/news/?id=244,2024/05/17,Kaori's diary かおりんご ver  を更新！,Kaori's diary かおりんご ver を更新しました！ ▽こちらからチェック
https://ishiharakaori-fc.com/news/?id=245,2024/05/20,Harmonia MV Behind Vol.2 を更新！,Harmonia MV Behind Vol.2 を更新しました！ ▽こちらからチェック
https://ishiharakaori-fc.com/news/?id=246,2024/05/22,【STAFF BLOG】Harmonia MV撮影レポート with むー部長 を更新！,【STAFF BLOG】Harmonia MV撮影レポート with むー部長 を更新しました！ ▽こちらからチェック
https://ishiharakaori-fc.com/news/?id=248,2024/05/23,Kaori's diary バレリーナ ver を更新！,Kaori's diary バレリーナ ver を更新しました！ ▽こちらからチェック
https://ishiharakaori-fc.com/news/?id=249,2024/06/01,hand in hand 会員限定「夏織とお芋掘り&ぶどう狩り バスツアー in 山梨」開催決定&申込受付スタート！,"2024年10月13日(日)に、hand in hand 会員限定「夏織とお芋掘り&ぶどう狩り バスツアー in 山梨」の開催が決定！ 初のファンクラブバスツアーとなります♡ 念願のお芋掘りをみんなで楽しみましょう♪ 9月2日(月)更新： 当選者の皆様へ イベント開催にあたりまして、皆様に快適にお過ごしいただくためにアンケートへのご協力をお願いいたします。 バスの隣席・グループ希望に関しまして、ご希望を優先させていただきますが、確実にお応えできるわけではない旨ご了承のほどお願いいたします。 その他、当日の行程詳細や、持ち物等の詳細につきましては後日メールにてご案内いたします。 アンケートはこちら 回答期限：~9月8日(日)23:59 ツアー概要 ◆hand in hand 会員限定「夏織とお芋掘り&ぶどう狩り バスツアー in 山梨」 ◆ご出発日 2024年10月13日（日）日帰り ◆ご旅行代金（大人・小人（小学生以上）同額） お一人様あたり 28,800円（税込） ※雨天決行（ただし、天候及び畑の状態によっては、芋掘りをほうとう作りへ変更する場合がございます。） ツアーポイント ♡夏織ちゃんと旬のお芋掘り＆ぶどう狩り体験 ♡山梨名物ほうとうの昼食 ♡夏織ちゃん特製 旅のしおりプレゼント ♡ツアー参加者限定 オリジナルグッズプレゼント ♡夏織ちゃんとのグループ写真撮影（1グループ10名程度） ♡夏織ちゃんがバスごとにお見送り（ぶどう狩り後の帰路出発時） Q&A ☆知人同士でバス座席を近くにすることはできますか？...ご当選者様に後日、希望アンケートを募る予定です。 ※必ずしもご希望どおりになるとは限りませんのでご了承ください 応募スケジュール ◆最速先行（先着順ではなく抽選） 募集期間 2024年6月1日(土)19:30～6月9日(日)23:59まで 抽選結果発表 2024年6月14日（金）以降 ※多数のお申し込みをいただいたため、現在最終調整中です。抽選結果のご案内は6月17日（月）以降となります。 支払手続期間 当選後〜2024年6月21日（金）15:00 ※応募多数につき、2次募集の予定はございません。 ※キャンセルが発生した場合に繰り上げ当選の可能性がございます。 ◆枚数制限 お一人様1枚1回までのお申込み ◆支払方法 口座振込・クレジットカード決済 ◆ ツアー申込に進む ◆ ◆ 新規ご入会はこちら ◆ ★ファンクラブにご入会されていない方へ チケット申込受付期間内に、ファンクラブへの入会手続き（会員登録・入金完了まで）をいただきますとツアーのお申込みが可能です！ ※入金確認が取れず仮登録状態の場合、ツアー申込対象外となります ※ツアーのお申込みには一定の手続きが必要となりますので、入会手続き（会員登録・入金完了まで）は時間に余裕をもってお手続きください お申込み・お問合せ先 近畿日本ツーリスト株式会社 トラベルサービスセンター東日本 『夏織とお芋掘り&ぶどう狩り バスツアー in 山梨』係 〒135-0062 東京都江東区東雲1-7-12 KDX豊洲グランスクエア 3階 TEL：0570-064-205 FAX：03-6730-3230 ※ひかり電話・PHSからはご使用いただけません。お持ちの携帯電話よりお問い合せください。 E-mail：tourdesk53@or.knt.co.jp ★お申込みいただく前に＜or.knt.co.jp＞のドメイン設定をお願いいたします。 ※休業日・営業時間外にお送りいただいたお問合せは、翌営業日以降の返信となります。 営業日・営業時間 月～金 10:00～17:00 ※土・日・祝日はお休み ※お取り消し、変更の連絡が休業日・営業時間外の場合は、翌営業日の扱いとなりますので、あらかじめご了承ください。"
https://ishiharakaori-fc.com/news/?id=250,2024/06/01,祝！石原夏織 オフィシャルファンクラブ「hand in hand」 グランドオープン3周年　サイト新ビジュアルを更新！,本日、石原夏織 オフィシャルファンクラブ「hand in hand」 グランドオープン3周年を迎えました🤝 ハンズの皆様、いつもありがとうございます✨ サイト新ビジュアル＆新デザイン会員証 を更新しました！
https://ishiharakaori-fc.com/news/?id=251,2024/05/27,"AR CAMERAのフレーム Vol.32,33を更新☆",AR CAMERAのフレームを更新しました☆ UNITY vol.3 東京公演の衣装が新登場！ 是非、ライブツアー会場などで 色んな写真を撮ってみてください！
https://ishiharakaori-fc.com/news/?id=252,2024/06/01,AR CAMERAのフレーム Vol.34を更新☆,AR CAMERAのフレームを更新しました☆ 祝！石原夏織 オフィシャルファンクラブ「hand in hand」 グランドオープン3周年記念 新ビジュアル衣装ver が登場✨ 是非、色んな写真を撮ってみてください！
https://ishiharakaori-fc.com/news/?id=253,2024/06/01,石原夏織 2nd LIVE TOUR 2024「Calm Magic」大阪公演終演後コメントを更新！,石原夏織 2nd LIVE TOUR 2024「Calm Magic」大阪公演終演後コメント を更新しました！ ▽こちらからチェック
https://ishiharakaori-fc.com/news/?id=254,2024/06/02,石原夏織 2nd LIVE TOUR 2024「Calm Magic」愛知公演終演後コメントを更新！,石原夏織 2nd LIVE TOUR 2024「Calm Magic」愛知公演終演後コメント を更新しました！ ▽こちらからチェック
https://ishiharakaori-fc.com/news/?id=255,2024/06/15,ファンクラブイベント「UNITY」vol.03 in Osaka Behind 更新！,ファンクラブイベント「UNITY」vol.03 in Osaka Behind を更新しました！ ▽こちらからチェック
https://ishiharakaori-fc.com/news/?id=256,2024/06/18,ファンクラブイベント「UNITY」vol.03 in Tokyo Behind 更新！,ファンクラブイベント「UNITY」vol.03 in Tokyo Behind を更新しました！ ▽こちらからチェック
https://ishiharakaori-fc.com/news/?id=257,2024/06/25,くるくる動画 Gift MV ver 更新！,くるくる動画 Gift MV ver を更新しました！ ▽こちらからチェック
https://ishiharakaori-fc.com/news/?id=258,2024/06/23,石原夏織 2nd LIVE TOUR 2024「Calm Magic」神奈川公演終演後コメントを更新！,石原夏織 2nd LIVE TOUR 2024「Calm Magic」神奈川公演終演後コメント を更新しました！ ▽こちらからチェック
https://ishiharakaori-fc.com/news/?id=259,2024/07/01,『かおみくじ』更新！,「かおみくじ」に新しいおみくじが追加！ 是非、おみくじを引いてみてくださいね✨ ▷「かおみくじ」を引く
https://ishiharakaori-fc.com/news/?id=260,2024/07/07,石原夏織 Billboard Live 2025 チケットFC最速先行スタート！,"石原夏織 Billboard Live 2025 石原夏織、自身初のビルボードライブ公演が決定！ 「hand in hand」会員先行が7月7日よりスタート！ ビルボード特設サイト： https://www.billboard-live.com/osaka/show?event_id=ev-20027 公演概要/チケット料金 ＜大阪公演＞（1日2回公演） 【日時】 2025年1月4日（土） 1stステージ／開場15:00 開演16:00 2ndステージ／開場18:00 開演19:00 【会場】 Billboard Live OSAKA 大阪市北区梅田2丁目2番22号 ハービスPLAZA ENT B2 【チケット料金】 ※飲食代金別 ・BOXシート ¥20,900（ペア販売のみ） ・S指定席 ¥9,900 ・R指定席 ¥8,800 ・カジュアル ¥8,300（1ドリンク付） ■サービス料：¥660 ＜横浜公演＞（1日2回公演） 【日時】 2025年1月26日（日） 1stステージ／開場15:00 開演16:00 2ndステージ／開場18:00 開演19:00 【会場】 Billboard Live YOKOHAMA 神奈川県横浜市中区北仲通5丁目57番地2 KITANAKA BRICK&WHITE 1F 【チケット料金】 ※飲食代金別 ・DXシート カウンター ¥9,900 ・S指定席 ¥9,900 ・R指定席 ¥8,800 ・カジュアル センターシート ¥9,400（1ドリンク付） ・カジュアル サイドシート ¥8,300（1ドリンク付） ■サービス料：¥550 メンバー 石原夏織（Vo） 今井 隼(Pf & Band Master) 若森 さちこ(Perc & Cho) IMAJO(Gt) 応募スケジュール（販売サイト：e+） ・受付期間：2024/7/7(日)20:00～2024/7/21(日)23:59 ・結果確認期間：2024/7/24(水)13:00～2024/7/25(木)18:00 ・入金期間：2024/7/24(水)13:00～2024/7/26(金)21:00 ・発券開始：2024/8/7(水)14:00～ FC最速先行申込条件 ●制限枚数： １希望のお申込みで2枚まで指定できます。(同行者は非会員可) ●申込回数制限：複数公演をご希望の場合は、各公演ごとに複数回に分けてお申込みください。 ※同じ公演日時は2回以上お申込みできません。 ●受付希望数：一度の申込で第3希望まで ●この受付で選べる支払方法 クレジットカード：当選時に決済します。 コンビニ／ＡＴＭ： 申込み時に表示される期限までにお支払いください。 セブン-イレブン ファミリーマート ローソン・ミニストップ ペイジー対応ＡＴＭ ネットバンキング： 申込み時に表示される期限までにお支払いください。 ●この受付で選べる受取方法 セブン-イレブン：2024/08/07(水)以降にレジでお受取りください。 ファミリーマート：2024/08/07(水)以降に店内のマルチコピー機でお受取りください。 ●申込受付期間 ～ 公演開催日までの期間、石原夏織ファンクラブ『hand in hand』の正会員であること。 ●ファンクラブ入会手続きの決済が完了し、かつ会員番号を取得出来ている方（会員専用ページにて表示されています）となります。 ●入金確認が取れておらず仮登録状態のお客様や、ファンクラブ会員以外のお客様は、対象外となりますのでご注意ください。 ●会員同士であっても、一緒にお申し込みすることはできません。予めご了承ください。 ●お申し込みの際、『hand in hand』のログイン情報が必要となります。 ◆ チケット申込に進む ◆ ◆ 新規ご入会はこちら ◆ ★ファンクラブにご入会されていない方へ チケット申込受付期間内に、ファンクラブへの入会手続き（会員登録・入金完了まで）をいただきますとチケットのお申込みが可能です！ ※入金確認が取れず仮登録状態の場合、チケット申込対象外となります ※チケットのお申込みには一定の手続きが必要となりますので、入会手続き（会員登録・入金完了まで）は時間に余裕をもってお手続きください 注意事項 ▼指定料・座席図等は下記ページ内にご案内がございます。 横浜： https://www.billboard-live.com/club/y_index.html 大阪： http://www.billboard-live.com/club/o_index.html ・店内全席禁煙 ※未就学児童入店不可。 ※18歳未満/高校生は成人(高校生不可)の同伴が必要です。 ・予約権の転売は、いかなる場合もお断りしております。会員ご本人様がご来店いただけない場合はご予約が無効となりますので、あらかじめご了承下さい。 ・本お申し込みの場合、Club BBL会員特典は付きません。 ・お申込み後の変更・キャンセル不可 ・ご飲食代金は別途お支払いください。 ・当選座席位置によりご相席になる場合がございます。 ・ご来場前にビルボードライブHP内、Attentionページをご確認ください。 ・都合により、出演者、座席レイアウト、公演内容の一部を変更することもございますので、予めご了承下さい。公演の中止や延期の場合の旅費等の補償は致しかねます。 ・出演者については、必ず公式サイトをご確認の上お申し込みください ・カジュアルエリアは1ドリンク付き ※サービスエリアBOX=お1人様2枚2組合計4枚まで(2枚1組単位での販売となり、1セットの価格は¥20,900となります) 公演に関するお問い合わせ ・ビルボードライブ大阪 TEL：06-6342-7722 〒530-0001大阪府大阪市北区梅田2丁目2番22号 ハービスPLAZA ENT B2 ・ビルボードライブ横浜 TEL：0570-05-6565 〒231-0003 神奈川県横浜市中区北仲通5 丁目57 番地2 KITANAKA BRICK＆WHITE 1F Billboard Live 公式サイト https://www.billboard-live.com/"
https://ishiharakaori-fc.com/news/?id=261,2024/07/07,石原夏織 2nd LIVE TOUR 2024「Calm Magic」完走記念/ハンズの皆さんからの感想を大募集！,"石原夏織 2nd LIVE TOUR 2024「Calm Magic」ツアー完走を記念して、ハンズの皆さんから感想を募集します！ 皆さんの投稿が次号の会報誌に掲載されるかも？！ 投稿をお待ちしております♪ ●テーマ ・石原夏織 2nd LIVE TOUR 2024「Calm Magic」感想 ●投稿可能なもの ・文字（500文字以内） ・写真（5MB/jpg,gif,png） ・イラスト（5MB/jpg,gif,png） ●締切 2024年7月21日（日）23：59まで ●その他 ・アンケートはお一人様一度になります。 ▽アンケートはこちらから アンケートに答える"
https://ishiharakaori-fc.com/news/?id=262,2024/07/07,石原夏織 2nd LIVE TOUR 2024「Calm Magic」東京公演終演後コメントを更新！,石原夏織 2nd LIVE TOUR 2024「Calm Magic」東京公演終演後コメント を更新しました！ ▽こちらからチェック
https://ishiharakaori-fc.com/news/?id=263,2024/07/14,「Calm Scene」リリースイベント大阪&名古屋終了後コメント を更新！,「Calm Scene」リリースイベント大阪&名古屋終了後コメント を更新しました！ ▽こちらからチェック
https://ishiharakaori-fc.com/news/?id=264,2024/07/14,くるくる動画「Calm Scene」リリースイベント大阪&名古屋 ver を更新！,くるくる動画「Calm Scene」リリースイベント大阪&名古屋 verを更新しました！ ▽こちらからチェック
https://ishiharakaori-fc.com/news/?id=265,2024/07/18,むー部長Cam　~MV撮影現場にて~　を更新！,むー部長Cam ~MV撮影現場にて~ を更新しました！ ▽こちらからチェック
https://ishiharakaori-fc.com/news/?id=266,2024/07/21,Gift MV behind vol.1を更新！,Gift MV behind vol.1を更新しました！ ▽こちらからチェック
https://ishiharakaori-fc.com/news/?id=267,2024/07/23,Gift MV behind vol.2を更新！,Gift MV behind vol.2を更新しました！ ▽こちらからチェック
https://ishiharakaori-fc.com/news/?id=268,2024/07/27,Gift MV behind vol.3を更新！,Gift MV behind vol.3を更新しました！ ▽こちらからチェック
https://ishiharakaori-fc.com/news/?id=269,2024/07/20,「Calm Scene」リリースイベント東京終了後コメント＆くるくる動画 を更新！,「Calm Scene」リリースイベント東京終了後コメント＆くるくる動画 を更新しました！ ▽こちらからチェック
https://ishiharakaori-fc.com/news/?id=270,2024/08/06,Kaori Happy Birthday 2024.08.06,本日、8月6日は夏織ちゃんのお誕生日🎂✨ お誕生日おめでとうございます❤️ お誕生日記念ムービーをXとFCのmovieコンテンツにUPしました！ https://ishiharakaori-fc.com/movie/
https://ishiharakaori-fc.com/news/?id=271,2024/08/12,初夏 UIKA Summer Cruise「写真集お渡し＆トークショー」終了後コメントを更新！,初夏 UIKA Summer Cruise「写真集お渡し＆トークショー」終了後コメントを更新しました！ ▽こちらからチェック
https://ishiharakaori-fc.com/news/?id=273,2024/08/23,Live Visual Photo Shooting Behind vol.1を更新！,「Live Visual Photo Shooting Behind vol.1」を更新しました！ ▽こちらからチェック
https://ishiharakaori-fc.com/news/?id=274,2024/08/25,Live Visual Photo Shooting Behind vol.2を更新！,「Live Visual Photo Shooting Behind vol.2」を更新しました！ ▽こちらからチェック
https://ishiharakaori-fc.com/news/?id=275,2024/08/27,Live Visual Photo Shooting 衣装紹介👗を更新！,「Live Visual Photo Shooting 衣装紹介👗」を更新しました！ ▽こちらからチェック
https://ishiharakaori-fc.com/news/?id=276,2024/08/24,会報10号、発行決定！,会報10号の発行が決定しました♪ 会報誌を確実に皆さまのお手元に届けるために、必ず下記をご一読いただきますようお願いいたします。 ◆発送日 2024年9月24日（月）より順次発送を予定しております。 ※1週間〜10日ほどかけて到着となります ◆発送対象 ・「hand in hand」有効会員の方 ・2024年9月30日（月）までに会員登録・入金完了までお手続きをお済ませいただいた方 ◆発送先住所確認のお願い 会報誌の発送に伴い、お引越しをされた方、お引越し予定の方は、期間内に必ず住所変更のお手続きをお願いいたします。 ※住所変更期間が短くなっておりますので、ご注意ください ＜確認期間＞ 2024年9月8日（日）23:59まで ＜確認・変更方法＞ ログイン後、MYPAGE内 会員情報にてご確認・変更ください ※確認期間内に住所変更がされていなかった場合・住所不明による未着や紛失等があった場合、再送のご対応はできかねます。あらかじめご了承ください。 ◆未着問合せ期間のご案内 時間がたってもお手元に会報誌が届かない場合は、以下の期間中に「お問い合わせ」よりご連絡ください。 ＜未着問い合わせ期間＞ 2024年10月7日（月）〜10月13日（日）23:59まで ※ゆうメール、ポスト投函でのお届けとなります。 ※上記期間以外のお問い合わせにつきましては、ご対応いたしかねますのでご注意ださい。 ※再送対応にお時間をいただいてしまう可能性がございます。予めご了承ください。
https://ishiharakaori-fc.com/news/?id=277,2024/09/19,※会報誌ネタバレあり【STAFF BLOG】未掲載カット Gift MV撮影レポート,※会報誌ネタバレあり【STAFF BLOG】未掲載カット Gift MV撮影レポート を更新しました！ ▽こちらからチェック
https://ishiharakaori-fc.com/news/?id=278,2024/09/20,AR CAMERAのフレーム Vol.35/36を更新☆,AR CAMERAのフレームを更新しました☆ 待望のライブ衣装verの夏織ちゃんです❤️ 是非、色んな写真を撮ってみてください！
https://ishiharakaori-fc.com/news/?id=279,2024/09/27,※会報誌ネタバレあり【STAFF BLOG】未掲載カット ライブパンフレット撮影レポート,※会報誌ネタバレあり【STAFF BLOG】未掲載カット ライブパンフレット撮影レポート を更新しました！ ▽こちらからチェック
https://ishiharakaori-fc.com/news/?id=280,2024/10/02,AR CAMERAのフレーム Vol.37/38を更新☆,AR CAMERAのフレームを更新しました☆ Leeコラボデニムジャケット&バケットハットコーデの夏織ちゃんです♪ 是非、色んな写真を撮ってみてください！
https://ishiharakaori-fc.com/news/?id=281,2024/10/01,『かおみくじ』更新！,「かおみくじ」に新しいおみくじが追加！ 是非、おみくじを引いてみてくださいね✨ ▷「かおみくじ」を引く
https://ishiharakaori-fc.com/news/?id=282,2024/10/01,石原夏織 オフィシャルファンクラブ「hand in hand」 サイト新ビジュアルを更新！,本日、サイト新ビジュアルを更新しました！
https://ishiharakaori-fc.com/news/?id=283,2024/11/26,2025年3月8日(土)・3月9日(日) 2DAYS開催！『P's LIVE! 08 ～P's GR∞VE～』 石原夏織出演決定！FC先行スタート！,"『P's LIVE! 08 ～P's GR∞VE～』 に石原夏織の出演が決定！ チケットのきゃにめプライム会員先行＆各アーティストのファンクラブ先行申込受付中！ 石原夏織はDAY1に出演します！ この機会をお見逃しなく！ 『P's LIVE! 08 ～P's GR∞VE～』(ピーズグルーヴ）とは ポニーキャニオンの声優アーティスト・アニメ作品が一堂に会する夢の祭典！ 2022年に開催された「P's LIVE〜Nice to P's you!!〜」以来、約3年ぶりの開催となります！ 超豪華メンバーでお送りする2日間の祭典をぜひ会場で楽しみましょう！ 公演概要 ●公演日時 DAY1：2025年3月8日(土) 開場16:00／開演17:00 DAY2：2025年3月9日(日) 開場15:00／開演16:00 ●会場 LINE CUBE SHIBUYA（〒150-0042 東京都渋谷区宇田川町1−1） ●チケット料金 グッズ付き前方指定席：17,000円 ※グッズ内容：パンフレット、ピクチャーチケット グッズ付き指定席：14,000円 ※グッズ内容：パンフレット 指定席：9,900円 ※両日共通料金となります。 ※グッズ付き前方指定席、グッズ付き指定席に付属するグッズは、物販で販売予定のパンフレットの豪華版を予定しています。 ◆DAY1 ・内田真礼 ・石原夏織 ・鬼頭明里 ・立花日菜 ・土岐隼一 ・JUVENILE ・Sizuk ・harmoe＜岩田陽葵/小泉萌香＞ ・太陽と踊れ月夜に唄え＜蒼生茉由/野々瀬葉月/羽澄和奏/花咲花桜/春名花凛/ 雨島詩月/榎宮あんり/三葉海緒/夕綺友里杏＞ ※天ヶ瀬なつは学業の為、欠席となります。 ・リモート☆ホスト＜Venere5＆Saturno5＞ ・魔防隊七番組＜鬼頭明里（羽前京香役）/ 宮本侑芽（東日万凛役）/ 日野まり（駿河朱々役）/ 立花日菜（大川村寧役）＞ ・2.5次元の誘惑＜前田佳織里（天乃リリサ役）/鬼頭明里（橘 美花莉役）＞ ・日向美ビタースイーツ♪＜日高里菜（山形まり花役）/津田美波（和泉一舞役）/山口愛（春日咲子役）＞ ◆DAY2 ・竹達彩奈 ・花澤香菜 ・立花日菜 ・DIALOGUE＋＜内山悠里菜/稗田寧々/守屋亨香/緒方佑奈/鷹村彩花/宮原颯希/飯塚麻結/村上まなつ＞ ・harmoe＜岩田陽葵/小泉萌香＞ ・ HoneyWorks feat.ハコニワリリィ ・スタァライト九九組 ＜小山百代（愛城華恋 役）/富田麻帆（天堂真矢 役）/佐藤日向（星見純那 役）/岩田陽葵（露崎まひる 役）/小泉萌香（大場なな 役）/相羽あいな（西條クロディーヌ 役）/生田輝（石動双葉 役）/伊藤彩沙（花柳香子 役）＞ ・Smewthie＜天麻ゆうき（桃宮いちご役）／日向未来（藍沢みんと役）／十二稜子(碧川れたす役)／戸田梨杏（黄歩鈴 役）／石井萌々果（藤原ざくろ役）＞ ・久保ユリカ ・Turkey!＜菱川花菜（音無麻衣役）/岩田陽葵（一ノ瀬さゆり役）/天麻ゆうき（三鷹希役）/伊藤彩沙（二階堂七瀬役）＞ ・うたごえはミルフィーユ＜綾瀬未来(小牧嬉歌役)/夏吉ゆうこ(繭森結役)/松岡美里(近衛玲音役)/花井美春(宮崎閏役)/相川遥花(熊井弥子役)/亜咲花＞ ●公式HP： https://pslive.jp/ ●公式X（Twitter）：@PsLIVE_official https://x.com/PsLIVE_official 応募スケジュール きゃにめプライム会員先行＆各アーティストファンクラブ会員限定 最速先行販売 申込受付期間 2024/10/02(水) 22:00 ～ 2024/10/31(木) 23:59 抽選結果発表 2024/11/07(木) 19:00以降 支払手続期間 2024/11/07(木) 19:00 ～ 2024/11/10(日) 23:59 枚数制限 お一人様 各公演 いずれか1券種 2枚まで（同行者は非会員可） 発券方法 アプリ（電子チケット） ※グッズ付きチケットのグッズは、公演当日会場にてお渡しいたします。後日のお渡しはできません。 ※本受付の発券はポニーキャニオンの電子チケットアプリ「ポニキャン」のみとなります。 ※お申し込みには「ポニキャン」アプリ（無料）のインストールが必要です。 ※申込多数の場合は抽選となります。 ※未就学児童入場不可 ※営利目的の転売禁止 【FC対象アーティスト】 内田真礼／花澤香菜／竹達彩奈 DIALOGUE＋／石原夏織／harmoe／鬼頭明里 ※複数の対象FCにご入会されている場合、それぞれのFCから、お申し込みが可能です。 各アーティストFC先行申込条件・注意事項 ※申込受付期間～公演開催日までの期間、「hand in hand」の正会員であること。 ※ファンクラブ入会手続きの決済が完了し、かつ会員番号を取得出来ている方（会員専用ページにて表示されています）となります。 ※入金確認が取れておらず仮登録状態のお客様や、ファンクラブ会員以外のお客様は、対象外となりますのでご注意ください。 ※会員同士であっても、一緒にお申し込みすることはできません。予めご了承ください。 ※お申し込みの際、「hand in handのログイン情報が必要となります。 ※抽選結果発表は、応募者全員にメールをお送りいたします。また、きゃにめ（ポニーキャニオンショッピングクラブ）のマイページからもご確認いただけます。 ※きゃにめのシステムを利用しており、会員登録（無料）が必要です。また、ポニーキャニオンの電子チケットアプリ「ポニキャン」のインストールが必要です。 ※受付期間中に受付URLよりスマートフォンからお申し込みください。申込方法、料金の支払方法・手数料、発券方法など詳細は受付URLよりご確認ください。パソコン・フィーチャーフォンからのお申し込みはできません。 ※本受付は先着順ではございませんので、受付期間内にお間違いのないようお申し込みください。当落および座席などは、先着順ではなく、受付期間内にお申し込みいただいた中から抽選で決定します。座席の指定はできません。チケット券面にてご確認ください。申込内容の変更・取消は受付期間内にのみ行えます。当選後の変更・取消（購入辞退）などはお受けできません。 ※本公演のチケットは、転売・譲渡禁止です。転売・譲渡されたチケットは無効となり、チケット代金の返金ならびに入場をお断りいたします。すでに入場している場合には強制的に退場を命じられる場合もあります。 ※天災及びその影響等によるやむを得ない事由により、公演日、開場・開演時間、出演者、公演内容等は急遽変更または中止とさせていただく場合がございます。 その場合のチケット代金等の返金はいたしかねますので、あらかじめご了承ください。 ※オフィシャルサイト（ https://pslive.jp/ ）に掲載される「公演ならびに来場の注意事項」「新型コロナウイルスへの対策指針」等を必ずご確認ください。 ご応募 ◆ チケット申込に進む ◆ ◆ 新規ご入会はこちら ◆ ★ファンクラブにご入会されていない方へ チケット申込受付期間内に、ファンクラブへの入会手続き（会員登録・入金完了まで）をいただきますとチケットのお申込みが可能です！ ※入金確認が取れず仮登録状態の場合、チケット申込対象外となります ※チケットのお申込みには一定の手続きが必要となりますので、入会手続き（会員登録・入金完了まで）は時間に余裕をもってお手続きください 【電子チケットアプリ「ポニキャン」】 ◆iOSアプリ https://apps.apple.com/jp/app/id1617078121 ◆Androidアプリ https://play.google.com/store/apps/details?id=jp.co.ponycanyon.ticket ※ご利用にはポニーキャニオンショッピングクラブ（きゃにめ）の会員登録(無料)が必要です ※注意事項等の詳細は「ポニキャン」アプリからご確認ください チケット販売に関するお問合せ きゃにめ チケットQ&A／お問い合わせ： http://special.canime.jp/ticket/ ※公演内容や抽選結果・当選者情報に関するお問い合わせはお答えすることができません。 イベントに関するお問い合わせ ポニーキャニオン カスタマーセンター 営業時間：平日 10:00〜13:00/14:00〜17:00（土日祝・会社の指定日除く） (問い合わせフォーム） https://www.ponycanyon.co.jp/support/inquiry ※問い合わせフォームの受付は24時間可能ですが、ご返信につきましては営業時間内となります。 ※お問い合わせの際は、イベント名・参加日もご連絡願います。 ※イベント前日・当日のお問い合わせにはお答えは出来かねる場合がございます。 ※公演内容に関するお問い合わせは、お断りさせていただきます。 ※上記お問い合わせ窓口以外、特に会場への直接のお問い合わせは御遠慮願います。"
https://ishiharakaori-fc.com/news/?id=284,2024/10/13,「夏織とお芋掘り&ぶどう狩り バスツアー in 山梨」終了後コメント	を更新！,「夏織とお芋掘り&ぶどう狩り バスツアー in 山梨」終了後コメント」を更新しました！ ▽こちらからチェック
https://ishiharakaori-fc.com/news/?id=285,2024/10/29,「夏織とお芋掘り&ぶどう狩り バスツアー in 山梨」Behind	を更新！,「夏織とお芋掘り&ぶどう狩り バスツアー in 山梨」Behind を更新しました！ ▽こちらからチェック
https://ishiharakaori-fc.com/news/?id=286,2024/11/03,"くるくる動画　""IMO衣装ver""	を更新！","くるくる動画 ""IMO衣装ver"" を更新しました！ ▽こちらからチェック"
https://ishiharakaori-fc.com/news/?id=287,2024/11/07,【STAFF BLOG】かおりちゃんぬい 遂に登場！,【STAFF BLOG】かおりちゃんぬい 遂に登場！ を更新しました！ ▽こちらからチェック
https://ishiharakaori-fc.com/news/?id=288,2024/11/20,11月27日(水)「hand in hand」生配信 「いろいろお知らせ＆まったりアフタヌーンティーパーティー」配信決定！,11月27日(水)20時30分頃より、 「hand in hand」生配信「いろいろお知らせ＆まったりアフタヌーンティーパーティー」が決定しました🧸💞 今回は、 前半パート：お知らせコーナー 出演 夏織ちゃん (MC 田中くん) 後半パート：まったりアフタヌーンティーパーティー 出演 夏織ちゃん with 小さなお友達 の2部構成でお届けします✨ お知らせコーナーでは、Xにリアルタイム投稿をしていきますので ２端末での視聴をおすすめします📱💻 アフタヌーンティーパーティーでは、皆さんもご自宅で食べ物などをご用意していただき 夏織ちゃんと一緒にパーティー気分を味わいましょう🫖☕️🍰 また、配信でご紹介するふつおたを大募集！ FCに関する内容から、夏織ちゃんへの質問までなんでもOK！ 皆さんからのお便りお待ちしております！ 応募期間：〜11月27日(水)お昼 12:00まで ◆ お便りを送る ◆ 配信概要 配信日時 2024年11月27日(水)20時30分頃 配信開始予定 ※配信直前は混雑が予想されます。配信開始の15～20分前などお早めにログインのうえ配信開始をお待ちください。 ※配信が始まると、動画は自動的に開始いたします。過度なリロードはサイトへの負荷となりますので、お控えいただきますようお願いいたします。 チャット機能について ※チャットに参加する場合は、名前、利用規約とプライバシーポリシーに同意のチェックを入れ、登録を押し、その後にメッセージを入力してください。（チャット上にお名前が表示されない場合は、メッセージ内にもお名前をいれてください ※任意） ※チャット機能は会話に参加するほかのユーザーへの思いやりを忘れずにお楽しみください。 注意事項 ※ご視聴には、石原夏織 オフィシャルファンクラブ「hand in hand」への有料会員登録が必要となります。ご視聴を希望される方は、配信開始までに会員登録・入金完了までお手続きをお済ませください。 ※生配信のため、通信エラー等により配信が途切れる場合がございます。予めご了承ください。 ※本コンテンツは視聴専用となりダウンロードは出来ません。録画・スクリーンショットなどは禁止とさせていただきます。 ※視聴が出来ない方はブラウザを変えてお試しください。 ※機種や端末、ブラウザによって表示が異なる為、再生ボタンやチャットが表示されない場合がございます。その際はブラウザを変えてお試しくださいませ。 ※Androidをご利用されている場合はChrome等にブラウザを変えてお試しください。 ※Wi-Fi環境にてご視聴いただく事を強くお勧めいたします。 ◆ 配信ページはこちら ◆ 新規ご入会はこちら
https://ishiharakaori-fc.com/news/?id=289,2024/11/19,"くるくる動画　""Calm Magic ライブ衣装ver""	を更新！","くるくる動画 ""Calm Magic ライブ衣装ver"" を更新しました！ ▽こちらからチェック"
https://ishiharakaori-fc.com/news/?id=290,2024/11/20,【85 BLOG】ツアーのこと。（長文注意）,【85 BLOG】ツアーのこと。（長文注意）を更新しました！ ▽こちらからチェック
https://ishiharakaori-fc.com/news/?id=291,2024/11/22,Kaori's diary ガラポンチャレンジ ver を更新！,Kaori's diary ガラポンチャレンジ ver を更新しました！ ▽こちらからチェック
https://ishiharakaori-fc.com/news/?id=292,2025/02/20,【チケット先着販売決定！】石原夏織 ファンクラブイベント「UNITY」vol.04 チケット受付,"石原夏織 ファンクラブイベント「UNITY」vol.4開催決定！ 2月21日(金)19:00〜より、チケット先着販売がスタート！(指定席チケットのみ) ハンズの皆様、ご応募お待ちしております⭐️ ※12/20 更新 会場並びに開場開演時間、チケット受付期間に変更がございます。 詳しくは公式HPをご確認ください。 http://ishiharakaori.com/ 公演概要 ●公演日時 2025年3月29日（土） The Garden Hall（〒153-0062東京都目黒区三田1-13-2） ＜昼の部＞開場 14:15 / 開演 15:00 ＜夜の部＞開場 17:45 / 開演 18:30 ※開場・開演時間は変更となる場合がございます ●チケット料金 グッズ付き指定席：¥9,000(税込) 指定席：¥6,500(税込) ※グッズ特典：会報誌フォルダー (特典は、公演当日にグッズ引き換え窓口にてお渡し予定です。後日のお渡しはできません。) ※未就学児童入場不可 ※営利目的の転売禁止 ※枚数制限：お一人様 各公演 1枚まで ※発券方法：電子チケット ●MC 井尻晏菜 チケット受付スケジュール ＜先着販売＞ 申込受付期間 2025/02/21(金) 19:00 ～ 2025/03/29(土) 18:30 ※販売数には限りがございます。なくなり次第終了いたします。 ※指定席チケットのみの販売となります。 ＜抽選販売＞ 申込受付期間： 2024/11/27(水) 21:00 ～ 2025/01/07(火) 23:59 抽選結果発表 2025/01/10(金) 19:00以降 支払手続期間 2025/01/10(金) 19:00 ～ 2025/01/13(月) 23:59 ＜2次抽選販売＞ 申込受付期間 2025/01/24(金) 18:00 ～ 2025/02/11(火) 23:59 抽選結果発表 2025/02/14(金) 19:00以降 支払手続期間 2025/02/14(金) 19:00 ～ 2025/02/17(月) 23:59 ※申込多数の場合は抽選となります 枚数制限： お一人様 各公演 1枚まで 発券方法： アプリ（電子チケット） ●申込方法 お申込みには「ポニキャン」アプリ（無料）のインストールが必要です。 本受付の発券はポニーキャニオンの電子チケットアプリ「ポニキャン」のみとなります。 【電子チケットアプリ「ポニキャン」】 ◆iOSアプリ https://apps.apple.com/jp/app/id1617078121 ◆Androidアプリ https://play.google.com/store/apps/details?id=jp.co.ponycanyon.ticket ※ご利用にはポニーキャニオンショッピングクラブ（きゃにめ）の会員登録(無料)が必要です イベント参加方法 （1）チケット申込受付期間～公演当日までの間、『hand in hand』ファンクラブ会員資格が必要となります。会員期限にご注意ください。 （2）ご当選された方は公演当日、ご本人様を確認できる下記3点をご提示いただきます。 公演当日、下記をお持ちでない方やご本人様確認ができない方、入場をお断りいたしますので十分にご注意ください。 ●チケット ●会員証 または デジタル会員証 ●写真付きの身分証明書 ※下記参照 （パスポート／運転免許証／顔写真付き住民基本台帳カード／特別永住者証明書または在留カード／障害者手帳／顔写真入クレジットカード／顔写真付きマイナンバーカード／顔写真付き学生証） ※全てコピー及び期限切れは不可となります ※「マイナンバーカード通知カード」は身分証証明書とは認められません ※「マイナンバーカード」はどなたでも無料で取得していただけます ■マイナンバーカード総合サイト https://www.kojinbango-card.go.jp/kofushinse/ ◆ チケット申込に進む ◆ ◆ 新規ご入会はこちら ◆ ★ファンクラブにご入会されていない方へ チケット申込受付期間内に、ファンクラブへの入会手続き（会員登録・入金完了まで）をいただきますとチケットのお申込みが可能です！ ※入金確認が取れず仮登録状態の場合、チケット申込対象外となります ※チケットのお申込みには一定の手続きが必要となりますので、入会手続き（会員登録・入金完了まで）は時間に余裕をもってお手続きください 注意事項 【お申込みの前に】 ・きゃにめのシステムを利用しており、会員登録（無料）が必要です。 ・受付期間中に受付URLにてお申込みください。料金の支払方法・手数料・受取方法などは、受付URL内に記載の申込方法ならびに注意文言をご確認ください。 ・日本国内に住所をお持ちの方のみ申込が可能です。 ・未成年者によるチケットの購入は、親権者など法定代理人の責任において行われるものとし、親権者など法定代理人の同意を得て購入決定されているものとします。 ・未就学児入場不可／転売・譲渡禁止 ＜お申込み・座席等について＞ ・本受付は先着順ではございませんので、受付期間内にお間違いのないようお申込みください。 ・座席の指定はできません。チケット券面にてご確認ください。 ・会員同士であっても、一緒にお申込みすることはできません。 ・申込内容の変更・取消は受付期間内にのみ行えます。当選後の変更・取消（購入辞退）などは一切お受けできません。 ・申込多数の場合の抽選は、応募受付期間終了後に全応募者の中で行い、当選・落選を決定します。 ・当落および座席などは、先着順ではなく、受付期間内にお申込みいただいた中から抽選で決定します。 ・抽選方法や座席番号に関するお問い合わせは、一切お答えできませんのでご了承ください。 ・申込期間中に退会を希望される方は、申込を取り消した後、退会のお手続きを行ってください。 ＜抽選結果・お支払いについて＞ ・ご当選されたにも関わらず、ご入金がなかったお客様に対して、『hand in hand』でのチケット予約の際、不利になる場合がございます。 ・支払方法で（クレジットカード）をお選びの方は、当選時にご請求します。 ・支払方法で（コンビニ）をお選びの方は、支払手続期間内にご入金ください。ご入金が確認できない場合、当選は予告なく無効となります。 ・『hand in hand』退会後はチケットがお手元にあってもイベントに参加することはできません。 ＜入場等について＞ ・申込者本人以外のご入場はできません。 ・当日、チケット／会員証／身分証明書をお忘れの場合、いかなる理由でもご入場できません。 （身分証明書についてはファンクラブサイト（ https://ishiharakaori-fc.com/ ）からご確認いただけます） ■公演・場内注意事項／禁止事項について ・本公演は全席指定となります。チケットをお持ちでない方はご覧になれません。 チケットの営利目的、転売目的での利用は禁止いたします。万一引き換えされたチケットの不法販売・複製・偽造等が発覚した場合、そのチケットは無効となりご入場をお断りさせていただきます。 いかなる事情であれ、ご購入・お引換後のチケットの変更や払い戻しはできません。 ・館内は禁煙です。ご了承ください。 ・場内でのカメラ(携帯カメラ含む)・ビデオによる撮影、録音等は固くお断りいたします。（撮影可能のご案内がございました場合はこの限りではございません。） ・危険物、酒類の持ち込みは禁止です。 ・ゴミは各自の責任で処理、またはお持ち帰りいただくようお願いいたします。 ・本イベントの安全な運営に支障をきたすと主催者が判断した場合、ご退場もしくはご入場をお断りする場合がございます。 ・会場内における物品およびホール自体の器物破損については、運営、会場側は責任を負いません。 ・お手荷物や大きな荷物は会場周辺のコインロッカーにあらかじめお預けする事をお勧めいたします。お荷物等の紛失・盗難等は主催者は一切責任を負いません。 ・貴重品は自己管理をお願いいたします。万が一紛失されても責任は負いません。 ・忘れ物や落し物などは、届け出がなければイベント終了後1週間後に処分させていただきます。心当たりのある方はお早めにご連絡ください。 ・車椅子でご来場の方、または介助犬などをお連れする場合は事前に問い合わせ先までご相談ください。 ・非常時はスタッフの指示に従い、慌てず落ち着いて行動してください。 ・会場構造上や設営状況により、お席によっては、舞台/映像/出演者が見え辛い場合がございます。予めご了承ください。 ・取材用撮影が入る場合、お客様が映り込む可能性がございます。あらかじめご了承ください。 ・天候やトラブル、アーティストの都合により、やむをえずイベントが中止となる場合がございます。予めご了承ください。 ・開場・開演・終演時間は変更になる場合があります。 ■出演者へのプレゼント、花束、フラワーアレンジメントについて ＜プレゼントについて＞ 会場内に設置されているプレゼントボックスにお預けください。 設置場所については事前にご案内いたしかねますので、会場にてご確認ください。 また、下記に属するものに関しましては安全面や衛生面を考慮し、お受け取りすることができませんのであらかじめご了承ください。 ＜受け取れないもの＞ ・飲食物全般 ・既に開封されているもの／使用済のもの ・危険物(火薬・花火・刃物等) ・生き物(動物、虫など) ・自己制作のCD・DVD・アルバム・グッズ全般 ・持ち運びが困難な大きな物、重量物 ・現金、記念硬貨 ・下着類（ショーツなど） ※タレントやスタッフへの直接の手渡しはご遠慮いただいております。 ※内容によっては、事務所の判断により返却・処分する場合があります。 ＜スタンドフラワーについて＞ お客様がご自身でスタンドフラワーを手配される際は、以下の点を必ずお守りください。 1.配達着日時指定 指定到着日時は、3月29日（土）午前中9:00-12:00着指定にて、花屋さんまたは宅配業者に必ずご指示ください。 2.回収指定 両公演いずれも、公演終演後に御祝花・フラワースタンドのお引き取りをしていただきますよう、生花店・造花店または宅配業者へ必ずご指示をお願いいたします。 なお、当日の回収可能時間は、以下の日時となります。 回収日時：3月29日（土）21:00頃 3.大きさ フラワースタンドについては、底辺(スタンド足部分)が40センチ×40センチ、高さが180センチ以下のものでお願いいたします。 4.その他禁止事項 ※スタンド花の会場内(会場敷地内の場外も含む)での設置場所については会場利用規定及び、消防法にのっとった形で主催側にて判断させていただいた上、順不同で設置させていただきますので、設置場所や順番の指定はできません。 ※スタンド用札に「住所」「電話番号」が記載されたものは会場に飾れません。特に法人団体様はご注意ください。 ※上記、指定時間外にお届けの場合は、お受取りいたしかねます。 ※スタンド花の会場内(会場敷地内の場外も含む)での設置場所についてはご指定いただけません。 ※渋滞などによる配達のトラブルや会場内の都合により、会場に設置できない場合がございますので、あらかじめご了承ください。 ※現地でのフラワースタンドの撮影問題ございませんが、場内における来場者の滞留の状況を見てご遠慮いただく場合がございますので、あらかじめご了承ください。 送付先： 〒153-0062 東京都目黒区三田1-13-2 The Garden Hall気付 石原夏織 ライブイベント事務局 宛 チケット販売に関するお問合せ きゃにめ チケットQ&A／お問い合わせ： http://special.canime.jp/ticket/ ※公演内容や抽選結果・当選者情報に関するお問い合わせはお答えすることができません。 イベントに関するお問合せ ポニーキャニオン カスタマーセンター 営業時間：平日10:00～13:00/14:00～17:00（土日祝・会社の指定日除く） 問い合わせフォーム https://www.ponycanyon.co.jp/support/inquiry 問い合わせフォームの受付は24時間可能ですが、ご返信につきましては営業時間内となります。 また、イベント名、参加日もご連絡願います。なお、イベント前日、当日のお問い合わせにはお答は出来かねる場合がございます。 上記お問い合わせ以外、特に会場への直接のお問い合わせは御遠慮願います。"
https://ishiharakaori-fc.com/news/?id=293,2025/04/01,会報12号、発行決定！会員の皆さんからのおたよりを大募集！,会報12号の発行が決定しました♪ 発行を記念して、アンケート募集を行います！ ※アンケート期間は終了しました。 アンケートはこちら 会報誌を確実に皆さまのお手元に届けるために、必ず下記をご一読いただきますようお願いいたします。 ◆発送日 2025年5月23日（金）より順次発送を予定しております。 ※1週間〜10日ほどかけて到着となります ◆発送対象 ・「hand in hand」有効会員の方 ・2025年5月31日（土）までに会員登録・入金完了までお手続きをお済ませいただいた方 ◆発送先住所確認のお願い 会報誌の発送に伴い、お引越しをされた方、お引越し予定の方は、期間内に必ず住所変更のお手続きをお願いいたします。 ※住所変更期間が短くなっておりますので、ご注意ください ＜確認期間＞ 2025年5月4日（日）23:59まで ＜確認・変更方法＞ ログイン後、MYPAGE内 会員情報にてご確認・変更ください ※確認期間内に住所変更がされていなかった場合・住所不明による未着や紛失等があった場合、再送のご対応はできかねます。あらかじめご了承ください。 ◆未着問合せ期間のご案内 時間がたってもお手元に会報誌が届かない場合は、以下の期間中に「お問い合わせ」よりご連絡ください。 ＜未着問い合わせ期間＞ 2025年6月9日（月）〜6月15日（日）23:59まで ※ゆうメール、ポスト投函でのお届けとなります。 ※上記期間以外のお問い合わせにつきましては、ご対応いたしかねますのでご注意ください。 ※再送対応にお時間をいただいてしまう可能性がございます。予めご了承ください。
https://ishiharakaori-fc.com/news/?id=294,2024/11/27,会報11号／会員の皆さんからのおたよりを大募集！,会報11号／会員の皆さんからのおたよりを大募集！ 会報11号の発行にあたり、ファンクラブ会員の皆さんから下記のテーマで投稿を募集します！ 投稿をお待ちしております！ ●テーマ ・夏織ちゃんの人生相談 ハンズから募集したお悩みに夏織ちゃんが答えてくれます！ ※会報誌に掲載される可能性がありますので、掲載しても問題のない範囲のお悩みでお願いいたします。 ※掲載にあたって、一部文章を編集する場合がございます。あらかじめご了承ください。 ●投稿可能なもの ・文字（500文字以内） ●締切 2024年12月3日（火）23：59まで ●その他 ・アンケートはお一人様一度になります。 ▽アンケートはこちらから アンケートに答える
https://ishiharakaori-fc.com/news/?id=295,2024/12/24,メリークリスマス🎁夏織ちゃんからグリーティングカードが届きました！,ハンズの皆さま こんばんは！ 本日はクリスマスイブということで... 夏織ちゃんから、ハンズの皆さんへ クリスマスプレゼントとして グリーティングカードが届きました✨ ぜひチェックしてくださいね！ ※閲覧は2025年1月31日までとなります ◆ グリーティングカードはこちら ◆ 新規ご入会はこちら 是非ダウンロードしてくださいね🎵
https://ishiharakaori-fc.com/news/?id=296,2024/12/13,サポート窓口 年末年始休業のお知らせ,いつも当サイトをご利用いただきありがとうございます。 以下の期間中、年末年始休業のためサポート窓口をお休みさせていただきます。 【年末年始休業期間】 2024年12月27日(金)～2025年1月5日(日) 期間中にいただいたお問い合わせは、2025年1月6日(月)から承りました順に対応させていただきます。 通常よりお時間がかかる場合がございますので、恐れ入りますが、予めご了承いただきますようお願いいたします。 ご迷惑をおかけいたしますが、何卒よろしくお願い申し上げます。
https://ishiharakaori-fc.com/news/?id=297,2024/12/04,「VOICE BLOG」#6　更新！,夏織ちゃんがまったりおしゃべりするコンテンツ 「VOICE BLOG」#6 を更新しました！ ↓ご視聴は、こちらから
https://ishiharakaori-fc.com/news/?id=298,2024/12/08,"くるくる動画　""Calm Magic リリイベver"" を更新！","くるくる動画 ""Calm Magic リリイベver"" を更新しました！ ▽こちらからチェック"
https://ishiharakaori-fc.com/news/?id=299,2024/12/15,「京 Premium Live 2024」終了後コメント を更新！,「京 Premium Live 2024」終了後コメントを更新しました！ ▽こちらからチェック
https://ishiharakaori-fc.com/news/?id=301,2024/12/23,冬グッズ2025コメント を更新！,冬グッズ2025コメントを更新しました！ ▽こちらからチェック
https://ishiharakaori-fc.com/news/?id=302,2024/12/28,UNITY vol.4 開催コメント を更新！,UNITY vol.4 開催コメントを更新しました！ ▽こちらからチェック
https://ishiharakaori-fc.com/news/?id=303,2025/01/01,『かおみくじ』更新！,ハンズの皆さん、あけましておめでとうございます！ 「かおみくじ」が新年に合わせて更新！ 是非、新しい「かおみくじ」をお楽しみにください✨ ▷「かおみくじ」を引く
https://ishiharakaori-fc.com/news/?id=304,2024/12/31,【STAFF BLOG】2024年ありがとうございました！,【STAFF BLOG】2024年ありがとうございました！ を更新しました！ ▽こちらからチェック
https://ishiharakaori-fc.com/news/?id=305,2025/01/04,AR CAMERAのフレーム Vol.39を更新☆,AR CAMERAのフレームを更新しました☆ ビルボードライブを記念して、シフォンワンピースの夏織ちゃんです♡ 是非、色んな写真を撮ってみてください！
https://ishiharakaori-fc.com/news/?id=306,2025/01/04,Billboard Live 2025終了後コメントを更新！,Billboard Live 2025終了後コメント を更新しました！ ▽こちらからチェック
https://ishiharakaori-fc.com/news/?id=307,2025/01/06,"くるくる動画　""Billboard Live衣装ver""	を更新！","くるくる動画 ""Billboard Live衣装ver""を更新しました！ ▽こちらからチェック"
https://ishiharakaori-fc.com/news/?id=309,2025/01/23,Carry up＆up!? オフショット	を更新！,Carry up＆up!? オフショット を更新しました！ ▽こちらからチェック
https://ishiharakaori-fc.com/news/?id=310,2025/02/02,Kaori's diary 節分 ver を更新！,Kaori's diary 節分 ver を更新しました！ ▽こちらからチェック
https://ishiharakaori-fc.com/news/?id=311,2025/01/24,ファンクラブイベント「UNITY」vol.04／楽曲リクエストを大募集！,3月29日（土）開催のファンクラブイベント「UNITY」vol.04にて、夏織ちゃんに歌ってほしい・カバーしてほしい楽曲を大募集します！ 今回のテーマは「学校・学園ソング」♪ あなたが選んだ曲がイベント内で披露されるかも？！ たくさんのご応募お待ちしてます♪ ●テーマ 夏織ちゃんに歌ってほしい学校・学園ソング ※最大3つまで自由記述 ●締切 2025年2月11日（火）23：59まで ●アンケートはこちら https://ishiharakaori-fc.com/enq/form.php?enq_id=48
https://ishiharakaori-fc.com/news/?id=312,2025/01/26,Billboard Live 2025 横浜公演 終了後コメントを更新！,Billboard Live 2025 横浜公演 終了後コメント を更新しました！ ▽こちらからチェック
https://ishiharakaori-fc.com/news/?id=313,2025/01/31,「VOICE BLOG」#7　更新！,夏織ちゃんがまったりおしゃべりするコンテンツ 「VOICE BLOG」#7 を更新しました！ ↓ご視聴は、こちらから
https://ishiharakaori-fc.com/news/?id=314,2025/02/01,"くるくる動画　""Billboard Live横浜衣装ver""	を更新！","くるくる動画 ""Billboard Live横浜衣装ver""を更新しました！ ▽こちらからチェック"
https://ishiharakaori-fc.com/news/?id=315,2025/02/11,UNITY vol.4 開催コメント2 を更新！,UNITY vol.4 開催コメント2を更新しました！ ▽こちらからチェック
https://ishiharakaori-fc.com/news/?id=316,2025/02/14,ハッピーバレンタイン2025 を更新！,ハッピーバレンタイン2025を更新しました！ ▽こちらからチェック
https://ishiharakaori-fc.com/news/?id=317,2025/02/21,夏織学園 期末考査のお知らせ,3月29日(土)に行われるファンクラブイベント「UNITY」vol.04開催に合わせて、下記の期間「夏織学園 期末考査」を実施いたします。 ●日程 2月22日(土)00:00~24日(月・祝)23:59 ●試験範囲 石原夏織 ●結果発表 3月29日(土) ※ファンクラブ会員の方はどなたでもご参加いただけます。 ※皆さんのニックネーム・回答情報は、イベント内やSNS、ファンクラブコンテンツ、会報誌などで利用・掲載する場合がございます。あらかじめご了承ください。 ※期間中、いつでも回答いただけますが、回答の送信はお一人一回限りとなりますので、ご注意ください。 ◆ 試験ページはこちら ◆ 私立 夏織学園
https://ishiharakaori-fc.com/news/?id=319,2025/02/27,「VOICE BLOG」#8　更新！,夏織ちゃんがまったりおしゃべりするコンテンツ 「VOICE BLOG」#8 を更新しました！ ↓ご視聴は、こちらから
https://ishiharakaori-fc.com/news/?id=320,2025/03/08,P's LIVE! 08 ～P's GR∞VE～ 終演後コメント を更新！,P's LIVE! 08 ～P's GR∞VE～ 終演後コメントを更新しました！ ▽こちらからチェック
https://ishiharakaori-fc.com/news/?id=321,2025/03/26,【本日開催！】石原夏織 ファンクラブイベント「UNITY」vol.04 会場物販・CD・Blu-ray購入キャンペーン情報,"石原夏織 ファンクラブイベント UNITY vol.4にて、グッズの会場販売を実施いたします！ イベントチケットページはこちら グッズ 「夏織学園入学セット」 や 「かおりちゃんぬい用衣装 夏織学園ver.」 など、『夏織学園』をテーマにした新商品が多数ラインナップ！ 「夏織学園入学セット」には、カードケースや名刺ケースとしても使える生徒手帳風ケースのほか、学生証、ネームプレート、証明写真2枚が付いてきます！ そして、 石原夏織プロデュースの「かおまもり」 は、運勢を占える 「かおみくじ」 付き✨ すべて 夏織ちゃんの直筆メッセージ が印刷されているので、ぜひチェックしてみてください！♪ また、 今回のイベントのために撮り下ろした「チェキ風カード」には、キラキラ輝く箔押しが入っているかも…！？ どれが当たるかお楽しみに！✨ ⇧タップして拡大 購入特典 5,000円(税込) ご購入ごとに 「かおりちゃんぬいステッカー」 を1枚プレゼント！ 絵柄は、全2種。好きな絵柄をお選びいただけます！ ※お選びいただく際に、一部絵柄の配布が終了している場合がございます。あらかじめご了承ください。 ⇧タップして拡大 販売時間 11:30〜終演後列が途切れるまで ※各部開場30分前は、開場準備のため一時販売を停止いたします。 ※チケットをお持ちでないお客様もご購入いただけますが、各部開場・開演中はチケットをお持ちのお客様のみとなります。 ※各販売につきまして、販売状況により一部品切れの商品がある場合がございます。ご了承ください。 注意事項 ※準備状況により販売時間が前後する場合がございます。 ※イベント販売商品のため、 数に限りがあります。品切れの際はご容赦ください。 ※お支払方法は 現金、クレジットカード(VISA／Master／AMEX／JCB／Diners／DISCOVER)または、QRコード決済（PayPay／楽天ペイ／au PAY／d払い／Alipay+／WeChat Pay）および、交通系IC（※PiTaPaはご利用いただけません）、iD、QUICPay がご利用いただけます。 クレジットカードのお支払回数は一括のみ、ご利用明細はでませんのでご了承ください。※レジ袋のご用意はございません。あらかじめご了承ください。 ※ご購入品のお渡し間違い、釣り銭不足などないよう心がけて販売を行ないますが、必ずご購入後にその場でご確認ください。後ほどのお申し出にはご対応いたしかねます。 ※不良品の交換も当日会場対応のみとなります。ご購入後のご確認お願い申しあげます。 ※徹夜行為は会場ならびに近隣の方のご迷惑になりますため、一切禁止とさせていただきます。 CD・Blu-ray購入キャンペーン 公演当日、会場にて下記対象商品 2,000円（税込） ご購入ごとに1枚 「L版ブロマイド」 をプレゼントいたします！ 絵柄は、全3種。好きな絵柄をお選びいただけます！ 是非この機会をお見逃しなく！ 対象商品 PCCG.02352 石原夏織 3rdAL Calm Scene【初回限定盤】（CD+BD） ¥5,280（税込） PCCG.02353 石原夏織 3rdAL Calm Scene【通常盤】（CD only） ¥3,500（税込） PCXP.51097 石原夏織 2nd LIVE TOUR -Calm Magic-【特装版】 ¥11,000（税込） PCXP.51098 石原夏織 2nd LIVE TOUR -Calm Magic-【通常版】 ¥8,000（税込） 特典 対象商品 2,000円（税込） ご購入ごとに1枚 「L版ブロマイド」 をプレゼントいたします！ 絵柄は、全3種。好きな絵柄をお選びいただけます！ ※商品、特典ともに在庫に限りがございます。 ⇧タップして拡大"
https://ishiharakaori-fc.com/news/?id=322,2025/07/02,7月2日(水)「hand in hand」生配信 開催決定！,7月2日(水)21時30分頃より、 「hand in hand」生配信の開催が決定しました🎉㊗️ 1st E.P 「As I Am」 発売記念生配信の後に配信予定です！ お楽しみに....! 配信概要 配信日時 2025年7月2日(水)21時30分頃 配信開始予定 ※配信直前は混雑が予想されます。配信開始の15～20分前などお早めにログインのうえ配信開始をお待ちください。 ※配信が始まると、動画は自動的に開始いたします。過度なリロードはサイトへの負荷となりますので、お控えいただきますようお願いいたします。 チャット機能について ※チャットに参加する場合は、名前、利用規約とプライバシーポリシーに同意のチェックを入れ、登録を押し、その後にメッセージを入力してください。（チャット上にお名前が表示されない場合は、メッセージ内にもお名前をいれてください ※任意） ※チャット機能は会話に参加するほかのユーザーへの思いやりを忘れずにお楽しみください。 注意事項 ※ご視聴には、石原夏織 オフィシャルファンクラブ「hand in hand」への有料会員登録が必要となります。ご視聴を希望される方は、配信開始までに会員登録・入金完了までお手続きをお済ませください。 ※生配信のため、通信エラー等により配信が途切れる場合がございます。予めご了承ください。 ※本コンテンツは視聴専用となりダウンロードは出来ません。録画・スクリーンショットなどは禁止とさせていただきます。 ※視聴が出来ない方はブラウザを変えてお試しください。 ※機種や端末、ブラウザによって表示が異なる為、再生ボタンやチャットが表示されない場合がございます。その際はブラウザを変えてお試しくださいませ。 ※Androidをご利用されている場合はChrome等にブラウザを変えてお試しください。 ※Wi-Fi環境にてご視聴いただく事を強くお勧めいたします。 ◆ 配信ページはこちら ◆ 新規ご入会はこちら
https://ishiharakaori-fc.com/news/?id=323,2025/03/18,AR CAMERAのフレーム Vol.40〜42を更新☆,AR CAMERAのフレームを更新しました☆ 待望の制服衣装の夏織ちゃんです♡ 是非、色んな写真を撮ってみてください！
https://ishiharakaori-fc.com/news/?id=324,2025/03/21,石原夏織アーティストデビュー7周年コメントを更新！,MOVIE『石原夏織アーティストデビュー7周年コメント』を更新しました！ ▽こちらからチェック
https://ishiharakaori-fc.com/news/?id=325,2025/03/21,祝！石原夏織 アーティストデビュー7周年 サイト新ビジュアルを更新！,本日3月21日は、石原夏織 アーティストデビュー7周年の記念日👏 デビュー7周年を記念して 🩷サイト新ビジュアル 💛新デザイン会員証 🤍タッチアイコン(スマホのホーム画面にFCサイトを追加いただくと、アイコンが表示されます) を更新しました🎉 blooming flowerのように春らしい撮り下ろしカットとなっています🌼 2025年は、四季でビジュアルが変化しますので、お楽しみに🤭
https://ishiharakaori-fc.com/news/?id=326,2025/03/19,P's LIVE! 08 ～P's GR∞VE～ パンフレット撮影オフショット を更新！,P's LIVE! 08 ～P's GR∞VE～ パンフレット撮影オフショットを更新しました！ ▽こちらからチェック
https://ishiharakaori-fc.com/news/?id=327,2025/03/19,"""サッカー部のマネージャー"" 夏織ちゃん を更新！","""サッカー部のマネージャー"" 夏織ちゃんを更新しました！ ▽こちらからチェック"
https://ishiharakaori-fc.com/news/?id=328,2025/03/21,Ishihara Kaori Debut 7th Anniversary special movie by 夏織スタッフ を更新！,MOVIE『Ishihara Kaori Debut 7th Anniversary special movie by 夏織スタッフ』を更新しました！ ▽こちらからチェック
https://ishiharakaori-fc.com/news/?id=329,2025/03/22,【85 BLOG】7周年リレーブログ 其の一,【85 BLOG】7周年リレーブログ 其の一 を更新しました！ ▽こちらからチェック
https://ishiharakaori-fc.com/news/?id=330,2025/03/23,"くるくる動画 ""石原夏織のCarry up&up!? -公開イベント2025-"" verを更新！","MOVIE『くるくる動画 ""石原夏織のCarry up&up!? -公開イベント2025-"" ver』を更新しました！ ▽こちらからチェック"
https://ishiharakaori-fc.com/news/?id=331,2025/03/23,石原夏織のCarry up&up!? -公開イベント2025- オフショットを更新！,MOVIE『石原夏織のCarry up&up!? -公開イベント2025- オフショット』を更新しました！ ▽こちらからチェック
https://ishiharakaori-fc.com/news/?id=332,2025/03/24,【田中 BLOG】7周年リレーブログ 其の二,【田中 BLOG】7周年リレーブログ 其の二を更新しました！ ▽こちらからチェック
https://ishiharakaori-fc.com/news/?id=333,2025/03/25,冬グッズ撮影オフショット①を更新！,MOVIE『冬グッズ撮影オフショット①』を更新しました！ ▽こちらからチェック
https://ishiharakaori-fc.com/news/?id=334,2025/03/27,冬グッズ撮影オフショット②を更新！,MOVIE『冬グッズ撮影オフショット②』を更新しました！ ▽こちらからチェック
https://ishiharakaori-fc.com/news/?id=335,2025/03/27,"くるくる動画 ""バレリーナver"" を更新！","MOVIE『くるくる動画 ""バレリーナver"" 』を更新しました！ ▽こちらからチェック"
https://ishiharakaori-fc.com/news/?id=336,2025/03/26,【和田 BLOG】7周年リレーブログ 其の三「夏織さんとハンズへの愛」,【和田 BLOG】7周年リレーブログ 其の三「夏織さんとハンズへの愛」を更新しました！ ▽こちらからチェック
https://ishiharakaori-fc.com/news/?id=337,2025/03/28,【おすぎまん BLOG】7周年リレーブログ 其の四,【おすぎまん BLOG】7周年リレーブログ 其の四を更新しました！ ▽こちらからチェック
https://ishiharakaori-fc.com/news/?id=338,2025/03/29,石原夏織ファンクラブイベント「UNITY」vol.04終演後コメントを更新！,MOVIE『石原夏織ファンクラブイベント「UNITY」vol.04終演後コメント』を更新しました！ ▽こちらからチェック
https://ishiharakaori-fc.com/news/?id=339,2025/03/30,【STAFF BLOG】7周年リレーブログ 其の五「FCイベントご参加ありがとうございました！」,【STAFF BLOG】7周年リレーブログ 其の五「FCイベントご参加ありがとうございました！」を更新しました！ ▽こちらからチェック
https://ishiharakaori-fc.com/news/?id=340,2025/04/01,『かおみくじ』更新！,「かおみくじ」に新しいおみくじが追加！ 是非、おみくじを引いてみてくださいね✨ ▷「かおみくじ」を引く
https://ishiharakaori-fc.com/news/?id=341,2025/04/04,石原夏織 ファンクラブイベント「UNITY」vol.04 事後通販情報,"石原夏織 ファンクラブイベント「UNITYvol.4」グッズの事後通信販売を下記の通り実施いたします！ ラインナップ ●卓上カレンダー／2,500円（税込） ●かおりちゃんぬい衣装 夏織学園ver.／2,500円（税込） ●ぬいぐるみポーチ／3,000円（税込） ●【受注商品】ブロマイドセット／各1,000円（税込） ●【受注商品】チェキ風カード／500円（税込） ●アクリルスタンド 制服ver.／1,500円（税込） ●かおまもり〜かおみくじつき〜／各1,300円（税込） ※ファンクラブ会員のみ購入可能となります。 販売期間 4月4日（金）18:00〜 販売URL https://canime.jp/ishiharakaori/ ※商品は販売開始時間より表示されます ※在庫販売アイテムは準備数に限りがございます。あらかじめご了承ください ※ご購入の際は『きゃにめ』への会員登録が必要です。またファンクラブ会員のみ購入可能商品は、オフィシャルファンクラブ『hand in hand』への入会が必要です ※通販に関するご質問は、 こちら からお問い合わせください"
https://ishiharakaori-fc.com/news/?id=342,2025/04/14,「石原夏織のCarry up!? NEXT」FC限定パートの配信が決定！,ハンズの皆さんに嬉しいお知らせです！ 「石原夏織のCarry up!? NEXT」のFC限定パートが誕生します！ 初回放送は、4月14日(月)19：00〜 毎回、ラジオ配信の翌週にup予定です🩵 配信はこちらから→ ＃1 配信 配信はこちらから→ ＃2 配信 アーカイブは、初回配信後にMOVIEページからご覧いただけます。 お楽しみに！
https://ishiharakaori-fc.com/news/?id=343,2025/04/16,"くるくる動画 ""夏織学園ver"" を更新！","MOVIE『くるくる動画 ""夏織学園ver"" 』を更新しました！ ▽こちらからチェック"
https://ishiharakaori-fc.com/news/?id=344,2025/04/28,AR CAMERAのフレーム Vol.43・44を更新☆,AR CAMERAのフレームを更新しました☆ UNITY vol.04 のアイドル風夏織ちゃんです♡ 是非、色んな写真を撮ってみてください！
https://ishiharakaori-fc.com/news/?id=345,2025/05/05,5月12日(月)18：00〜「石原夏織のCarry up!? NEXT」FC限定パート #3　配信します！,「石原夏織のCarry up!? NEXT」のFC限定パート #3 5月12日(月)18：00〜 より配信します！ 1時間早いのでご注意ください！ 配信はこちらから→ ＃3 配信 アーカイブは、 MOVIEページ ・ 特設ページ からご覧いただけます。 お楽しみに！
https://ishiharakaori-fc.com/news/?id=346,2025/05/02,2nd LIVE TOUR -Calm Magic- Osaka behind	 を更新！,MOVIE『2nd LIVE TOUR -Calm Magic- Osaka behind』を更新しました！ ▽こちらからチェック
https://ishiharakaori-fc.com/news/?id=347,2025/05/03,2nd LIVE TOUR -Calm Magic- Aichi behind を更新！,MOVIE『2nd LIVE TOUR -Calm Magic- Aichi behind』を更新しました！ ▽こちらからチェック
https://ishiharakaori-fc.com/news/?id=348,2025/05/04,2nd LIVE TOUR -Calm Magic- Kanagawa behind を更新！,MOVIE『2nd LIVE TOUR -Calm Magic- Kanagawa behind』を更新しました！ ▽こちらからチェック
https://ishiharakaori-fc.com/news/?id=349,2025/05/05,2nd LIVE TOUR -Calm Magic- Tokyo behind を更新！,MOVIE『2nd LIVE TOUR -Calm Magic- Tokyo behind』を更新しました！ ▽こちらからチェック
https://ishiharakaori-fc.com/news/?id=350,2025/05/06,2nd LIVE TOUR -Calm Magic- rehearsal behind を更新！,MOVIE『2nd LIVE TOUR -Calm Magic- rehearsal behind』を更新しました！ ▽こちらからチェック
https://ishiharakaori-fc.com/news/?id=351,2025/05/19,【6月2日オープン】石原夏織オフィシャルファンクラブ「hand in hand」月額会費コース新設について,石原夏織オフィシャルファンクラブ「hand in hand」では、新たに月額会員コースを新設いたします。 【開設日】 2025年6月2日(月) ※10:30~18:30のメンテナンス以降 【会員特典】※年額コースも共通 ・デジタル会員証の発行(各コースオリジナル絵柄) ・会員限定グッズの購入 ・ファンクラブ限定イベント参加権 ・イベントチケット先行申し込み ・誕生日メール ※誕生日当日にメールが届きます ・グリーティングメール（不定期） ・ファンクラブ限定生配信 ・限定WEBコンテンツの閲覧(RADIO・VOICE BLOG・WALLPAPER・MOVIE・AR CAMERA・OMIKUJI etc...) ※年額コースと異なり、郵送物(カード会員証・会報誌など)の発送はございません 【会費】 月会費 660円（税込） 【決済方法】 クレジットカード決済(VISA/MasterCard/JCB/AMEX/DinersClub) ※ 会費ご入金のキャンセル・返金はお受けできませんのでご注意ください。 ※ ご入会は日本在住、日本円決済が条件となります。 ぜひ、この機会にファンクラブへ遊びに来てください！ よろしくお願いいたします。 これに伴い、システムメンテナンスおよび利用規約の改定を実施させていただきます。 ■メンテナンス期間 2025年6月2日(月)10:30～18:30（予定） ※開始・終了時刻は前後する場合がございます。 ※メンテナンス期間中は、サイトの閲覧・入退会及び、全てのサービスがご利用できませんので、ご注意ください。 ■利用規約改定日 2025年6月2日(月) 改定後の利用規約は こちら
https://ishiharakaori-fc.com/news/?id=352,2025/05/05,【重要】石原夏織オフィシャルファンクラブ「hand in hand」月額会費コース新設！！,石原夏織オフィシャルファンクラブ「hand in hand」では、FC開設4周年にあたり、新たに月額会員コースを新設いたします。 詳細につきましては、後日発表いたします。 お楽しみに！
https://ishiharakaori-fc.com/news/?id=353,2025/05/19,本人認証サービス「3Dセキュア2.0」対応に伴うメンテナンス実施および利用規約改定のお知らせ,いつも当サイトをご利用いただきありがとうございます。 この度、クレジットカード決済でのお支払いやご入会において、本人認証サービス「3Dセキュア2.0（EMV 3Dセキュア）」を導入することとなりました。 ■本人認証サービス（3Dセキュア2.0）とは インターネット上でクレジットカード決済をより安全に行うために、VISA、Mastercard、JCB、AMEXが推奨するクレジットカード不正利用対策のための本人認証サービスです。 カード決済をご利用される方の、デバイス情報や決済履歴等を基にした「リスクベース認証」によって不正利用の可能性についての判断を行います。 取引の大半は追加認証なしに認証が完了し、高リスクと判断される取引にのみ、 ワンタイムパスワード等の追加認証が行われます。 ※既にファンクラブご入会済みかつクレジットカード情報登録済みのお客様には影響ございません。 ※本人認証の方法は、カード会社により異なります。 ※ご利用のカードが『3Dセキュア2.0』に対応されているかご不明な場合や、本人認証についてのお問い合わせにつきましては、当サポートセンターでは確認ができません。大変お手数ではございますが、ご利用のカード発行会社へお問い合わせください。 これに伴い、システムメンテナンスおよび利用規約の改定を実施させていただきます。 ■メンテナンス期間 2025年6月2日(月)10:30～18:30（予定） ※開始・終了時刻は前後する場合がございます。 ※メンテナンス期間中は、サイトの閲覧・入退会及び、全てのサービスがご利用できませんので、ご注意ください。 ■利用規約改定日 2025年6月2日(月) 改定後の利用規約は こちら
https://ishiharakaori-fc.com/news/?id=355,2025/05/07,Kaori's diary P's LIVE ver を更新！,MOVIE『Kaori's diary P's LIVE ver』を更新しました！ ▽こちらからチェック
https://ishiharakaori-fc.com/news/?id=356,2025/05/19,【重要】既存会員・FCご入会検討中の皆様へ 年会費改定のお知らせ,"いつも石原夏織を応援いただき、 また、『hand in hand』をご利用くださいまして誠にありがとうございます。 大変心苦しいお知らせではございますが、この度、2025年6月2日(月)より『hand in hand』の年会費を下記の通り改定させていただきます。 従来価格を維持してサービスを提供してまいりましたが、昨今の諸物価高騰や、物流費をはじめとする運営諸経費等のコスト増による影響を受け、慎重に検討を重ねた結果やむなく改定をする運びとなりました。 非常に心苦しいお願いとなり、会員の皆さまにはご負担をおかけいたしますが、今後もより一層のサービス向上に努めてまいりますので、何卒ご理解賜りたくお願い申し上げます。 【変更前価格】 年会費：5,000円(税込) 【変更後価格】 年会費：6,000円(税込) ※ 入会費(初年度のみ)は1,000円(税込)から変更はございません。 これに伴い、システムメンテナンスを実施させていただきます。 【メンテナンス期間】 2025年6月2日(月)10:30～18:30 (予定) ※ 開始・終了時刻は前後する場合がございます。 ※ メンテナンス期間中は、サイトの閲覧・入退会及び、全てのサービスがご利用できませんので、ご注意ください。 ※ 別途2025年5月23日(金)18:00～6月2日(月)18:30はコンビニ決済でのお支払い選択ができません。詳細は後述の【コンビニ決済をご利用のお客様へ】をご確認ください。 上記メンテナンス終了後にご入会・ご継続手続きを行った方から新年会費6,000円が適用となります。 メンテナンス開始時間までにご入会・ご継続手続きを完了された場合は、旧年会費5,000円が適用されます。 ※次年度のお支払から新年会費6,000円 ※システム手数料(200円)を除く 現時点でご入会・ご継続をご検討中のお客様はメンテナンス開始までのお手続きをお勧めいたします。 ※会員期限が2025年8月31日(日)以降の方は継続手続き開始が2025年7月1日(火)以降となりますので、新年会費のみでのご継続手続きとなりますことを恐れ入りますがご了承ください。 ◆2025年6月30日(月)が会員期限の方 クレジットカード情報を登録(自動継続設定)していると2025年6月1日(日)に自動決済となります。 旧年会費でのお手続きを希望の場合は、「マイページ」よりクレジットカード情報を登録(自動継続設定)をお勧めいたします。 ＞＞「クレジットカード情報の登録・変更・削除」はこちらから ◆2025年7月31日(木)が会員期限の方 継続手続き開始日の 2025年6月1日(日) にご継続完了すると、旧年会費でのお手続きが可能です。 ※ クレジットカード情報を登録(自動継続設定)している方の自動決済日は2025年7月1日(火)となりますので、ご注意ください。 ※ MY PAGE より自動決済日を待たず、継続手続きが可能です。 【コンビニ決済をご利用のお客様へ】 コンビニ決済をご利用の場合、サイト上で入会・継続手続きのお申込みをしていただいた時点で価格が確定いたします。 コンビニ店舗でのお支払い期限は、お申し込み完了日から7日間有効となりますため、コンビニ決済での旧年会費お申込み可能期間は下記となることをご了承ください。 ◆旧年会費でのコンビニ決済手続き 2025年5月23日(金)17:59まで 上述のシステムメンテナンスと併せ、2025年5月23日(金)18:00～6月2日(月)18:30 (予定)はコンビニ決済でのお支払い選択ができません。"
https://ishiharakaori-fc.com/news/?id=357,2025/05/13,5月12日「上海＆台北ファンミ ただいまトーク♡」配信終了後コメントを更新！,MOVIE『5月12日「上海＆台北ファンミ ただいまトーク♡」配信終了後コメント』を更新しました！ ▽こちらからチェック
https://ishiharakaori-fc.com/news/?id=358,2025/05/19,5月26日(月)19：00〜「石原夏織のCarry up!? NEXT」FC限定パート #4　配信します！,「石原夏織のCarry up!? NEXT」のFC限定パート #4 5月26日(月)19：00〜 より配信します！ 配信はこちらから→ ＃4 配信 アーカイブは、 MOVIEページ ・ 特設ページ からご覧いただけます。 お楽しみに！
https://ishiharakaori-fc.com/news/?id=359,2025/03/28,「VOICE BLOG」#9　更新！,夏織ちゃんがまったりおしゃべりするコンテンツ 「VOICE BLOG」#9 を更新しました！ ↓ご視聴は、こちらから
https://ishiharakaori-fc.com/news/?id=360,2025/05/20,「VOICE BLOG」#10　更新！,夏織ちゃんがまったりおしゃべりするコンテンツ 「VOICE BLOG」#10 を更新しました！ ↓ご視聴は、こちらから
https://ishiharakaori-fc.com/news/?id=361,2025/05/24,【【STAFF BLOG】「夏織学園 期末考査」素敵な回答のご紹介📗,【STAFF BLOG】「夏織学園 期末考査」素敵な回答のご紹介📗を更新しました！ ▽こちらからチェック
https://ishiharakaori-fc.com/news/?id=362,2025/06/01,6月のWALLPAPER 更新！,6月のWALLPAPERを更新しました！→ こちら
https://ishiharakaori-fc.com/news/?id=363,2025/06/01,祝！hand in hand 4周年🤝サイト夏ビジュアルを更新！,本日6月1日は、hand in hand 開設4周年の記念日🤝 ハンズの皆さん、いつも応援ありがとうございます！ 月額コース新設に先駆けて本日より 🩵サイト夏ビジュアル を更新しました🎉 夏織ちゃんの涼しげなビジュアルが印象的な撮り下ろしカットとなっています💎 2025年は、四季でビジュアルが変化しますので、お楽しみに🤭
https://ishiharakaori-fc.com/news/?id=364,2025/06/02,月額コース新設！FCサイトリニューアルのお知らせ,石原夏織オフィシャルファンクラブ「hand in hand」では、本日、新たに月額会員コースが新設となりました！ この機会にぜひ、FCご入会をお待ちしております♪ 新規ご入会はこちら 【会員特典】※年額コースも共通 ・デジタル会員証の発行(各コースオリジナル絵柄) ・会員限定グッズの購入 ・ファンクラブ限定イベント参加権 ・イベントチケット先行申し込み ・誕生日メール ※誕生日当日にメールが届きます ・グリーティングメール（不定期） ・ファンクラブ限定生配信 ・限定WEBコンテンツの閲覧(RADIO・VOICE BLOG・WALLPAPER・MOVIE・AR CAMERA・OMIKUJI etc...) ※年額コースと異なり、郵送物(カード会員証・会報誌など)の発送はございません 【会費】 月会費 660円（税込） 【決済方法】 クレジットカード決済(VISA/MasterCard/JCB/AMEX/DinersClub) ※ 会費ご入金のキャンセル・返金はお受けできませんのでご注意ください。 ※ ご入会は日本在住、日本円決済が条件となります。 ■利用規約改定日 2025年6月2日(月) 改定後の利用規約は こちら
https://ishiharakaori-fc.com/news/?id=365,2025/06/03,hand in hand リニューアル記念 #ハンズのススメ キャンペーン開催！,先輩ハンズの皆さんにお願いです💫 最近ハンズになった方＆FCが気になっている方に 夏織ちゃんのことをもっと知ってもらえたら... ということで、こちらのシートに夏織ちゃんの魅力を記入いただき Xで、#石原夏織 #ハンズのススメ をつけて投稿をお願いします🩵 画像ダウンロードはこちら 画像ダウンロードはこちら 最近ハンズになった方は、是非こちらの『ハンズプロフィール帳』のテンプレートを使って お友達を作ってみてください！ #石原夏織 #今日からハンズ で投稿をお願いします！ 画像ダウンロードはこちら
https://ishiharakaori-fc.com/news/?id=368,2025/06/09,6月9日(月)19：00〜「石原夏織のCarry up!? NEXT」FC限定パート #5　配信します！,「石原夏織のCarry up!? NEXT」のFC限定パート #5 6月9日(月)19：00〜 より配信します！ 配信はこちらから→ ＃5 配信 アーカイブは、 MOVIEページ ・ 特設ページ からご覧いただけます。 お楽しみに！
https://ishiharakaori-fc.com/news/?id=371,2025/06/16,6月23日(月)19：00〜「石原夏織のCarry up!? NEXT」FC限定パート #6　配信します！,「石原夏織のCarry up!? NEXT」のFC限定パート #5 6月23日(月)19：00〜 より配信します！ 配信はこちらから→ ＃6 配信 アーカイブは、 MOVIEページ ・ 特設ページ からご覧いただけます。 お楽しみに！
https://ishiharakaori-fc.com/news/?id=372,2025/07/01,アーカイブ公開中！『FCイベント「UNITY」vol.04 同時視聴会』,月額コース新設を記念して、『FCイベント「UNITY」vol.04 同時視聴会』の開催が決定しました！ 今年、3月29日(土)に開催された、FCイベントの模様をたっぷりお届けいたします！ ①6月21日(土) 21:00〜 昼の部前半パート(約42分) → アーカイブを観る ②6月22日(日) 21:00〜 昼の部後半パート(約34分) → アーカイブを観る ①②アーカイブ視聴可能期間〜7月20日(日)23:59まで ③7月5日(土) 21:00〜 夜の部前半パート(約42分) → アーカイブを観る ④7月6日(日) 21:00〜 夜の部後半パート(約26分) → アーカイブを観る ③④アーカイブ視聴可能期間〜8月3日(日)23:59まで ※ライブパートの配信はございません 当日は、疑似ライブ配信を見ながら、チャットで楽しみましょう！ お楽しみに！ 新規ご入会はこちら
https://ishiharakaori-fc.com/news/?id=374,2025/06/28,7月7日(月)19：00〜「石原夏織のCarry up!? NEXT」FC限定パート #6　配信します！,「石原夏織のCarry up!? NEXT」のFC限定パート #7 7月7日(月)19：00〜 より配信します！ 配信はこちらから→ ＃7 配信 アーカイブは、 MOVIEページ ・ 特設ページ からご覧いただけます。 お楽しみに！
https://ishiharakaori-fc.com/news/?id=375,2025/08/05,【2次募集スタート】hand in hand会員限定『石原夏織 in 台北 Live&Fan tour』開催！,"hand in hand会員限定『石原夏織 in 台北 Live&Fan tour』 Ishihara Kaori LIVE 2025 「As I Am」in Taipei の開催を記念して、FC限定ツアーの開催が決定しました！ ライブVIPチケット付き＆2泊3日コースはファンミ付きの特別なツアーとなっています！ 回答期限：9月21日(日) 23:59まで 飲茶会場のグループ希望に関するアンケートはこちら ◆日程 ①ライブ＋ファンミ＋ホテル 2泊3日 羽田コース 2025年10月3日(金)〜5日(日) ②ライブ＋ファンミ＋ホテル 2泊3日 現地集合コース 2025年10月3日(金)〜5日(日) ※募集なし ③ライブ＋ホテル 1泊2日 現地集合コース 2025年10月3日(金)〜4日(土) ◆場所 台北 ツアー応募内容 ※本プランは抽選となります 1次募集：2025年7月9日（水）18:00～7月22日（火）23:59まで 2次募集：2025年8月5日（火）18:00～8月17日（日）23:59 先着順ではございません。抽選での受付となります。（受付＝予約確定ではありません） お申込みの結果は、 2025年8月20日（水） 以降、「抽選結果通知」としてEメールにてお申込代表者様へご連絡いたします。 抽選結果後、 2025年8月29日（金）15:00までに旅行代金全額をお振込みまたはクレジットカードにてお支払いください。 ご入金の確認が出来た時点および弊社の承認をもって、正式に契約成立となります。 期日までにご入金がない場合は、予約はなかったものとなりますのでご注意ください。 募集期間内であれば、いつお申込みいただいても同条件となります。 よくある質問 Q1 コースが違う者同士でお部屋を同じ（2名1室利用）にすることは可能ですか？また座席を近くにしていただくことは 可能でしょうか？ A1 お申し込みは、それぞれ希望のコース（羽田など）、部屋タイプを「相部屋希望」を選択してお申し込みください。 抽選結果後に、当選されてお客様ご自身でツアー事務局宛に、希望の方のお名前をそれぞれご申告いただけましたら お部屋やお座席を調整させていただきます。 ツアーポイント 共通特典 ・10/4(土) Ishihara Kaori LIVE 2025 「As I Am」in Taipei ライブVIPチケット付き ・夏織ちゃんデザイン 旅のしおりプレゼント ・ツアー参加者限定 オリジナルグッズプレゼント ・夏織ちゃんからのおはようメッセージボイス ＊事前収録音声 2泊3日コース限定 ・夏織ちゃんと2ショット写真撮影 ＊お客様の携帯・スマホで ・夏織ちゃんとパイナップルケーキ作り ・夏織ちゃんと飲茶体験 オプショナルツアーで「Face to Face MV撮影 聖地巡礼」や「十分での天燈上げ＆九份散策」もご用意！ 行程表 ※詳しい行程は、ログイン後の近畿日本ツーリスト募集ページをご確認ください ※行程は変更となる場合がございます ご旅行代金・条件 ①ライブ＋ファンミ＋ホテル 2泊3日 羽田コース 2名一室 ¥178,000 →1名一室の場合、+¥26,000 利用予定ホテル：サントスホテル、ホテルリバービュー台北 ※ホテルの指定はできません 利用予定日本発着航空会社：中華航空（CI） 食事・朝食2回、昼食1回、夕食0回、機内食2回 最少催行人員：40名様 ②ライブ＋ファンミ＋ホテル 2泊3日 現地集合コース 2名一室 ¥129,000 →1名一室の場合、+¥26,000 利用予定ホテル：サントスホテル、ホテルリバービュー台北 ※ホテルの指定はできません 食事：朝食2回、昼食1回、夕食0回 最少催行人員：20名様 ※募集なし ③ライブ＋ホテル 1泊2日 現地集合コース 2名一室 ¥80,000→1名一室の場合、+¥13,000 利用予定ホテル：サントスホテル、ホテルリバービュー台北 ※ホテルの指定はできません 食事：朝食1回、昼食0回、夕食0回 最少催行人員：10名様 ※10/5(日)のファンミーティングへの参加はできません オプショナルツアー ❶10/3(金)実施 Face to Face MV撮影 聖地巡礼 お一人様参加代金 ¥15,000 最小催行人員：20名様 ❷10/4(土)実施 十分での天燈上げ＆九份散策 お一人様参加代金 ¥10,000 最小催行人員：20名様 ※①〜③、オプショナルツアー❶❷ 共通：大人・小人（小学生以上）同額・お一人様あたり ※最少催行人員に満たない場合は催行中止になる場合がございます。 ※日本、台湾の空港諸費税及び燃油サーチャージなどは含まれません。 参加条件 石原夏織オフィシャルファンクラブ『hand in hand』 会員限定（同伴者も含む） お申込み期間中までに『hand in hand』にご入会（=ご入金）いただき会員番号が発行された方且つ、有効期限が2025年10月末以降の方が申し込み対象となります。ただし後述の通りツアー当日に会員有効期限が切れている方は、ツアーに当選された方でもツアーに参加できませんので、それまでに有効期限が切れるお客様は、必ず継続（=入金）手続きをお願いいたします。 ※お申込み締め切り間際にご入会（=入金）されますと、会員番号の発行に時間がかかるため、お申込みに間に合わない場合がございます。余裕をもってご入会をお願いします。 ※有効期限が切れている方は、ツアーに当選された方でもツアーに参加できませんので、継続（=入金）手続きをお願いいたします。 ツアー当日に会員認証を行います。 代表者、同伴者に関わらず、ツアー当日（当月）に会員期限が切れている場合は、ご参加いただけませんのでご注意ください。 石原夏織オフィシャルファンクラブ『hand in hand』 の会員の方で、条件を満たしていれば日本国外居住の方もご参加いただけますが、下記ご留意いただきますようお願いいたします。 ※外国語対応はできません。日本語での書面や案内がご理解できない場合はお受けできません。 ※ビジネスクラスの設定はございません。 ※未就学児はご参加いただけません。 ■身分証明書は下記のいずれかをご持参ください。 運転免許証、パスポート等 ※写真付き身分証明書をお持ちでない方は、お名前を確認できるものを2点ご持参ください (コピー不可) ＜保険証・クレジットカード・銀行のキャッシュカード・学生証・社員証・住民票 等＞ ※有効期限切れの身分証明書ではご参加できませんので、ご注意ください。 旅行代金に含まれるもの ・羽田～台北間往復航空運賃（エコノミークラス） （この運賃・料金には、運送機関の課す付加運賃・料金を含みません。付加運賃・料金とは原価の水準の異常な変動に対応するため、一定の期間及び一定の条件下に限りあらゆる旅行者に一律に課されるものです。） ・ご宿泊代金：洋室ツインルーム、トイレ・バス付） ・日程表に記載のバス・ガイド代 ・食事代 羽田コース・現地集合コース（2泊3日）：朝2回、昼1回、夕0回 (この回数に機内食は含めません) 現地集合コース（1泊2日）：朝1回、昼0回、夕0回 (この回数に機内食は含めません) ・団体行動中の税金、チップ ・現地係員費用 ・10月4日（土）コンサートチケット代金 VIPチケット ・10月5日（日）パイナップルケーキ作り体験費用（羽田コース・現地集合コース（2泊3日）のみ） ・オリジナルグッズ代 ・手荷物運搬料金（各航空会社の規程による）※現地発着コースを除く ・上記各費用はお客様の都合により一部利用されなくても払い戻しいたしません。 旅行代金に含まれないもの ・旅券印紙・証紙代(※窓口申請の場合 5年有効旅券￥11,300、10年有効旅券￥16,300) ・個人的な費用（日程に明示されていない飲食代、電話代、クリーニング代） ・手荷物超過料金 ・傷害・疾病に関する医療費 ・任意の海外旅行保険料 ・空港施設使用料（大人 羽田：2,950円、小人 羽田：1,470円）※小人は12才未満 ・空港旅客保安サービス料：羽田空港旅客保安サービス料（230円）※大人・小人共通 ・台湾空港税：2,430円（500NTD） ・中華航空（CI）の予約手数料（ブッキングサービスチャージ）：3,590円（25USD） ・国際観光旅客税（出国税）：1,000円 ・運送機関の課す付加運賃・料金（燃油サーチャージ）、航空保険料 ・燃油サーチャージ（往復） 航空保険料（中華航空（CI）14,800円＋800円） ・オプショナルツアー代金 お客様の肖像権について 本ツアー中に撮影した映像・写真は、今後SNS、インターネット配信・DVD発売・写真販売などで使用する場合もございます。 本イベントの参加者は、参加者ご自身も撮影される可能性があります。撮影および映像使用協力を宜しくお願いします。 その他注意事項は申込先の近畿日本ツーリスト募集ページにて記載しています。 お申し込みの前に必ず全ての注意事項をご確認の上、お申し込みください。 申込フォーム ◆ ツアー申込はこちら ◆ ◆ 新規ご入会はこちら ◆ ★ファンクラブにご入会されていない方へ チケット申込受付期間内に、ファンクラブへの入会手続き（会員登録・入金完了まで）をいただきますとツアーのお申込みが可能です！ ※入金確認が取れず仮登録状態の場合、ツアー申込対象外となります ※ツアーのお申込みには一定の手続きが必要となりますので、入会手続き（会員登録・入金完了まで）は時間に余裕をもってお手続きください お問い合わせ 近畿日本ツーリスト株式会社 トラベルサービスセンター東日本 『石原夏織 in 台北 Live&Fan tour』事務局 〒135-0062 東京都江東区東雲1-7-12 KDX豊洲グランスクエア 3階 TEL：03-6730-3220 FAX：03-6730-3229 ※ひかり電話・PHSからはご使用いただけません。お持ちの携帯電話よりお問い合わせください。 E-mail： tourdesk35@or.knt.co.jp ★お申込みいただく前に＜or.knt.co.jp＞のドメイン設定をお願いいたします。 ※休業日・営業時間外にお送りいただいたお問い合わせは、翌営業日以降の返信となります。 営業日・営業時間 月～金 10:00～17:00 ※土・日・祝日はお休み ※お取り消し、変更の連絡が休業日・営業時間外の場合は、翌営業日の扱いとなりますので、あらかじめご了承ください。"
https://ishiharakaori-fc.com/news/?id=376,2025/03/16,3月21日(金)「hand in hand」生配信 「デビュー7周年だよ！ハンズは集合♡」開催決定！,3月21日(金)21時頃より、 「hand in hand」生配信「デビュー7周年だよ！ハンズは集合♡」の開催が決定しました🎉㊗️ 3月21日にソロアーティストデビュー7周年を迎える夏織ちゃん！ 大切な記念日はやっぱりハンズと！ということで、みんなで夏織ちゃんをお祝いしましょう♪ そんな生配信内でご紹介するお便りをXにて募集します！ お祝いのメッセージやイラスト、夏織ちゃんに聞きたいことなど #石原夏織アーティストデビュー7周年 #handinhand をつけて投稿をお願いします🩵 お便り募集期間：〜3月21日お昼12時まで 配信概要 配信日時 2025年3月21日(金)21時頃 配信開始予定 ※配信直前は混雑が予想されます。配信開始の15～20分前などお早めにログインのうえ配信開始をお待ちください。 ※配信が始まると、動画は自動的に開始いたします。過度なリロードはサイトへの負荷となりますので、お控えいただきますようお願いいたします。 チャット機能について ※チャットに参加する場合は、名前、利用規約とプライバシーポリシーに同意のチェックを入れ、登録を押し、その後にメッセージを入力してください。（チャット上にお名前が表示されない場合は、メッセージ内にもお名前をいれてください ※任意） ※チャット機能は会話に参加するほかのユーザーへの思いやりを忘れずにお楽しみください。 注意事項 ※ご視聴には、石原夏織 オフィシャルファンクラブ「hand in hand」への有料会員登録が必要となります。ご視聴を希望される方は、配信開始までに会員登録・入金完了までお手続きをお済ませください。 ※生配信のため、通信エラー等により配信が途切れる場合がございます。予めご了承ください。 ※本コンテンツは視聴専用となりダウンロードは出来ません。録画・スクリーンショットなどは禁止とさせていただきます。 ※視聴が出来ない方はブラウザを変えてお試しください。 ※機種や端末、ブラウザによって表示が異なる為、再生ボタンやチャットが表示されない場合がございます。その際はブラウザを変えてお試しくださいませ。 ※Androidをご利用されている場合はChrome等にブラウザを変えてお試しください。 ※Wi-Fi環境にてご視聴いただく事を強くお勧めいたします。 ◆ 配信ページはこちら ◆ 新規ご入会はこちら
https://ishiharakaori-fc.com/news/?id=379,2025/07/01,かおみくじ更新！,「かおみくじ」に新しいおみくじが追加！ 是非、おみくじを引いてみてくださいね✨ ▷ 「かおみくじ」を引く
https://ishiharakaori-fc.com/news/?id=380,2025/07/01,7月のWALLPAPER 更新！,7月のWALLPAPERを更新しました！→ こちら
https://ishiharakaori-fc.com/news/?id=381,2025/07/10,"くるくる動画 ""サマーファッションver"" を更新！","MOVIE『くるくる動画 ""サマーファッションver"" 』を更新しました！ ▽こちらからチェック"
https://ishiharakaori-fc.com/news/?id=382,2025/07/12,7月21日(月)19：00〜「石原夏織のCarry up!? NEXT」FC限定パート #8　配信します！,「石原夏織のCarry up!? NEXT」のFC限定パート #8 7月21日(月)19：00〜 より配信します！ 配信はこちらから→ ＃8 配信 アーカイブは、 MOVIEページ ・ 特設ページ からご覧いただけます。 お楽しみに！
https://ishiharakaori-fc.com/news/?id=383,2025/07/12,"くるくる動画 ""As I Am ver"" を更新！","MOVIE『くるくる動画 ""As I Am ver"" 』を更新しました！ ▽こちらからチェック"
https://ishiharakaori-fc.com/news/?id=384,2025/07/26,8月4日(月)19：00〜「石原夏織のCarry up!? NEXT」FC限定パート #9　配信します！,「石原夏織のCarry up!? NEXT」のFC限定パート #9 8月4日(月)19：00〜 より配信します！ 配信はこちらから→ ＃9 配信 アーカイブは、 MOVIEページ ・ 特設ページ からご覧いただけます。 お楽しみに！
https://ishiharakaori-fc.com/news/?id=385,2025/07/25,「As I Am」ジャケット撮影オフショット1を更新！,MOVIE『「As I Am」ジャケット撮影オフショット1 』を更新しました！ ▽こちらからチェック
https://ishiharakaori-fc.com/news/?id=386,2025/07/27,「As I Am」ジャケット撮影オフショット2を更新！,MOVIE『「As I Am」ジャケット撮影オフショット2 』を更新しました！ ▽こちらからチェック
https://ishiharakaori-fc.com/news/?id=387,2025/07/28,「As I Am」ジャケット撮影オフショット3を更新！,MOVIE『「As I Am」ジャケット撮影オフショット3 』を更新しました！ ▽こちらからチェック
https://ishiharakaori-fc.com/news/?id=388,2025/07/29,「As I Am」ジャケット撮影オフショット4を更新！,MOVIE『「As I Am」ジャケット撮影オフショット4 』を更新しました！ ▽こちらからチェック
https://ishiharakaori-fc.com/news/?id=389,2025/09/29,会報13号、発行決定！,会報13号の発行が決定しました♪ 発行を記念して、アンケート募集を行います！ ※アンケート期間：〜8/4(月)まで アンケートはこちら 会報誌を確実に皆さまのお手元に届けるために、必ず下記をご一読いただきますようお願いいたします。 ◆発送日 2025年9月24日（水）より順次発送を予定しております。 ※1週間〜10日ほどかけて到着となります ◆発送対象 ・「hand in hand」年額コース 有効会員の方 ・2025年9月30日（火）までに年額コースに 会員登録・入金完了までお手続きをお済ませいただいた方 ◆発送先住所確認のお願い 会報誌の発送に伴い、お引越しをされた方、お引越し予定の方は、期間内に必ず住所変更のお手続きをお願いいたします。 ※住所変更期間が短くなっておりますので、ご注意ください ＜確認期間＞ 2025年9月7日（日）23:59まで ＜確認・変更方法＞ ログイン後、MYPAGE内 会員情報にてご確認・変更ください ※確認期間内に住所変更がされていなかった場合・住所不明による未着や紛失等があった場合、再送のご対応はできかねます。あらかじめご了承ください。 ◆未着問合せ期間のご案内 時間がたってもお手元に会報誌が届かない場合は、以下の期間中に「お問い合わせ」よりご連絡ください。 ＜未着問い合わせ期間＞ 2025年10月6日（月）〜10月12日（日）23:59まで ※ゆうメール、ポスト投函でのお届けとなります。 ※上記期間以外のお問い合わせにつきましては、ご対応いたしかねますのでご注意ください。 ※再送対応にお時間をいただいてしまう可能性がございます。予めご了承ください。
https://ishiharakaori-fc.com/news/?id=390,2025/07/31,「As I Am」MV撮影オフショット1を更新！,MOVIE『「As I Am」MV撮影オフショット1 』を更新しました！ ▽こちらからチェック
https://ishiharakaori-fc.com/news/?id=391,2025/08/01,8月のWALLPAPER 更新！,8月のWALLPAPERを更新しました！→ こちら
https://ishiharakaori-fc.com/news/?id=392,2025/08/01,「As I Am」MV撮影オフショット2を更新！,MOVIE『「As I Am」MV撮影オフショット2 』を更新しました！ ▽こちらからチェック
https://ishiharakaori-fc.com/news/?id=393,2025/08/02,「As I Am」MV撮影オフショット3を更新！,MOVIE『「As I Am」MV撮影オフショット3』を更新しました！ ▽こちらからチェック
https://ishiharakaori-fc.com/news/?id=394,2025/08/02,「As I Am」発売記念リリースイベント大阪＆名古屋会場 終了後コメントを更新！,MOVIE『「As I Am」発売記念リリースイベント大阪＆名古屋会場 終了後コメント』を更新しました！ ▽こちらからチェック
https://ishiharakaori-fc.com/news/?id=395,2025/08/03,「As I Am」MV撮影オフショット4を更新！,MOVIE『「As I Am」MV撮影オフショット4』を更新しました！ ▽こちらからチェック
https://ishiharakaori-fc.com/news/?id=396,2025/08/03,「As I Am」発売記念リリースイベントアニメイト秋葉原会場 終了後コメントを更新！,MOVIE『「As I Am」発売記念リリースイベントアニメイト秋葉原会場 終了後コメント』を更新しました！ ▽こちらからチェック
https://ishiharakaori-fc.com/news/?id=398,2025/08/06,Happy Birthday Kaori! 2025 を更新！,MOVIE『Happy Birthday Kaori! 2025』を更新しました！ ▽こちらからチェック
https://ishiharakaori-fc.com/news/?id=399,2025/08/09,8月18日(月)19：00〜「石原夏織のCarry up!? NEXT」FC限定パート #10　配信します！,「石原夏織のCarry up!? NEXT」のFC限定パート #10 8月18日(月)19：00〜 より配信します！ 配信はこちらから→ ＃10 配信 アーカイブは、 MOVIEページ ・ 特設ページ からご覧いただけます。 お楽しみに！
https://ishiharakaori-fc.com/news/?id=400,2025/08/09,「As I Am」発売記念リリースイベント AKIHABARAゲーマーズ本店 会場 終了後コメントを更新！,MOVIE『「As I Am」発売記念リリースイベント AKIHABARAゲーマーズ本店 会場 終了後コメント』を更新しました！ ▽こちらからチェック
https://ishiharakaori-fc.com/news/?id=401,2025/08/22,サーバーメンテナンスのお知らせ,いつも当サイトをご利用いただき、誠にありがとうございます。 下記の期間にて、サーバーメンテナンスを実施いたします。 【メンテナンス期間】 2025年8月27日(水)14:00～17:00(予定) ※開始・終了時間は前後する場合がございます。 メンテナンス中は、サイトの閲覧、入退会・ログイン及び全てのサービスがご利用できません。 ご不便お掛けいたしますが、ご理解ご了承の程、何卒よろしくお願いいたします。
https://ishiharakaori-fc.com/news/?id=402,2025/08/16,FC photoshoot 2025 spring 1	を更新！,MOVIE『FC photoshoot 2025 spring 1』を更新しました！ ▽こちらからチェック
https://ishiharakaori-fc.com/news/?id=403,2025/08/17,FC photoshoot 2025 spring 2	を更新！,MOVIE『FC photoshoot 2025 spring 2』を更新しました！ ▽こちらからチェック
https://ishiharakaori-fc.com/news/?id=404,2025/08/19,FC photoshoot 2025 summer 1を更新！,MOVIE『FC photoshoot 2025 summer 1』を更新しました！ ▽こちらからチェック
https://ishiharakaori-fc.com/news/?id=405,2025/08/20,FC photoshoot 2025 summer 2を更新！,MOVIE『FC photoshoot 2025 summer 2』を更新しました！ ▽こちらからチェック
https://ishiharakaori-fc.com/news/?id=406,2025/08/21,FC photoshoot 2025 summer 撮影後コメント を更新！,MOVIE『FC photoshoot 2025 summer 撮影後コメント』を更新しました！ ▽こちらからチェック
https://ishiharakaori-fc.com/news/?id=407,2025/08/22,石原夏織 LIVE 2025「As I Am」会場限定FCキャンペーンの実施が決定！,石原夏織 LIVE 2025「As I Am」会場限定FCキャンペーンの実施が決定しました！ ライブ特設サイト： http://ishiharakaori.com/AsIAm ◆FC会員来場キャンペーン FC会員来場特典として、 『①ピクチャーチケット』『②ハンズくじ』 をお渡しします！ ※事前申込が必要です ※申込忘れの方にはお渡しできません ※月額・年額コース問わず、お申込みいただけます ◆新規入会キャンペーン イベント当日、会場のファンクラブブースで入会手続きを完了いただいた方には、 『①ピクチャーチケット』『②ハンズくじ』 をプレゼント！ ※月額・年額コース問わず、当日にご入会いただけた方が対象となります ◆お友達紹介キャンペーン イベント当日、ハンズからのご紹介でお友達が入会手続きを完了した場合、 ご紹介者(ハンズ)様には追加で 『ハンズくじ』 をプレゼントします！ ※『ハンズくじ』のお渡しは、ご紹介1名様につき1枚ずつとなります 例)ハンズAさんが、お友達Bさん・お友達Cさんを紹介して2人がご入会した場合 お友達Bさんに『①ピクチャーチケット』『②ハンズくじ』それぞれ1枚ずつ お友達Cさんに『①ピクチャーチケット』『②ハンズくじ』それぞれ1枚ずつ ハンズAさんには、追加で『ハンズくじ』を2枚お渡し ※全てのキャンペーンは、当日特典が無くなり次第終了となります ピクチャーチケット絵柄 ハンズくじとは... FC会員なら全員参加できる会場限定くじ！ 『ピクチャーチケット』のお渡しの際に『ハンズくじ』もお渡しします✨ ・かおりちゃんぬい賞...5名 夏織学園やFCコンテンツで使用したアイテムをランダムでプレゼント！ ①魔法少女ステッキ ②ハートバルーン ③くま耳カチューシャ ④肉球手袋 ⑤恵方巻きクッション ・むーちゃん賞...100名 会報誌のバックナンバー 1号〜10号の中からランダムで1冊プレゼント！ ・めるちゃん賞...500名 イベントキービジュアルステッカーをプレゼント！ ＊当選の方のプレゼント引換所につきましては、後日ご案内します ＊プレゼントにつきまして、営利目的の転売は、固くお断りいたします FC会員来場特典事前申込・引き換え方法 💠当日、スムーズにお受け取りいただくために、『①ピクチャーチケット』『②ハンズくじ』のお受け取りには事前の申込が必要となります ①こちらのページの「FC会員来場特典 引き換え事前申込フォーム」より、電子チケット「ポニキャン」アプリに遷移し、申込 ※申込の際にシステム上抽選という表記になりますが、お申込みいただいた方全員が当選対象ですのでご安心ください ②9/20(土)に引き換えチケットQRコードが発行 ③公演当日、会場のFC受付にてQRコードをご提示いただき、特典と引き換え 💠お渡しはお一人様一回限りとなります(お友達紹介キャンペーン時を除く) 会場での新規ご入会の方・引き換え方法 💠新規ご入会の方は、受付にて、入会完了メール・デジタル会員証をご提示ください。会員番号を控えさせていただきます。 💠また、お友達紹介キャンペーンの場合、ご紹介会員様の会員番号も控えさせていただきます。受付にて、デジタル会員証をご提示ください。また必ず、対象のお友達様と共にお越しください。 事前申込スケジュール 申込受付期間 2025/08/22(金) ～ 2025/09/19(金) 18:00 引き換えQRコード発行 2025/09/20(土) 当日受付時間 先行物販開始時刻〜終演後列が途切れるまで（予定） ※公演中は、ブースを休止させていただきます。 ※配布時間は変更となる可能性がございます、時間・場所はXにてアナウンスします 引き換え事前申込フォーム ◆ 事前引き換え申込に進む ◆ ◆ 新規ご入会はこちら ◆ 〔発券方法〕アプリ（電子チケット） ・本受付の発券はポニーキャニオンの電子チケットアプリ「ポニキャン」のみとなります。 ・お申し込みには「ポニキャン」アプリ（無料）のインストールが必要です。 【電子チケットアプリ「ポニキャン」】 ◆iOSアプリ https://apps.apple.com/jp/app/id1617078121 ◆Androidアプリ https://play.google.com/store/apps/details?id=jp.co.ponycanyon.ticket ※ご利用にはポニーキャニオンショッピングクラブ（きゃにめ）の会員登録(無料)が必要です ※注意事項等の詳細は「ポニキャン」アプリからご確認ください チケット販売に関するお問合せ きゃにめ チケットQ&A／お問い合わせ： http://special.canime.jp/ticket/ ※公演内容や抽選結果・当選者情報に関するお問い合わせはお答えすることができません。
https://ishiharakaori-fc.com/news/?id=408,2025/08/22,【【STAFF BLOG】「残暑見舞い🍉🍧」,【STAFF BLOG】「残暑見舞い🍉🍧」を更新しました！ ▽こちらからチェック
https://ishiharakaori-fc.com/news/?id=409,2025/08/23,9月1日(月)19：00〜「石原夏織のCarry up!? NEXT」FC限定パート #11　配信します！,「石原夏織のCarry up!? NEXT」のFC限定パート #11 9月1日(月)19：00〜 より配信します！ 配信はこちらから→ ＃11 配信 アーカイブは、 MOVIEページ ・ 特設ページ からご覧いただけます。 お楽しみに！
https://ishiharakaori-fc.com/news/?id=411,2025/08/27,サッカー部のマネージャー1 を更新！,MOVIE『サッカー部のマネージャー1』を更新しました！ ▽こちらからチェック
https://ishiharakaori-fc.com/news/?id=412,2025/08/28,サッカー部のマネージャー2 を更新！,MOVIE『サッカー部のマネージャー2』を更新しました！ ▽こちらからチェック
https://ishiharakaori-fc.com/news/?id=413,2025/08/30,図書館コーデ1 を更新！,MOVIE『図書館コーデ1』を更新しました！ ▽こちらからチェック
https://ishiharakaori-fc.com/news/?id=414,2025/08/31,図書館コーデ2 を更新！,MOVIE『図書館コーデ2』を更新しました！ ▽こちらからチェック
https://ishiharakaori-fc.com/news/?id=415,2025/09/01,サイト秋ビジュアルを更新！,サイト秋ビジュアルを更新しました🎉 ベロア×バレエコアのブラウンコーデとなっています🤎🧸🏹 ̖́ 2025年は、四季でビジュアルが変化しますので、お楽しみに🤭
https://ishiharakaori-fc.com/news/?id=416,2025/09/01,9月のWALLPAPER 更新！,9月のWALLPAPERを更新しました！→ こちら
https://ishiharakaori-fc.com/news/?id=417,2025/10/01,10月のWALLPAPER 更新！,10月のWALLPAPERを更新しました！→ こちら
https://ishiharakaori-fc.com/news/?id=418,2025/11/01,11月のWALLPAPER 更新！,11月のWALLPAPERを更新しました！→ こちら
https://ishiharakaori-fc.com/news/?id=419,2025/12/01,12月のWALLPAPER 更新！,12月のWALLPAPERを更新しました！→ こちら
https://ishiharakaori-fc.com/news/?id=420,2025/09/05,9月15日(月)19：00〜「石原夏織のCarry up!? NEXT」FC限定パート #12　配信します！,「石原夏織のCarry up!? NEXT」のFC限定パート #12 9月15日(月)19：00〜 より配信します！ 配信はこちらから→ ＃12 配信 アーカイブは、 MOVIEページ ・ 特設ページ からご覧いただけます。 お楽しみに！
https://ishiharakaori-fc.com/news/?id=421,2025/09/04,図書館コーデ3 を更新！,MOVIE『図書館コーデ3』を更新しました！ ▽こちらからチェック
https://ishiharakaori-fc.com/news/?id=422,2025/09/08,9月10日(水)「hand in hand」生配信 開催決定！,9月10日(水)20時頃(時間が前後する可能性がございます)より、 「hand in hand」生配信の開催が決定しました🎉㊗️ 石原夏織 2025 LIVE「As I Am」開催直前、 グッズ紹介などを行います♡ お楽しみに〜！！！ 配信概要 配信日時 2025年9月10日(水)20時頃 配信開始予定 ※配信直前は混雑が予想されます。配信開始の15～20分前などお早めにログインのうえ配信開始をお待ちください。 ※配信が始まると、動画は自動的に開始いたします。過度なリロードはサイトへの負荷となりますので、お控えいただきますようお願いいたします。 チャット機能について ※チャットに参加する場合は、名前、利用規約とプライバシーポリシーに同意のチェックを入れ、登録を押し、その後にメッセージを入力してください。（チャット上にお名前が表示されない場合は、メッセージ内にもお名前をいれてください ※任意） ※チャット機能は会話に参加するほかのユーザーへの思いやりを忘れずにお楽しみください。 注意事項 ※ご視聴には、石原夏織 オフィシャルファンクラブ「hand in hand」への有料会員登録が必要となります。ご視聴を希望される方は、配信開始までに会員登録・入金完了までお手続きをお済ませください。 ※生配信のため、通信エラー等により配信が途切れる場合がございます。予めご了承ください。 ※本コンテンツは視聴専用となりダウンロードは出来ません。録画・スクリーンショットなどは禁止とさせていただきます。 ※視聴が出来ない方はブラウザを変えてお試しください。 ※機種や端末、ブラウザによって表示が異なる為、再生ボタンやチャットが表示されない場合がございます。その際はブラウザを変えてお試しくださいませ。 ※Androidをご利用されている場合はChrome等にブラウザを変えてお試しください。 ※Wi-Fi環境にてご視聴いただく事を強くお勧めいたします。 ◆ 配信ページはこちら ◆ 新規ご入会はこちら
https://ishiharakaori-fc.com/news/?id=423,2025/11/11,【全席完売】石原夏織ファンクラブイベント「Happy Christmas Show」,"石原夏織 ファンクラブイベント 「Happy Christmas Show」 開催決定！ 今年は、クリスマスイブに夏織ちゃんのライブを楽しみながらお食事ができちゃいます！ 素敵なひとときを過ごしましょう♪ 今回のドレスコードはクリスマスということで… ᐡ • ̫ •`ᐡ｛🎄 GREEN COLOR💚） お洋服でもアクセサリーでもグッズでも何でもOK🙆‍♀️ お好きなアイテムを身につけていただけると嬉しいです✨ 無理のない範囲でご参加お待ちしております⛄️ イベントにご参加の皆様へ ご希望の方は、アンケートへの回答をお願いいたします 回答期限：〜11月18日(火)23:59まで 同席希望アンケート→ こちら 食物アレルギーアンケート→ こちら 公演概要 ●公演日時 2025年12月24日（水）＊昼夜2公演 【昼の部】 受付 12:30〜／お食事 13:00～／イベントスタート 14:00～（終演15:30予定） 【夜の部】 受付 17:00〜／お食事 17:30～／イベントスタート 18:30～（終演20:00予定） ※開場・開演時間は変更となる場合がございます ●会場 LDH kitchen THE TOKYO HANEDA （東京都大田区羽田空港３丁目３−２ 第1旅客ターミナル5F THE HANEDA HOUSE） https://www.ldhkitchen-thetokyohaneda.jp/ ●チケット 指定席：18,000円（*クリスマスプレゼント付き🎁） ※プレゼントのお渡しは当日のみとなります。後日のお渡しはできません。 ※未就学児童入場不可 ※営利目的の転売禁止 ※枚数制限：ファンクラブ『hand in hand』会員1名様につき 各公演 1枚まで （例：昼の部、夜の部の最大合計2枚お申込み可能です） ●出演 石原夏織 Piano：今井 隼 Guitar：IMAJO Violin：須磨和声 MC：小田果林 チケット受付スケジュール 2次抽選 申込受付期間 2025/10/24(金) ～ 2025/10/26(日) 23:59 抽選結果発表 2025/10/30(木) 19:00以降 支払手続期間 2025/10/30(木) 19:00 ～ 2025/11/02(日) 23:59 ※申込多数の場合は抽選となります 支払方法： クレジットカード 発券方法： 電子チケット 1次抽選 申込受付期間：2025/9/20(土) ～ 2025/10/13(月･祝) 23:59 抽選結果発表：2025/10/17(金) 19:00以降 支払手続期間：2025/10/17(金) 19:00 ～ 2025/10/20(月) 23:59 ※申込多数の場合は抽選となります 支払方法： クレジットカード・コンビニ決済 発券方法： 電子チケット ●申込方法 お申込みには「ポニキャン」アプリ（無料）のインストールが必要です。 本受付の発券はポニーキャニオンの電子チケットアプリ「ポニキャン」のみとなります。 【電子チケットアプリ「ポニキャン」】 ◆iOSアプリ https://apps.apple.com/jp/app/id1617078121 ◆Androidアプリ https://play.google.com/store/apps/details?id=jp.co.ponycanyon.ticket ※ご利用にはポニーキャニオンショッピングクラブ（きゃにめ）の会員登録(無料)が必要です 同席希望について 当選結果発表以降に「同席希望」を受付予定となります ※同公演に当選(入金まで完了)された方の中から受付予定です。 ※必ずしも同席をお約束するものではございませんので、予めご了承ください。 ※詳細は後日お知らせいたします。 アレルギーについて 食材によるアレルギーがございましたら、当選後にお申し出ください。 詳しいお問い合わせ先などは当選結果発表後に別途お知らせいたします。 また、内容によってはご希望に添えない場合もございますので、予めご了承ください。 LDH kitchen THE TOKYO HANEDAでは、すべての飲食物を同一環境で取り扱うため、使用原材料以外のアレルゲンの微量混入を完全に防止することができませんのでご注意ください。 ※お客さまへ安全なお料理・お飲物の提供が困難と判断した場合には、提供をお断りさせていただく場合がございます。 ※嗜好についてのご要望はお受けできませんので、予めご了承ください。 イベント参加方法 （1）チケット申込受付期間～公演当日までの間、『hand in hand』ファンクラブ会員資格が必要となります。会員期限にご注意ください。 （2）ご当選された方は公演当日、ご本人様を確認できる下記3点をご提示いただきます。 公演当日、下記をお持ちでない方やご本人様確認ができない方、入場をお断りいたしますので十分にご注意ください。 ●チケット ●デジタル会員証 ●写真付きの身分証明書 ※下記参照 （パスポート／運転免許証／顔写真付き住民基本台帳カード／特別永住者証明書または在留カード／障害者手帳／顔写真入クレジットカード／顔写真付きマイナンバーカード／顔写真付き学生証） ※全てコピー及び期限切れは不可となります ※「マイナンバーカード通知カード」は身分証証明書とは認められません ※「マイナンバーカード」はどなたでも無料で取得していただけます ■マイナンバーカード総合サイト https://www.kojinbango-card.go.jp/kofushinse/ ◆ チケット申込に進む ◆ ◆ 新規ご入会はこちら ◆ ★ファンクラブにご入会されていない方へ チケット申込受付期間内に、ファンクラブへの入会手続き（会員登録・入金完了まで）をいただきますとチケットのお申込みが可能です！ ※入金確認が取れず仮登録状態の場合、チケット申込対象外となります ※チケットのお申込みには一定の手続きが必要となりますので、入会手続き（会員登録・入金完了まで）は時間に余裕をもってお手続きください 注意事項 【お申込みの前に】 ・きゃにめのシステムを利用しており、会員登録（無料）が必要です。 ・受付期間中に受付URLにてお申込みください。料金の支払方法・手数料・受取方法などは、受付URL内に記載の申込方法ならびに注意文言をご確認ください。 ・日本国内に住所をお持ちの方のみ申込が可能です。 ・未成年者によるチケットの購入は、親権者など法定代理人の責任において行われるものとし、親権者など法定代理人の同意を得て購入決定されているものとします。 ・未就学児入場不可／転売・譲渡禁止 ＜お申込み・座席等について＞ ・本受付は先着順ではございませんので、受付期間内にお間違いのないようお申込みください。 ・座席の指定はできません。チケット券面にてご確認ください。 ・会員同士であっても、一緒にお申込みすることはできません。 ・申込内容の変更・取消は受付期間内にのみ行えます。当選後の変更・取消（購入辞退）などは一切お受けできません。 ・申込多数の場合の抽選は、応募受付期間終了後に全応募者の中で行い、当選・落選を決定します。 ・当落および座席などは、先着順ではなく、受付期間内にお申込みいただいた中から抽選で決定します。 ・抽選方法や座席番号に関するお問い合わせは、一切お答えできませんのでご了承ください。 ・申込期間中に退会を希望される方は、申込を取り消した後、退会のお手続きを行ってください。 ＜抽選結果・お支払いについて＞ ・ご当選されたにも関わらず、ご入金がなかったお客様に対して、『hand in hand』でのチケット予約の際、不利になる場合がございます。 ・支払方法で（クレジットカード）をお選びの方は、当選時にご請求します。 ・支払方法で（コンビニ）をお選びの方は、支払手続期間内にご入金ください。ご入金が確認できない場合、当選は予告なく無効となります。 ・『hand in hand』退会後はチケットがお手元にあってもイベントに参加することはできません。 ＜入場等について＞ ・申込者本人以外のご入場はできません。 ・当日、チケット／デジタル会員証／身分証明書をお忘れの場合、いかなる理由でもご入場できません。 （身分証明書についてはファンクラブサイト（ https://ishiharakaori-fc.com/ ）からご確認いただけます） ■公演・場内注意事項／禁止事項について ・本公演は全席指定となります。チケットをお持ちでない方はご覧になれません。 チケットの営利目的、転売目的での利用は禁止いたします。万一引き換えされたチケットの不法販売・複製・偽造等が発覚した場合、そのチケットは無効となりご入場をお断りさせていただきます。 いかなる事情であれ、ご購入・お引換後のチケットの変更や払い戻しはできません。 ・館内は禁煙です。ご了承ください。 ・場内でのカメラ(携帯カメラ含む)・ビデオによる撮影、録音等は固くお断りいたします。（撮影可能のご案内がございました場合はこの限りではございません。） ・危険物、酒類の持ち込みは禁止です。 ・ゴミは各自の責任で処理、またはお持ち帰りいただくようお願いいたします。 ・本イベントの安全な運営に支障をきたすと主催者が判断した場合、ご退場もしくはご入場をお断りする場合がございます。 ・会場内における物品およびホール自体の器物破損については、運営、会場側は責任を負いません。 ・お手荷物や大きな荷物は会場周辺のコインロッカーにあらかじめお預けする事をお勧めいたします。お荷物等の紛失・盗難等は主催者は一切責任を負いません。 ・貴重品は自己管理をお願いいたします。万が一紛失されても責任は負いません。 ・忘れ物や落し物などは、届け出がなければイベント終了後1週間後に処分させていただきます。心当たりのある方はお早めにご連絡ください。 ・車椅子でご来場の方、または介助犬などをお連れする場合は事前に問い合わせ先までご相談ください。 ・非常時はスタッフの指示に従い、慌てず落ち着いて行動してください。 ・会場構造上や設営状況により、お席によっては、舞台/映像/出演者が見え辛い場合がございます。予めご了承ください。 ・取材用撮影が入る場合、お客様が映り込む可能性がございます。あらかじめご了承ください。 ・天候やトラブル、アーティストの都合により、やむをえずイベントが中止となる場合がございます。予めご了承ください。 ・開場・開演・終演時間は変更になる場合があります。 ■出演者へのプレゼント、花束、フラワーアレンジメントについて ＜プレゼントについて＞ 会場内に設置されているプレゼントボックスにお預けください。 設置場所については事前にご案内いたしかねますので、会場にてご確認ください。 また、下記に属するものに関しましては安全面や衛生面を考慮し、お受け取りすることができませんのであらかじめご了承ください。 ＜受け取れないもの＞ ・飲食物全般 ・既に開封されているもの／使用済のもの ・危険物(火薬・花火・刃物等) ・生き物(動物、虫など) ・自己制作のCD・DVD・アルバム・グッズ全般 ・持ち運びが困難な大きな物、重量物 ・現金、記念硬貨 ・下着類（ショーツなど） ※タレントやスタッフへの直接の手渡しはご遠慮いただいております。 ※内容によっては、事務所の判断により返却・処分する場合があります。 ＜フラワースタンドについて＞ 会場の都合上、本公演に関してはスタンド花・楽屋花などの祝花の贈り物はご遠慮申し上げます。お気持ちだけ受け取らせて頂きます。 チケット販売に関するお問合せ きゃにめ チケットQ&A／お問い合わせ： http://special.canime.jp/ticket/ ※公演内容や抽選結果・当選者情報に関するお問い合わせはお答えすることができません。 イベントに関するお問合せ ポニーキャニオン カスタマーセンター 営業時間：平日10:00～13:00/14:00～17:00（土日祝・会社の指定日除く） 問い合わせフォーム https://www.ponycanyon.co.jp/support/inquiry 問い合わせフォームの受付は24時間可能ですが、ご返信につきましては営業時間内となります。 また、イベント名、参加日もご連絡願います。なお、イベント前日、当日のお問い合わせにはお答は出来かねる場合がございます。 上記お問い合わせ以外、特に会場への直接のお問い合わせは御遠慮願います。"
https://ishiharakaori-fc.com/news/?id=424,2025/09/19,AR CAMERAのフレーム Vol.45を更新☆,AR CAMERAのフレームを更新しました☆ FC夏ビジュアルの夏織ちゃんです！ 是非、色んな写真を撮ってみてください！
https://ishiharakaori-fc.com/news/?id=425,2025/09/19,9月29日(月)19：00〜「石原夏織のCarry up!? NEXT」FC限定パート #13　配信します！,「石原夏織のCarry up!? NEXT」のFC限定パート #13 9月29日(月)19：00〜 より配信します！ 配信はこちらから→ ＃13 配信 アーカイブは、 MOVIEページ ・ 特設ページ からご覧いただけます。 お楽しみに！
https://ishiharakaori-fc.com/news/?id=426,2025/09/20,「石原夏織 in 台北 Live&Fan tour」開催記念 FC限定グッズの受注販売が決定！,"「石原夏織 in 台北 Live&Fan tour」開催記念 FC限定グッズの受注販売が決定しました！ 初登場の「キラキラアクリル色紙」、「定番のブロマイドセット」と「アクスタ」、可愛い絵柄満載の、「ランダムクリアカード」の4アイテムです！ 石原夏織 LIVE 2025「As I Am」の事後通販と同時に受注販売スタートとなりますのでお楽しみに～！！！ アクリルスタンド 台北ver.：1,500円(税込) ブロマイド 台北ver.：1,000円(税込) クリアカード(ランダム6種) 台北ver.：500円(税込) アクリル色紙 台北ver.：2,500円(税込)"
https://ishiharakaori-fc.com/news/?id=427,2025/09/20,石原夏織 LIVE 2025 「As I Am」終演後コメントを更新！,MOVIE『石原夏織 LIVE 2025 「As I Am」終演後コメント』を更新しました！ ▽こちらからチェック
https://ishiharakaori-fc.com/news/?id=428,2025/10/01,かおみくじ更新！,「かおみくじ」に新しいおみくじが追加！ 是非、おみくじを引いてみてくださいね✨ ▷ 「かおみくじ」を引く
https://ishiharakaori-fc.com/news/?id=429,2025/10/05,石原夏織 2025 LIVE 「As I Am」in Taipei 終演後コメントを更新！,MOVIE『石原夏織 2025 LIVE 「As I Am」in Taipei 終演後コメント』を更新しました！ ▽こちらからチェック
https://ishiharakaori-fc.com/news/?id=430,2025/10/05,石原夏織 in 台北 Live&Fan tour 終了後コメントを更新！,MOVIE『石原夏織 in 台北 Live&Fan tour 終了後コメント』を更新しました！ ▽こちらからチェック
https://ishiharakaori-fc.com/news/?id=431,2025/10/13,10月13日(月)19：00〜「石原夏織のCarry up!? NEXT」FC限定パート #14　配信します！,「石原夏織のCarry up!? NEXT」のFC限定パート #14 10月13日(月)19：00〜 より配信します！ 配信はこちらから→ ＃14 配信 アーカイブは、 MOVIEページ ・ 特設ページ からご覧いただけます。 お楽しみに！
https://ishiharakaori-fc.com/news/?id=432,2025/10/18,10月27日(月)19：00〜「石原夏織のCarry up!? NEXT」FC限定パート #15 配信します！,「石原夏織のCarry up!? NEXT」のFC限定パート #14 10月27日(月)19：00〜 より配信します！ 配信はこちらから→ ＃15 配信 アーカイブは、 MOVIEページ ・ 特設ページ からご覧いただけます。 お楽しみに！
https://ishiharakaori-fc.com/news/?id=433,2025/10/20,【85 BLOG】「呷飽没？」,【85 BLOG】「呷飽没？」を更新しました！ ▽こちらからチェック
https://ishiharakaori-fc.com/news/?id=434,2025/10/31,ハッピーハロウィン 2025 を更新！,MOVIE『ハッピーハロウィン 2025』を更新しました！ ▽こちらからチェック
https://ishiharakaori-fc.com/news/?id=435,2025/11/02,11月10日(月)19：00〜「石原夏織のCarry up!? NEXT」FC限定パート #16 配信します！,「石原夏織のCarry up!? NEXT」のFC限定パート #16 11月10日(月)19：00〜 より配信します！ 配信はこちらから→ ＃16 配信 アーカイブは、 MOVIEページ ・ 特設ページ からご覧いただけます。 お楽しみに！
https://ishiharakaori-fc.com/news/?id=436,2025/11/13,11月24日(月)19：00〜「石原夏織のCarry up!? NEXT」FC限定パート #17 配信します！,「石原夏織のCarry up!? NEXT」のFC限定パート #17 11月24日(月)19：00〜 より配信します！ 配信はこちらから→ ＃17 配信 アーカイブは、 MOVIEページ ・ 特設ページ からご覧いただけます。 お楽しみに！
https://ishiharakaori-fc.com/news/?id=437,2025/12/04,AR CAMERAのフレーム Vol.46を更新☆,AR CAMERAのフレームを更新しました☆ クリスマス衣装の夏織ちゃんです！ 是非、色んな写真を撮ってみてください！
https://ishiharakaori-fc.com/news/?id=438,2025/12/18,AR CAMERAのフレーム Vol.47を更新☆,AR CAMERAのフレームを更新しました☆ チェック柄クリスマス衣装の夏織ちゃんです！ 是非、色んな写真を撮ってみてください！
https://ishiharakaori-fc.com/news/?id=439,2026/01/01,1月のWALLPAPER 更新！,1月のWALLPAPERを更新しました！→ こちら
https://ishiharakaori-fc.com/news/?id=440,2026/02/01,2月のWALLPAPER 更新！,2月のWALLPAPERを更新しました！→ こちら
https://ishiharakaori-fc.com/news/?id=441,2026/03/21,3月のWALLPAPER 更新！,3月のWALLPAPERを更新しました！→ こちら
https://ishiharakaori-fc.com/news/?id=442,2025/12/01,サイト冬ビジュアルを更新！,サイト冬ビジュアルを更新しました🎉 普段より大人っぽシックなニットコーデとなっています🩶
https://ishiharakaori-fc.com/news/?id=443,2025/11/25,FC photoshoot 2025 autumn を更新！,MOVIE『FC photoshoot 2025 autumn』を更新しました！ ▽こちらからチェック
https://ishiharakaori-fc.com/news/?id=444,2026/01/05,会報14号、発行決定！,会報14号の発行が決定しました♪ 会報誌を確実に皆さまのお手元に届けるために、必ず下記をご一読いただきますようお願いいたします。 ◆発送日 2026年1月22日（木）より順次発送を予定しております。 ※1週間〜10日ほどかけて到着となります ◆発送対象 ・「hand in hand」年額コース 有効会員の方 ・2026年1月31日（土）までに年額コースに 会員登録・入金完了までお手続きをお済ませいただいた方 ◆発送先住所確認のお願い 会報誌の発送に伴い、お引越しをされた方、お引越し予定の方は、期間内に必ず住所変更のお手続きをお願いいたします。 ※住所変更期間が短くなっておりますので、ご注意ください ＜確認期間＞ 2025年1月5日（月）23:59まで ＜確認・変更方法＞ ログイン後、MYPAGE内 会員情報にてご確認・変更ください ※確認期間内に住所変更がされていなかった場合・住所不明による未着や紛失等があった場合、再送のご対応はできかねます。あらかじめご了承ください。 ◆未着問合せ期間のご案内 時間がたってもお手元に会報誌が届かない場合は、以下の期間中に「お問い合わせ」よりご連絡ください。 ＜未着問い合わせ期間＞ 2026年2月2日（月）〜2月8日（日）23:59まで ※ゆうメール、ポスト投函でのお届けとなります。 ※上記期間以外のお問い合わせにつきましては、ご対応いたしかねますのでご注意ください。 ※再送対応にお時間をいただいてしまう可能性がございます。予めご了承ください。 ___________________________________________ 発行を記念して、川柳の募集を行います！ ※ご応募期間：〜11/30(日)まで アンケートはこちら ＊たくさんのご応募ありがとうございました！＊
https://ishiharakaori-fc.com/news/?id=445,2025/11/28,FC photoshoot 2025 autumn 撮影後コメント を更新！,MOVIE『FC photoshoot 2025 autumn 撮影後コメント』を更新しました！ ▽こちらからチェック
https://ishiharakaori-fc.com/news/?id=446,2025/12/01,12月8日(月)19：00〜「石原夏織のCarry up!? NEXT」FC限定パート #18 配信します！,「石原夏織のCarry up!? NEXT」のFC限定パート #18 12月8日(月)19：00〜 より配信します！ 配信はこちらから→ ＃18 配信 アーカイブは、 MOVIEページ ・ 特設ページ からご覧いただけます。 お楽しみに！
https://ishiharakaori-fc.com/news/?id=447,2025/12/24,メリークリスマス🎁夏織ちゃんからグリーティングカードが届きました！,ハンズの皆さま こんにちは！ 本日はクリスマスイブということで... 夏織ちゃんから、ハンズの皆さんへ クリスマスプレゼントとして グリーティングカードが届きました✨ ぜひチェックしてくださいね！ ※閲覧は2026年1月31日までとなります ◆ グリーティングカードはこちら ◆ 新規ご入会はこちら 是非ダウンロードしてくださいね🎵
https://ishiharakaori-fc.com/news/?id=448,2025/12/16,サポート窓口 年末年始休業のお知らせ,いつも当サイトをご利用いただきありがとうございます。 以下の期間中、年末年始休業に伴いサポート窓口をお休みさせていただきます。 【年末年始休業期間】 2025年12月27日(土)～2026年1月4日(日) 休業期間中にいただいたお問い合わせは、承りました順に2026年1月5日(月)から順次対応させていただきます。 通常よりお時間がかかる場合がございますので、恐れ入りますが予めご了承いただけますと幸いです。 ご迷惑をおかけいたしますが、何卒よろしくお願い申し上げます。
https://ishiharakaori-fc.com/news/?id=449,2025/12/05,2025 archive〜UNITY vol.4 リハーサル〜を更新！,MOVIE『2025 archive〜UNITY vol.4 リハーサル〜』を更新しました！ ▽こちらからチェック
https://ishiharakaori-fc.com/news/?id=450,2025/12/06,2025 archive〜UNITY vol.4 本番〜	を更新！,MOVIE『2025 archive〜UNITY vol.4 本番〜』を更新しました！ ▽こちらからチェック
https://ishiharakaori-fc.com/news/?id=451,2025/12/07,2025 archive〜海外ファンミ〜を更新！,MOVIE『2025 archive〜海外ファンミ〜』を更新しました！ ▽こちらからチェック
https://ishiharakaori-fc.com/news/?id=452,2025/12/09,2025 archive〜ライブパンフ撮影1〜を更新！,MOVIE『2025 archive〜ライブパンフ撮影1〜』を更新しました！ ▽こちらからチェック
https://ishiharakaori-fc.com/news/?id=453,2025/12/10,2025 archive〜ライブパンフ撮影2〜を更新！,MOVIE『2025 archive〜ライブパンフ撮影2〜』を更新しました！ ▽こちらからチェック
https://ishiharakaori-fc.com/news/?id=454,2025/12/11,2025 archive〜ライブパンフ撮影3〜を更新！,MOVIE『2025 archive〜ライブパンフ撮影3〜』を更新しました！ ▽こちらからチェック
https://ishiharakaori-fc.com/news/?id=455,2025/12/12,2025 archive〜ライブパンフ撮影4〜を更新！,MOVIE『2025 archive〜ライブパンフ撮影4〜』を更新しました！ ▽こちらからチェック
https://ishiharakaori-fc.com/news/?id=456,2025/12/16,12月22日(月)19：00〜「石原夏織のCarry up!? NEXT」FC限定パート #19 配信します！,「石原夏織のCarry up!? NEXT」のFC限定パート #19 12月22日(月)19：00〜 より配信します！ 配信はこちらから→ ＃19 配信 アーカイブは、 MOVIEページ ・ 特設ページ からご覧いただけます。 お楽しみに！
https://ishiharakaori-fc.com/news/?id=457,2025/12/16,12月18日(木)「hand in hand」会員限定生配信を行います！,12月18日(木)21時頃より、 「hand in hand」会員限定生配信が決定しました🤶🎄🎁 Happy Christmas Show開催直前、 グッズ紹介・クリスマスパーティーなどを行います♡🍰 ケーキやフードを準備してお待ちください♡ お楽しみに〜！！！ 配信概要 配信日時 2025年12月18日(木)21時頃 配信開始予定 * 時間が前後する可能性がございます ※配信直前は混雑が予想されます。配信開始の15～20分前などお早めにログインのうえ配信開始をお待ちください。 ※配信が始まると、動画は自動的に開始いたします。過度なリロードはサイトへの負荷となりますので、お控えいただきますようお願いいたします。 チャット機能について ※チャットに参加する場合は、名前、利用規約とプライバシーポリシーに同意のチェックを入れ、登録を押し、その後にメッセージを入力してください。（チャット上にお名前が表示されない場合は、メッセージ内にもお名前をいれてください ※任意） ※チャット機能は会話に参加するほかのユーザーへの思いやりを忘れずにお楽しみください。 注意事項 ※ご視聴には、石原夏織 オフィシャルファンクラブ「hand in hand」への有料会員登録が必要となります。ご視聴を希望される方は、配信開始までに会員登録・入金完了までお手続きをお済ませください。 ※生配信のため、通信エラー等により配信が途切れる場合がございます。予めご了承ください。 ※本コンテンツは視聴専用となりダウンロードは出来ません。録画・スクリーンショットなどは禁止とさせていただきます。 ※視聴が出来ない方はブラウザを変えてお試しください。 ※機種や端末、ブラウザによって表示が異なる為、再生ボタンやチャットが表示されない場合がございます。その際はブラウザを変えてお試しくださいませ。 ※Androidをご利用されている場合はChrome等にブラウザを変えてお試しください。 ※Wi-Fi環境にてご視聴いただく事を強くお勧めいたします。 ◆ 配信ページはこちら ◆ 新規ご入会はこちら
https://ishiharakaori-fc.com/news/?id=458,2025/12/15,【STAFF BLOG】会報誌未掲載カットの話🪭,【STAFF BLOG】会報誌未掲載カットの話🪭 を更新しました！ ▽こちらからチェック
https://ishiharakaori-fc.com/news/?id=459,2025/12/16,2025 archive〜取材オフショット1〜を更新！,MOVIE『2025 archive〜取材オフショット1〜』を更新しました！ ▽こちらからチェック
https://ishiharakaori-fc.com/news/?id=460,2025/12/17,石原夏織ファンクラブイベント「Happy Christmas Show」会場物販情報,"石原夏織 ファンクラブイベント「Happy Christmas Show」にて、グッズの会場販売を実施いたします。 なお、当日の会場販売につきましては、販売時間の都合上、先行販売時間のみ「電子整理券制」とさせていただきます。 「電子整理券」は事前にお申し込みが必要となります！ 時間帯ごとに枠を設けており、お客様ご自身でご希望の時間帯にお申し込みが可能です。 また、先行販売時間は「ハッピーコンプリートセット」のみの販売になりますので、あらかじめご了承ください。 イベントチケットページはこちら グッズ一覧 ⇧タップして拡大 販売時間 【昼の部・夜の部、どちらかのチケットをお持ちのお客様】 ＜先行販売＞ 9:30〜10:30 ※こちらの時間帯のみ「電子整理券」が必要となります。 1枠目：9:30〜10:00 2枠目：10:00〜10:30 【昼の部チケットをお持ちの方のみ】 ＜開場中販売＞ 12:30〜14:00 ※グッズのご購入は可能ですが、お食事時間も含まれますことをご注意ください。 ＜終演後販売＞ 16:00〜16:30(＊夜の部の方も購入可能) 【夜の部チケットをお持ちの方のみ】 ＜開場前販売＞ 16:00〜16:30(＊昼の部の方も購入可能) ＜開場中販売＞ 17:00〜18:30 ※グッズのご購入は可能ですが、お食事時間も含まれますことをご注意ください。 ＜終演後販売＞ 20:00〜列が途切れるまで ※上記以外での販売はございませんので、あらかじめご了承ください。 注意事項（先行販売・フリー入場共通） ※先行販売では昼夜チケットをお持ちの方、各部開場後はそれぞれのチケットをお持ちの方のみ、ご購入いただけます。 ※時間帯により、一部売り切れの商品がある場合がございます。ご了承ください。 ＜電子整理券事前申込方法＞ お申し込みはこちら STEP1：上のボタンのサイトより、「申し込む」ボタンをクリック！ STEP2：注意事項をご確認の上「上記の内容に同意する」ボタンをクリック！ STEP3：ご希望時間帯を全て選択し「希望順位の選択へ」ボタンをクリック！ STEP4：希望の順位をドラッグ&ドロップして並び替えたら、「決定」ボタンをクリック！ STEP5：お申し込み内容を確認して「確定」ボタンをクリックしたら、応募完了！✨ ご希望の時間で整理券をご用意予定ですが、特定の時間に申し込みが集中した場合は抽選となり、ご希望に添えない場合がございます。なるべくご来場可能な全ての枠にお申し込みをお願いいたします。 ※「電子整理券」のお申し込みには、ポニーキャニオンの電子チケットアプリ「ポニキャン」アプリ（無料）のインストールが必要です。 ※手数料・申込に関する注意事項等の詳細は上記URLからご確認ください。 【電子整理券に関するお問い合わせ】 きゃにめ https://canime.jp/help/ticket/ ＜受付期間＞ 12月17日(水)18:00〜12月21日(日)23:59まで ※受付期間終了後のお申し込みはお受けできませんので、あらかじめご了承ください。 ＜当選発表＞ 12月22日(月)を予定しております。 ご当選の場合は、アプリにチケットが発券されます。 ※状況により日程が前後する可能性がございますので、あらかじめご了承ください。 グッズラインナップ ⚫︎アクリルスタンド サンタver.／1,500円 ⚫︎アクリルスタンド トナカイver.／1,500円 ⚫︎ブロマイドセット クリスマスver.／1,000円 ⚫︎ジップパーカー Mサイズ・XLサイズ／8,500円 ⚫︎ネックレス・ブレスレットセット／5,500円 ⚫︎着せ替えぬいぐるみチャーム ポニーテールver.／5,000円 ※価格はすべて税込です。 グッズ購入特典 5,000円(税込) ご購入ごとに 「ミニフォト」 を1枚プレゼント！ 絵柄は、全4種。好きな絵柄をお選びいただけます！ ※お選びいただく際に、一部絵柄の配布が終了している場合がございます。あらかじめご了承ください。 ⇧タップして拡大 ハッピーコンプリートセット 23,000円 先行販売は、時間の都合上、 「コンプリートセット」23,000円 のみの販売とさせていただきます。 ＊ジップパーカーのサイズはお選びいただけます。 コンプリートセットをご購入のお客様には、購入特典のミニフォト4種にプラスして限定ミニフォトをプレゼント！ ⇧タップして拡大 是非この機会をお見逃しなく！ 注意事項 ※準備状況により販売時間が前後する場合がございます。 ※イベント販売商品のため、 数に限りがあります。品切れの際はご容赦ください。 ※お支払方法は現金、クレジットカード(VISA／Master／AMEX／JCB／Diners／DISCOVER)または、QRコード決済（PayPay／楽天ペイ／au PAY／d払い／Alipay+／WeChat Pay）および、交通系IC（※PiTaPaはご利用いただけません）、iD、QUICPayがご利用いただけます。 クレジットカードのお支払回数は一括のみ、ご利用明細はでませんのでご了承ください。※レジ袋のご用意はございません。あらかじめご了承ください。 ※ご購入品のお渡し間違い、釣り銭不足などないよう心がけて販売を行ないますが、必ずご購入後にその場でご確認ください。後ほどのお申し出にはご対応いたしかねます。 ※不良品の交換も当日会場対応のみとなります。ご購入後のご確認お願い申しあげます。 ※徹夜行為は会場ならびに近隣の方のご迷惑になりますため、一切禁止とさせていただきます。"
https://ishiharakaori-fc.com/news/?id=461,2025/12/21,2025 archive〜取材オフショット2〜を更新！,MOVIE『2025 archive〜取材オフショット2〜』を更新しました！ ▽こちらからチェック
https://ishiharakaori-fc.com/news/?id=462,2025/12/23,2025 archive〜会報誌ビジュアル撮影〜を更新！,MOVIE『2025 archive〜会報誌ビジュアル撮影〜』を更新しました！ ▽こちらからチェック
https://ishiharakaori-fc.com/news/?id=463,2025/12/24,【完売しました】2月6日発売『石原夏織写真集 KALOHA』きゃにめにて「ファンクラブ会員限定版」の発売が決定！,『石原夏織写真集 KALOHA』きゃにめにて「ファンクラブ会員限定版」の発売が決定しました！ ※こちらの商品は完売しました 予約期間：2025/12/25(木) 10:00〜 2026/1/18(日)23:59 ※予約上限数に達し次第、予約期間内で早期終了する可能性がございます 通常販売：2026/2/6(金)〜 ※無くなり次第終了 特典内容 ・クリアファイル ・抽選で10名様に“石原夏織から生電話”(抽選は、〜1/18(日)までのご予約の方が対象となります) ※生電話イベントについて 申込シリアルナンバーは 2026年1月16日(金)18:00 以降にメール・マイページにてお知らせします。 シリアルナンバーが記載されているメールをご確認の上、お申し込みください。 ■開催日時 2026年3月15日(日) 18:00〜21:00頃予定 ■配布期間 2026年1月18日(日)23:59まで ・1冊ご予約につき1シリアルナンバー発行 ・1シリアルナンバーにつき1回応募可能 ■当選発表 ご当選のお客様にはきゃにめよりイベントの詳細をメールにてご連絡させていただきます。 ご予約は こちら クリアファイル絵柄
https://ishiharakaori-fc.com/news/?id=464,2025/12/25,「Happy Christmas Show」終了後コメント💚を更新！,MOVIE『「Happy Christmas Show」終了後コメント💚』を更新しました！ ▽こちらからチェック
https://ishiharakaori-fc.com/news/?id=465,2025/12/25,Merry Christmas 2025🎅🩷を更新！,MOVIE『Merry Christmas 2025🎅🩷』を更新しました！ ▽こちらからチェック
https://ishiharakaori-fc.com/news/?id=466,2026/01/05,1月5日(月)19：00〜「石原夏織のCarry up!? NEXT」FC限定パート #20 配信します！,「石原夏織のCarry up!? NEXT」のFC限定パート #20 1月5日(月)19：00〜 より配信します！ 配信はこちらから→ ＃20 配信 アーカイブは、 MOVIEページ ・ 特設ページ からご覧いただけます。 お楽しみに！
https://ishiharakaori-fc.com/news/?id=467,2025/12/27,「京 Premium Live」終了後コメント⛩️を更新！,MOVIE『「京 Premium Live」終了後コメント⛩️』を更新しました！ ▽こちらからチェック
https://ishiharakaori-fc.com/news/?id=468,2025/12/31,夏織ちゃんからブログが届きました！,夏織ちゃんからブログが届きました！ ▽こちらからチェック
https://ishiharakaori-fc.com/news/?id=469,2026/01/01,『かおみくじ』更新！,ハンズの皆さん、あけましておめでとうございます！ 「かおみくじ」が新年に合わせて更新！ 是非、新しい「かおみくじ」をお楽しみにください✨ ▷「かおみくじ」を引く
https://ishiharakaori-fc.com/news/?id=470,2026/01/08,石原夏織 ファンクラブイベント「Happy Christmas Show」グッズ 事後通販情報,"石原夏織 ファンクラブイベント「Happy Christmas Show」グッズの事後通信販売を下記の通り実施いたします！ ラインナップ ⚫︎アクリルスタンド サンタver.／1,500円 ⚫︎アクリルスタンド トナカイver.／1,500円 ⚫︎ブロマイドセット クリスマスver.／1,000円 ⚫︎ジップパーカー Mサイズ／8,500円 ⚫︎ジップパーカー XLサイズ／8,500円 ⚫︎ネックレス・ブレスレットセット／5,500円 ⚫︎着せ替えぬいぐるみチャーム ポニーテールver.／5,000円 ※ファンクラブ会員のみ購入可能となります。 販売期間 1月9日（金）19:00〜 販売URL https://canime.jp/ishiharakaori/ ※商品は販売開始時間より表示されます ※在庫販売アイテムは準備数に限りがございます。あらかじめご了承ください ※ご購入の際は『きゃにめ』への会員登録が必要です。またファンクラブ会員のみ購入可能商品は、オフィシャルファンクラブ『hand in hand』への入会が必要です ※通販に関するご質問は、 こちら からお問い合わせください"
https://ishiharakaori-fc.com/news/?id=471,2026/01/12,1月19日(月)19：00〜「石原夏織のCarry up!? NEXT」FC限定パート #21 配信します！,「石原夏織のCarry up!? NEXT」のFC限定パート #21 1月19日(月)19：00〜 より配信します！ 配信はこちらから→ ＃21 配信 アーカイブは、 MOVIEページ ・ 特設ページ からご覧いただけます。 お楽しみに！
https://ishiharakaori-fc.com/news/?id=472,2026/01/23,「ISHIHARA KAORI Season's Greetings Box 2026」発売決定！,"FC会員限定 石原夏織「ISHIHARA KAORI Season's Greetings Box 2026」の販売が決定いたしました！ 大人気のFC年間ビジュアルを使用した、美麗グッズが盛りだくさんの限定BOX！ 春夏秋冬の夏織ちゃんを、1年中存分にお楽しみいただけるセット内容となっております！ また、Season's Greetings Boxセット商品の「卓上カレンダー2026ver.」と、「ぱふるんのふわふわチェキホルダー」は、単品でもお買い求めいただけます！ 予約受付 2026年1月23日（金）18:00 ～ 2026年2月1日（日）23:59まで お届け予定 2026年3月21日（土）より順次お届け予定 ※アーティストデビュー記念日付近にお届け予定です ※お届けについては予告無く変更する場合や、商品の入荷状況や配送状況、地域及び天候の状況や交通状況により、やむを得ずお届け予定時期までのお届けができない場合がございますので予めご了承ください。 商品詳細 ◆ISHIHARA KAORI Season's Greetings Box 2026 8,600円（税込） セット内容：オリジナルBOX／卓上カレンダー 2026ver.／ブロマイドセット(10枚入り)／自撮りフォトカードセット(5枚入り)/スマホステッカー2種／ぱふるんのふわふわチェキホルダー ◆卓上カレンダー2026ver. （2026年4月〜2027年3月) 2,500円（税込） 仕様：表紙＋12枚 ◆ぱふるんのふわふわチェキホルダー 2,200円（税込） ※本商品は、ファンクラブ会員の方のみご購入いただけます。 ※本商品の「卓上カレンダー 2026ver.」、「ぱふるんのふわふわチェキホルダー」と別売りの「卓上カレンダー 2026ver.」、「ぱふるんのふわふわチェキホルダー」は同内容となります。 販売URL https://canime.jp/ishiharakaori/ ※商品は販売開始時間より表示されます ※在庫販売アイテムは準備数に限りがございます。あらかじめご了承ください ※ご購入の際は『きゃにめ』への会員登録が必要です。またファンクラブ会員のみ購入可能商品は、オフィシャルファンクラブ『hand in hand』への入会が必要です ※通販に関するご質問は、 こちら からお問い合わせください"
https://ishiharakaori-fc.com/news/?id=473,2026/01/26,2月2日(月)19：00〜「石原夏織のCarry up!? NEXT」FC限定パート #22 配信します！,「石原夏織のCarry up!? NEXT」のFC限定パート #22 2月2日(月)19：00〜 より配信します！ 配信はこちらから→ ＃22 配信 アーカイブは、 MOVIEページ ・ 特設ページ からご覧いただけます。 お楽しみに！
https://ishiharakaori-fc.com/news/?id=474,2026/01/29,"くるくる動画 ""LIVE As I Am ver"" を更新！","MOVIE『くるくる動画 ""LIVE As I Am ver"" 』を更新しました！ ▽こちらからチェック"
https://ishiharakaori-fc.com/news/?id=475,2026/01/31,"くるくる動画 ""夏織サンタver"" を更新！","MOVIE『くるくる動画 ""夏織サンタver"" 』を更新しました！ ▽こちらからチェック"
https://ishiharakaori-fc.com/news/?id=476,2026/02/04,"くるくる動画 ""オトナカオリver""を更新！","MOVIE『くるくる動画 ""オトナカオリver"" 』を更新しました！ ▽こちらからチェック"
https://ishiharakaori-fc.com/news/?id=477,2026/04/01,4月のWALLPAPER 更新！,4月のWALLPAPERを更新しました！→ こちら
https://ishiharakaori-fc.com/news/?id=482,2026/02/09,2月16日(月)19：00〜「石原夏織のCarry up!? NEXT」FC限定パート #23 配信します！,「石原夏織のCarry up!? NEXT」のFC限定パート #23 2月16日(月)19：00〜 より配信します！ 配信はこちらから→ ＃23 配信 アーカイブは、 MOVIEページ ・ 特設ページ からご覧いただけます。 お楽しみに！
https://ishiharakaori-fc.com/news/?id=483,2026/02/14,写真集「KALOHA」発売記念イベント終了後コメント🌺を更新！,MOVIE『写真集「KALOHA」発売記念イベント終了後コメント🌺』を更新しました！ ▽こちらからチェック
https://ishiharakaori-fc.com/news/?id=484,2026/02/20,3月2日(月)19：00〜「石原夏織のCarry up!? NEXT」FC限定パート #24 配信します！,「石原夏織のCarry up!? NEXT」のFC限定パート #24 3月2日(月)19：00〜 より配信します！ 配信はこちらから→ ＃24 配信 アーカイブは、 MOVIEページ ・ 特設ページ からご覧いただけます。 お楽しみに！
https://ishiharakaori-fc.com/news/?id=485,2026/03/21,祝！石原夏織 アーティストデビュー8周年 サイト新ビジュアルを更新！,本日3月21日は、石原夏織 アーティストデビュー8周年の記念日👏 デビュー8周年を記念して 🩷サイト新ビジュアル 🩵新デザイン会員証(年額コース限定) 🤍タッチアイコン(スマホのホーム画面にFCサイトを追加いただくと、アイコンが表示されます) を更新しました🎉 真っ白でクリーンな夏織ちゃんの撮り下ろしカットとなっています♡ 今年も可愛い夏織ちゃんのビジュアルの変化をお楽しみに🤭
https://ishiharakaori-fc.com/news/?id=486,2026/02/28,FC photoshoot 2025 winterを更新！,MOVIE『FC photoshoot 2025 winter』を更新しました！ ▽こちらからチェック
https://ishiharakaori-fc.com/news/?id=487,2026/03/01,写真集「KALOHA」サイン会 イベント終了後コメント🍍を更新！,MOVIE『写真集「KALOHA」サイン会 イベント終了後コメント🍍』を更新しました！ ▽こちらからチェック
https://ishiharakaori-fc.com/news/?id=488,2026/03/06,3月16日(月)19：00〜「石原夏織のCarry up!? NEXT」FC限定パート #25 配信します！,「石原夏織のCarry up!? NEXT」のFC限定パート #25 3月16日(月)19：00〜 より配信します！ 配信はこちらから→ ＃25 配信 アーカイブは、 MOVIEページ ・ 特設ページ からご覧いただけます。 お楽しみに！
https://ishiharakaori-fc.com/news/?id=489,2026/03/06,FC photoshoot 2025 winter 撮影後コメントを更新！,MOVIE『FC photoshoot 2025 winter 撮影後コメント』を更新しました！ ▽こちらからチェック
https://ishiharakaori-fc.com/news/?id=490,2026/03/07,LIVE 2025 -As I Am- Blu-ray発売記念イベント 終了後コメントを更新！,MOVIE『LIVE 2025 -As I Am- Blu-ray発売記念イベント 終了後コメント』を更新しました！ ▽こちらからチェック
https://ishiharakaori-fc.com/news/?id=491,2026/03/18,3月26日(木)「hand in hand」会員限定生配信を行います！,3月26日(木)21時15分頃より、 「hand in hand」会員限定生配信が決定しました🌸🎉 *YouTube生配信後に配信いたします！ デビュー8周年記念のお祝いをします✨ お楽しみに〜！！！ 配信概要 配信日時 2026年3月26日(木)21時15分頃 配信開始予定 * 時間が前後する可能性がございます ※配信直前は混雑が予想されます。配信開始の15～20分前などお早めにログインのうえ配信開始をお待ちください。 ※配信が始まると、動画は自動的に開始いたします。過度なリロードはサイトへの負荷となりますので、お控えいただきますようお願いいたします。 チャット機能について ※チャットに参加する場合は、名前、利用規約とプライバシーポリシーに同意のチェックを入れ、登録を押し、その後にメッセージを入力してください。（チャット上にお名前が表示されない場合は、メッセージ内にもお名前をいれてください ※任意） ※チャット機能は会話に参加するほかのユーザーへの思いやりを忘れずにお楽しみください。 注意事項 ※ご視聴には、石原夏織 オフィシャルファンクラブ「hand in hand」への有料会員登録が必要となります。ご視聴を希望される方は、配信開始までに会員登録・入金完了までお手続きをお済ませください。 ※生配信のため、通信エラー等により配信が途切れる場合がございます。予めご了承ください。 ※本コンテンツは視聴専用となりダウンロードは出来ません。録画・スクリーンショットなどは禁止とさせていただきます。 ※視聴が出来ない方はブラウザを変えてお試しください。 ※機種や端末、ブラウザによって表示が異なる為、再生ボタンやチャットが表示されない場合がございます。その際はブラウザを変えてお試しくださいませ。 ※Androidをご利用されている場合はChrome等にブラウザを変えてお試しください。 ※Wi-Fi環境にてご視聴いただく事を強くお勧めいたします。 ◆ 配信ページはこちら ◆ 新規ご入会はこちら
https://ishiharakaori-fc.com/news/?id=492,2026/03/19,【スタッフブログ】田中からハンズの皆様へ,【スタッフブログ】田中からハンズの皆様へ を更新しました！ ▽こちらからチェック
https://ishiharakaori-fc.com/news/?id=493,2026/03/26,2026年7月4日(土) 石原夏織ファンクラブイベント「夏織姫と七夕祭り in 浅草花やしき」開催決定！,石原夏織ファンクラブイベント「夏織姫と七夕祭り in 浅草花やしき」の開催が決定しました！ 日本最古の遊園地「浅草花やしき」🎢🎠を貸切しちゃいます✨️ 園内の指定アトラクションを自由にお楽しみいただけるほか、夏織姫からのダンスレクチャーステージや、夏織姫の撮影タイムなど楽しいイベントを予定！ 夜の遊園地で、夏織姫と一緒にきらめく夏の思い出を作りませんか？🎋 お友達やご家族をお誘いの上、是非遊びに来てください！👭 ＊募集は4月中旬を予定しております 公演概要 ●日程 2026年7月4日(土) 18:30〜開始予定 ●場所 浅草花やしき (東京都台東区浅草２丁目２８−１） ●応募資格 FC会員様+同行者3名まで(非会員可)
https://ishiharakaori-fc.com/news/?id=494,2026/03/21,AR CAMERAのフレーム Vol.48を更新☆,AR CAMERAのフレームを更新しました☆ 8周年記念カットの夏織ちゃんです！ 是非、色んな写真を撮ってみてください！
https://ishiharakaori-fc.com/news/?id=495,2026/03/21,アーティストデビュー8周年 コメントを更新！,MOVIE『アーティストデビュー8周年 コメント』を更新しました！ ▽こちらからチェック
https://ishiharakaori-fc.com/news/?id=496,2026/05/01,5月のWALLPAPER 更新！,5月のWALLPAPERを更新しました！→ こちら
https://ishiharakaori-fc.com/news/?id=497,2026/05/09,会報15号、発行決定！発送先住所確認のお願い,5月下旬に、会報15号の発行が決定しました♪ 会報誌を確実に皆さまのお手元に届けるために、必ず下記をご一読いただきますようお願いいたします。 ◆発送日 2026年5月21日（木）より順次発送を予定しております。 ※1週間〜10日ほどかけて到着となります ◆発送対象 ・「hand in hand」有効会員の方 ・2026年5月31日（日）までに会員登録・入金完了までお手続きをお済ませいただいた方 ◆発送先住所確認のお願い 会報誌の発送に伴い、お引越しをされた方、お引越し予定の方は、期間内に必ず住所変更のお手続きをお願いいたします。 ※住所変更期間が短くなっておりますので、ご注意ください ＜確認期間＞ 2025年5月10日（日）23:59まで ＜確認・変更方法＞ ログイン後、MYPAGE内 会員情報にてご確認・変更ください ※確認期間内に住所変更がされていなかった場合・住所不明による未着や紛失等があった場合、再送のご対応はできかねます。あらかじめご了承ください。 ◆未着問合せ期間のご案内 時間がたってもお手元に会報誌が届かない場合は、以下の期間中に「お問い合わせ」よりご連絡ください。 ＜未着問い合わせ期間＞ 2026年6月8日（月）〜6月14日（日）23:59まで ※ゆうメール、ポスト投函でのお届けとなります。 ※上記期間以外のお問い合わせにつきましては、ご対応いたしかねますのでご注意ください。 ※再送対応にお時間をいただいてしまう可能性がございます。予めご了承ください。 アンケートへのご応募ありがとうございました✨ ____________________________________________________ 発行を記念して、皆様の「健康習慣」の募集を行います！ ストレッチをスタートした「石」原夏織ちゃん。 そんな夏織ちゃんと共に、ハンズの皆さんも健康になってみませんか？ 皆さんが日頃行っている健康に関する内容(ストレッチ・運動・ジム・ピラティス・散歩・食事・サプリ・ドリンク・ヘルシースイーツ・入浴 などなど)を教えてください！ 見事誌面に採用された方は、夏織ちゃんから健康度の認定と、コメントをお送りします！ ぜひ、この機会にチャレンジしてみてくださいね♪ 募集期間：2026年4月3日（金）23：59まで
https://ishiharakaori-fc.com/news/?id=498,2026/03/22,LIVE 2025 -As I Am- Blu-ray発売記念イベント東京 終了後コメントを更新！,MOVIE『LIVE 2025 -As I Am- Blu-ray発売記念イベント東京 終了後コメント』を更新しました！ ▽こちらからチェック
https://ishiharakaori-fc.com/news/?id=499,2026/03/22,3月30日(月)19：00〜「石原夏織のCarry up!? NEXT」FC限定パート #26 配信します！,「石原夏織のCarry up!? NEXT」のFC限定パート #26 3月30日(月)19：00〜 より配信します！ 配信はこちらから→ ＃26 配信 アーカイブは、 MOVIEページ ・ 特設ページ からご覧いただけます。 お楽しみに！
https://ishiharakaori-fc.com/news/?id=500,2026/03/26,石原夏織 LIVE 2026「ASOVIVA!!!」開催決定！FC＆きゃにめ最速先行受付スタート！,"石原夏織 LIVE 2026「ASOVIVA!!!」開催決定！FC＆きゃにめ最速先行受付スタート！ EP「ASOVIVA!!!」の世界観をそのままに、歌って踊って賑やかなサマーライブが開幕！ アフタートークまで遊び尽くすもよし、ライブだけで熱く盛り上がるもよし。遊び方はあなた次第です！ 2026年、特別な夏の思い出を刻みましょう🌺 公演概要 ●日時 2026年8月23日(日) ライブ 開場 16:00／開演 17:00／終演 19:00 予定 アフタートーク＆お見送り会 開演 19:30／終演 20:30 予定 ●会場 北とぴあ さくらホール (住所：東京都北区王⼦1-11-1 2F) ●料金 ・ASOBI-TSUKUSHI TICKET：18,000円（税込） ☆FC会員限定☆ （①ライブ ②特典グッズ ③アフタートークイベント ④Secretグッズ ⑤お見送り会） ・ASOBO-YO TICKET：10,000円（税込） （①ライブ ②特典グッズ） ・ASOBO TICKET：8,800円（税込） (ライブのみ) ＊特典グッズ...ASOVIVA!!!リングライト ＊Secretグッズ...当日のお楽しみとなります ※限定グッズ・Secretグッズ共に公演当日会場にてお渡しいたします。後日のお渡しはできません。 ※Secretグッズはアフタートークイベント退場時にお渡しとなります。 ＊お見送り会...アフタートーク終了後に実施いたします ※全席指定 ※電子チケット発券手数料： 1枚 300円（税込） ※未就学児童入場不可 ※営利目的の転売禁止 ●出演 石原夏織 KAORI BAND KAORI DANCERS 応募スケジュール ・石原夏織オフィシャルファンクラブ「hand in hand」会員最速先行販売 申込受付期間 2026/03/26(木) 21:00 ～ 2026/04/5(日) 23:59 抽選結果発表 2026/04/8(水) 19:00 以降 支払手続期間 2026/04/8(水) 19:00 ～ 2026/04/12(日) 23:59 ※枚数制限：お一人様 いずれか1券種2枚まで(同行者非会員可) ※お支払方法：各種クレジットカード、コンビニ決済(海外発行クレジットカードも決済可能) <ご注意> ファンクラブへのご入会が必要となります。 チケットはきゃにめ最速先行販売よりも優先的にお取りできます。 ただし、FC先行でキャパを上回る申込みをいただいた場合は抽選となります。予めご了承ください。 ◆ FCチケット申込に進む ◆ ◆ 新規ご入会はこちら ◆ ★ファンクラブにご入会されていない方へ チケット申込受付期間内に、ファンクラブへの入会手続き（会員登録・入金完了まで）をいただきますとチケットのお申込みが可能です！ ※入金確認が取れず仮登録状態の場合、チケット申込対象外となります ※チケットのお申込みには一定の手続きが必要となりますので、入会手続き（会員登録・入金完了まで）は時間に余裕をもってお手続きください ・きゃにめ最速先行販売 申込受付期間 2026/03/26(木) 21:00 ～ 2026/04/5(日) 23:59 抽選結果発表 2026/04/8(水) 19:00 以降 支払手続期間 2026/04/8(水) 19:00 ～ 2026/04/12(日) 23:59 受付URL： https://ticket.ponycanyon.co.jp/pc/360 (ファンクラブ会員の方は、必ず「FC先行」からお申し込みください) ※枚数制限：お一人様 いずれか1券種2枚まで ※お支払方法：各種クレジットカード、コンビニ決済(海外発行クレジットカードも決済可能) ※お申し込みは、お一人様1回まで最大合計2枚をご応募いただけます。 ※本受付の発券はポニーキャニオンの電子チケットアプリ「ポニキャン」のみとなります。 ※お申し込みには「ポニキャン」アプリ（無料）のインストールが必要です。 ※受付は先着順ではございません。お申込み多数の場合は抽選となります。 ※開場・開演時間は変更となる場合がございます。 【電子チケットアプリ「ポニキャン」】 ◆iOSアプリ https://apps.apple.com/jp/app/id1617078121 ◆Androidアプリ https://play.google.com/store/apps/details?id=jp.co.ponycanyon.ticket ※ご利用にはポニーキャニオンショッピングクラブ（きゃにめ）の会員登録(無料)が必要です ※注意事項等の詳細は「ポニキャン」アプリからご確認ください 注意事項 ・受付期間中に受付URLよりスマートフォンからお申し込みください。申込方法、料金の支払方法・手数料、発券方法など詳細は受付URLよりご確認ください。パソコン・フィーチャーフォンからのお申し込みはできません。 ・本受付は先着順ではございませんので、受付期間内にお間違いのないようお申し込みください。当落および座席などは、先着順ではなく、受付期間内にお申し込みいただいた中から抽選で決定します。座席の指定はできません。チケット券面にてご確認ください。申込内容の変更・取消は受付期間内にのみ行えます。当選後の変更・取消（購入辞退）などはお受けできません。 ・来場者本人がお申し込みください。会場にて本人確認をさせていただく場合がございます。当日は写真付き本人確認書類をご用意ください。写真付き本人確認書類をお持ちでない場合は、応募の前に作成してください。 ・本公演のチケットは、転売・譲渡禁止です。転売・譲渡されたチケットは無効となり、チケット代金の返金ならびに入場をお断りいたします。すでに入場している場合には強制的に退場を命じられる場合もあります。 ・天災及びその影響等によるやむを得ない事由により、開催日や会場の変更または中止とさせていただく場合がございます。 ・オフィシャルサイト（http://ishiharakaori.com/）に掲載される「公演ならびに来場の注意事項」等を必ずご確認ください。 チケット販売に関するお問合せ きゃにめ チケットQ&A／お問い合わせ： http://special.canime.jp/ticket/ ※公演内容や抽選結果・当選者情報に関するお問い合わせはお答えすることができません。 イベントに関するお問合せ ポニーキャニオン カスタマーセンター 営業時間：平日10:00～13:00/14:00～17:00（土日祝・会社の指定日除く） 問い合わせフォーム https://www.ponycanyon.co.jp/support/inquiry 問い合わせフォームの受付は24時間可能ですが、ご返信につきましては営業時間内となります。 また、イベント名、参加日もご連絡願います。なお、イベント前日、当日のお問い合わせにはお答は出来かねる場合がございます。 上記お問い合わせ以外、特に会場への直接のお問い合わせは御遠慮願います。"
https://ishiharakaori-fc.com/news/?id=501,2026/04/01,かおみくじ更新！,「かおみくじ」に新しいおみくじが追加！ 是非、おみくじを引いてみてくださいね✨ ▷ 「かおみくじ」を引く
https://ishiharakaori-fc.com/news/?id=502,2026/04/06,4月13日(月)20：00〜「石原夏織のCarry up!? NEXT」FC限定パート #27 配信します！,「石原夏織のCarry up!? NEXT」のFC限定パート #27 4月13日(月)20：00〜 より配信します！ 配信はこちらから→ ＃27 配信 アーカイブは、 MOVIEページ ・ 特設ページ からご覧いただけます。 お楽しみに！
https://ishiharakaori-fc.com/news/?id=503,2026/04/17,【FC2次先行】石原夏織 LIVE 2026「ASOVIVA!!!」チケット受付スタート！,"石原夏織 LIVE 2026「ASOVIVA!!!」開催決定！FC＆きゃにめ2次先行受付スタート！ EP「ASOVIVA!!!」の世界観をそのままに、歌って踊って賑やかなサマーライブが開幕！ アフタートークまで遊び尽くすもよし、ライブだけで熱く盛り上がるもよし。遊び方はあなた次第です！ 2026年、特別な夏の思い出を刻みましょう🌺 公演概要 ●日時 2026年8月23日(日) ライブ 開場 16:00／開演 17:00／終演 19:00 予定 アフタートーク＆お見送り会 開演 19:30／終演 20:30 予定 ●会場 北とぴあ さくらホール (住所：東京都北区王⼦1-11-1 2F) ●料金 ・ASOBI-TSUKUSHI TICKET：18,000円（税込） ☆FC会員限定☆ （①ライブ ②特典グッズ ③アフタートークイベント ④Secretグッズ ⑤お見送り会） ・ASOBO-YO TICKET：10,000円（税込） （①ライブ ②特典グッズ） ・ASOBO TICKET：8,800円（税込） (ライブのみ) ＊特典グッズ...ASOVIVA!!!リングライト ＊Secretグッズ...当日のお楽しみとなります ※限定グッズ・Secretグッズ共に公演当日会場にてお渡しいたします。後日のお渡しはできません。 ※Secretグッズはアフタートークイベント退場時にお渡しとなります。 ＊お見送り会...アフタートーク終了後に実施いたします ※全席指定 ※電子チケット発券手数料： 1枚 300円（税込） ※未就学児童入場不可 ※営利目的の転売禁止 ●出演 石原夏織 KAORI BAND KAORI DANCERS 応募スケジュール ・石原夏織オフィシャルファンクラブ「hand in hand」会員最速先行販売(終了) 申込受付期間 2026/03/26(木) 21:00 ～ 2026/04/5(日) 23:59 抽選結果発表 2026/04/8(水) 19:00 以降 支払手続期間 2026/04/8(水) 19:00 ～ 2026/04/12(日) 23:59 ・石原夏織オフィシャルファンクラブ「hand in hand」会員2次先行販売 申込受付期間 2026/04/17(金) 18:00 〜2026/05/10(日) 23:59 抽選結果発表 2026/05/13(水) 19:00以降 支払手続期間 2026/05/13(水) 19:00 〜 2026/05/17(日) 23:59 ※枚数制限：お一人様 いずれか1券種2枚まで(同行者非会員可) ※お支払方法：各種クレジットカード、コンビニ決済(海外発行クレジットカードも決済可能) <ご注意> ファンクラブへのご入会が必要となります。 チケットはきゃにめ最速先行販売よりも優先的にお取りできます。 ただし、FC先行でキャパを上回る申込みをいただいた場合は抽選となります。予めご了承ください。 ◆ FCチケット申込に進む ◆ ◆ 新規ご入会はこちら ◆ ★ファンクラブにご入会されていない方へ チケット申込受付期間内に、ファンクラブへの入会手続き（会員登録・入金完了まで）をいただきますとチケットのお申込みが可能です！ ※入金確認が取れず仮登録状態の場合、チケット申込対象外となります ※チケットのお申込みには一定の手続きが必要となりますので、入会手続き（会員登録・入金完了まで）は時間に余裕をもってお手続きください ・きゃにめ2次先行販売 申込受付期間 2026/04/17(金) 18:00 〜2026/05/10(日) 23:59 抽選結果発表 2026/05/13(水) 19:00以降 支払手続期間 2026/05/13(水) 19:00 〜 2026/05/17(日) 23:59 受付URL： https://ticket.ponycanyon.co.jp/pc/360 (ファンクラブ会員の方は、必ず「FC先行」からお申し込みください) ※枚数制限：お一人様 いずれか1券種2枚まで ※お支払方法：各種クレジットカード、コンビニ決済(海外発行クレジットカードも決済可能) ※お申し込みは、お一人様1回まで最大合計2枚をご応募いただけます。 ※本受付の発券はポニーキャニオンの電子チケットアプリ「ポニキャン」のみとなります。 ※お申し込みには「ポニキャン」アプリ（無料）のインストールが必要です。 ※受付は先着順ではございません。お申込み多数の場合は抽選となります。 ※開場・開演時間は変更となる場合がございます。 【電子チケットアプリ「ポニキャン」】 ◆iOSアプリ https://apps.apple.com/jp/app/id1617078121 ◆Androidアプリ https://play.google.com/store/apps/details?id=jp.co.ponycanyon.ticket ※ご利用にはポニーキャニオンショッピングクラブ（きゃにめ）の会員登録(無料)が必要です ※注意事項等の詳細は「ポニキャン」アプリからご確認ください 注意事項 ・受付期間中に受付URLよりスマートフォンからお申し込みください。申込方法、料金の支払方法・手数料、発券方法など詳細は受付URLよりご確認ください。パソコン・フィーチャーフォンからのお申し込みはできません。 ・本受付は先着順ではございませんので、受付期間内にお間違いのないようお申し込みください。当落および座席などは、先着順ではなく、受付期間内にお申し込みいただいた中から抽選で決定します。座席の指定はできません。チケット券面にてご確認ください。申込内容の変更・取消は受付期間内にのみ行えます。当選後の変更・取消（購入辞退）などはお受けできません。 ・来場者本人がお申し込みください。会場にて本人確認をさせていただく場合がございます。当日は写真付き本人確認書類をご用意ください。写真付き本人確認書類をお持ちでない場合は、応募の前に作成してください。 ・本公演のチケットは、転売・譲渡禁止です。転売・譲渡されたチケットは無効となり、チケット代金の返金ならびに入場をお断りいたします。すでに入場している場合には強制的に退場を命じられる場合もあります。 ・天災及びその影響等によるやむを得ない事由により、開催日や会場の変更または中止とさせていただく場合がございます。 ・オフィシャルサイト（http://ishiharakaori.com/）に掲載される「公演ならびに来場の注意事項」等を必ずご確認ください。 チケット販売に関するお問合せ きゃにめ チケットQ&A／お問い合わせ： http://special.canime.jp/ticket/ ※公演内容や抽選結果・当選者情報に関するお問い合わせはお答えすることができません。 イベントに関するお問合せ ポニーキャニオン カスタマーセンター 営業時間：平日10:00～13:00/14:00～17:00（土日祝・会社の指定日除く） 問い合わせフォーム https://www.ponycanyon.co.jp/support/inquiry 問い合わせフォームの受付は24時間可能ですが、ご返信につきましては営業時間内となります。 また、イベント名、参加日もご連絡願います。なお、イベント前日、当日のお問い合わせにはお答は出来かねる場合がございます。 上記お問い合わせ以外、特に会場への直接のお問い合わせは御遠慮願います。"
https://ishiharakaori-fc.com/news/?id=504,2026/04/16,石原夏織ファンクラブイベント「夏織姫と七夕祭り in 浅草花やしき」チケット先行スタート！,"石原夏織ファンクラブイベント「夏織姫と七夕祭り in 浅草花やしき」の開催が決定しました！ 日本最古の遊園地「浅草花やしき」🎢🎠を貸切しちゃいます✨️ 園内の指定アトラクションを自由にお楽しみいただけるほか、夏織姫からのダンスレクチャーステージや、夏織姫の撮影タイムなど楽しいイベントを予定！ 夜の遊園地で、夏織姫と一緒にきらめく夏の思い出を作りませんか？🎋 お友達やご家族をお誘いの上、是非遊びに来てください！👭 公演概要 ●公演日時 2026年7月4日(土) 開場18:30／開演19:00／閉演21:00 ※開場・開演時間は変更となる場合がございます ●会場 浅草花やしき (東京都台東区浅草２丁目２８−１） ●イベントポイント ⭐️夏織姫のダンスレクチャーステージを観覧 ⭐️ステージ＆アトラクションにて夏織姫の撮影タイムをご用意！ ⭐️園内の指定アトラクション＆マルハナ縁日で遊び放題 ⭐️園内のBGMを夏織姫がジャック！ ⭐️七夕グッズのプレゼント ※ステージは立ち見を予定しております ※撮影はお客様ご自身のスマートフォン・携帯電話のみ可能です ※指定アトラクションは、後日発表します ※ローラーコースター・スカイシップは、点検設備のためご利用いただけません ※イベントポイントは変更になる場合がございます ●園内での遊び方について 本イベントは、遊園地という特性上、主催者が指定したグループに分かれて、ステージやアトラクションをお楽しみいただきます。 グループ数や当日のタイムスケジュール等は後日ご案内いたします。 ※応募状況に応じて、ステージ前方に子供・女性・ファミリーエリアを設ける場合がございます。 ●料金 大人チケット(中学生以上) ¥15,400（七夕グッズ付き) 小人チケット(5歳〜小学生) ¥5,500 ※学年の切り替えは4月1日からとさせていただいております。入学式前でも4月1日より新料金区分の適用となります。 ※幼児(0〜4歳)入場不可 ※七夕グッズのお渡しは当日のみとなります。後日のお渡しはできません。 ※小人チケットには、七夕グッズは付きません。 ※電子チケット発券手数料： 1枚 300円（税込） ※営利目的の転売禁止 ●応募資格 FC会員様+同行者3名まで(非会員可) ※ファンクラブ『hand in hand』会員1名様につき 合計4枚まで ※小人チケットをご希望の場合は、券種が分かれておりますので、大人チケットをお申し込み後、大人チケットを応募されたIDで別途、お申し込みをお願いいたします。 ●出演 石原夏織 チケット受付スケジュール ・最速先行販売 申込受付期間 2026/04/16(木) 18:00 ～ 2026/04/26(日) 23:59 抽選結果発表 2026/05/1(金) 19:00 以降 支払手続期間 2026/05/1(金) 19:00 ～ 2026/05/10(日) 23:59 ※申込多数の場合は抽選となります ※お支払方法：各種クレジットカード、コンビニ決済(海外発行クレジットカードも決済可能) ●申込方法 お申込みには「ポニキャン」アプリ（無料）のインストールが必要です。 本受付の発券はポニーキャニオンの電子チケットアプリ「ポニキャン」のみとなります。 【電子チケットアプリ「ポニキャン」】 ◆iOSアプリ https://apps.apple.com/jp/app/id1617078121 ◆Androidアプリ https://play.google.com/store/apps/details?id=jp.co.ponycanyon.ticket ※ご利用にはポニーキャニオンショッピングクラブ（きゃにめ）の会員登録(無料)が必要です ※注意事項等の詳細は「ポニキャン」アプリからご確認ください イベント参加方法 （1）チケット申込受付期間～公演当日までの間、『hand in hand』ファンクラブ会員資格が必要となります。会員期限にご注意ください。 （2）ご当選された方は公演当日、ご本人様を確認できる下記3点をご提示いただきます。 公演当日、下記をお持ちでない方やご本人様確認ができない方、入場をお断りいたしますので十分にご注意ください。 ●チケット ●デジタル会員証 ●写真付きの身分証明書 ※下記参照 （パスポート／運転免許証／顔写真付き住民基本台帳カード／特別永住者証明書または在留カード／障害者手帳／顔写真入クレジットカード／顔写真付きマイナンバーカード／顔写真付き学生証） ※全てコピー及び期限切れは不可となります ※「マイナンバーカード通知カード」は身分証証明書とは認められません ※「マイナンバーカード」はどなたでも無料で取得していただけます ■マイナンバーカード総合サイト https://www.kojinbango-card.go.jp/kofushinse/ ◆ チケット申込に進む ◆ ◆ 新規ご入会はこちら ◆ ★ファンクラブにご入会されていない方へ チケット申込受付期間内に、ファンクラブへの入会手続き（会員登録・入金完了まで）をいただきますとチケットのお申込みが可能です！ ※入金確認が取れず仮登録状態の場合、チケット申込対象外となります ※チケットのお申込みには一定の手続きが必要となりますので、入会手続き（会員登録・入金完了まで）は時間に余裕をもってお手続きください 注意事項 ・受付期間中に受付URLよりスマートフォンからお申し込みください。申込方法、料金の支払方法・手数料、発券方法など詳細は受付URLよりご確認ください。パソコン・フィーチャーフォンからのお申し込みはできません。 ・本受付は先着順ではございませんので、受付期間内にお間違いのないようお申し込みください。当落および座席などは、先着順ではなく、受付期間内にお申し込みいただいた中から抽選で決定します。座席の指定はできません。チケット券面にてご確認ください。申込内容の変更・取消は受付期間内にのみ行えます。当選後の変更・取消（購入辞退）などはお受けできません。 ・来場者本人がお申し込みください。会場にて本人確認をさせていただく場合がございます。当日は写真付き本人確認書類をご用意ください。写真付き本人確認書類をお持ちでない場合は、応募の前に作成してください。 ・本公演のチケットは、転売・譲渡禁止です。転売・譲渡されたチケットは無効となり、チケット代金の返金ならびに入場をお断りいたします。すでに入場している場合には強制的に退場を命じられる場合もあります。 ・天災及びその影響等によるやむを得ない事由により、開催日や会場の変更または中止とさせていただく場合がございます。 ・危険物、酒類の持ち込みは禁止です。 ・ゴミは各自の責任で処理、またはお持ち帰りいただくようお願いいたします。 ・本イベントの安全な運営に支障をきたすと主催者が判断した場合、ご退場もしくはご入場をお断りする場合がございます。 ・会場内における物品および会場自体の器物破損については、運営、会場側は責任を負いません。 ・お手荷物や大きな荷物は園内又は会場周辺のコインロッカーにあらかじめお預けする事をお勧めいたします。お荷物等の紛失・盗難等は主催者は一切責任を負いません。 ・貴重品は自己管理をお願いいたします。万が一紛失されても責任は負いません。 ・忘れ物や落し物などは、届け出がなければイベント終了後1週間後に処分させていただきます。心当たりのある方はお早めにご連絡ください。 ・車椅子でご来場の方、または介助犬などをお連れする場合は事前に問い合わせ先までご相談ください。 ・非常時はスタッフの指示に従い、慌てず落ち着いて行動してください。 ・会場構造上や設営状況により、主催者指定の観覧場所によっては、舞台/映像/出演者が見え辛い場合がございます。予めご了承ください。 ・取材用撮影が入る場合、お客様が映り込む可能性がございます。あらかじめご了承ください 出演者へのプレゼントについて ＜プレゼントについて＞ 会場内に設置されているプレゼントボックスにお預けください。 設置場所については事前にご案内いたしかねますので、会場にてご確認ください。 また、下記に属するものに関しましては安全面や衛生面を考慮し、お受け取りすることができませんのであらかじめご了承ください。 ＜受け取れないもの＞ ・飲食物全般 ・既に開封されているもの／使用済のもの ・危険物(火薬・花火・刃物等) ・生き物(動物、虫など) ・自己制作のCD・DVD・アルバム・グッズ全般 ・持ち運びが困難な大きな物、重量物 ・現金、記念硬貨 ・下着類（ショーツなど） ※タレントやスタッフへの直接の手渡しはご遠慮いただいております。 ※内容によっては、事務所の判断により返却・処分する場合があります。 ＜花束、フラワーアレンジメント・フラワースタンドについて＞ 会場の都合上、本公演に関してはスタンド花・楽屋花などの祝花の贈り物はご遠慮申し上げます。お気持ちだけ受け取らせて頂きます。 チケット販売に関するお問合せ きゃにめ チケットQ&A／お問い合わせ： http://special.canime.jp/ticket/ ※公演内容や抽選結果・当選者情報に関するお問い合わせはお答えすることができません。 イベントに関するお問合せ ポニーキャニオン カスタマーセンター 営業時間：平日10:00～13:00/14:00～17:00（土日祝・会社の指定日除く） 問い合わせフォーム https://www.ponycanyon.co.jp/support/inquiry 問い合わせフォームの受付は24時間可能ですが、ご返信につきましては営業時間内となります。 また、イベント名、参加日もご連絡願います。なお、イベント前日、当日のお問い合わせにはお答は出来かねる場合がございます。 上記お問い合わせ以外、特に会場への直接のお問い合わせは御遠慮願います。"
https://ishiharakaori-fc.com/news/?id=505,2026/04/20,4月27日(月)20：00〜「石原夏織のCarry up!? NEXT」FC限定パート #28 配信します！,「石原夏織のCarry up!? NEXT」のFC限定パート #28 4月27日(月)20：00〜 より配信します！ 配信はこちらから→ ＃28 配信 アーカイブは、 MOVIEページ ・ 特設ページ からご覧いただけます。 お楽しみに！
https://ishiharakaori-fc.com/news/?id=506,2026/04/19,Sho Watanabe 20th Anniversary Fes.2026 supported by リスアニ！ 終了後コメントを更新！,MOVIE『Sho Watanabe 20th Anniversary Fes.2026 supported by リスアニ！ 終了後コメント』を更新しました！ ▽こちらからチェック
https://ishiharakaori-fc.com/news/?id=507,2026/05/04,"くるくる動画 ""ASOVIVA ver"" を更新！","MOVIE『くるくる動画 ""ASOVIVA ver"" 』を更新しました！ ▽こちらからチェック"
https://ishiharakaori-fc.com/news/?id=508,2026/05/04,石原夏織2ndE.P「#ASOVIVA!!!」発売記念「トーク＆シール交換会」 @AKIHABARAゲーマーズ本店 終了後コメントを更新！,MOVIE『石原夏織2ndE.P「#ASOVIVA!!!」発売記念「トーク＆シール交換会」 @AKIHABARAゲーマーズ本店 終了後コメント』を更新しました！ ▽こちらからチェック
https://ishiharakaori-fc.com/news/?id=509,2026/05/07,5月11日(月)20：00〜「石原夏織のCarry up!? NEXT」FC限定パート #29 配信します！,「石原夏織のCarry up!? NEXT」のFC限定パート #29 5月11日(月)20：00〜 より配信します！ 配信はこちらから→ ＃29 配信 アーカイブは、 MOVIEページ ・ 特設ページ からご覧いただけます。 お楽しみに！
https://ishiharakaori-fc.com/news/?id=510,2026/05/11,石原夏織2ndE.P「#ASOVIVA!!!」発売記念「トーク＆シール交換会」 @大阪・名古屋 終了後コメントを更新！,MOVIE『石原夏織2ndE.P「#ASOVIVA!!!」発売記念「トーク＆シール交換会」 @大阪・名古屋 終了後コメント』を更新しました！ ▽こちらからチェック
https://ishiharakaori-fc.com/news/?id=511,2026/05/19,【FC3次先行】石原夏織 LIVE 2026「ASOVIVA!!!」チケット受付スタート！,"石原夏織 LIVE 2026「ASOVIVA!!!」開催決定！ FC＆きゃにめ3次、イープラス先行受付スタート！ ライブ特設サイトはこちら EP「ASOVIVA!!!」の世界観をそのままに、歌って踊って賑やかなサマーライブが開幕！ アフタートークまで遊び尽くすもよし、ライブだけで熱く盛り上がるもよし。遊び方はあなた次第です！ 2026年、特別な夏の思い出を刻みましょう🌺 公演概要 ●日時 2026年8月23日(日) ライブ 開場 16:00／開演 17:00／終演 19:00 予定 アフタートーク＆お見送り会 開演 19:30／終演 20:30 予定 ●会場 北とぴあ さくらホール (住所：東京都北区王⼦1-11-1 2F) ●料金 ・ASOBI-TSUKUSHI TICKET：18,000円（税込） ☆FC会員限定☆ （①ライブ ②特典グッズ ③アフタートークイベント ④Secretグッズ ⑤お見送り会） ・ASOBO-YO TICKET：10,000円（税込） （①ライブ ②特典グッズ） ・ASOBO TICKET：8,800円（税込） (ライブのみ) ＊特典グッズ...ASOVIVA!!!リングライト ＊Secretグッズ...当日のお楽しみとなります ※限定グッズ・Secretグッズ共に公演当日会場にてお渡しいたします。後日のお渡しはできません。 ※Secretグッズはアフタートークイベント退場時にお渡しとなります。 ＊お見送り会...アフタートーク終了後に実施いたします ※全席指定 ※電子チケット発券手数料： 1枚 300円（税込） ※未就学児童入場不可 ※営利目的の転売禁止 ●出演 石原夏織 KAORI BAND KAORI DANCERS 応募スケジュール ・石原夏織オフィシャルファンクラブ「hand in hand」会員最速先行販売(終了) 申込受付期間 2026/03/26(木) 21:00 ～ 2026/04/5(日) 23:59 抽選結果発表 2026/04/8(水) 19:00 以降 支払手続期間 2026/04/8(水) 19:00 ～ 2026/04/12(日) 23:59 ・石原夏織オフィシャルファンクラブ「hand in hand」会員2次先行販売 (終了) 申込受付期間 2026/04/17(金) 18:00 〜2026/05/10(日) 23:59 抽選結果発表 2026/05/13(水) 19:00以降 支払手続期間 2026/05/13(水) 19:00 〜 2026/05/17(日) 23:59 ■石原夏織オフィシャルファンクラブ「hand in hand」会員三次先行販売 申込受付期間 2026/05/19(火) 18:00 〜2026/06/07(日) 23:59 抽選結果発表 2026/06/10(水) 19:00以降 支払手続期間 2026/06/10(水) 19:00 〜 2026/06/14(日) 23:59 ※枚数制限：お一人様 いずれか1券種2枚まで(同行者非会員可) ※お支払方法：各種クレジットカード、コンビニ決済(海外発行クレジットカードも決済可能) <ご注意> ファンクラブへのご入会が必要となります。 チケットはきゃにめ最速先行販売よりも優先的にお取りできます。 ただし、FC先行でキャパを上回る申込みをいただいた場合は抽選となります。予めご了承ください。 ◆ FCチケット申込に進む ◆ ◆ 新規ご入会はこちら ◆ ★ファンクラブにご入会されていない方へ チケット申込受付期間内に、ファンクラブへの入会手続き（会員登録・入金完了まで）をいただきますとチケットのお申込みが可能です！ ※入金確認が取れず仮登録状態の場合、チケット申込対象外となります ※チケットのお申込みには一定の手続きが必要となりますので、入会手続き（会員登録・入金完了まで）は時間に余裕をもってお手続きください 【電子チケットアプリ「ポニキャン」】 ◆iOSアプリ https://apps.apple.com/jp/app/id1617078121 ◆Androidアプリ https://play.google.com/store/apps/details?id=jp.co.ponycanyon.ticket ※ご利用にはポニーキャニオンショッピングクラブ（きゃにめ）の会員登録(無料)が必要です ※注意事項等の詳細は「ポニキャン」アプリからご確認ください 注意事項 ・受付期間中に受付URLよりスマートフォンからお申し込みください。申込方法、料金の支払方法・手数料、発券方法など詳細は受付URLよりご確認ください。パソコン・フィーチャーフォンからのお申し込みはできません。 ・本受付は先着順ではございませんので、受付期間内にお間違いのないようお申し込みください。当落および座席などは、先着順ではなく、受付期間内にお申し込みいただいた中から抽選で決定します。座席の指定はできません。チケット券面にてご確認ください。申込内容の変更・取消は受付期間内にのみ行えます。当選後の変更・取消（購入辞退）などはお受けできません。 ・来場者本人がお申し込みください。会場にて本人確認をさせていただく場合がございます。当日は写真付き本人確認書類をご用意ください。写真付き本人確認書類をお持ちでない場合は、応募の前に作成してください。 ・本公演のチケットは、転売・譲渡禁止です。転売・譲渡されたチケットは無効となり、チケット代金の返金ならびに入場をお断りいたします。すでに入場している場合には強制的に退場を命じられる場合もあります。 ・天災及びその影響等によるやむを得ない事由により、開催日や会場の変更または中止とさせていただく場合がございます。 ・オフィシャルサイト（http://ishiharakaori.com/）に掲載される「公演ならびに来場の注意事項」等を必ずご確認ください。 チケット販売に関するお問合せ きゃにめ チケットQ&A／お問い合わせ： http://special.canime.jp/ticket/ ※公演内容や抽選結果・当選者情報に関するお問い合わせはお答えすることができません。 イベントに関するお問合せ ポニーキャニオン カスタマーセンター 営業時間：平日10:00～13:00/14:00～17:00（土日祝・会社の指定日除く） 問い合わせフォーム https://www.ponycanyon.co.jp/support/inquiry 問い合わせフォームの受付は24時間可能ですが、ご返信につきましては営業時間内となります。 また、イベント名、参加日もご連絡願います。なお、イベント前日、当日のお問い合わせにはお答は出来かねる場合がございます。 上記お問い合わせ以外、特に会場への直接のお問い合わせは御遠慮願います。"
https://ishiharakaori-fc.com/news/?id=512,2026/06/01,祝！hand in hand 5周年🤝サイト夏ビジュアルを更新！,本日6月1日は、hand in hand 開設5周年の記念日🤝 ハンズの皆さん、いつも応援ありがとうございます！ 🩵サイト夏ビジュアル 💚月額コースデジタル会員証デザイン を更新しました🎉 リゾートワンピーススタイルの撮り下ろしカットとなっています🏝️☀️ 爽やかな夏織ちゃんをお楽しみください！
https://ishiharakaori-fc.com/news/?id=513,2026/05/15,【2次募集】石原夏織ファンクラブイベント「夏織姫と七夕祭り in 浅草花やしき」チケット受付スタート！,"石原夏織ファンクラブイベント「夏織姫と七夕祭り in 浅草花やしき」チケット2次先行がスタート！ 日本最古の遊園地「浅草花やしき」🎢🎠を貸切しちゃいます✨️ 園内の指定アトラクションを自由にお楽しみいただけるほか、夏織姫からのダンスレクチャーステージや、夏織姫の撮影タイムなど楽しいイベントを予定！ 夜の遊園地で、夏織姫と一緒にきらめく夏の思い出を作りませんか？🎋 お友達やご家族をお誘いの上、是非遊びに来てください！👭 公演概要 ●公演日時 2026年7月4日(土) 開場18:30／開演19:00／閉演21:00 ※開場・開演時間は変更となる場合がございます ●会場 浅草花やしき (東京都台東区浅草２丁目２８−１） ●イベントポイント ⭐️夏織姫のダンスレクチャーステージを観覧 ⭐️ステージ＆アトラクションにて夏織姫の撮影タイムをご用意！ ⭐️園内の指定アトラクション＆マルハナ縁日で遊び放題 ⭐️園内のBGMを夏織姫がジャック！ ⭐️七夕グッズのプレゼント ※ステージは立ち見を予定しております ※撮影はお客様ご自身のスマートフォン・携帯電話のみ可能です ※指定アトラクションは、後日発表します ※ローラーコースター・スカイシップは、点検設備のためご利用いただけません ※イベントポイントは変更になる場合がございます ●園内での遊び方について 本イベントは、遊園地という特性上、主催者が指定したグループに分かれて、ステージやアトラクションをお楽しみいただきます。 グループ数や当日のタイムスケジュール等は後日ご案内いたします。 ※応募状況に応じて、ステージ前方に子供・女性・ファミリーエリアを設ける場合がございます。 ●料金 大人チケット(中学生以上) ¥15,400（七夕グッズ付き) 小人チケット(5歳〜小学生) ¥5,500 ※学年の切り替えは4月1日からとさせていただいております。入学式前でも4月1日より新料金区分の適用となります。 ※幼児(0〜4歳)入場不可 ※七夕グッズのお渡しは当日のみとなります。後日のお渡しはできません。 ※小人チケットには、七夕グッズは付きません。 ※電子チケット発券手数料： 1枚 300円（税込） ※営利目的の転売禁止 ●応募資格 FC会員様+同行者3名まで(非会員可) ※ファンクラブ『hand in hand』会員1名様につき 合計4枚まで ※小人チケットをご希望の場合は、券種が分かれておりますので、大人チケットをお申し込み後、大人チケットを応募されたIDで別途、お申し込みをお願いいたします。 ●出演 石原夏織 チケット受付スケジュール ・2次先行販売 申込受付期間 2026/05/15(金) 18:00 〜 2026/5/31(日) 23:59 抽選結果発表 2026/06/04(木) 19:00以降 支払手続期間 2026/06/04(木) 19:00 〜 2026/06/07(日) 23:59 ・最速先行販売 ※受付終了 申込受付期間 2026/04/16(木) 18:00 ～ 2026/04/26(日) 23:59 抽選結果発表 2026/05/1(金) 19:00 以降 支払手続期間 2026/05/1(金) 19:00 ～ 2026/05/10(日) 23:59 ※申込多数の場合は抽選となります ※お支払方法：各種クレジットカード、コンビニ決済(海外発行クレジットカードも決済可能) ●申込方法 お申込みには「ポニキャン」アプリ（無料）のインストールが必要です。 本受付の発券はポニーキャニオンの電子チケットアプリ「ポニキャン」のみとなります。 【電子チケットアプリ「ポニキャン」】 ◆iOSアプリ https://apps.apple.com/jp/app/id1617078121 ◆Androidアプリ https://play.google.com/store/apps/details?id=jp.co.ponycanyon.ticket ※ご利用にはポニーキャニオンショッピングクラブ（きゃにめ）の会員登録(無料)が必要です ※注意事項等の詳細は「ポニキャン」アプリからご確認ください イベント参加方法 （1）チケット申込受付期間～公演当日までの間、『hand in hand』ファンクラブ会員資格が必要となります。会員期限にご注意ください。 （2）ご当選された方は公演当日、ご本人様を確認できる下記3点をご提示いただきます。 公演当日、下記をお持ちでない方やご本人様確認ができない方、入場をお断りいたしますので十分にご注意ください。 ●チケット ●デジタル会員証 ●写真付きの身分証明書 ※下記参照 （パスポート／運転免許証／顔写真付き住民基本台帳カード／特別永住者証明書または在留カード／障害者手帳／顔写真入クレジットカード／顔写真付きマイナンバーカード／顔写真付き学生証） ※全てコピー及び期限切れは不可となります ※「マイナンバーカード通知カード」は身分証証明書とは認められません ※「マイナンバーカード」はどなたでも無料で取得していただけます ■マイナンバーカード総合サイト https://www.kojinbango-card.go.jp/kofushinse/ ◆ チケット申込に進む ◆ ◆ 新規ご入会はこちら ◆ ★ファンクラブにご入会されていない方へ チケット申込受付期間内に、ファンクラブへの入会手続き（会員登録・入金完了まで）をいただきますとチケットのお申込みが可能です！ ※入金確認が取れず仮登録状態の場合、チケット申込対象外となります ※チケットのお申込みには一定の手続きが必要となりますので、入会手続き（会員登録・入金完了まで）は時間に余裕をもってお手続きください 注意事項 ・受付期間中に受付URLよりスマートフォンからお申し込みください。申込方法、料金の支払方法・手数料、発券方法など詳細は受付URLよりご確認ください。パソコン・フィーチャーフォンからのお申し込みはできません。 ・本受付は先着順ではございませんので、受付期間内にお間違いのないようお申し込みください。当落および座席などは、先着順ではなく、受付期間内にお申し込みいただいた中から抽選で決定します。座席の指定はできません。チケット券面にてご確認ください。申込内容の変更・取消は受付期間内にのみ行えます。当選後の変更・取消（購入辞退）などはお受けできません。 ・来場者本人がお申し込みください。会場にて本人確認をさせていただく場合がございます。当日は写真付き本人確認書類をご用意ください。写真付き本人確認書類をお持ちでない場合は、応募の前に作成してください。 ・本公演のチケットは、転売・譲渡禁止です。転売・譲渡されたチケットは無効となり、チケット代金の返金ならびに入場をお断りいたします。すでに入場している場合には強制的に退場を命じられる場合もあります。 ・天災及びその影響等によるやむを得ない事由により、開催日や会場の変更または中止とさせていただく場合がございます。 ・危険物、酒類の持ち込みは禁止です。 ・ゴミは各自の責任で処理、またはお持ち帰りいただくようお願いいたします。 ・本イベントの安全な運営に支障をきたすと主催者が判断した場合、ご退場もしくはご入場をお断りする場合がございます。 ・会場内における物品および会場自体の器物破損については、運営、会場側は責任を負いません。 ・お手荷物や大きな荷物は園内又は会場周辺のコインロッカーにあらかじめお預けする事をお勧めいたします。お荷物等の紛失・盗難等は主催者は一切責任を負いません。 ・貴重品は自己管理をお願いいたします。万が一紛失されても責任は負いません。 ・忘れ物や落し物などは、届け出がなければイベント終了後1週間後に処分させていただきます。心当たりのある方はお早めにご連絡ください。 ・車椅子でご来場の方、または介助犬などをお連れする場合は事前に問い合わせ先までご相談ください。 ・非常時はスタッフの指示に従い、慌てず落ち着いて行動してください。 ・会場構造上や設営状況により、主催者指定の観覧場所によっては、舞台/映像/出演者が見え辛い場合がございます。予めご了承ください。 ・取材用撮影が入る場合、お客様が映り込む可能性がございます。あらかじめご了承ください 出演者へのプレゼントについて ＜プレゼントについて＞ 会場内に設置されているプレゼントボックスにお預けください。 設置場所については事前にご案内いたしかねますので、会場にてご確認ください。 また、下記に属するものに関しましては安全面や衛生面を考慮し、お受け取りすることができませんのであらかじめご了承ください。 ＜受け取れないもの＞ ・飲食物全般 ・既に開封されているもの／使用済のもの ・危険物(火薬・花火・刃物等) ・生き物(動物、虫など) ・自己制作のCD・DVD・アルバム・グッズ全般 ・持ち運びが困難な大きな物、重量物 ・現金、記念硬貨 ・下着類（ショーツなど） ※タレントやスタッフへの直接の手渡しはご遠慮いただいております。 ※内容によっては、事務所の判断により返却・処分する場合があります。 ＜花束、フラワーアレンジメント・フラワースタンドについて＞ 会場の都合上、本公演に関してはスタンド花・楽屋花などの祝花の贈り物はご遠慮申し上げます。お気持ちだけ受け取らせて頂きます。 チケット販売に関するお問合せ きゃにめ チケットQ&A／お問い合わせ： http://special.canime.jp/ticket/ ※公演内容や抽選結果・当選者情報に関するお問い合わせはお答えすることができません。 イベントに関するお問合せ ポニーキャニオン カスタマーセンター 営業時間：平日10:00～13:00/14:00～17:00（土日祝・会社の指定日除く） 問い合わせフォーム https://www.ponycanyon.co.jp/support/inquiry 問い合わせフォームの受付は24時間可能ですが、ご返信につきましては営業時間内となります。 また、イベント名、参加日もご連絡願います。なお、イベント前日、当日のお問い合わせにはお答は出来かねる場合がございます。 上記お問い合わせ以外、特に会場への直接のお問い合わせは御遠慮願います。"
https://ishiharakaori-fc.com/news/?id=514,2026/05/19,5月25日(月)20：00〜「石原夏織のCarry up!? NEXT」FC限定パート #30 配信します！,「石原夏織のCarry up!? NEXT」のFC限定パート #30 5月25日(月)20：00〜 より配信します！ 配信はこちらから→ ＃30 配信 アーカイブは、 MOVIEページ ・ 特設ページ からご覧いただけます。 お楽しみに！
https://ishiharakaori-fc.com/news/?id=515,2026/05/22,石原夏織ファンクラブイベント「夏織姫と七夕祭り in 浅草花やしき」開催記念 FC限定グッズの受注販売が決定！,"石原夏織ファンクラブイベント「夏織姫と七夕祭り in 浅草花やしき」開催記念 FC限定グッズの受注販売が決定しました！ イベントで大活躍間違いなしの、七夕やお祭りテイストのグッズラインナップとなっています✨🎋 なお、イベント当日の会場物販の予定はございませんので、予めご了承ください。 イベントチケットページはこちら グッズ一覧 ⇧タップして拡大 受注期間 2026年5月22日（金）18:00 ～ 2026年5月31日（日）23:59まで お届け予定 2026年6月25日（木）頃より順次お届け予定 ※7月4日(土)のイベントまでにお届け予定です ※お届けについては予告無く変更する場合や、商品の入荷状況や配送状況、地域及び天候の状況や交通状況により、やむを得ずお届け予定時期までのお届けができない場合がございますので予めご了承ください。 グッズラインナップ ⚫︎「今日も夏織は可愛い」法被／6,500円 サイズ：フリーサイズ 素材：ポリエステル ☆ポイント☆ 「今日も夏織は可愛い」のフレーズが入った法被がついに登場！ これを着れば、ライブやイベントで目立つこと間違いなし！ どなたでも使いやすい、ライトブルーカラーとなっています。 ⚫︎手ぬぐい／2,500円 サイズ：約35cm×約90cm 素材：木綿 岡 ☆ポイント☆ かおりちゃん・むーちゃん・めるちゃん・ぱふるんのイラストをあしらったオリジナル絵紋の和風手ぬぐい。 タオルとして使用するもよし、額縁に入れれば、お部屋のインテリアなどにも活用いただけます！ ⚫︎ブロマイドセット 夏織姫ver.／1,000円 サイズ：L判・6枚入り ☆ポイント☆ 夏織姫のいろんな表情が楽しめるブロマイドセット！ ⚫︎お座りアクリルスタンド 夏織姫ver.／2,000円 ▼パーツ詳細 サイズ：本体 約12cm×約12cm、台座 約7cm×約10cm、パーツ2個 ※ヌードルキーパーとしてお使いいただけます ☆ポイント☆ 話題のお座りアクスタがついに登場！ テーブルや棚の縁に置いたり、カップ麺の蓋に乗せたりと、色々な使い方をお楽しみいただけます！カトラリーを置ける便利なパーツ付き！ ⚫︎ステッカーセット／1,200円 サイズ：約5cm×約5cm・3枚入り 仕様：紙・ホログラム ☆ポイント☆ キラキラなホログラムを使用したステッカーセット☆ 小さめサイズで、スマホやお好きなところに貼ってお楽しみいただけます！ ※価格はすべて税込です。 ※本商品は、ファンクラブ会員の方のみご購入いただけます。 販売URL https://canime.jp/ishiharakaori/ ※商品は販売開始時間より表示されます ※在庫販売アイテムは準備数に限りがございます。あらかじめご了承ください ※ご購入の際は『きゃにめ』への会員登録が必要です。またファンクラブ会員のみ購入可能商品は、オフィシャルファンクラブ『hand in hand』への入会が必要です ※通販に関するご質問は、 こちら からお問い合わせください"
https://ishiharakaori-fc.com/news/?id=516,2026/05/22,5月25日(月)「hand in hand」会員限定生配信を行います！,5月25日(月)20時15分頃より、 「hand in hand」会員限定生配信が決定しました🎋⭐️ *FCラジオ配信後に配信いたします！ hand in handは、間も無く5歳！ということで、FC5周年のお祝いをします🥂 お楽しみに〜！！！ 配信概要 配信日時 2026年5月25日(月)20時15分 配信開始予定 *時間が前後する可能性がございます ※配信直前は混雑が予想されます。配信開始の15～20分前などお早めにログインのうえ配信開始をお待ちください。 ※配信が始まると、動画は自動的に開始いたします。過度なリロードはサイトへの負荷となりますので、お控えいただきますようお願いいたします。 チャット機能について ※チャットに参加する場合は、名前、利用規約とプライバシーポリシーに同意のチェックを入れ、登録を押し、その後にメッセージを入力してください。（チャット上にお名前が表示されない場合は、メッセージ内にもお名前をいれてください ※任意） ※チャット機能は会話に参加するほかのユーザーへの思いやりを忘れずにお楽しみください。 注意事項 ※ご視聴には、石原夏織 オフィシャルファンクラブ「hand in hand」への有料会員登録が必要となります。ご視聴を希望される方は、配信開始までに会員登録・入金完了までお手続きをお済ませください。 ※生配信のため、通信エラー等により配信が途切れる場合がございます。予めご了承ください。 ※本コンテンツは視聴専用となりダウンロードは出来ません。録画・スクリーンショットなどは禁止とさせていただきます。 ※視聴が出来ない方はブラウザを変えてお試しください。 ※機種や端末、ブラウザによって表示が異なる為、再生ボタンやチャットが表示されない場合がございます。その際はブラウザを変えてお試しくださいませ。 ※Androidをご利用されている場合はChrome等にブラウザを変えてお試しください。 ※Wi-Fi環境にてご視聴いただく事を強くお勧めいたします。 ◆ 配信ページはこちら ◆ 新規ご入会はこちら
https://ishiharakaori-fc.com/news/?id=549,2026/05/28,Little Humming Love MV撮影オフショット1 を更新！,MOVIE『Little Humming Love MV撮影オフショット1 』を更新しました！ ▽こちらからチェック
https://ishiharakaori-fc.com/news/?id=550,2026/05/29,Little Humming Love MV撮影オフショット2 を更新！,MOVIE『Little Humming Love MV撮影オフショット2 』を更新しました！ ▽こちらからチェック
https://ishiharakaori-fc.com/news/?id=551,2026/06/03,Little Humming Love MV撮影オフショット3 を更新！,MOVIE『Little Humming Love MV撮影オフショット3 』を更新しました！ ▽こちらからチェック
https://ishiharakaori-fc.com/news/?id=552,2026/06/05,Little Humming Love MV撮影オフショット4 を更新！,MOVIE『Little Humming Love MV撮影オフショット4』を更新しました！ ▽こちらからチェック
https://ishiharakaori-fc.com/news/?id=553,2026/06/09,2nd E.P ASOVIVA!!! ジャケット撮影オフショット1 を更新！,MOVIE『2nd E.P ASOVIVA!!! ジャケット撮影オフショット1』を更新しました！ ▽こちらからチェック
https://ishiharakaori-fc.com/news/?id=554,2026/06/11,2nd E.P ASOVIVA!!! ジャケット撮影オフショット2 を更新！,MOVIE『2nd E.P ASOVIVA!!! ジャケット撮影オフショット2』を更新しました！ ▽こちらからチェック
https://ishiharakaori-fc.com/news/?id=557,2026/06/01,6月のWALLPAPER 更新！,6月のWALLPAPERを更新しました！→ こちら
https://ishiharakaori-fc.com/news/?id=558,2026/07/01,7月のWALLPAPER 更新！,7月のWALLPAPERを更新しました！→ こちら
https://ishiharakaori-fc.com/news/?id=559,2026/08/07,8月のWALLPAPER 更新！,8月のWALLPAPERを更新しました！→ こちら
https://ishiharakaori-fc.com/news/?id=560,2026/06/01,夏織ちゃんからブログが届きました！,夏織ちゃんからブログが届きました！ ▽こちらからチェック
https://ishiharakaori-fc.com/news/?id=561,2026/06/01,6月8日(月)20：00〜「石原夏織のCarry up!? NEXT」FC限定パート #31 配信します！,「石原夏織のCarry up!? NEXT」のFC限定パート #31 6月8日(月)20：00〜 より配信します！ 配信はこちらから→ ＃31 配信 アーカイブは、 MOVIEページ ・ 特設ページ からご覧いただけます。 お楽しみに！
https://ishiharakaori-fc.com/news/?id=562,2026/06/12,【数量限定☆先着販売スタート】石原夏織ファンクラブイベント「夏織姫と七夕祭り in 浅草花やしき」,"石原夏織ファンクラブイベント「夏織姫と七夕祭り in 浅草花やしき」チケット先着販売がスタート！ チケットは残りわずか！気になる方はお早めにお申し込みください！ ※先着販売は大人チケットのみとなります 日本最古の遊園地「浅草花やしき」🎢🎠を貸切しちゃいます✨️ 園内の指定アトラクションを自由にお楽しみいただけるほか、夏織姫からのダンスレクチャーステージや、夏織姫の撮影タイムなど楽しいイベントを予定！ 夜の遊園地で、夏織姫と一緒にきらめく夏の思い出を作りませんか？🎋 お友達やご家族をお誘いの上、是非遊びに来てください！👭 【🛎️】ご来場の皆様へ、園内での遊び方・注意事項は こちら 公演概要 ●公演日時 2026年7月4日(土) 開場18:30／開演19:00／閉演21:00 ※開場・開演時間は変更となる場合がございます ●会場 浅草花やしき (東京都台東区浅草２丁目２８−１） ●イベントポイント ⭐️夏織姫のダンスレクチャーステージを観覧 ⭐️ステージ＆アトラクションにて夏織姫の撮影タイムをご用意！ ⭐️園内の指定アトラクション＆マルハナ縁日で遊び放題 ⭐️園内のBGMを夏織姫がジャック！ ⭐️七夕グッズのプレゼント ※ステージは立ち見を予定しております ※撮影はお客様ご自身のスマートフォン・携帯電話のみ可能です ※指定アトラクションは、後日発表します ※ローラーコースター・スカイシップは、点検設備のためご利用いただけません ※イベントポイントは変更になる場合がございます ●園内での遊び方について 本イベントは、遊園地という特性上、主催者が指定したグループに分かれて、ステージやアトラクションをお楽しみいただきます。 グループ数や当日のタイムスケジュール等は後日ご案内いたします。 ※応募状況に応じて、ステージ前方に子供・女性・ファミリーエリアを設ける場合がございます。 ●料金 大人チケット(中学生以上) ¥15,400（七夕グッズ付き) 小人チケット(5歳〜小学生) ¥5,500 ※先着販売は大人チケットのみとなります ※学年の切り替えは4月1日からとさせていただいております。入学式前でも4月1日より新料金区分の適用となります。 ※幼児(0〜4歳)入場不可 ※七夕グッズのお渡しは当日のみとなります。後日のお渡しはできません。 ※小人チケットには、七夕グッズは付きません。 ※電子チケット発券手数料： 1枚 300円（税込） ※営利目的の転売禁止 ●応募資格 FC会員様+同行者3名まで(非会員可) ※ファンクラブ『hand in hand』会員1名様につき 合計4枚まで ※小人チケットをご希望の場合は、券種が分かれておりますので、大人チケットをお申し込み後、大人チケットを応募されたIDで別途、お申し込みをお願いいたします。 ●出演 石原夏織 チケット受付スケジュール ・先着販売 申込受付期間 2026/06/12(金) 18:00 〜 ・2次先行販売 申込受付期間 2026/05/15(金) 18:00 〜 2026/5/31(日) 23:59 抽選結果発表 2026/06/04(木) 19:00以降 支払手続期間 2026/06/04(木) 19:00 〜 2026/06/07(日) 23:59 ・最速先行販売 ※受付終了 申込受付期間 2026/04/16(木) 18:00 ～ 2026/04/26(日) 23:59 抽選結果発表 2026/05/1(金) 19:00 以降 支払手続期間 2026/05/1(金) 19:00 ～ 2026/05/10(日) 23:59 ※申込多数の場合は抽選となります ※お支払方法：各種クレジットカード、コンビニ決済(海外発行クレジットカードも決済可能) ●申込方法 お申込みには「ポニキャン」アプリ（無料）のインストールが必要です。 本受付の発券はポニーキャニオンの電子チケットアプリ「ポニキャン」のみとなります。 【電子チケットアプリ「ポニキャン」】 ◆iOSアプリ https://apps.apple.com/jp/app/id1617078121 ◆Androidアプリ https://play.google.com/store/apps/details?id=jp.co.ponycanyon.ticket ※ご利用にはポニーキャニオンショッピングクラブ（きゃにめ）の会員登録(無料)が必要です ※注意事項等の詳細は「ポニキャン」アプリからご確認ください イベント参加方法 （1）チケット申込受付期間～公演当日までの間、『hand in hand』ファンクラブ会員資格が必要となります。会員期限にご注意ください。 （2）ご当選された方は公演当日、ご本人様を確認できる下記3点をご提示いただきます。 公演当日、下記をお持ちでない方やご本人様確認ができない方、入場をお断りいたしますので十分にご注意ください。 ●チケット ●デジタル会員証 ●写真付きの身分証明書 ※下記参照 （パスポート／運転免許証／顔写真付き住民基本台帳カード／特別永住者証明書または在留カード／障害者手帳／顔写真入クレジットカード／顔写真付きマイナンバーカード／顔写真付き学生証） ※全てコピー及び期限切れは不可となります ※「マイナンバーカード通知カード」は身分証証明書とは認められません ※「マイナンバーカード」はどなたでも無料で取得していただけます ■マイナンバーカード総合サイト https://www.kojinbango-card.go.jp/kofushinse/ ◆ チケット申込に進む ◆ ◆ 新規ご入会はこちら ◆ ★ファンクラブにご入会されていない方へ チケット申込受付期間内に、ファンクラブへの入会手続き（会員登録・入金完了まで）をいただきますとチケットのお申込みが可能です！ ※入金確認が取れず仮登録状態の場合、チケット申込対象外となります ※チケットのお申込みには一定の手続きが必要となりますので、入会手続き（会員登録・入金完了まで）は時間に余裕をもってお手続きください 注意事項 ・受付期間中に受付URLよりスマートフォンからお申し込みください。申込方法、料金の支払方法・手数料、発券方法など詳細は受付URLよりご確認ください。パソコン・フィーチャーフォンからのお申し込みはできません。 ・本受付は先着順ではございませんので、受付期間内にお間違いのないようお申し込みください。当落および座席などは、先着順ではなく、受付期間内にお申し込みいただいた中から抽選で決定します。座席の指定はできません。チケット券面にてご確認ください。申込内容の変更・取消は受付期間内にのみ行えます。当選後の変更・取消（購入辞退）などはお受けできません。 ・来場者本人がお申し込みください。会場にて本人確認をさせていただく場合がございます。当日は写真付き本人確認書類をご用意ください。写真付き本人確認書類をお持ちでない場合は、応募の前に作成してください。 ・本公演のチケットは、転売・譲渡禁止です。転売・譲渡されたチケットは無効となり、チケット代金の返金ならびに入場をお断りいたします。すでに入場している場合には強制的に退場を命じられる場合もあります。 ・天災及びその影響等によるやむを得ない事由により、開催日や会場の変更または中止とさせていただく場合がございます。 ・危険物、酒類の持ち込みは禁止です。 ・ゴミは各自の責任で処理、またはお持ち帰りいただくようお願いいたします。 ・本イベントの安全な運営に支障をきたすと主催者が判断した場合、ご退場もしくはご入場をお断りする場合がございます。 ・会場内における物品および会場自体の器物破損については、運営、会場側は責任を負いません。 ・お手荷物や大きな荷物は園内又は会場周辺のコインロッカーにあらかじめお預けする事をお勧めいたします。お荷物等の紛失・盗難等は主催者は一切責任を負いません。 ・貴重品は自己管理をお願いいたします。万が一紛失されても責任は負いません。 ・忘れ物や落し物などは、届け出がなければイベント終了後1週間後に処分させていただきます。心当たりのある方はお早めにご連絡ください。 ・車椅子でご来場の方、または介助犬などをお連れする場合は事前に問い合わせ先までご相談ください。 ・非常時はスタッフの指示に従い、慌てず落ち着いて行動してください。 ・会場構造上や設営状況により、主催者指定の観覧場所によっては、舞台/映像/出演者が見え辛い場合がございます。予めご了承ください。 ・取材用撮影が入る場合、お客様が映り込む可能性がございます。あらかじめご了承ください 出演者へのプレゼントについて ＜プレゼントについて＞ 会場内に設置されているプレゼントボックスにお預けください。 設置場所については事前にご案内いたしかねますので、会場にてご確認ください。 また、下記に属するものに関しましては安全面や衛生面を考慮し、お受け取りすることができませんのであらかじめご了承ください。 ＜受け取れないもの＞ ・飲食物全般 ・既に開封されているもの／使用済のもの ・危険物(火薬・花火・刃物等) ・生き物(動物、虫など) ・自己制作のCD・DVD・アルバム・グッズ全般 ・持ち運びが困難な大きな物、重量物 ・現金、記念硬貨 ・下着類（ショーツなど） ※タレントやスタッフへの直接の手渡しはご遠慮いただいております。 ※内容によっては、事務所の判断により返却・処分する場合があります。 ＜花束、フラワーアレンジメント・フラワースタンドについて＞ 会場の都合上、本公演に関してはスタンド花・楽屋花などの祝花の贈り物はご遠慮申し上げます。お気持ちだけ受け取らせて頂きます。 チケット販売に関するお問合せ きゃにめ チケットQ&A／お問い合わせ： http://special.canime.jp/ticket/ ※公演内容や抽選結果・当選者情報に関するお問い合わせはお答えすることができません。 イベントに関するお問合せ ポニーキャニオン カスタマーセンター 営業時間：平日10:00～13:00/14:00～17:00（土日祝・会社の指定日除く） 問い合わせフォーム https://www.ponycanyon.co.jp/support/inquiry 問い合わせフォームの受付は24時間可能ですが、ご返信につきましては営業時間内となります。 また、イベント名、参加日もご連絡願います。なお、イベント前日、当日のお問い合わせにはお答は出来かねる場合がございます。 上記お問い合わせ以外、特に会場への直接のお問い合わせは御遠慮願います。"
https://ishiharakaori-fc.com/news/?id=563,2026/06/11,6月22日(月)20：00〜「石原夏織のCarry up!? NEXT」FC限定パート #32 配信します！,「石原夏織のCarry up!? NEXT」のFC限定パート #32 6月22日(月)20：00〜 より配信します！ 配信はこちらから→ ＃32 配信 アーカイブは、 MOVIEページ ・ 特設ページ からご覧いただけます。 お楽しみに！
https://ishiharakaori-fc.com/news/?id=564,2026/08/05,【FC一般先着販売】石原夏織 LIVE 2026「ASOVIVA!!!」チケット受付,"石原夏織 LIVE 2026「ASOVIVA!!!」開催決定！ 6月20日(土)10:00〜 FC先着販売が決定！ ライブ特設サイトはこちら EP「ASOVIVA!!!」の世界観をそのままに、歌って踊って賑やかなサマーライブが開幕！ アフタートークまで遊び尽くすもよし、ライブだけで熱く盛り上がるもよし。遊び方はあなた次第です！ 2026年、特別な夏の思い出を刻みましょう🌺 公演概要 ●日時 2026年8月23日(日) ライブ 開場 16:00／開演 17:00／終演 19:00 予定 アフタートーク＆お見送り会 開演 19:30／終演 20:30 予定 ●会場 北とぴあ さくらホール (住所：東京都北区王⼦1-11-1 2F) ●料金 ・ASOBI-TSUKUSHI TICKET：18,000円（税込） ☆FC会員限定☆ （①ライブ ②特典グッズ ③アフタートークイベント ④Secretグッズ ⑤お見送り会） ・ASOBO-YO TICKET：10,000円（税込） （①ライブ ②特典グッズ） ・ASOBO TICKET：8,800円（税込） (ライブのみ) ＊特典グッズ...ASOVIVA!!!リングライト ＊Secretグッズ...当日のお楽しみとなります ※限定グッズ・Secretグッズ共に公演当日会場にてお渡しいたします。後日のお渡しはできません。 ※Secretグッズはアフタートークイベント退場時にお渡しとなります。 ＊お見送り会...アフタートーク終了後に実施いたします ※全席指定 ※電子チケット発券手数料： 1枚 300円（税込） ※未就学児童入場不可 ※営利目的の転売禁止 ●出演 石原夏織 KAORI BAND KAORI DANCERS 応募スケジュール ・石原夏織オフィシャルファンクラブ「hand in hand」会員最速先行販売(終了) 申込受付期間 2026/03/26(木) 21:00 ～ 2026/04/5(日) 23:59 抽選結果発表 2026/04/8(水) 19:00 以降 支払手続期間 2026/04/8(水) 19:00 ～ 2026/04/12(日) 23:59 ・石原夏織オフィシャルファンクラブ「hand in hand」会員2次先行販売 (終了) 申込受付期間 2026/04/17(金) 18:00 〜2026/05/10(日) 23:59 抽選結果発表 2026/05/13(水) 19:00以降 支払手続期間 2026/05/13(水) 19:00 〜 2026/05/17(日) 23:59 ・石原夏織オフィシャルファンクラブ「hand in hand」会員三次先行販売 (終了) 申込受付期間 2026/05/19(火) 18:00 〜2026/06/07(日) 23:59 抽選結果発表 2026/06/10(水) 19:00以降 支払手続期間 2026/06/10(水) 19:00 〜 2026/06/14(日) 23:59 ・一般先着販売（FC、きゃにめ、e+） 申込受付期間 2026/06/20(土) 10:00～ ※枚数制限：お一人様 いずれか1券種2枚まで(同行者非会員可) ※お支払方法：各種クレジットカード <ご注意> ファンクラブへのご入会が必要となります。 チケットはきゃにめ最速先行販売よりも優先的にお取りできます。 ただし、FC先行でキャパを上回る申込みをいただいた場合は抽選となります。予めご了承ください。 ◆ FCチケット申込に進む ◆ ◆ 新規ご入会はこちら ◆ ★ファンクラブにご入会されていない方へ チケット申込受付期間内に、ファンクラブへの入会手続き（会員登録・入金完了まで）をいただきますとチケットのお申込みが可能です！ ※入金確認が取れず仮登録状態の場合、チケット申込対象外となります ※チケットのお申込みには一定の手続きが必要となりますので、入会手続き（会員登録・入金完了まで）は時間に余裕をもってお手続きください 【電子チケットアプリ「ポニキャン」】 ◆iOSアプリ https://apps.apple.com/jp/app/id1617078121 ◆Androidアプリ https://play.google.com/store/apps/details?id=jp.co.ponycanyon.ticket ※ご利用にはポニーキャニオンショッピングクラブ（きゃにめ）の会員登録(無料)が必要です ※注意事項等の詳細は「ポニキャン」アプリからご確認ください 注意事項 ・受付期間中に受付URLよりスマートフォンからお申し込みください。申込方法、料金の支払方法・手数料、発券方法など詳細は受付URLよりご確認ください。パソコン・フィーチャーフォンからのお申し込みはできません。 ・本受付は先着順ではございませんので、受付期間内にお間違いのないようお申し込みください。当落および座席などは、先着順ではなく、受付期間内にお申し込みいただいた中から抽選で決定します。座席の指定はできません。チケット券面にてご確認ください。申込内容の変更・取消は受付期間内にのみ行えます。当選後の変更・取消（購入辞退）などはお受けできません。 ・来場者本人がお申し込みください。会場にて本人確認をさせていただく場合がございます。当日は写真付き本人確認書類をご用意ください。写真付き本人確認書類をお持ちでない場合は、応募の前に作成してください。 ・本公演のチケットは、転売・譲渡禁止です。転売・譲渡されたチケットは無効となり、チケット代金の返金ならびに入場をお断りいたします。すでに入場している場合には強制的に退場を命じられる場合もあります。 ・天災及びその影響等によるやむを得ない事由により、開催日や会場の変更または中止とさせていただく場合がございます。 ・オフィシャルサイト（http://ishiharakaori.com/）に掲載される「公演ならびに来場の注意事項」等を必ずご確認ください。 チケット販売に関するお問合せ きゃにめ チケットQ&A／お問い合わせ： http://special.canime.jp/ticket/ ※公演内容や抽選結果・当選者情報に関するお問い合わせはお答えすることができません。 イベントに関するお問合せ ポニーキャニオン カスタマーセンター 営業時間：平日10:00～13:00/14:00～17:00（土日祝・会社の指定日除く） 問い合わせフォーム https://www.ponycanyon.co.jp/support/inquiry 問い合わせフォームの受付は24時間可能ですが、ご返信につきましては営業時間内となります。 また、イベント名、参加日もご連絡願います。なお、イベント前日、当日のお問い合わせにはお答は出来かねる場合がございます。 上記お問い合わせ以外、特に会場への直接のお問い合わせは御遠慮願います。"
https://ishiharakaori-fc.com/news/?id=565,2026/06/22,夏織ちゃんからブログが届きました！,夏織ちゃんからブログが届きました！ ▽こちらからチェック
https://ishiharakaori-fc.com/news/?id=566,2026/06/25,【ご来場の皆様へ】石原夏織ファンクラブイベント「夏織姫と七夕祭り in 浅草花やしき」,"いよいよ来週末に迫った、石原夏織ファンクラブイベント「夏織姫と七夕祭り in 浅草花やしき」！ MCに小田果林さんの出演が決定✨ イベントを快適に楽しんでいただくために、園内での遊び方・注意事項をご一読お願いいたします。 ⭐️数量限定チケット先着販売は こちら ⭐️ 公演概要・タイムテーブル ●公演日時 2026年7月4日(土) 開場18:30／開演19:00／閉演21:00 ※開場・開演時間は変更となる場合がございます ●会場 浅草花やしき (東京都台東区浅草２丁目２８−１） ・18:00〜 園外の 団体専用入り口 付近にて入場待機いただけます。 電子チケットに 「第一部・第二部」 の記載がありますので、スタッフの指示に従い、 「第一部・第二部」 に分かれて待機をお願いいたします。 電子チケットのQRコード画面をご準備ください。 ・18:30〜 開場いたします。 電子チケットのQRコード認証後、受付にて 「七夕グッズ(ショルダーバッグに入れてお渡しします)」 と、 「グループ別カラーリストバンド」 をお受け取りください。 「グループA〜H」 につきましても電子チケットに記載がございますのでご確認ください。 開場と同時に、ミールクーポン販売もスタートします。園内でフード・ドリンクを購入希望の方は、ミールクーポン販売所へお越しください。 ・19:00〜 開演いたします。 「第一部」 の皆様は、事前にフラワーステージにお集まりください。 「着席エリア・立ち見エリア」 がございますので、電子チケットに記載のお席の位置でご観覧をお願いいたします。 夏織姫のフラワーステージの模様は、 「動画・写真撮影OK」 となります。 スタッフの指示に従って撮影をお願いいたします。 「第二部」 の皆様は、園内でアトラクション等を自由にお楽しみください ステージの模様は、エリア外からご観覧いただけます。 エリア外からの撮影は、混雑防止のためご遠慮ください。 ・19:25〜 「第一部」 の皆様は、スタッフの指示に従い、グループごとにアトラクションへご移動をお願いします。 メリーゴーランド：グループA・B スワン：グループC・D メリーゴーランド1回目→メリーゴーランド2回目→スワン1回目→スワン2回目 の順番で夏織姫が乗車します。 夏織姫のアトラクション乗車の模様は、 「動画・写真撮影OK」 となります。 スタッフの指示に従って撮影をお願いいたします。 「第二部」 の皆様は、園内でアトラクション等を自由にお楽しみください アトラクション乗車の模様は、エリア外からご観覧いただけます。 エリア外からの撮影は、混雑防止のためご遠慮ください。 ・20:00〜 「第二部」 の皆様は、事前にフラワーステージにお集まりください。 「着席エリア・立ち見エリア」 がございますので、電子チケットに記載のお席の位置でご観覧をお願いいたします。 夏織姫のフラワーステージの模様は、 「動画・写真撮影OK」 となります。 スタッフの指示に従って撮影をお願いいたします。 「第一部」 の皆様は、園内でアトラクション等を自由にお楽しみください ステージの模様は、エリア外からご観覧いただけます。 エリア外からの撮影は、混雑防止のためご遠慮ください。 ・20:25〜 「第二部」 の皆様は、スタッフの指示に従い、グループごとにアトラクションへご移動をお願いします。 メリーゴーランド：グループE・F スワン：グループG・H メリーゴーランド1回目→メリーゴーランド2回目→スワン1回目→スワン2回目 の順番で夏織姫が乗車します。 夏織姫のアトラクション乗車の模様は、 「動画・写真撮影OK」 となります。 スタッフの指示に従って撮影をお願いいたします。 「第一部」 の皆様は、園内でアトラクション等を自由にお楽しみください アトラクション乗車の模様は、エリア外からご観覧いただけます。 エリア外からの撮影は、混雑防止のためご遠慮ください。 ※雨天時、夏織姫の乗車アトラクションは変更になる場合がございます。あらかじめご了承ください。 稼働アトラクション一覧 稼働予定アトラクションは以下を予定しております。 自由に何度でもお楽しみいただけます。 ※雨天時、稼働機種が変更になる場合がございます。あらかじめご了承ください。 ミールクーポン販売 イベント受付窓口付近にて、園内の売店(KiKi・茶々工房)でご利用いただける 「特典付きミールクーポン」 を販売いたします。 クーポンは、一律で 1枚：¥1,000円 となります。 クーポン販売時間：18:30〜20:40ごろまで ※支払い方法： 現金のみ 、お釣りが出ないようにご協力をお願いいたします。 ※フードメニューはクーポンがなくなり次第終了となります。ドリンクはたくさんご用意しています⭐️ ※引き換え可能時間：19:00〜20:50ごろまで ※本券は飲食店舗にて「指定メニュー」とのお引き換え専用です（他メニューへの変更不可）。 ※特典2種はクーポン受け取り時のお渡しとなります。店舗での特典配布はございません。 ※期限切れや未使用による返金・払い戻しはいたしかねます。必ず時間内にご利用ください。 ハンズフレンズ募集エリア 園内のビックリハウス®前に 「ハンズフレンズ募集エリア」 をご用意します！ 実施時間：19:00〜20:30ごろまで 園内での自由時間に ・一緒に行動するハンズフレンズを探している ・もっと色んなハンズと仲良くなりたい！ という方は是非、ビックリハウス®前にお越しください✨ エリアに集まってくれたハンズには 「スタッフお手製 ハンズフレンズ募集☆缶バッジ」 をお渡しします！ ※缶バッジはなくなり次第終了となります 夏織姫フォトスポット 園内のマルハナ縁日前に 「夏織姫 等身大フォトパネル」 が登場します！ 夏織姫と記念撮影をお楽しみください。 ※譲りあって撮影ください ※雨天時、設置場所が変更になることがございます 撮影タイムについて 撮影はお客様ご自身のスマートフォン・携帯電話のみ可能です。 撮影した写真・動画をUPする際は、他のお客様がなるべく映らないように・個人が特定できないようにご配慮をお願いいたします。 ハッシュタグは、#夏織姫と七夕祭り でお願いします🩵 お荷物・ロッカーについて 本イベントでは、夏織姫からのダンスレクチャーがございます。 園内にも4箇所ロッカーがございますが、大きなお荷物等は、事前に駅のロッカー等にお預けいただき、お荷物を減らしていただきますようにご協力をお願いいたします。 雨天の場合 お客様同士の安全確保、および後方のお客様の視界を遮らないよう、ステージ観覧・アトラクション観覧での傘（日傘を含む）のご使用は原則としてご遠慮お願いいたします。 雨天時は、レインコートやポンチョなどの「着る雨具」のご持参・ご着用をお願いいたします。 皆様が安全にイベントをお楽しみいただけるよう、ご理解とご協力のほどよろしくお願い申し上げます。 園内のスポットご紹介 🔻 団体入り口・集合場所 🔻 フラワーステージ 🔻 メリーゴーランド 🔻スワン 🔻KiKi(売店) 🔻茶々工房(売店) 🔻ビックリハウス®(ハンズフレンズ募集エリア) 🔻マルハナ縁日(夏織姫パネル設置場所) 🔻園内マップ マップダウンロードはこちら 最後までお読みいただきありがとうございました！ 当日は、皆様にお会いできることを楽しみにしております🎋⭐️"
https://ishiharakaori-fc.com/news/?id=567,2026/06/26,7月6日(月)20：00〜「石原夏織のCarry up!? NEXT」FC限定パート #33 配信します！,「石原夏織のCarry up!? NEXT」のFC限定パート #33 7月6日(月)20：00〜 より配信します！ 配信はこちらから→ ＃33 配信 アーカイブは、 MOVIEページ ・ 特設ページ からご覧いただけます。 お楽しみに！
https://ishiharakaori-fc.com/news/?id=568,2026/06/28,夏織ちゃんからブログが届きました！,夏織ちゃんからブログが届きました！ ▽こちらからチェック
https://ishiharakaori-fc.com/news/?id=569,2026/07/01,かおみくじ更新！,「かおみくじ」に新しいおみくじが追加！ 是非、おみくじを引いてみてくださいね✨ ▷ 「かおみくじ」を引く
https://ishiharakaori-fc.com/news/?id=570,2026/07/01,AR CAMERAのフレーム Vol.49・50を更新☆,AR CAMERAのフレームを更新しました☆ キュートな夏織姫です🎋🩵 是非、色んな写真を撮ってみてください！
https://ishiharakaori-fc.com/news/?id=571,2026/07/03,【スタッフブログ】明日は「夏織姫と七夕祭り🌠」,【スタッフブログ】明日は「夏織姫と七夕祭り🌠」を更新しました！ ▽こちらからチェック
https://ishiharakaori-fc.com/news/?id=572,2026/08/05,【2次募集】hand in hand 会員限定「 夏織学園 -Side Story- ～ハロウィン校外学習～ in 千葉」開催！,hand in hand 会員限定 夏織学園 -Side Story- ～ハロウィン校外学習～ in 千葉 2次募集スタート！ 夏織ちゃんの地元、千葉県の自然豊かな農園リゾートでの特別なハロウィンイベント🎃の開催が決定しました！ お泊まりコース・日帰りコースの特別なツアーとなっています！ みんなで仮装やBBQをしたり、、夜はハロウィンナイト👻を楽しんだり... 夏織ちゃんと一緒に、夏織学園の秋の校外学習に行きませんか？ ◆日程 Aプラン ：お泊まりコース 1泊2日 夕・朝・昼食付き 2026年10月31日(土)〜11月1日(日) Bプラン ：日帰りコース 昼食付き 2026年11月1日(日) ☆京成成田駅集合のバスツアーです ◆場所 THE FARM(ザ・ファーム) (千葉県香取市西田部 1309 29) ツアー応募内容 ※本プランは抽選となります 二次募集期間：2026年8月5日（水）18:00～8月26日（水）23:59まで 一次募集期間：2026年7月4日（土）21:00～7月20日（月・祝）23:59まで ＊終了しました 先着順ではございません。抽選での受付となります。（受付＝予約確定ではありません） 応募状況や抽選結果のお問い合わせには、一切お答えできませんので、あらかじめご了承ください。 お申込みの結果は、 2026年9月2日(水) 以降、「抽選結果通知」としてEメールにてお申込み代表者様へご連絡いたします。 E-mail： tourdesk04@or.knt.co.jp ★お申込みいただく前に＜or.knt.co.jp＞のドメイン設定をお願いいたします。 募集期間内であれば、いつお申込みいただいても同条件となります。 重複でのお申込みは無効とさせていただきます。（お申込み代表者を入れ替えてのお申込みも無効とさせていただきます。） プラン空き状況 ツアーポイント お泊まり・日帰りコース共通 ・夏織ちゃんとBBQ🍖 ・みんなでハロウィン謎解き&宝探し！💎 ・夏織ちゃんとのグループ写真撮影📷 ・ツアー参加者限定 オリジナルグッズプレゼント🎁 お泊まりコース限定 ・夏織ちゃんと夕食&お菓子パーティー🍛🍬🍿 ・夏織ちゃんとハロウィンクラフト体験🎃 ・夏織ちゃんのハロウィンナイトお部屋訪問🏠👻 ※ツアーポイントは変更になる場合はございます ご参加の皆様へ 🎃 仮装に関するお願い 🎃 両日とも、仮装は強制ではございません。個人個人、お好きなようにお楽しみください。 火のそばでも安全な服装をおすすめします！ 当日はカレー作りやキャンプファイヤー、BBQなど火を扱うアクティビティがございます。 仮装のルールとして「絶対にNG」というわけではありませんが、ヒラヒラとした装飾の多い服や、引火しやすい素材（チュールやフリースなど）は、火の粉で穴が空いたり引火したりする危険があります。また、煙の匂いや汚れがついてしまう可能性もございますので、「汚れてもよく、火のそばでも安全で動きやすい服装」や「脱ぎ着ができる服装」でのご参加を推奨いたします。 お顔がわかる仮装をお願いします。防犯・安全管理の観点から、お顔を完全に覆い隠すフルフェイスマスクやヘルメット、顔全体を覆うような特殊メイクなどはお控えください。 マナーを守った仮装をお願いします。過度な露出があるもの、他のお客様を不快にさせる恐れのあるもの、公序良俗に反する仮装はご遠慮ください。 権利侵害にご注意ください。特定のキャラクターやブランドの権利を侵害する恐れのあるもの、公的な制服（警察官、消防士など）と見間違えるような仮装はお控えください。 行程表 Aプラン：お泊まりコース イベント内容やスケジュールは天候などにより現地にて変更となる場合がございます。予め、ご了承ください。 発着時間は変更になることがあります。 ※石原さんはバスに乗車しません。 Bプラン：日帰りコース イベント内容やスケジュールは現地にて変更となる場合がございます。予め、ご了承ください。 発着時間は変更になることがあります。 ※石原さんはバスに乗車しません。 ご旅行代金・条件 Aプラン：ご旅行代金（大人･小人（小学生以上）同額・お一人様あたり） ※1名1室利用はお受けできません。 ※グランピングを3名以上1室でご利用の場合は寝袋もご利用いただきます。詳細は「宿泊施設について」をご確認ください。 ・お泊まりコースの方は、無料で「おふろ café かりんの湯」をご利用いただけます。営業時間：7:00〜24:00(最終入館23:00) ・朝食はビュッフェとなります(指定時間制)。 Bプラン：ご旅行代金（大人･小人（小学生以上）同額・お一人様あたり） 宿泊設備について（Aプラン） ファームコテージ設備: お風呂、洋式トイレ、エアコン、キッチン、ハンモック、テレビ、冷蔵庫(冷凍庫付き)、電気ケトル、ハンガーラック、 ドライヤー、シャンプー、コンディショナー、ボディソープ 、スリッパ、セミダブルベッド×２、シュラフ（寝袋）×２、和布団×２・サーキュレーター、 加湿空気清浄機、フェイスタオル・バスタオル・ハブラシセット ハビタ設備: シャワー（バスタブは有りません）、トイレ、テーブル×2、チェア×5、セミダブルベッド×２、ソファ、寝具（和布団×3）、エアコン、ペレットストーブ、冷蔵庫（冷凍機能なし）、電子レンジ、クッション、スクリーン、プロジェクター、Wi-Fi、コップ5個、ケトル、マジックソープ（ハンドソープ、化粧落とし、洗顔等、食器洗い等に利用可）、バスタオル、フェイスタオル、歯ブラシ、ドリップコーヒー グランピング設備: セミダブルベッド×２、寝袋×２、ローテーブル、デッキチェア×２、ハンモック、エアコン、フェイスタオル、はみがきセット、コーヒー、ティーセット、ミネラルウォーター、バス・トイレなし（グランピングラウンジ内のトイレをご利用ください）3名以上1室利用の場合、寝袋もご利用いただきます 参加条件 石原夏織 オフィシャルファンクラブ「hand in hand」会員であること。(同伴者は最大4名まで一緒にお申込みいただけますが、全員が会員であることが条件となります。) お申込み期間中までに、石原夏織オフィシャルファンクラブ『hand in hand』会員にご入会（=ご入金）いただき会員番号が発行された方且つ、有効期限が2026年11月末以降の方がお申込み対象となります。(月額コースの方は、会員有効期限が申込み月から当選発表時及びツアー当日まで会員の方。)ただし後述の通りツアー当日に会員有効期限が切れている方は、ツアーに当選された方でもツアーに参加できませんので、それまでに有効期限が切れるお客様は、必ず継続（=入金）手続きをお願いいたします。 ※お申込み締め切り間際にご入会（=入金）されますと、会員番号の発行に時間がかかるため、お申込みに間に合わない場合がございます。余裕をもってご入会をお願いします。 ※有効期限が切れている方は、ツアーに当選された方でもツアーに参加できませんので、継続（=入金）手続きをお願いいたします。 ツアー当日に会員認証を行います。ツアー当日（当月）に会員期限が切れている場合は、ご参加いただけませんのでご注意ください。 石原夏織オフィシャルファンクラブ『hand in hand』の会員の方で、条件を満たしていれば日本国外居住の方もご参加いただけますが、下記ご留意いただきますようお願いいたします。 ①日本への入国に際して、外務省の公式HPに記載の入国情報を必ずご確認ください。 ②外国語対応はできません。日本語での書面や案内がご理解できない場合はお受けできません。 ③ツアー抽選当選後にあっても、入国ができない場合は既定のキャンセルチャージが発生いたします。 未就学児はご参加いただけません。 身分証明書は下記のいずれかをご持参ください。 運転免許証、パスポート、マイナンバーカード等 ※写真付き身分証明書をお持ちでない方は、お名前を確認できるものを2点ご持参ください (コピー不可) ＜保険証・クレジットカード・銀行のキャッシュカード・学生証・社員証・住民票 等＞ ※有効期限切れの身分証明書ではご参加できませんので、ご注意ください。 旅行代金に含まれるもの ・宿泊代（Aプランのみ）※宿泊施設の設備は別掲 ・日程表に記載の食事代金（Aプラン：朝食1回、昼食1回、夕食1回、Bプラン：朝食なし、昼食1回、夕食なし） ・バーベキュー場貸切利用料金 ・専用バス代 ・イベント参加費用（Aプラン：ハロウィンクラフト、謎解き、宝探し / Bプラン：謎解き、宝探し） ・有料道路代・駐車場代 ・かりんの湯入浴料金（Aプランのみ） ・添乗員諸費用 ・諸税 ※上記各費用はお客様の都合により一部利用されなくても払い戻しいたしません。 旅行代金に含まれないもの 上記以外は旅行代金に含まれませんが、参加に当たって通常必要となる費用をご案内します。 ・個人的な費用（日程に明示されていない飲食代、クリーニング代、電話代） ・ご自宅～集合・解散地間の交通費 ・任意の国内旅行保険料 ・傷害・疾病に関する医療費 ・その他旅行代金に含まれるものに記載のない一切の費用 集合写真・グループ写真撮影について ・撮影はイベント主催者が用意したカメラにてスタッフが行います。 ・お客様の私物での撮影は禁止とさせていただきます。 ・お客様都合での撮り直しは致しかねます、ご了承ください。 ・撮影した写真は、後日お申込み時にご登録のメールアドレス宛にお送りいたします。 ・どなたかが目をつむってしまう等の場合を想定して写真は複数枚撮影しますが、イベント主催者が選択した1枚のみをお送りいたします。あらかじめご了承ください。 相部屋について 今回のご旅行は男女別にて相部屋を受け付けます。相部屋に関しては下記条件にて弊社にて決めさせていただきますので、予めご了承の上、申込みくださいます様お願いいたします。相部屋は定員でのご利用となります。グランピングの相部屋は寝袋もご利用いただきます。他に相部屋希望の方がいらっしゃらないなど、結果的に1室が定員に満たない場合でも旅行代金は変わりません。 ・同室者については、他の同性の相部屋希望者から、弊社にて決めさせていただきます。 ・例えば2名様でのお申込みでも、4名1室の相部屋をご希望いただくことも可能です。 ・同室者へのご要望（例：喫煙の有無、年齢）はお受けできませんので予めご了承ください。 ・弊社から同室者の個人情報を、他の同室者へお伝えすることはありません。 ・同室者の変更等はお受けできません。 お客様の肖像権について ・本ツアー中にイベント主催者が写真撮影・映像撮影を行った場合、各種WEBサイトやSNSなどに個人を特定できない形で使用させていただきます。 ・本イベントの参加者は、参加者ご自身も撮影される可能性があります。撮影及び映像使用協力をよろしくお願いします。 その他、詳しい内容や注意事項は申込先の近畿日本ツーリスト募集ページにて記載しています。 お申し込みの前に必ず全ての注意事項をご確認の上、お申し込みください。 申込フォーム ◆ ツアー詳細・申込はこちら ◆ ◆ 新規ご入会はこちら ◆ ★ファンクラブにご入会されていない方へ チケット申込受付期間内に、ファンクラブへの入会手続き（会員登録・入金完了まで）をいただきますとツアーのお申込みが可能です！ ※入金確認が取れず仮登録状態の場合、ツアー申込対象外となります ※ツアーのお申込みには一定の手続きが必要となりますので、入会手続き（会員登録・入金完了まで）は時間に余裕をもってお手続きください お問い合わせ 近畿日本ツーリスト株式会社 トラベルサービスセンター東日本 『夏織学園 -Side Story- ～ハロウィン校外学習～ in 千葉』事務局 〒135-0062 東京都江東区東雲1-7-12 KDX豊洲グランスクエア 3階 TEL：0570-064-205 FAX：03-6730-3230 ※ひかり電話からはご使用いただけません。 E-mail： tourdesk04@or.knt.co.jp ★お申込みいただく前に＜or.knt.co.jp＞のドメイン設定をお願いいたします。 ※休業日・営業時間外にお送りいただいたお問い合わせは、翌営業日以降の返信となります。 営業日・営業時間 月～金 10:00～17:00 ※土・日・祝日はお休み ※お取り消し、変更の連絡が休業日・営業時間外の場合は、翌営業日の扱いとなりますので、あらかじめご了承ください。
https://ishiharakaori-fc.com/news/?id=573,2026/07/05,「夏織姫と七夕祭り🎋 in 浅草花やしき」 終了後コメント with 果林ちゃんを更新！,MOVIE『「夏織姫と七夕祭り🎋 in 浅草花やしき」 終了後コメント with 果林ちゃん』を更新しました！ ▽こちらからチェック
https://ishiharakaori-fc.com/news/?id=574,2026/07/07,『Ani-PASS Plus #17』撮影オフショット1 を更新！,MOVIE『『Ani-PASS Plus #17』撮影オフショット1』を更新しました！ ▽こちらからチェック
https://ishiharakaori-fc.com/news/?id=575,2026/07/09,『Ani-PASS Plus #17』撮影オフショット2 を更新！,MOVIE『『Ani-PASS Plus #17』撮影オフショット2』を更新しました！ ▽こちらからチェック
https://ishiharakaori-fc.com/news/?id=576,2026/07/11,【ゆいかおり】「一夜限りのスペシャルイベント」開催日決定！ 石原夏織FC「hand in hand」先行受付中！,"CONCEPT 2017年6月の音楽活動休止から、約10年。 その節目を迎える来年、2027年5月。 小倉 唯・石原夏織 が、 待望のスペシャルイベントを開催します。 それぞれの道を歩み続けたふたりが、 再びゆいかおりとして ステージに立つ、特別なひととき。 おとなになったふたりの「ゆいかおり」に、 ぜひ立ち会ってください。 SCHEDULE YUIKAORI Anniversary Party 〜One Night Reunion〜 ●日時 2027年5月9日（日） 開場 17:00 / 開演 18:00 ●会場 SGC HALL ARIAKE 会場情報はこちら ●出演 小倉 唯 / 石原夏織 ●主催 ゆいかおり制作委員会 ●お問い合わせ DISK GARAGE お問い合わせはこちら TICKET ●SS席(グッズ付き) ¥18,000 (税込) (SS席・バルコニーSS席・車椅子SS席) ※グッズの内容・絵柄は後日発表 ●S席(グッズ付き) ¥15,000 (税込) (S席・車椅子S席) ※グッズの内容・絵柄は後日発表 ●A席(グッズ付き) ¥13,000 (税込) (A席・車椅子A席) ※グッズの内容・絵柄は後日発表 ★座席イメージは、 ゆいかおりイベント特設サイト をご確認ください FANCLUB 石原夏織オフィシャルファンクラブ「hand in hand」会員先行 先行受付期間：2026年7月11日(土)22:00〜9月27日(日)23:59 当選発表日：9月30日(水) 入金期間：10月1日(木)〜10月5日(月) 枚数制限：お一人様 2枚まで (同行者非会員可) ★お申込み前に必ずご確認ください 本先行は、石原夏織 オフィシャルファンクラブ「hand in hand」会員限定の受付です。 ・お申込み時および公演当日まで、有効な会員資格を継続されている方がご入場の対象となります。 ・公演日より前に退会された場合や会員有効期限が切れた場合は、ご当選・ご購入後であってもご入場いただけません。その際の返金・補償はいたしかねます。 ・会員期限が公演日（2027年5月9日）より前に満了する場合は、お早めに継続手続きをお願いいたします。 ◆ チケット申込に進む(イープラス) ◆ ◆ 新規ご入会はこちら ◆ ★ファンクラブにご入会されていない方へ チケット申込受付期間内に、ファンクラブへの入会手続き（会員登録・入金完了まで）をいただきますとチケットのお申込みが可能です！ ※入金確認が取れず仮登録状態の場合、チケット申込対象外となります ※チケットのお申込みには一定の手続きが必要となりますので、入会手続き（会員登録・入金完了まで）は時間に余裕をもってお手続きください ATTENTION ・未就学児の入場はできません。 ・開場・開演時刻は変更になる場合がございます。それに伴うチケット代・交通費等の払い戻しはいたしません。あらかじめご了承ください。 ・入場時に手荷物検査を実施させていただく場合がございます。 ・場内でのカメラ・スマートフォン・テープレコーダーによる写真撮影、録音は絶対におやめください。万が一、行為を発見した場合はデータ没収のうえご退場いただきます。 ・サイリウムについては、改造や長物は禁止とさせていただきます。常識の範囲内でのご使用をお願いいたします。 ・アルコール類の持込、および飲酒してのご入場は固くお断りいたします。 ・会場内にカメラが設置される場合がございますのであらかじめご了承ください。 ・チケットの転売・譲渡の行為は禁止いたします。また、転売によるトラブルについては一切の責任を負いません。 ・本人確認を行う場合がございますので、購入者ご本人様であることを証明できる顔写真付の身分証明書を必ずお持ちください。（運転免許証／パスポート／学生証など。コピーや期限切れ、社員証、taspoは不可） ・ご本人確認ができない場合や、転売や譲渡等が発覚した場合はご退場いただきます。その際、チケット代金の返金・交通費等の負担はいたしません。 ・チケットの紛失・盗難・忘れ等があっても一切の対応はできません。 ・会場周辺での座り込み集会等は、他のお客様のご迷惑となりますので禁止いたします。 ・会場周辺での徹夜待機は近隣へのご迷惑となりますので必ずお控えくださいますようお願いいたします。 ・会場へのお問合せはご遠慮ください。 ・出演者の出待ち、追いかけ行為は禁止いたします。 車椅子席についてのご注意 ・車椅子席は、原則として車椅子をご利用されている方に限らせていただきます。 ・車椅子での観覧をご希望のお客様は、車椅子席をお申込みください。付き添いとして同行される方（1名まで）もチケットが必要です。 ・複数枚お申込みの場合は、車椅子の方とその付添人の方でお申込みいただけます。車椅子の方をご来場者様に含まない場合は、ご入場をお断りさせていただく場合がございます。何卒ご了承ください。 ・付き添いがいなくても車椅子席を1枚でお申込みは可能となりますが、基本的にはお付き添いの方もご一緒にご来場いただくようお願い致します。災害時・緊急時にスタッフのお手伝いが遅れることも考えられますので、予めご了承ください。 ・お客様のご都合で、車椅子席から他の席種、または他の席種から車椅子席への振り替えは出来ませんので、予めご了承ください。 ・当日は係員の指示に従っていただきますようお願いいたします。 ・車椅子席はステージの見やすさをお約束したものではありませんことを予めご了承ください。 ・駐車場や降車場所につきましては、会場側の規則・サービス提供により確保されている場合を除き、車椅子来場者のために優遇確保する駐車場・降車場所はございません。車でご来場される際はご自身で近隣のコインパーキングなどをお探し下さい。 ・車椅子席をご購入いただいた際には、車いすのタイプに関してアンケートにご回答いただく必要がございます。（例：手動、電動、ストレッチャータイプ、大型タイプ） ・車椅子席を複数枚ご購入いただいた際には、同行者様のアンケートにご回答いただく必要がございます。（例：同行者が、車椅子 or 付き添い）"
https://ishiharakaori-fc.com/news/?id=577,2026/07/11,「Animelo Summer Live 2026 -Messenger-」DAY2 終了後コメントを更新！,MOVIE『「Animelo Summer Live 2026 -Messenger-」DAY2 終了後コメント』を更新しました！ ▽こちらからチェック
https://ishiharakaori-fc.com/news/?id=578,2026/07/17,7月20日(月)20：00〜「石原夏織のCarry up!? NEXT」FC限定パート #34 配信します！,「石原夏織のCarry up!? NEXT」のFC限定パート #34 7月20日(月)20：00〜 より配信します！ 配信はこちらから→ ＃34 配信 アーカイブは、 MOVIEページ ・ 特設ページ からご覧いただけます。 お楽しみに！
https://ishiharakaori-fc.com/news/?id=579,2026/07/17,【STAFF BLOG】七夕祭りとアニサマDAY2のお話,【STAFF BLOG】七夕祭りとアニサマDAY2のお話 を更新しました！ ▽こちらからチェック
https://ishiharakaori-fc.com/news/?id=580,2026/07/24,8月3日(月)20：00〜「石原夏織のCarry up!? NEXT」FC限定パート #35 配信します！,「石原夏織のCarry up!? NEXT」のFC限定パート #35 8月3日(月)20：00〜 より配信します！ 配信はこちらから→ ＃35 配信 アーカイブは、 MOVIEページ ・ 特設ページ からご覧いただけます。 お楽しみに！
https://ishiharakaori-fc.com/news/?id=581,2026/07/31,"くるくる動画 ""ASOVIVA ライブビジュアル ver"" を更新！","MOVIE『くるくる動画 ""ASOVIVA ライブビジュアル ver""』を更新しました！ ▽こちらからチェック"
https://ishiharakaori-fc.com/news/?id=582,2026/07/31,"くるくる動画 ""アニサマ2026 ver"" を更新！","MOVIE『くるくる動画 ""アニサマ2026 ver""』を更新しました！ ▽こちらからチェック"
https://ishiharakaori-fc.com/news/?id=583,2026/08/01,8月6日(木)「hand in hand」会員限定生配信を行います！,8月6日(木)20時頃より、 「hand in hand」会員限定生配信が決定しました🩵 夏織ちゃんのお誕生日をみんなでお祝いしましょう🍣🍰🍴 さらに、配信内でご紹介する「夏織ちゃんへのお祝いメッセージ＆イラスト＆写真」を大募集！ 募集期間：〜8月6日(木)お昼12時まで ご応募はこちら お楽しみに〜！！！ 配信概要 配信日時 2026年8月6日(木)20時頃〜 配信開始予定 *時間が前後する可能性がございます ※配信直前は混雑が予想されます。配信開始の15～20分前などお早めにログインのうえ配信開始をお待ちください。 ※配信が始まると、動画は自動的に開始いたします。過度なリロードはサイトへの負荷となりますので、お控えいただきますようお願いいたします。 チャット機能について ※チャットに参加する場合は、名前、利用規約とプライバシーポリシーに同意のチェックを入れ、登録を押し、その後にメッセージを入力してください。（チャット上にお名前が表示されない場合は、メッセージ内にもお名前をいれてください ※任意） ※チャット機能は会話に参加するほかのユーザーへの思いやりを忘れずにお楽しみください。 注意事項 ※ご視聴には、石原夏織 オフィシャルファンクラブ「hand in hand」への有料会員登録が必要となります。ご視聴を希望される方は、配信開始までに会員登録・入金完了までお手続きをお済ませください。 ※生配信のため、通信エラー等により配信が途切れる場合がございます。予めご了承ください。 ※本コンテンツは視聴専用となりダウンロードは出来ません。録画・スクリーンショットなどは禁止とさせていただきます。 ※視聴が出来ない方はブラウザを変えてお試しください。 ※機種や端末、ブラウザによって表示が異なる為、再生ボタンやチャットが表示されない場合がございます。その際はブラウザを変えてお試しくださいませ。 ※Androidをご利用されている場合はChrome等にブラウザを変えてお試しください。 ※Wi-Fi環境にてご視聴いただく事を強くお勧めいたします。 ◆ 配信ページはこちら ◆ 新規ご入会はこちら
https://ishiharakaori-fc.com/news/?id=584,2026/08/06,Happy Birthday Kaori! 2026 を更新！,MOVIE『Happy Birthday Kaori! 2026』を更新しました！ ▽こちらからチェック
https://ishiharakaori-fc.com/news/?id=588,2026/08/10,8月17日(月)20：00〜「石原夏織のCarry up!? NEXT」FC限定パート #36 配信します！,「石原夏織のCarry up!? NEXT」のFC限定パート #36 8月17日(月)20：00〜 より配信します！ 配信はこちらから→ ＃36 配信 アーカイブは、 MOVIEページ ・ 特設ページ からご覧いただけます。 お楽しみに！
https://ishiharakaori-fc.com/news/?id=589,2026/08/14,会報16号、発行決定！アンケート募集・発送先住所確認のお願い,9月末に、会報16号の発行が決定しました♪ 会報16号発行を記念して、「ハンズと夏織の夏休み🌻」の募集を行います！ この夏、夏織ちゃんが出演するイベント・ライブに参加した感想や、みなさんそれぞれの夏休みの思い出などを送ってください！ ●テーマ 「ハンズと夏織の夏休み🌻」 ※会報誌やSNSに掲載される可能性がありますので、掲載しても問題のない内容でお願いいたします。 ●締切 2026年8月25日（火）23：59まで アンケートはこちら _＿＿＿＿＿＿＿＿＿＿＿＿＿＿＿＿＿＿＿＿ 会報誌を確実に皆さまのお手元に届けるために、必ず下記をご一読いただきますようお願いいたします。 ◆発送日 2026年9月30日（水）より順次発送を予定しております。 ※1週間〜10日ほどかけて到着となります ◆発送対象 ・「hand in hand」 年額コース 有効会員の方 ・2026年9月30日（水）までに 年額コース へ会員登録・入金完了までお手続きをお済ませいただいた方 ◆発送先住所確認のお願い 会報誌の発送に伴い、お引越しをされた方、お引越し予定の方は、期間内に必ず住所変更のお手続きをお願いいたします。 ※住所変更期間が短くなっておりますので、ご注意ください ＜確認期間＞ 2025年9月13日（日）23:59まで ＜確認・変更方法＞ ログイン後、MYPAGE内 会員情報にてご確認・変更ください ※確認期間内に住所変更がされていなかった場合・住所不明による未着や紛失等があった場合、再送のご対応はできかねます。あらかじめご了承ください。 ◆未着問合せ期間のご案内 時間がたってもお手元に会報誌が届かない場合は、以下の期間中に「お問い合わせ」よりご連絡ください。 ＜未着問い合わせ期間＞ 2026年10月12日（月）〜10月25日（日）23:59まで ※ゆうメール、ポスト投函でのお届けとなります。 ※上記期間以外のお問い合わせにつきましては、ご対応いたしかねますのでご注意ください。 ※再送対応にお時間をいただいてしまう可能性がございます。予めご了承ください。
https://ishiharakaori-fc.com/news/?id=590,2026/08/16,8月23日(日)開催 石原夏織 LIVE 2026「ASOVIVA!!!」会場限定ファンクラブキャンペーンの実施が決定！,石原夏織 LIVE 2026「ASOVIVA!!!」にて会場限定ファンクラブキャンペーンの実施が決定！ ライブ特設サイト： http://ishiharakaori.com/LIVE2026-ASOVIVA ①新規入会キャンペーン イベント当日、会場のファンクラブブースで入会手続きを完了いただいた方には、 『オリジナルカップスリーブ』 をプレゼント！ さらに、年額コースご入会の方には、 『会報誌バックナンバー』 をプレゼント！ ②お友達紹介キャンペーン イベント当日、ハンズからのご紹介でお友達が入会手続きを完了した場合、 ご紹介者(ハンズ)様にも 『オリジナルカップスリーブ』 をプレゼントします！ ＊特典のお渡しは、ご紹介1名様につき1個ずつとなります ＊ご紹介者様には、『会報誌バックナンバー』のお渡しはございません 例)ハンズAさん、お友達Bさん・お友達Cさんの場合 お友達Bさんにオリジナルカップスリーブ1個 お友達Cさんにオリジナルカップスリーブ1個 ハンズAさんにオリジナルカップスリーブ2個 ③年額コース乗り換えキャンペーン イベント当日、月額コースから年額コースに乗換いただいた方に、 『オリジナルカップスリーブ』＆『会報誌バックナンバー』 をプレゼント！ ＊会報誌は15号をお渡し予定です。無くなり次第、バックナンバーをお渡しします。 ＊全てのキャンペーンは、当日特典が無くなり次第終了となります 年額コース乗り換え方法 ❶既に入会中の月額の会員情報で一度ログインいただき、MY PAGEから 受付中のファンクラブ＞新規入会受付 より年額コースへのご入会手続きをお願いします。 ❷年会費入会後、月額コースの自動継続をオフにするのを忘れないようにご注意ください。 ❸MY PAGEから「石原夏織 オフィシャルファンクラブ「hand in hand」月額コース＞クレジットカード情報の登録・変更・削除」で月額コースのクレジットカード情報を削除お願いいたします。 ※年額コースのクレカ情報を削除しないようにご注意ください。 ※通常の入会導線から手続きしようとすると、「メールアドレスは登録済です」というようなメールが返ってきて、進むことができないため、ご注意ください ※当日お乗り換えの場合、入会日は2026年9月1日(火)、会員期限は2027年8月31日(火)までとなります ※8月度の月会費・年会費の一部重複分の返金及び会員期限調整はできません 特典絵柄 ​​​​​ 会場での特典引き換え方法 当日、会場にてFC受付を設けます。 新規ご入会の方は、受付にて、入会完了メール・デジタル会員証をご提示ください。 会員番号を控えさせていただきます。 また、お友達紹介キャンペーンの場合、ご紹介会員様の会員番号も控えさせていただきます。 受付にて、デジタル会員証をご提示ください。 また、必ず、対象のお友達様と共にお越しください。 年額コースへお乗り換え希望の方は、受付にてスタッフにお声がけください。 当日受付時間 先行物販開始時刻〜終演後列が途切れるまで（予定） ※公演中は、ブースを休止させていただきます。 ※配布時間は変更となる可能性がございます、時間・場所はXにてアナウンスします 新規ご入会はこちら ハンズフレンズ募集エリア FCブース横に「ハンズフレンズ募集エリア」をご用意します！ ＊配布時間：先行物販開始時刻〜缶バッジがなくなるまで イベント当日、会場で ・一緒に行動するハンズフレンズを探している ・もっと色んなハンズと仲良くなりたい！ という方は是非、FCカウンター横にお越しください✨ エリアに集まってくれたハンズには 「スタッフお手製 ハンズフレンズ募集☆缶バッジ」をお渡しします！ ＊初めましてのハンズ同士で☆ハンズトーク☆をしていただきます ※缶バッジはなくなり次第終了となります
https://ishiharakaori-fc.com/news/?id=591,2026/08/21,AR CAMERAのフレーム Vol.51を更新☆,AR CAMERAのフレームを更新しました☆ ライブビジュアルの夏織ちゃんです✨ 是非、色んな写真を撮ってみてください！
https://ishiharakaori-fc.com/news/?id=592,2026/08/24,石原夏織 LIVE 2026 「𝓐𝓢𝓞𝓥𝓘𝓥𝓐!!!」終演後コメント を更新！,MOVIE『石原夏織 LIVE 2026 「𝓐𝓢𝓞𝓥𝓘𝓥𝓐!!!」終演後コメント』を更新しました！ ▽こちらからチェック
