URL,更新日,タイトル,本文
https://www.inorimachi.com/fc_news/2017/1202100000.html,2017.12.02,ファンクラブカウンター設置のお知らせ,"「水瀬いのり 1st LIVE Ready Steady Go!」の会場におきまして、
ファンクラブカウンターを設置いたします。
【設置場所】
グッズ販売エリア付近
【対応時間】
グッズ販売開始時刻～終演後
ファンクラブカウンターにて、「いのりまち」の入会申込み受付を行います。
会場でのお手続きは手数料がかかりませんので、ぜひこの機会にお立ち寄りください。
※会場でのお手続きは現金のみの受付となります。
※開演中の受付はいたしません。
※開演前と終演後で場所が移動する場合がございます。"
https://www.inorimachi.com/fc_news/2017/1202100001.html,2017.12.02,水瀬いのりオフィシャルファンクラブ「いのりまち」入会申込み受付開始！,"水瀬いのりオフィシャルファンクラブ「いのりまち」の入会申込み受付を開始いたしました！
2017年12月末まで
にご入会(入金完了まで)くださった方には、
ファンクラブオリジナル特製トレカ
をプレゼント！
※会員証発送時に同封いたします。
【会費】
初年度　￥5,000
(入会金￥1,000＋年会費￥4,000)
継続時　￥4,000
(2年目以降)
【入会方法】
①ファンクラブページからのお申込み
https://www.inorimachi.com/
※会費のお支払いは「クレジットカード」「コンビニ」「ペイジー」「郵便振込」からお選びいただけます。
②ローソン／ミニストップ店頭端末Loppi
③ローチケHMV
http://l-tike.com/fc/inoriminase/
※会費のお支払いは、「クレジットカード」「ちょこむ決済」からお選びいただけます。
＜注意事項＞
・お申込み手数料として、別途216円がかかります。
・ご入会は、日本国内にてファンクラブからの発送物を受け取ることができる住所をお持ちの方のみに限らせていただきます。あらかじめご了承ください。
Due to our delivery service management, residential address in Japan is required to join our club.
・未成年者の入会は、入会手続きをされた時点で親権者のご同意を得ているものと判断し、関連した不測の事態が生じたとしても当会では一切の責任を負いかねます。
【会員サービスにつきまして】
●会員期間はご入金月の1日から1年間です。
2017年12月にご入会くださった方のみ、
2018年1月1日から2018年12月31日
の会員期間となります。
●2018年1月より順次サービスの開始を予定しております。
●
2017年12月17日(日)まで
にご入会(入金完了まで)くださった方の会員番号は先着順ではございません。"
https://www.inorimachi.com/fc_news/2017/1218180000.html,2017.12.18,会員番号のご案内につきまして,"本日までにご入会(ご入金完了まで)いただいた方へ、会員番号をメールにてご案内いたしました。
メールが届いていない方は、下記をご確認の上「いのりまち」へお問い合わせください。
-----------------------------------------------------
■パソコンからのメールを受信拒否にしている
ご自身で設定していなくても、自動的に拒否設定になっている場合がございます。「@inorimachi.com」からのメールが受信できるように設定を今一度ご確認ください。
なお、ドメイン受信設定をしていても、迷惑メールフィルターやなりすまし規制のレベルによって受信拒否されてしまう場合がございます。その場合は、ご契約されている携帯電話会社またはプロバイダまでお問い合わせください。
■迷惑メールフォルダに分類されている
Yahoo!メールやGmail、Hotmail等フリーメールやウイルスソフトをご利用になっている場合、自動的に迷惑メールフォルダに振り分けられている可能性がございます。「ゴミ箱」や「迷惑メール」フォルダを今一度ご確認ください。
■メールボックスの容量がいっぱいになっている
容量がいっぱいになっていると、新着のメールを受け取ることができません。メールサーバーをご確認ください。
-----------------------------------------------------
会員サービスの開始は2018年1月を予定しております。
サービス開始まで今しばらくお待ちください。
なお、会員番号に関するお問い合わせにはお答えいたしかねます。"
https://www.inorimachi.com/fc_news/2018/0123130000.html,2018.01.23,まちの新聞「『水瀬いのり 1st LIVE Ready Steady Go!』グッズ撮影編」更新！,"ファンクラブページ内
「まちの新聞」
で
「『水瀬いのり 1st LIVE Ready Steady Go!』グッズ撮影編」
の掲載を開始しました！
撮影に挑む町長の様子を、数回に分けてレポートします！
※1月23日 後半更新しました！
ぜひチェックしてくださいね♪"
https://www.inorimachi.com/fc_news/2018/0129170000.html,2018.01.29,会員証発送開始のお知らせ,"本日より会員証の発送を開始いたしました！
＜2017年12月中にご入会いただいた方へ＞
ファンクラブオリジナル特製トレカを同封しております。
2月15日(木)
になりましてもお手元に届かない場合は、
下記期間内にファンクラブまでお問い合わせください。
■未着問い合わせ期間
2018年2月15日(木)～2月27日(火)
■お問い合わせ先
TEL：03-6273-2233
MAIL：
contact@inorimachi.com
件名：会員証未着
本文：会員番号・氏名・住所・お問い合わせの詳細
※未着問い合わせ期間以降にご連絡をいただきましても対応いたしかねますのでご注意ください。
＜2018年1月以降にご入会いただいた方へ＞
発送完了後、メールにてご案内いたします。
今しばらくお待ちください。"
https://www.inorimachi.com/fc_news/2018/0206180000.html,2018.02.06,まちの新聞「『水瀬いのり 1st LIVE Ready Steady Go!』SHORT MOVIE撮影編」更新！,"ファンクラブページ内
「まちの新聞」
で
「『水瀬いのり 1st LIVE Ready Steady Go!』SHORT MOVIE撮影編」
の掲載を開始しました！
オフショットたっぷりで数回に分けてお届けします！
----------
※2月2日 その3＆4 更新しました！
※2月6日 その5＆おまけ 更新しました！
----------
ぜひチェックしてくださいね♪"
https://www.inorimachi.com/fc_news/2018/0216160000.html,2018.02.16,まちの新聞「『水瀬いのり 1st LIVE Ready Steady Go!』通しリハーサル編」更新！,"ファンクラブページ内
「まちの新聞」
で
「『水瀬いのり 1st LIVE Ready Steady Go!』通しリハーサル編」
の掲載を開始しました！
普段見られないリハーサル風景を徹底取材！
----------
※2月14日 その3＆4 更新しました！
※2月16日 その5＆6 更新しました！
----------
ぜひチェックしてくださいね♪"
https://www.inorimachi.com/fc_news/2018/0305150000.html,2018.03.05,ファンクラブ会報「いのりまちだより」発行決定！,"ファンクラブ会報
「いのりまちだより」
の発行が決定しました！
1号の発送は3月下旬を予定しております。
住所変更を希望される方は
【3月16日(金)15:00まで】
に「まち役場」よりお手続きください。
※会報1号は、3月31日(土)までにご入会(入金完了まで)くださった方にお送りします。
※変更手続きがなく発送物未着のお問い合わせをいただいたいた場合、対応をいたしかねます。
※発送完了後は、まちの回覧板にてお知らせします。"
https://www.inorimachi.com/fc_news/2018/0313150000.html,2018.03.13,まちの新聞「『水瀬いのり 1st LIVE Ready Steady Go!』当日レポート」更新！,"ファンクラブページ内
「まちの新聞」
で
「『水瀬いのり 1st LIVE Ready Steady Go!』当日レポート」
の掲載を開始しました！
LIVE Blu-rayの発売を前に、ライブ当日の様子をオフショット満載でレポートします！
----------
※3月9日 その3＆4 更新しました！
※3月13日 その5＆6 更新しました！
----------
お見逃しなく♪"
https://www.inorimachi.com/fc_news/2018/0316150000.html,2018.03.16,まちの映画館「1st LIVE Blu-ray ジャケット撮影風景」更新！,"ファンクラブページ内
「まちの映画館」
を更新しました！
4月4日(水)の発売にさきがけて、「Inori Minase 1st LIVE Ready Steady Go!」のジャケット撮影風景をお届けします！
ぜひチェックしてくださいね♪"
https://www.inorimachi.com/fc_news/2018/0330160000.html,2018.03.30,ファンクラブ会報「いのりまちだより」1号発送開始のお知らせ,"ファンクラブ会報「いのりまちだより」1号の発送を、3月30日(金)に開始いたしました！
4月13日(金)
になりましてもお手元に届かない場合は、
下記期間内にファンクラブまでお問い合わせください。
■未着問い合わせ期間
2018年4月13日(金)～4月27日(金)
■お問い合わせ先
TEL：03-6273-2233（平日12時～18時）
MAIL：contact@inorimachi.com
件名：会報1号未着
本文：会員番号・氏名・住所・お問い合わせの詳細
※未着問い合わせ期間以降にご連絡をいただきましても対応いたしかねますのでご注意ください。
※初回発送は、3月11日(日)までにご入会手続きを完了された方が対象です。
※3月12日(月)以降にご入会いただいた方へは、4月上旬より順次発送いたします。"
https://www.inorimachi.com/fc_news/2018/0402120000.html,2018.04.02,プライバシーポリシー改定のお知らせ,"水瀬いのりを応援くださり誠にありがとうございます。
2018年4月2日付けで、プライバシーポリシーを改定いたしました。
何卒ご理解くださいますようお願い申し上げます。
プライバシーポリシーは
こちら"
https://www.inorimachi.com/fc_news/2018/0404150000.html,2018.04.04,まちの新聞「1st LIVE Blu-ray『Inori Minase 1st LIVE Ready Steady Go!』ジャケット撮影編」更新！,"ファンクラブページ内
「まちの新聞」
で
「1st LIVE Blu-ray『Inori Minase 1st LIVE Ready Steady Go!』ジャケット撮影編」
の掲載を開始しました！
まもなく発売となる、1st LIVE Blu-ray「Inori Minase 1st LIVE Ready Steady Go!」、ジャケット撮影現場の様子をレポート！
----------
※4月4日 その3＆4 更新しました！
----------
ぜひチェックしてくださいね♪"
https://www.inorimachi.com/fc_news/2018/0509000000.html,2018.05.09,【千葉公演】「Inori Minase LIVE TOUR 2018 BLUE COMPASS」会員先行優先予約2次受付のご案内,"「Inori Minase LIVE TOUR 2018 BLUE COMPASS」千葉公演の、ファンクラブ会員チケット先行優先予約2次受付が決定いたしました！
>> 公演情報はこちら！
●申し込み方法
ファンクラブページ
「チケット」
より、『申込受付期間』内に画面の案内に従ってお手続きください。
《申込受付期間》
5月10日(木)15:00～5月15日(火)18:00
《当落発表》
5月23日(水)15:00予定
《決済方法選択期間》
5月23日(水)15:00～5月28日(月)23:59
《チケット発送》
6月中旬
【ご注意】
※すでに千葉公演が当選されている方が、2次受付にて当選することはございません。
※「チケット」ページ記載の注意事項を必ずご確認ください。ご了承いただきました上でのお手続きとなります。
※受付は先着順ではございません。申し込み者多数の場合、抽選にて当落を決定いたします。
※受付開始・終了間際は、アクセスが集中し繋がりにくくなる場合もございます。時間に余裕をもってお手続きください。
※いかなる理由におきましても、申込受付期間終了後の申込み・キャンセル・変更はできません。
ご不明な点のある方は、必ず申込受付期間内にファンクラブまでお問い合わせください。
---------------------------
♪入会をご検討の方へ
チケットの申込受付期間終了までに、ファンクラブページより【クレジットカード決済・コンビニ／ペイジー支払】にてご入会(入金完了まで)いただきますとチケットのお申し込みが可能です！
>> ご入会はこちらから！
【ご注意】
※Loppi／ローソンチケット、郵便振込からのお手続きは期日が異なります。
下記期日を過ぎた場合、チケットはお申し込みいただけません。ご注意ください。
・Loppi／ローソンチケット：5月13日(日)
・郵便振込：5月12日(土)
※チケット申込受付期間は
5月15日(火)18:00
に終了しますので、時間に余裕を持ってお手続きください。"
https://www.inorimachi.com/fc_news/2018/0523150000.html,2018.05.23,【2次受付】「Inori Minase LIVE TOUR 2018 BLUE COMPASS」会員先行優先予約当落結果のご案内,"「Inori Minase LIVE TOUR 2018 BLUE COMPASS」ファンクラブ会員チケット先行優先予約
2次受付にお申し込みいただきました方へ、当落結果のご案内を開始いたしました。
●当落結果について
ファンクラブページ「チケット」よりご確認いただけます。
また、ファンクラブ登録のメールアドレス宛に『当落結果のお知らせ』メールをお送りしております。
●支払方法
当選された方は、ファンクラブページ「チケット」より『決済方法選択期間』内に決済方法を選択し、案内に従ってお手続きください。
《決済方法選択期間》
5月28日(月)23:59まで
《決済方法／支払期限》
クレジットカード：決済方法選択後、即時決済
コンビニ／ペイジー／郵便振込み：5月29日(火)消印有効
【ご注意】
・いかなる理由におきましても、当選されたチケットのキャンセル・変更はできません。
・一度選択された決済方法の変更はできません。
・入金に不備・不明な点がある場合、選択した決済方法以外での入金や支払期限後の入金はすべて手数料を差し引き返金いたします。
その際、当選は無効となりチケットのご用意はできかねます。
・当選確定後にチケット代金のご入金がない場合、次回以降の当落結果・座席の決定に影響が生じる可能性がございます。"
https://www.inorimachi.com/fc_news/2018/0531150000.html,2018.05.31,まちの新聞「2nd ALBUM『BLUE COMPASS』ジャケット撮影編」更新！,"ファンクラブページ内
「まちの新聞」
で
「2nd ALBUM『BLUE COMPASS』ジャケット撮影編」
の掲載を開始しました！
5月23日(水)に発売となった、2nd ALBUM「BLUE COMPASS」のジャケット撮影現場をレポート！
----------
※5月31日 その4＆5＆6 更新しました！
----------
アルバムとあわせてぜひチェックしてください♪"
https://www.inorimachi.com/fc_news/2018/0607150000.html,2018.06.07,ファンクラブカウンター設置のお知らせ,"「Inori Minase LIVE TOUR 2018 BLUE COMPASS」の各会場におきまして、
ファンクラブカウンターを設置いたします。
【設置場所】
グッズ販売エリア付近
【対応時間】
グッズ販売開始時刻～終演後
※開演中の受付はいたしません。
ファンクラブカウンターにて、「いのりまち」の入会申込み受付を行います。
会場でのお手続きは手数料がかかりませんので、ぜひこの機会にお手続きください。
当日は町長の直筆メッセージがみなさまをお出迎えいたします！
ぜひお立ち寄りください♪"
https://www.inorimachi.com/fc_news/2018/0614140000.html,2018.06.14,【千葉公演】「Inori Minase LIVE TOUR 2018 BLUE COMPASS」チケット発送完了のお知らせ,"「Inori Minase LIVE TOUR 2018 BLUE COMPASS」
千葉公演
のチケットを6月14日(木)に簡易書留にて発送いたしました。
ご不在がちな方は、ポストの不在票にご注意ください。
簡易書留のお問い合わせ番号は、ファンクラブページ内「チケット」
並びに「チケット　発送完了のお知らせ」メールにてご確認いただけます。
6月22日(金)になりましてもお手元に届かない場合は、
下記「未着問い合わせ期間」内にファンクラブまでお問い合わせください。
《未着問い合わせ期間》
6月22日(金)～6月28日(木)
配達状況は、下記よりご確認いただけます。
お問い合わせの際は、必ず事前にご確認の上ご連絡くださいますようお願いいたします。
【郵便追跡サービス】
https://trackings.post.japanpost.jp/services/srv/search/input
※1次・2次受付合わせて発送が完了しております。"
https://www.inorimachi.com/fc_news/2018/0713150000.html,2018.07.13,まちの新聞「『Inori Minase LIVE TOUR 2018 BLUE COMPASS』グッズ撮影編」更新！,"ファンクラブページ内
「まちの新聞」
で
「『Inori Minase LIVE TOUR 2018 BLUE COMPASS』グッズ撮影編」
の掲載を開始しました！
グッズ撮影時のエピソードとオフショットを合わせてお届けします♪
----------
※7月13日 その5＆6 更新しました！
----------
ぜひチェックしてみてください！"
https://www.inorimachi.com/fc_news/2018/0718170000.html,2018.07.18,まちの新聞「『Inori Minase LIVE TOUR 2018 BLUE COMPASS』スタジオリハーサル編」更新！,"ファンクラブページ内
「まちの新聞」
で
「『Inori Minase LIVE TOUR 2018 BLUE COMPASS』スタジオリハーサル編」
を掲載しました！
ライブ直前の町長をレポート♪
ぜひチェックしてみてください！"
https://www.inorimachi.com/fc_news/2018/0727150000.html,2018.07.27,まちの新聞「『Inori Minase LIVE TOUR 2018 BLUE COMPASS』映像撮影編」更新！,"ファンクラブページ内
「まちの新聞」
で
「『Inori Minase LIVE TOUR 2018 BLUE COMPASS』映像撮影編」
の掲載を開始しました！
コンパス片手に旅する町長♪
----------
※7月27日 その5＆6 更新しました！
----------
ぜひチェックしてみてください！"
https://www.inorimachi.com/fc_news/2018/0803150000.html,2018.08.03,TOPページ更新！,"「いのりまち」ファンクラブページを更新いたしました！
町民さんだけが見られるスペシャルな町長が、TOPページにてみなさんをお出迎え♪
ぜひログインしてみてくださいね！
ファンクラブページ：
https://www.inorimachi.com/
※画像の無断転載、複製、加工、または再配布する行為はご遠慮ください(ウェブサイト・SNSを含む)。"
https://www.inorimachi.com/fc_news/2018/0806150000.html,2018.08.06,まちの新聞「『Inori Minase LIVE TOUR 2018 BLUE COMPASS』兵庫公演レポート」更新！,"ファンクラブページ内
「まちの新聞」
で
「『Inori Minase LIVE TOUR 2018 BLUE COMPASS』兵庫公演レポート」
を掲載しました！
ツアー3公演目兵庫公演の様子をライブ写真と共にお届けします♪
ぜひチェックしてみてください！"
https://www.inorimachi.com/fc_news/2018/0820150000.html,2018.08.20,ファンクラブ会報「いのりまちだより」3号発行決定！,"ファンクラブ会報
「いのりまちだより」3号
の発行が決定しました！
3号の発送は9月末を予定しております。
住所変更を希望される方は
【9月14日(金)15:00まで】
に「まち役場」よりお手続きください。
※会報3号は、9月30日(日)までにご入会(入金完了まで)くださった方にお送りします。
※変更手続きがなく発送物未着のお問い合わせをいただいたいた場合、対応をいたしかねます。
※発送完了後は、まちの回覧板にてお知らせします。"
https://www.inorimachi.com/fc_news/2018/0821150000.html,2018.08.21,「まちうけ」開設！,"ファンクラブページに新コンテンツ
「まちうけ」
がオープンしました！
町民のみなさんだけがダウンロードできる、町長のスペシャルな待受画像を配布♪
それぞれの画像は期間限定で配布いたします。
ダウンロードをお忘れなく！
※画像の無断転載、複製、加工、または再配布する行為はご遠慮ください(ウェブサイト・SNSを含む)。"
https://www.inorimachi.com/fc_news/2018/0913180000.html,2018.09.13,ファンクラブイベント開催決定！,"「いのりまち」ファンクラブイベントの開催が決定しました！
町長と一緒に楽しい時間を過ごしましょう♪
『いのりまち町民集会2018』
【日時】
2018年12月9日(日)
①13:30開場／14:30開演
②17:30開場／18:30開演
【会場】
東京国際フォーラム ホールA
【チケット代金】
￥5,400(税込)
【制限枚数】
1公演につき1枚限り。
※両公演をお申し込みいただきました場合、2公演当選する可能性がございます。
その際、当選された全てのチケットをご購入いただきます。
----------------------------
※※重要※※
イベントへの入場には、
【会員証・有効な顔写真付き身分証明書(※下記参照)・チケット】
が必要です。
いずれかをお持ちでない場合、ご参加いただけませんのでご注意ください。
★本イベントにおける有効な顔写真付き身分証明書
○運転免許証(各都道府県公安委員会が発行するもの)
○パスポート
○顔写真付きマイナンバーカード(通知カードは認められません)
○在留カードまたは特別永住者証明書
○顔写真付き障害者手帳
○顔写真付き学生証
○顔写真付き住民基本台帳カード
※すべてにおいて、コピー・期限切れ・顔写真無しのものは無効。
※チケット印字氏名と一致するものに限ります。
※外国籍の方は【パスポート・在留カード・特別永住者証明書】のいずれかをお持ちください。
※顔写真付きマイナンバーカードは、年令問わず無料で取得することができます。
>> マイナンバーカード総合サイト
----------------------------
●申し込み方法
ファンクラブページ「チケット」より、『申込受付期間』内に画面の案内に従ってお手続きください。
《申込受付期間》
9月27日(木)15:00～10月11日(木)18:00
《当落発表》
10月19日(金)15:00予定
《決済方法選択期間》
10月19日(金)15:00～10月29日(月)23:59
《チケット発送》
11月下旬予定
【ご注意】
※「チケット」ページ記載の注意事項を必ずご確認ください。ご了承いただきました上でのお手続きとなります。
※複数公演当選された場合、当選されたすべてのチケットをご購入いただきます。
※受付は先着順ではございません。申し込み者多数の場合、抽選にて当落を決定いたします。
※いかなる理由におきましても、申込受付期間終了後の申込み・キャンセル・変更はできません。
ご不明な点のある方は、必ず申込受付期間内にファンクラブまでお問い合わせください。
----------------------------
♪入会をご検討の方へ
チケットの申込受付期間終了までに、ファンクラブページより【クレジットカード決済・コンビニ／ペイジー支払】にてご入会(入金完了まで)いただきますとチケットのお申し込みが可能です！
>> ご入会はこちらから！
【ご注意】
※Loppi／ローソンチケット、郵便振込からのお手続きは期日が異なります。
下記期日を過ぎた場合、チケットはお申し込みいただけません。ご注意ください。
・Loppi／ローソンチケット：10月7日(日)
・郵便振込：10月5日(金)
※チケットの申込受付は
10月11日(木)18:00
に終了しますので、時間に余裕を持ってお手続きください。"
https://www.inorimachi.com/fc_news/2018/0925150000.html,2018.09.25,まちの新聞「LIVE Blu-ray『Inori Minase LIVE TOUR BLUE COMPASS』ジャケット撮影編」更新！,"ファンクラブページ内
「まちの新聞」
で
「LIVE Blu-ray『Inori Minase LIVE TOUR BLUE COMPASS』ジャケット撮影編」
の掲載を開始しました！
発売日前にジャケット撮影の様子を町民のみなさんへお届けします♪
----------
※9月25日 その3＆4 更新しました！
----------
ぜひチェックしてみてください！"
https://www.inorimachi.com/fc_news/2018/0925150001.html,2018.09.25,「まちうけ」画像更新！,"ファンクラブページ
「まちうけ」
の画像を更新しました♪
期間限定での配信です！
町民のみなさんはダウンロードをお忘れなく！
※画像の無断転載、複製、加工、または再配布する行為はご遠慮ください(ウェブサイト・SNSを含む)。"
https://www.inorimachi.com/fc_news/2018/0927150000.html,2018.09.27,「いのりまち町民集会2018」チケット申し込み受付開始のご案内,"「いのりまち町民集会2018」のチケット申し込み受付を開始いたしました！
●公演詳細
【日時】
2018年12月9日(日)
①13:30開場／14:30開演
②17:30開場／18:30開演
【会場】
東京国際フォーラム ホールA
【チケット代金】
￥5,400(税込)
●申し込み方法
ファンクラブページ「チケット」より、『申込受付期間』内に画面の案内に従ってお手続きください。
《申込受付期間》
9月27日(木)15:00～10月11日(木)18:00
《当落発表》
10月19日(金)15:00予定
《決済方法選択期間》
10月19日(金)15:00～10月29日(月)23:59
《チケット発送》
11月下旬予定
【ご注意】
※「チケット」ページ記載の注意事項を必ずご確認ください。ご了承いただきました上でのお手続きとなります。
※複数公演当選された場合、当選されたすべてのチケットをご購入いただきます。
※受付は先着順ではございません。申し込み者多数の場合、抽選にて当落を決定いたします。
※いかなる理由におきましても、申込受付期間終了後の申込み・キャンセル・変更はできません。
ご不明な点のある方は、必ず申込受付期間内にファンクラブまでお問い合わせください。
----------------------------
※※重要※※
イベントへの入場には、
【会員証・有効な顔写真付き身分証明書(※下記参照)・チケット】
が必要です。
いずれかをお持ちでない場合、ご参加いただけませんのでご注意ください。
★本イベントにおける有効な顔写真付き身分証明書
○運転免許証(各都道府県公安委員会が発行するもの)
○パスポート
○顔写真付きマイナンバーカード(通知カードは認められません)
○在留カードまたは特別永住者証明書
○顔写真付き障害者手帳
○顔写真付き学生証
○顔写真付き住民基本台帳カード
※すべてにおいて、コピー・期限切れ・顔写真無しのものは無効。
※チケット印字氏名と一致するものに限ります。
※外国籍の方は【パスポート・在留カード・特別永住者証明書】のいずれかをお持ちください。
※顔写真付きマイナンバーカードは、年令問わず無料で取得することができます。
>> マイナンバーカード総合サイト
♪入会をご検討の方へ
チケットの申込受付期間終了までに、ファンクラブページより【クレジットカード決済・コンビニ／ペイジー支払】にてご入会(入金完了まで)いただきますとチケットのお申し込みが可能です！
>> ご入会はこちらから！
【ご注意】
※Loppi／ローソンチケット、郵便振込からのお手続きは期日が異なります。
下記期日を過ぎた場合、チケットはお申し込みいただけません。ご注意ください。
・Loppi／ローソンチケット：10月7日(日)
・郵便振込：10月5日(金)取扱日有効
※チケットの申込受付は
10月11日(木)18:00
に終了しますので、時間に余裕を持ってお手続きください。"
https://www.inorimachi.com/fc_news/2018/0928160000.html,2018.09.28,ファンクラブ会報「いのりまちだより」3号発送開始のお知らせ,"ファンクラブ会報「いのりまちだより」3号の発送を、9月28日(金)に開始いたしました！
10月12日(金)
になりましてもお手元に届かない場合は、
下記期間内にファンクラブまでお問い合わせください。
■未着問い合わせ期間
2018年10月12日(金)～10月26日(金)
■お問い合わせ先
TEL：03-6273-2233（平日12時～18時）
MAIL：contact@inorimachi.com
件名：会報3号未着
本文：会員番号・氏名・住所・お問い合わせの詳細
※未着問い合わせ期間以降にご連絡をいただきましても対応いたしかねますのでご注意ください。
※9月末までにご入会いただいた方を対象に発送いたします。
※初回発送は、9月9日(日)までにご入会手続きを完了された方が対象です。
※9月10日(月)以降にご入会いただいた方へは、10月上旬より順次発送いたします。
※会報投稿は【10月5日(金)】より受付を開始いたします。"
https://www.inorimachi.com/fc_news/2018/1001150000.html,2018.10.01,まちの新聞「6th SINGLE『TRUST IN ETERNITY』ジャケット撮影編」更新！,"ファンクラブページ内
「まちの新聞」
で
「6th SINGLE『TRUST IN ETERNITY』ジャケット撮影編」
の掲載を開始しました！
幻想的なジャケットの撮影風景を大公開！
----------
※10月1日 その3＆4 更新しました！
----------
ぜひチェックしてみてください！"
https://www.inorimachi.com/fc_news/2018/1001150001.html,2018.10.01,会員継続手続き受付開始のご案内,"ファンクラブ会員継続手続きの受付を開始いたしました！
継続手続きは、会員期限の3ヶ月前よりお申し込みいただけます。
●お手続き方法
ファンクラブページ「まち役場」⇒「継続手続き」より、画面の案内に従ってお手続きください。
《お支払い金額》
継続年会費4,000円＋申し込み手数料216円
《決済方法》
クレジットカード／コンビニ／ペイジー／郵便振込
●継続特典について
1年ごとにデザインの異なるアイテムのお届けを予定しております♪
継続のお手続きをいただいた方には、11月中旬より順次発送いたします！
【ご不明な点のある方へ】
ファンクラブページ
「FAQ」
に『会員期限・更新手続き』に関するご案内がございます。
その他ご質問がある方は、ファンクラブまでお問い合わせください。"
https://www.inorimachi.com/fc_news/2018/1005120000.html,2018.10.05,ファンクラブ会報「いのりまちだより」投稿受付開始！,"ファンクラブ会報「いのりまちだより」4号の投稿受付を開始いたしました！
町長へのメッセージやアニメ・ライブ・会報の感想、イラストやコーナーへの投稿などなど、みなさんのおたよりをお送りください♪
【ファンクラブページからの投稿】
ファンクラブページログイン後、「ポスト」からご投稿ください。
投稿締切：10月31日(水)18:00
【郵便での投稿】
〒160-0004
東京都新宿区四谷4-6-10ビクトリアセンター8F
水瀬いのりオフィシャルファンクラブ「いのりまち」○○○(各コーナー名)係
投稿締切：10月31日(水)必着
たくさんの投稿、お待ちしております♪"
https://www.inorimachi.com/fc_news/2018/1017150000.html,2018.10.17,まちの新聞「6th SINGLE『TRUST IN ETERNITY』MUSIC VIDEO撮影編」更新！,"ファンクラブページ内
「まちの新聞」
で
「6th SINGLE『TRUST IN ETERNITY』MUSIC VIDEO撮影編」
を更新しました！
先日公開されたMUSIC VIDEOの撮影風景をお届けします♪
----------
※10月15日 その3＆4 更新しました！
※10月17日 その5＆6 更新しました！
----------
ぜひチェックしてみてくださいね！"
https://www.inorimachi.com/fc_news/2018/1019150000.html,2018.10.19,「いのりまち町民集会2018」チケット当落結果のご案内,"「いのりまち町民集会2018」のチケットをお申し込みいただきました方へ、当落結果のご案内を開始いたしました。
●当落結果について
ファンクラブページ
「チケット」
よりご確認いただけます。
また、ファンクラブ登録のメールアドレス宛に『当落結果のお知らせ』メールをお送りしております。
●支払方法
当選された方は、ファンクラブページ「チケット」より『決済方法選択期間』内に決済方法を選択し、案内に従ってお手続きください。
《決済方法選択期間》
10月29日(月)23:59まで
《決済方法／支払期限》
クレジットカード：決済方法選択後、即時決済
コンビニ／ペイジー／郵便振込み：10月30日(火)取扱日有効
【ご注意】
・いかなる理由におきましても、当選されたチケットのキャンセル・変更はできません。
・複数公演当選された場合、当選されたすべてのチケットをご購入いただきます。
・一度選択された決済方法の変更はできません。
・入金に不備・不明な点がある場合、選択した決済方法以外での入金や支払期限後の入金はすべて手数料を差し引き返金いたします。
その際、当選は無効となりチケットのご用意はできかねます。
・当選確定後にチケット代金のご入金がない場合、次回以降の当落結果・座席の決定に影響が生じる可能性がございます。
ご不明な点のある方は、必ず申込受付期間内にファンクラブまでお問い合わせください。
----------------------------
※※重要※※
イベントへの入場には、
【会員証・有効な顔写真付き身分証明書(※下記参照)・チケット】
が必要です。
いずれかをお持ちでない場合、ご参加いただけませんのでご注意ください。
★本イベントにおける有効な顔写真付き身分証明書
○運転免許証(各都道府県公安委員会が発行するもの)
○パスポート
○顔写真付きマイナンバーカード(通知カードは認められません)
○在留カードまたは特別永住者証明書
○顔写真付き障害者手帳
○顔写真付き学生証
○顔写真付き住民基本台帳カード
※すべてにおいて、コピー・期限切れ・顔写真無しのものは無効。
※チケット印字氏名と一致するものに限ります。
※外国籍の方は【パスポート・在留カード・特別永住者証明書】のいずれかをお持ちください。
※顔写真付きマイナンバーカードは、年令問わず無料で取得することができます。
>> マイナンバーカード総合サイト
●会員証再発行について
会員証を紛失された方は
【11月9日(金)】まで
に再発行手続きを行ってください。
《手続き方法》
再発行には再発行料として1,000円がかかります。
郵便局備付の青い払込取扱票に必要事項をご記入の上、「通常払込み」にてお申し込みください。
○必要事項
口座番号：00190-8-324717
加入者名：いのりまち
入 金 額：1,000円
通 信 欄：「会員証再発行」の一文、会員番号
ご依頼人欄：郵便番号、住所、氏名、電話番号
※電信払込み、電信振替、現金書留など、通常払込み以外の入金方法では受付出来ません。
※再発行には、最大2ヶ月ほどお時間をいただきます。期間に余裕を持ってお申し込みください。
※ご入金の際の手数料は別途ご負担ください。"
https://www.inorimachi.com/fc_news/2018/1026120000.html,2018.10.26,「いのりまち」事務局移転のお知らせ,"この度、水瀬いのりオフィシャルファンクラブ「いのりまち」は、
2018年11月5日(月)より下記のとおり住所を変更することとなりました。
【新住所】
〒160-0023
東京都新宿区西新宿1-19-6　山手新宿ビル11F
水瀬いのりオフィシャルファンクラブ「いのりまち」
※電話番号・メールアドレスに変更はございません
移転に伴い、11月2日(金)の電話・メール対応、並びに宅配便の受け取りを休業させていただきます。
ご理解、ご協力の程、何卒よろしくお願い申し上げます。"
https://www.inorimachi.com/fc_news/2018/1101120000.html,2018.11.01,「いのりまち町民集会2018」にご来場のみなさまへ,"●ファンクラブ登録住所確認のお願い
11月下旬に「いのりまち町民集会2018」のチケット発送を予定しております。
住所変更を希望される方は
【11月9日(金)18:00】
までに、
ファンクラブページ「まち役場」内『会員情報』より変更のお手続きをお願いいたします。
※建物名や部屋番号の記入漏れは、未着の原因となります。
※変更がない方も、登録情報に不備がないか今一度ご確認くださいますようお願いいたします。
----------------------------
●イベントの入場について
※※重要※※
イベントへの入場には、
【会員証・有効な顔写真付き身分証明書(※下記参照)・チケット】
が必要です。
いずれかをお持ちでない場合、ご参加いただけませんのでご注意ください。
★本イベントにおける有効な顔写真付き身分証明書
○運転免許証(各都道府県公安委員会が発行するもの)
○パスポート
○顔写真付きマイナンバーカード(通知カードは認められません)
○在留カードまたは特別永住者証明書
○顔写真付き障害者手帳
○顔写真付き学生証
○顔写真付き住民基本台帳カード
※すべてにおいて、コピー・期限切れ・顔写真無しのものは無効。
※チケット印字氏名と一致するものに限ります。
※外国籍の方は【パスポート・在留カード・特別永住者証明書】のいずれかをお持ちください。
※顔写真付きマイナンバーカードは、年令問わず無料で取得することができます。
>> マイナンバーカード総合サイト
----------------------------
●会員証再発行について
会員証を紛失された方は
【11月9日(金)】
までに再発行手続きを行ってください。
《手続き方法》
再発行には再発行料として1,000円がかかります。
郵便局備付の青い払込取扱票に必要事項をご記入の上、「通常払込み」にてお申し込みください。
○必要事項
口座番号：00190-8-324717
加入者名：いのりまち
入 金 額：1,000円
通 信 欄：「会員証再発行」の一文、会員番号
ご依頼人欄：郵便番号、住所、氏名、電話番号
※電信払込み、電信振替、現金書留など、通常払込み以外の入金方法では受付出来ません。
※再発行には、最大2ヶ月ほどお時間をいただきます。期間に余裕を持ってお申し込みください。
※ご入金の際の手数料は別途ご負担ください。"
https://www.inorimachi.com/fc_news/2018/1101170000.html,2018.11.01,「いのりまち町民集会2018」チケット2次受付のご案内,"「いのりまち町民集会2018」のチケット2次受付を開始いたしました！
>> 公演情報はこちら！
●申し込み方法
ファンクラブページ
「チケット」
より、『申込受付期間』内に画面の案内に従ってお手続きください。
《申込受付期間》
11月1日(木)17:00～11月6日(火)18:00
《当落発表》
11月9日(金)15:00予定
《決済方法選択期間》
11月9日(金)15:00～11月13日(火)23:59
《チケット発送》
11月下旬
《決済方法／支払期限》
クレジットカード：決済方法選択後、即時決済
コンビニ／ペイジー：11月14日(水)
※郵便振込はご利用いただけません
【ご注意】
※すでに当選されている公演が、2次受付にて当選することはございません。
※「チケット」ページ記載の注意事項を必ずご確認ください。ご了承いただきました上でのお手続きとなります。
※複数公演当選された場合、当選されたすべてのチケットをご購入いただきます。
※受付は先着順ではございません。申し込み者多数の場合、抽選にて当落を決定いたします。
※いかなる理由におきましても、申込受付期間終了後の申込み・キャンセル・変更はできません。
ご不明な点のある方は、必ず申込受付期間内にファンクラブまでお問い合わせください。
---------------------------
♪入会をご検討の方へ
チケットの申込受付期間終了までに、ファンクラブページより【クレジットカード決済・コンビニ／ペイジー支払】にてご入会(入金完了まで)いただきますとチケットのお申し込みが可能です！
>> ご入会はこちらから！
【ご注意】
※Loppi／ローソンチケット、郵便振込からのお手続きは期日が異なります。
下記期日を過ぎた場合、チケットはお申し込みいただけません。ご注意ください。
・Loppi／ローソンチケット：11月4日(日)
・郵便振込：11月3日(土)
※チケット申込受付期間は
11月6日(火)18:00
に終了しますので、時間に余裕を持ってお手続きください。"
https://www.inorimachi.com/fc_news/2018/1109150000.html,2018.11.09,「いのりまち町民集会2018」チケット2次受付当落結果のご案内,"「いのりまち町民集会2018」チケット2次受付をお申し込みいただきました方へ、当落結果のご案内を開始いたしました。
●当落結果について
ファンクラブページ
「チケット」
よりご確認いただけます。
また、ファンクラブ登録のメールアドレス宛に『当落結果のお知らせ』メールをお送りしております。
●支払方法
当選された方は、ファンクラブページ「チケット」より『決済方法選択期間』内に決済方法を選択し、案内に従ってお手続きください。
《決済方法選択期間》
11月13日(火)23:59まで
《決済方法／支払期限》
クレジットカード：決済方法選択後、即時決済
コンビニ／ペイジー：11月14日(水)
※郵便振込はご利用いただけません
【ご注意】
・いかなる理由におきましても、当選されたチケットのキャンセル・変更はできません。
・複数公演当選された場合、当選されたすべてのチケットをご購入いただきます。
・一度選択された決済方法の変更はできません。
・入金に不備・不明な点がある場合、選択した決済方法以外での入金や支払期限後の入金はすべて手数料を差し引き返金いたします。
その際、当選は無効となりチケットのご用意はできかねます。
・当選確定後にチケット代金のご入金がない場合、次回以降の当落結果・座席の決定に影響が生じる可能性がございます。
ご不明な点のある方は、必ず申込受付期間内にファンクラブまでお問い合わせください。
----------------------------
※※重要※※
イベントへの入場には、
【会員証・有効な顔写真付き身分証明書(※下記参照)・チケット】
が必要です。
いずれかをお持ちでない場合、ご参加いただけませんのでご注意ください。
★本イベントにおける有効な顔写真付き身分証明書
○運転免許証(各都道府県公安委員会が発行するもの)
○パスポート
○顔写真付きマイナンバーカード(通知カードは認められません)
○在留カードまたは特別永住者証明書
○顔写真付き障害者手帳
○顔写真付き学生証
○顔写真付き住民基本台帳カード
※すべてにおいて、コピー・期限切れ・顔写真無しのものは無効。
※チケット印字氏名と一致するものに限ります。
※外国籍の方は【パスポート・在留カード・特別永住者証明書】のいずれかをお持ちください。
※顔写真付きマイナンバーカードは、年令問わず無料で取得することができます。
>> マイナンバーカード総合サイト
その他ご不明な点のある方は、お早めにファンクラブまでお問い合わせください。"
https://www.inorimachi.com/fc_news/2018/1112150000.html,2018.11.12,「いのりまち町民集会2018」おたより募集！,"「いのりまち町民集会2018」では、みなさまからのおたよりを大募集！
町長に聞いてみたいこと、いのりまちへのご意見やご要望などなど......
ご自由にお送りください♪
●投稿方法
ファンクラブページログイン後、メニューに表示される「アンケート」よりご投稿ください。
●募集締め切り
11月22日(木)18:00まで
【ご注意】
※おたよりはイベント内で使用いたします。その際、一部内容を編集させていただく場合がございます。
※ファンクラブイベントへの参加に関わらず、すべての会員様がご回答いただけます。"
https://www.inorimachi.com/fc_news/2018/1120150000.html,2018.11.20,まちの映画館「ファンクラブイベント開催！＆祝いのりまち1周年！」更新！,"ファンクラブページ内
「まちの映画館」
を更新しました！
12月9日に開催される「いのりまち町民集会2018」や、1周年を迎える「いのりまち」について、町長からメッセージが届きました！
ぜひチェックしてくださいね♪"
https://www.inorimachi.com/fc_news/2018/1121170000.html,2018.11.21,「いのりまち町民集会2018」チケット発送完了のお知らせ,"「いのりまち町民集会2018」のチケットを11月21日(水)に簡易書留にて発送いたしました。
ご不在がちな方は、ポストの不在票にご注意ください。
簡易書留のお問い合わせ番号は、ファンクラブページ内「チケット」
並びに「チケット　発送完了のお知らせ」メールにてご確認いただけます。
11月30日(金)になりましてもお手元に届かない場合は、
下記「未着問い合わせ期間」内にファンクラブまでお問い合わせください。
《未着問い合わせ期間》
11月30日(金)～12月6日(木)
配達状況は、下記よりご確認いただけます。
お問い合わせの際は、必ず事前にご確認の上ご連絡くださいますようお願いいたします。
【郵便追跡サービス】
https://trackings.post.japanpost.jp/services/srv/search/input"
https://www.inorimachi.com/fc_news/2018/1122150000.html,2018.11.22,ファンクラブ会報「いのりまちだより」4号発行決定！,"ファンクラブ会報
「いのりまちだより」4号
の発行が決定しました！
4号の発送は12月末を予定しております。
住所変更を希望される方は
【12月10日(月)15:00まで】
に「まち役場」よりお手続きください。
※会報4号は、12月31日(月)までにご入会(入金完了まで)くださった方にお送りします。
※変更手続きがなく発送物未着のお問い合わせをいただいたいた場合、対応をいたしかねます。
※発送完了後は、まちの回覧板にてお知らせします。"
https://www.inorimachi.com/fc_news/2018/1126150000.html,2018.11.26,「いのりまち町民集会2018」特設ページ公開！,"「いのりまち町民集会2018」の特設ページを公開しました。
特設ページでは、イベントに関する大切なお知らせや、グッズラインナップを掲載！
イベント前にぜひチェックしてくださいね♪
「いのりまち町民集会2018」特設ページ
※グッズのご購入には会員証のご提示が必要となります。"
https://www.inorimachi.com/fc_news/2018/1126150001.html,2018.11.26,「いのりまち町民集会2018」ファンクラブカウンター設置のお知らせ,"「いのりまち町民集会2018」の会場内におきまして、
ファンクラブカウンターを設置いたします。
こちらにて「いのりまち」の継続手続きの受付を行います。
【会員証】をお持ちの上、カウンターまでお越しください。
【設置場所】
グッズ販売エリア付近
【対応時間】
グッズ販売開始時刻～終演後
【対　　象】
会員期限が2019年4月30日までの方
【年 会 費】
\4,000
※各回開演中の受付はいたしません。
お手続きいただいた方には、継続特典をおその場でお渡しします！
ぜひお立ち寄りください♪"
https://www.inorimachi.com/fc_news/2018/1207150000.html,2018.12.07,まちの新聞「『いのりまち町民集会2018』グッズ紹介」更新！,"ファンクラブページ内
「まちの新聞」
で
「『いのりまち町民集会2018』グッズ紹介」
を更新しました！
開催を今週末に控えたファンクラブイベントのグッズを、町長と一緒にご紹介します♪
----------
※12月7日 その2 更新しました！
----------
ぜひチェックしてみてくださいね！"
https://www.inorimachi.com/fc_news/2018/1212180000.html,2018.12.12,バースデーカード発送開始のお知らせ,"2019年1月より、バースデーカードの発送を開始いたします。
町長から届く年に1度のお祝いメッセージ...♪
どんなカードが届くのかは、お誕生日までのお楽しみです！
■発送開始日
1月1日(火)お誕生日の方から1月7日(月)以降順次
※お誕生日より2週間経ちましてもお手元に届かない場合は、ファンクラブまでお問い合わせください。
※バースデーカードはお誕生日付近に発送をいたします。
お届けの時期が会員様により異なりますので、インターネット・SNSなどへの画像の掲載はお控えくださいますようお願いいたします。"
https://www.inorimachi.com/fc_news/2018/1220150000.html,2018.12.20,いのりまち 冬季休業のお知らせ,"冬季休業に伴い、下記期間の電話・メール対応、並びに宅配便の受け取りを休業させていただきます。
■2018年12月31日(月)～2019年1月4日(金)
期間中にいただきましたお問い合わせにつきましては、
1月7日(月)より順次お返事いたします。
ご利用のみなさまにはご不便をおかけいたしますが、
ご理解、ご協力の程、何卒よろしくお願い申し上げます。"
https://www.inorimachi.com/fc_news/2018/1225180000.html,2018.12.25,ファンクラブ会報「いのりまちだより」4号発送開始のお知らせ,"ファンクラブ会報「いのりまちだより」4号の発送を、12月25日(火)に開始いたしました！
2019年1月11日(金)
になりましてもお手元に届かない場合は、
下記期間内にファンクラブまでお問い合わせください。
■未着問い合わせ期間
2019年1月11日(金)～1月25日(金)
■お問い合わせ先
TEL：03-6273-2233（平日12時～18時）
MAIL：contact@inorimachi.com
件名：会報4号未着
本文：会員番号・氏名・住所・お問い合わせの詳細
※未着問い合わせ期間以降にご連絡をいただきましても対応いたしかねますのでご注意ください。
※12月末までにご入会いただいた方を対象に発送いたします。
※初回発送は、12月2日(日)までにご入会手続きを完了された方が対象です。
※12月3日(月)以降にご入会いただいた方へは、1月上旬より順次発送いたします。
※会報投稿は【1月7日(月)12:00】より受付を開始いたします。"
https://www.inorimachi.com/fc_news/2018/1228120000.html,2018.12.28,まちの新聞「ゆくまちくるまち 2018」更新！,"ファンクラブページ内
「まちの新聞」
で
「ゆくまちくるまち 2018」
を掲載しました！
2018年のいのりまちのできごとを振り返ってみました！
今年も大変お世話になりました。よいお年をお迎えください♪"
https://www.inorimachi.com/fc_news/2019/0101150000.html,2019.01.01,年賀状発送のお知らせ,"年賀状を発送いたしました！
1月15日(火)
になりましてもお手元に届かない場合は、
下記期間内にファンクラブまでお問い合わせください。
■未着問い合わせ期間
2019年1月15日(火)～1月29日(火)
■お問い合わせ先
TEL：03-6273-2233（平日12時～18時）
MAIL：contact@inorimachi.com
件名：年賀状未着
本文：会員番号・氏名・住所・お問い合わせの詳細
※未着問い合わせ期間以降にご連絡をいただきましても対応いたしかねますのでご注意ください。
※1月15日(火)までにご入会いただいた方を対象に発送いたします。
※初回発送は、12月9日(日)の時点で2019年1月31日以降の会員期限をお持ちの方が対象です。
※12月10日(月)以降にご入会・ご継続いただいた方へは順次発送いたします。"
https://www.inorimachi.com/fc_news/2019/0107120000.html,2019.01.07,ファンクラブ会報「いのりまちだより」投稿受付開始！,"ファンクラブ会報「いのりまちだより」5号の投稿受付を開始いたしました！
町長へのメッセージやアニメ・イベント・会報の感想、イラストやコーナーへの投稿などなど、みなさんのおたよりをお送りください♪
【ファンクラブページからの投稿】
ファンクラブページログイン後、「ポスト」からご投稿ください。
投稿締切：1月31日(木)18:00
【郵便での投稿】
〒160-0023
東京都新宿区西新宿1-19-6 山手新宿ビル11F
水瀬いのりオフィシャルファンクラブ「いのりまち」○○○(各コーナー名)係
投稿締切：1月31日(木)必着
たくさんの投稿、お待ちしております♪"
https://www.inorimachi.com/fc_news/2019/0108150000.html,2019.01.08,「いのりまち町民集会2018」グッズ通信販売開始！,"「いのりまち町民集会2018」のグッズ通信販売を開始しました！
●取扱いアイテム
・生写真A/B
・ポスターA/B
・町民集会2018 Tシャツ
・ロングスリーブTシャツ
・フェイスタオル
・いのりまちだよりファイル
・スヌード
・町長デスクマット
・町民集会2018 キーリング
・まちの民芸品 お箸
※商品によっては受付期間内であっても販売を終了する場合がございます。
※卓上カレンダーの受付は終了いたしました。
●申し込み方法
ファンクラブページ内「
グッズ
」より、
ご希望のアイテムをショッピングカートに入れ、決済方法を選択し代金をご入金ください。
●申し込み受付期間
2019年1月8日(火)15:00～1月22日(火)18:00
●発送手数料
700円
●発送予定日
4月下旬より順次発送予定"
https://www.inorimachi.com/fc_news/2019/0110150000.html,2019.01.10,まちの新聞「『いのりまち町民集会2018』グッズ撮影編」更新！,"ファンクラブページ内
「まちの新聞」
で
「『いのりまち町民集会2018』グッズ撮影編」
を更新しました！
昨年12月9日、東京国際フォーラムにて開催された『いのりまち町民集会2018』のグッズ撮影現場に潜入♪
----------
※1月10日 その3＆4 更新しました！
----------
ぜひご覧ください！"
https://www.inorimachi.com/fc_news/2019/0110150001.html,2019.01.10,「いのりまち町民集会2018」カレンダー通信販売発送に関するお知らせ,"「いのりまち町民集会2018」カレンダー通信販売につきまして、
2月上旬より発送開始を予定しております。
住所変更を希望される方は
【1月15日(火)12:00】
までに、
ファンクラブページ
「まち役場」
内『会員情報』より変更のお手続きをお願いいたします。
-------------------
建物名や部屋番号の記入漏れは、未着の原因となります。
変更がない方も、登録情報に不備がないか今一度ご確認くださいますようお願いいたします。
-------------------
※卓上カレンダー以外の商品につきましては、4月下旬の発送を予定しております。"
https://www.inorimachi.com/fc_news/2019/0121150000.html,2019.01.21,まちの新聞「『いのりまち町民集会2018』イベントレポート編」更新！,"ファンクラブページ内
「まちの新聞」
で
「『いのりまち町民集会2018』イベントレポート編」
を更新しました！
『いのりまち町民集会2018』の様子を写真と共にお届けします♪
----------
※1月21日 その6＆7 更新しました！
----------
ぜひご覧ください！"
https://www.inorimachi.com/fc_news/2019/0208140000.html,2019.02.08,まちの新聞「7th SINGLE『Wonder Caravan！』MUSIC VIDEO撮影編」更新！,"ファンクラブページ内
「まちの新聞」
で
「7th SINGLE『Wonder Caravan！』MUSIC VIDEO撮影編」
を更新しました！
水瀬いのり YouTube Official Channel
にて公開されている、MUSIC VIDEOの撮影風景をお届けします♪
----------
※2月8日 その5＆6 更新しました！
----------
ぜひチェックしてみてくださいね！"
https://www.inorimachi.com/fc_news/2019/0218150000.html,2019.02.18,ファンクラブ会報「いのりまちだより」5号発行決定！,"ファンクラブ会報
「いのりまちだより」5号
の発行が決定しました！
5号の発送は3月末を予定しております。
住所変更を希望される方は
【3月11日(月)15:00まで】
に「まち役場」よりお手続きください。
※会報5号は、3月31日(日)までにご入会(入金完了まで)くださった方にお送りします。
※変更手続きがなく発送物未着のお問い合わせをいただいたいた場合、対応をいたしかねます。
※発送完了後は、まちの回覧板にてお知らせします。"
https://www.inorimachi.com/fc_news/2019/0218150001.html,2019.02.18,まちの映画館「いのりまちだより5号発行記念インタビュー」更新！,"ファンクラブページ内
「まちの映画館」
を更新しました！
「いのりまちだより5号」の発行を記念して、町長に会報の見どころをインタビュー！
ぜひチェックしてくださいね♪"
https://www.inorimachi.com/fc_news/2019/0301120000.html,2019.03.01,「いのりまち町民集会2018」グッズ通信販売発送に関するお知らせ,"「いのりまち町民集会2018」グッズ通信販売につきまして、
4月下旬より発送開始を予定しております。
住所変更を希望される方は
【3月29日(金)15:00】
までに、
ファンクラブページ
「まち役場」
内『会員情報』より変更のお手続きをお願いいたします。
-------------------
建物名や部屋番号の記入漏れは、未着の原因となります。
変更がない方も、登録情報に不備がないか今一度ご確認くださいますようお願いいたします。
-------------------"
https://www.inorimachi.com/fc_news/2019/0329150000.html,2019.03.29,ファンクラブ会報「いのりまちだより」5号発送開始のお知らせ,"ファンクラブ会報「いのりまちだより」5号の発送を、3月29日(金)に開始いたしました！
4月12日(金)
になりましてもお手元に届かない場合は、
下記期間内にファンクラブまでお問い合わせください。
■未着問い合わせ期間
2019年4月12日(金)～4月26日(金)
■お問い合わせ先
TEL：03-6273-2233（平日12時～18時）
MAIL：contact@inorimachi.com
件名：会報5号未着
本文：会員番号・氏名・住所・お問い合わせの詳細
※未着問い合わせ期間以降にご連絡をいただきましても対応いたしかねますのでご注意ください。
※3月末までにご入会いただいた方を対象に発送いたします。
※初回発送は、3月10日(日)までにご入会手続きを完了された方が対象です。
※3月11日(月)以降にご入会いただいた方へは、4月上旬より順次発送いたします。
※会報投稿は【4月5日(金)12:00】より受付を開始いたします。"
https://www.inorimachi.com/fc_news/2019/0403150000.html,2019.04.03,「Catch the Rainbow！」会員先行優先予約当落結果のご案内,"「Inori Minase LIVE TOUR 2019 Catch the Rainbow！」ファンクラブ会員チケット先行優先予約にお申し込みいただきました方へ、
当落結果のご案内を開始いたしました。
●当落結果について
ファンクラブページ「チケット」よりご確認いただけます。
また、ファンクラブ登録のメールアドレス宛に『当落結果のお知らせ』メールをお送りしております。
●支払方法
当選された方は、ファンクラブページ「チケット」より『決済方法選択期間』内に決済方法を選択し、案内に従ってお手続きください。
《決済方法選択期間》
4月10日(水)23:59まで
《決済方法／支払期限》
クレジットカード：決済方法選択後、即時決済
コンビニ／ペイジー／郵便振込み：4月11日(木)消印有効
【ご注意】
・いかなる理由におきましても、当選されたチケットのキャンセル・変更はできません。
・複数公演当選された場合、当選されたすべてのチケットをご購入いただきます。
・一度選択された決済方法の変更はできません。
・入金に不備・不明な点がある場合、選択した決済方法以外での入金や支払期限後の入金はすべて手数料を差し引き返金いたします。
その際、当選は無効となりチケットのご用意はできかねます。
・当選確定後にチケット代金のご入金がない場合、次回以降の当落結果・座席の決定に影響が生じる可能性がございます。"
https://www.inorimachi.com/fc_news/2019/0405120000.html,2019.04.05,ファンクラブ会報「いのりまちだより」投稿受付開始！,"ファンクラブ会報「いのりまちだより」6号の投稿受付を開始いたしました！
町長へのメッセージやアニメ・イベント・会報の感想、イラストやコーナーへの投稿などなど、みなさんのおたよりをお送りください♪
【ファンクラブページからの投稿】
ファンクラブページログイン後、「ポスト」からご投稿ください。
投稿締切：4月23日(火)18:00
【郵便での投稿】
〒160-0023
東京都新宿区西新宿1-19-6 山手新宿ビル11F
水瀬いのりオフィシャルファンクラブ「いのりまち」○○○(各コーナー名)係
投稿締切：4月23日(火)必着
たくさんの投稿、お待ちしております♪"
https://www.inorimachi.com/fc_news/2019/0412140000.html,2019.04.12,まちの新聞「3rd ALBUM『Catch the Rainbow！』ジャケット撮影編」更新！,"ファンクラブページ内
「まちの新聞」
で
「3rd ALBUM『Catch the Rainbow！』ジャケット撮影編」
を公開しました！
----------
※3月19日 その3＆4 更新しました！
※4月10日 その5＆6 更新しました！
※4月12日 その7＆8 更新しました！
----------
先日公開されたジャケットの撮影の様子をレポートします♪
ぜひチェックしてみてくださいね！"
https://www.inorimachi.com/fc_news/2019/0419150000.html,2019.04.19,まちの新聞「3rd ALBUM『Catch the Rainbow！』フォトブック撮影編」更新！,"ファンクラブページ内
「まちの新聞」
で
「3rd ALBUM『Catch the Rainbow！』フォトブック撮影編」
を更新しました！
----------
※4月19日 その3＆4＆5 更新しました！
----------
アルバムの初回限定盤の特典、別冊フォトブックの撮影現場に潜入してきました♪
是非ご覧ください！"
https://www.inorimachi.com/fc_news/2019/0426150000.html,2019.04.26,まちの新聞「3rd ALBUM『Catch the Rainbow！』MUSIC VIDEO撮影編」更新！,"ファンクラブページ内
「まちの新聞」
で
「3rd ALBUM『Catch the Rainbow！』MUSIC VIDEO撮影編」
を公開しました！
----------
※4月26日 その4＆5＆6 更新しました！
----------
水瀬いのり YouTube Official Channel
にて公開されている、MUSIC VIDEOの撮影風景をお届けします♪
ぜひチェックしてみてくださいね！"
https://www.inorimachi.com/fc_news/2019/0426150001.html,2019.04.26,【A区分】「Inori Minase LIVE TOUR 2019 Catch the Rainbow！」チケット発送に関するお知らせ,"●ファンクラブ登録住所確認のお願い
5月下旬に「Inori Minase LIVE TOUR 2019 Catch the Rainbow！」ファンクラブ会員チケット先行優先予約
A区分(大阪・愛知公演)のチケット発送を予定しております。
※B区分(東京公演)のチケットは6月中旬の発送を予定しております。
登録情報の変更を希望される方は
【5月8日(水)12:00】
までに、
ファンクラブページ
「まち役場」
内『会員情報』より変更のお手続きをお願いいたします。
-------------------
建物名や部屋番号の記入漏れは、未着の原因となります。
変更がない方も、登録情報に不備がないか今一度ご確認くださいますようお願いいたします。
-------------------
●顔写真付き身分証明書について
ライブ当日、ご本人様確認をさせていただく場合がございます。
必ず、チケット・会員証・顔写真付き身分証明書の3点をお持ちください。
お持ちでなく会員ご本人様であることが確認できない場合、ご退場いただくことがございますのでご注意ください。
ファンクラブの指定する有効な顔写真付き身分証明書は下記の通りです。
・運転免許証(各都道府県公安委員会が発行するもの)
・パスポート
・顔写真付きマイナンバーカード(通知カードは認められません)
・在留カードまたは特別永住者証明書
・顔写真付き障害者手帳
・顔写真付き学生証
・顔写真付き住民基本台帳カード
※すべてにおいて、コピー・期限切れ・顔写真無しのものは無効。
※チケット印字氏名と一致するものに限ります。
※外国籍の方は【パスポート・在留カード・特別永住者証明書】のいずれかをお持ちください。
※顔写真付きマイナンバーカードは、年齢問わず無料で取得することができます。
有効な顔写真付き身分証明書をお持ちでない方は取得をご検討ください。
>> マイナンバーカード総合サイト
ご不明な点がある方は、お早めにファンクラブまでお問い合わせください。"
https://www.inorimachi.com/fc_news/2019/0507150000.html,2019.05.07,【東京公演】「Inori Minase LIVE TOUR 2019 Catch the Rainbow！」会員先行優先予約2次受付のご案内,"「Inori Minase LIVE TOUR 2019 Catch the Rainbow！」東京公演の、ファンクラブ会員チケット先行優先予約2次受付が決定いたしました！
>> 公演情報はこちら！
●申し込み方法
ファンクラブページ
「チケット」
より、『申込受付期間』内に画面の案内に従ってお手続きください。
《申込受付期間》
5月9日(木)15:00～5月15日(水)18:00
《当落発表》
5月23日(木)15:00予定
《決済方法選択期間》
5月23日(木)15:00～5月27日(月)23:59
《チケット発送》
6月中旬
【ご注意】
※すでにチケットを購入されている公演に、2次受付にて当選することはございません。
※「チケット」ページ記載の注意事項を必ずご確認ください。ご了承いただきました上でのお手続きとなります。
※受付は先着順ではございません。申し込み者多数の場合、抽選にて当落を決定いたします。
※受付開始・終了間際は、アクセスが集中し繋がりにくくなる場合もございます。時間に余裕をもってお手続きください。
※いかなる理由におきましても、申込受付期間終了後の申込み・キャンセル・変更はできません。
ご不明な点のある方は、必ず申込受付期間内にファンクラブまでお問い合わせください。
---------------------------
♪入会をご検討の方へ
チケットの申込受付期間終了までに、ファンクラブページより【クレジットカード決済・コンビニ／ペイジー支払】にてご入会(入金完了まで)いただきますとチケットのお申し込みが可能です！
>> ご入会はこちらから！
【ご注意】
※Loppi／ローソンチケット、郵便振込からのお手続きは期日が異なります。
下記期日を過ぎた場合、チケットはお申し込みいただけません。ご注意ください。
・Loppi／ローソンチケット：5月12日(日)
・郵便振込：5月10日(金)
※チケット申込受付期間は
5月15日(水)18:00
に終了しますので、時間に余裕を持ってお手続きください。"
https://www.inorimachi.com/fc_news/2019/0523150000.html,2019.05.23,【東京公演】「Inori Minase LIVE TOUR 2019 Catch the Rainbow！」会員先行優先予約2次受付当落結果のご案内,"「Inori Minase LIVE TOUR 2019 Catch the Rainbow！」ファンクラブ会員チケット先行優先予約2次受付にお申し込みいただきました方へ、当落結果のご案内を開始いたしました。
●当落結果について
ファンクラブページ
「チケット」
よりご確認いただけます。
また、ファンクラブ登録のメールアドレス宛に『当落結果のお知らせ』メールをお送りしております。
●支払方法
当選された方は、ファンクラブページ「チケット」より『決済方法選択期間』内に決済方法を選択し、案内に従ってお手続きください。
《決済方法選択期間》
5月27日(月)23:59まで
《決済方法／支払期限》
クレジットカード：決済方法選択後、即時決済
コンビニ／ペイジー／郵便振込み：5月28日(火)取扱日有効
【ご注意】
・いかなる理由におきましても、当選されたチケットのキャンセル・変更はできません。
・一度選択された決済方法の変更はできません。
・入金に不備・不明な点がある場合、選択した決済方法以外での入金や支払期限後の入金はすべて手数料を差し引き返金いたします。
その際、当選は無効となりチケットのご用意はできかねます。
・当選確定後にチケット代金のご入金がない場合、次回以降の当落結果・座席の決定に影響が生じる可能性がございます。"
https://www.inorimachi.com/fc_news/2019/0524150000.html,2019.05.24,【東京公演】「Inori Minase LIVE TOUR 2019 Catch the Rainbow！」チケット発送に関するお知らせ,"●ファンクラブ登録住所確認のお願い
6月中旬に「Inori Minase LIVE TOUR 2019 Catch the Rainbow！」
東京公演のチケット発送を予定しております。
登録情報の変更を希望される方は
【5月30日(木)12:00】
までに、
ファンクラブページ
「まち役場」
内『会員情報』より変更のお手続きをお願いいたします。
-------------------
建物名や部屋番号の記入漏れは、未着の原因となります。
変更がない方も、登録情報に不備がないか今一度ご確認くださいますようお願いいたします。
-------------------
※A区分(大阪・愛知公演)のチケット発送に関する登録情報の変更は、5月8日(水)12:00で締め切っております。
●顔写真付き身分証明書について
ライブ当日、ご本人様確認をさせていただく場合がございます。
必ず、チケット・会員証・顔写真付き身分証明書の3点をお持ちください。
お持ちでなく会員ご本人様であることが確認できない場合、ご退場いただくことがございますのでご注意ください。
ファンクラブの指定する有効な顔写真付き身分証明書は下記の通りです。
・運転免許証(各都道府県公安委員会が発行するもの)
・パスポート
・顔写真付きマイナンバーカード(通知カードは認められません)
・在留カードまたは特別永住者証明書
・顔写真付き障害者手帳
・顔写真付き学生証
・顔写真付き住民基本台帳カード
※すべてにおいて、コピー・期限切れ・顔写真無しのものは無効。
※チケット印字氏名と一致するものに限ります。
※外国籍の方は【パスポート・在留カード・特別永住者証明書】のいずれかをお持ちください。
※顔写真付きマイナンバーカードは、年齢問わず無料で取得することができます。
有効な顔写真付き身分証明書をお持ちでない方は取得をご検討ください。
>> マイナンバーカード総合サイト
ご不明な点がある方は、お早めにファンクラブまでお問い合わせください。"
https://www.inorimachi.com/fc_news/2019/0527150000.html,2019.05.27,ファンクラブ会報「いのりまちだより」6号発行決定！,"ファンクラブ会報
「いのりまちだより」6号
の発行が決定しました！
6号の発送は6月末を予定しております。
住所変更を希望される方は
【6月10日(月)15:00まで】
に「まち役場」よりお手続きください。
※会報6号は、6月30日(日)までにご入会(入金完了まで)くださった方にお送りします。
※変更手続きがなく発送物未着のお問い合わせをいただいたいた場合、対応をいたしかねます。
※発送完了後は、まちの回覧板にてお知らせします。"
https://www.inorimachi.com/fc_news/2019/0530180000.html,2019.05.30,【大阪・愛知公演】「Inori Minase LIVE TOUR 2019 Catch the Rainbow！」チケット発送完了のお知らせ,"「Inori Minase LIVE TOUR 2019 Catch the Rainbow！」
大阪・愛知公演
のチケットを5月30日(木)に簡易書留にて発送いたしました。
ご不在がちな方は、ポストの不在票にご注意ください。
簡易書留のお問い合わせ番号は、ファンクラブページ内「チケット」
並びに「チケット　発送完了のお知らせ」メールにてご確認いただけます。
6月7日(金)になりましてもお手元に届かない場合は、
下記「未着問い合わせ期間」内にファンクラブまでお問い合わせください。
《未着問い合わせ期間》
6月7日(金)～6月13日(木)
配達状況は、下記よりご確認いただけます。
お問い合わせの際は、必ず事前にご確認の上ご連絡くださいますようお願いいたします。
【郵便追跡サービス】
https://trackings.post.japanpost.jp/services/srv/search/input
※東京公演のチケットは、別途6月中旬の発送を予定しております。"
https://www.inorimachi.com/fc_news/2019/0607150000.html,2019.06.07,まちの新聞「1st MUSIC CLIPS『Inori Minase MUSIC CLIP BOX』ジャケット撮影編」更新！,"ファンクラブページ内
「まちの新聞」
で
「1st MUSIC CLIPS『Inori Minase MUSIC CLIP BOX』ジャケット撮影編」
を公開しました！
----------
※6月7日 その4＆5＆6 更新しました！
----------
6月26日(水)に発売される町長初のミュージッククリップ集！
そのジャケット撮影現場をレポートします♪ぜひご覧ください！"
https://www.inorimachi.com/fc_news/2019/0610160000.html,2019.06.10,「Inori Minase LIVE TOUR 2019 Catch the Rainbow！」ファンクラブカウンター設置のお知らせ,"「Inori Minase LIVE TOUR 2019 Catch the Rainbow！」の各会場におきまして、ファンクラブカウンターを設置いたします。
〈設置場所〉
グッズ販売エリア付近
〈対応時間〉
グッズ販売開始時刻～終演後
※開演中の受付はいたしません。
〈受付内容〉
●入会
会場にてご入会いただいた方には会報誌を先着でプレゼント！
初年度会費：￥5,000(入会金￥1,000＋年会費￥4,000)
●継続
会員期限が【2019年9月30日】までの方を対象に、会場にて継続手続きの受付を行います！
会場にてお手続きいただいた方には、その場で継続特典をプレゼント！
継続年会費：￥4,000(2年目以降)
会場でのお手続きは手数料がかかりません。
ぜひこの機会をご利用ください♪"
https://www.inorimachi.com/fc_news/2019/0612150000.html,2019.06.12,ファンクラブページ更新！,"「いのりまち」ファンクラブページを更新いたしました！
●TOP画像更新！
ファンクラブページTOP画像がリニューアル♪♪
ぜひ
ログイン
してみてくださいね！
●まちの映画館更新！
ファンクラブページ内
「まちの映画館」
を更新しました！
TOP画像撮影の様子を町長にお話してもらいました♪
●まちうけ更新！
ファンクラブページ内
「まちうけ」
の画像を更新しました♪
期間限定での配信です！
町民さんはダウンロードをお忘れなく！
●まちの新聞更新！
ファンクラブページ内
「まちの新聞」
で
「『いのりまち』ファンクラブページトップ画像撮影編」
を掲載しました！
今までとはガラリと雰囲気が変わったTOPページの撮影風景をお届けします！
ぜひご覧ください♪
※画像の無断転載、複製、加工、または再配布する行為はご遠慮ください(ウェブサイト・SNSを含む)。"
https://www.inorimachi.com/fc_news/2019/0613180000.html,2019.06.13,【東京公演】「Inori Minase LIVE TOUR 2019 Catch the Rainbow！」チケット発送完了のお知らせ,"「Inori Minase LIVE TOUR 2019 Catch the Rainbow！」
東京公演
のチケットを6月13日(木)に簡易書留にて発送いたしました。
ご不在がちな方は、ポストの不在票にご注意ください。
簡易書留のお問い合わせ番号は、ファンクラブページ内「チケット」
並びに「チケット　発送完了のお知らせ」メールにてご確認いただけます。
6月21日(金)になりましてもお手元に届かない場合は、
下記「未着問い合わせ期間」内にファンクラブまでお問い合わせください。
《未着問い合わせ期間》
6月21日(金)～6月26日(水)
配達状況は、下記よりご確認いただけます。
お問い合わせの際は、必ず事前にご確認の上ご連絡くださいますようお願いいたします。
【郵便追跡サービス】
https://trackings.post.japanpost.jp/services/srv/search/input
※1次・2次受付合わせて発送が完了しております。"
https://www.inorimachi.com/fc_news/2019/0618150000.html,2019.06.18,「『Inori Minase LIVE TOUR 2019 Catch the Rainbow！』大阪公演ちょこっとレポート」更新！,"ファンクラブページ内
「まちの新聞」
で
「『Inori Minase LIVE TOUR 2019 Catch the Rainbow！』大阪公演ちょこっとレポート」
を掲載しました！
ぜひチェックしてくださいね♪"
https://www.inorimachi.com/fc_news/2019/0625150000.html,2019.06.25,「『Inori Minase LIVE TOUR 2019 Catch the Rainbow！』愛知公演ちょこっとレポート」更新！,"ファンクラブページ内
「まちの新聞」
で
「『Inori Minase LIVE TOUR 2019 Catch the Rainbow！』愛知公演ちょこっとレポート」
を掲載しました！
ぜひチェックしてくださいね♪"
https://www.inorimachi.com/fc_news/2019/0628140000.html,2019.06.28,ファンクラブ会報「いのりまちだより」6号発送開始のお知らせ,"ファンクラブ会報「いのりまちだより」6号の発送を、6月28日(金)に開始いたしました！
7月12日(金)
になりましてもお手元に届かない場合は、
下記期間内にファンクラブまでお問い合わせください。
■未着問い合わせ期間
2019年7月12日(金)～7月26日(金)
■お問い合わせ先
TEL：03-6273-2233（平日12時～18時）
MAIL：contact@inorimachi.com
件名：会報6号未着
本文：会員番号・氏名・住所・お問い合わせの詳細
※未着問い合わせ期間以降にご連絡をいただきましても対応いたしかねますのでご注意ください。
※6月末までにご入会いただいた方を対象に発送いたします。
※初回発送は、6月9日(日)までにご入会手続きを完了された方が対象です。
※6月10日(月)以降にご入会いただいた方へは、7月上旬より順次発送いたします。
※会報投稿は【7月5日(金)12:00】より受付を開始いたします。"
https://www.inorimachi.com/fc_news/2019/0701150000.html,2019.07.01,「『Inori Minase LIVE TOUR 2019 Catch the Rainbow！』東京公演ちょこっとレポート」更新！,"ファンクラブページ内
「まちの新聞」
で
「『Inori Minase LIVE TOUR 2019 Catch the Rainbow！』東京公演ちょこっとレポート」
を掲載しました！
ぜひチェックしてくださいね♪"
https://www.inorimachi.com/fc_news/2019/0705120000.html,2019.07.05,ファンクラブ会報「いのりまちだより」投稿受付開始！,"ファンクラブ会報「いのりまちだより」7号の投稿受付を開始いたしました！
町長へのメッセージやアニメ、ライブ、イベント、会報の感想、イラストやコーナーへの投稿などなど、みなさんのおたよりをお送りください♪
【ファンクラブページからの投稿】
ファンクラブページログイン後、「ポスト」からご投稿ください。
投稿締切：7月25日(木)18:00
【郵便での投稿】
〒160-0023
東京都新宿区西新宿1-19-6 山手新宿ビル11F
水瀬いのりオフィシャルファンクラブ「いのりまち」○○○(各コーナー名)係
投稿締切：7月25日(木)必着
たくさんの投稿、お待ちしております♪"
https://www.inorimachi.com/fc_news/2019/0716150000.html,2019.07.16,まちの新聞「『Inori Minase LIVE TOUR 2019 Catch the Rainbow！』グッズ撮影編」更新！,"ファンクラブページ内
「まちの新聞」
で
「『Inori Minase LIVE TOUR 2019 Catch the Rainbow！』グッズ撮影編」
を公開しました！
----------
※7月16日 その5＆6 更新しました！
----------
7色のグッズ撮影現場に密着！ぜひご覧ください！"
https://www.inorimachi.com/fc_news/2019/0723150000.html,2019.07.23,まちの新聞「『Inori Minase LIVE TOUR 2019 Catch the Rainbow！』スタジオリハーサル編」更新！,"ファンクラブページ内
「まちの新聞」
で
「『Inori Minase LIVE TOUR 2019 Catch the Rainbow！』スタジオリハーサル編」
を公開しました！
本番に向けてリハーサルを頑張る町長の姿をお届けします！
ぜひチェックしてみてください♪"
https://www.inorimachi.com/fc_news/2019/0802150000.html,2019.08.02,まちの新聞「『Inori Minase LIVE TOUR 2019 Catch the Rainbow！』映像撮影編」更新！,"ファンクラブページ内
「まちの新聞」
で
「『Inori Minase LIVE TOUR 2019 Catch the Rainbow！』映像撮影編」
を更新しました！
----------
※8月2日 その4＆5 更新しました！
----------
ライブのオープニング映像やSHORT MOVIEの撮影現場に潜入取材。
生み出された数々のアート作品をお楽しみください！"
https://www.inorimachi.com/fc_news/2019/0805140000.html,2019.08.05,いのりまち 夏季休業のお知らせ,"夏季休業に伴い、下記期間の電話・メール対応、並びに宅配便の受け取りを休業させていただきます。
■2018年8月13日(火)～8月16日(金)
期間中にいただきましたお問い合わせにつきましては、
8月19日(月)より順次お返事いたします。
ご利用の皆様にはご不便をおかけいたしますが、
ご理解、ご協力の程、何卒よろしくお願い申し上げます。"
https://www.inorimachi.com/fc_news/2019/0805150000.html,2019.08.05,「いのりまち町民集会2019」詳細決定！,"「いのりまち町民集会2019」の詳細が決定しました！
今年は兵庫と東京の2会場、4公演での開催です♪
『いのりまち町民集会2019』
【兵庫公演】
会場：あましんアルカイックホール
日程：2019年11月30日(土)
①　14:00開場／14:30開演
②　17:30開場／18:00開演
【東京公演】
会場：東京国際フォーラム ホールA
日程：2019年12月8日(日)
①　13:30開場／14:30開演
②　17:30開場／18:30開演
【チケット代金】
￥5,400(税込)
【制限枚数】
1公演につき1枚限り。
※複数の公演をお申し込みいただきました場合、2公演以上当選する可能性がございます。
その際、当選された全てのチケットをご購入いただきます。
----------------------------
※※重要※※
イベントへの入場には、
【会員証・有効な顔写真付き身分証明書(※下記参照)・チケット】
が必要です。
いずれかをお持ちでない場合はご参加いただけませんのでご注意ください。
★本イベントにおける有効な顔写真付き身分証明書
○運転免許証(各都道府県公安委員会が発行するもの)
○パスポート
○顔写真付きマイナンバーカード(通知カードは認められません)
○在留カードまたは特別永住者証明書
○顔写真付き障害者手帳
○顔写真付き学生証
○顔写真付き住民基本台帳カード
※すべてにおいて、コピー・期限切れ・顔写真無しのものは無効。
※チケット印字氏名と一致するものに限ります。
※外国籍の方は【パスポート・在留カード・特別永住者証明書】のいずれかをお持ちください。
※発行に時間を要する場合もございますので、これから取得される方はお早めにお手続きください。
※顔写真付きマイナンバーカードは、年令問わず無料で取得することができます。
>> マイナンバーカード総合サイト
----------------------------
●申し込み方法
ファンクラブページ「チケット」より、『申込受付期間』内に画面の案内に従ってお手続きください。
《申込受付期間》
8月23日(金)15:00～9月3日(火)18:00
《当落発表》
9月17日(火)15:00予定
《決済方法選択期間》
9月17日(火)15:00～9月26日(木)23:59
《チケット発送》
11月中旬予定
【ご注意】
・チケットのお申込み・当落結果確認・ご入金には、各期間において会員期限内である必要があります。
・公演当日に会員期限が切れている場合、入場をお断りいたします。会員期限が2019/11/30以前の方はご注意ください。
※「チケット」ページ記載の注意事項を必ずご確認ください。ご了承いただきました上でのお手続きとなります。
※本受付では優先順位(希望順位)をご入力いただきます。
※複数公演当選された場合、当選されたすべてのチケットをご購入いただきます。
※受付は先着順ではございません。申し込み者多数の場合、抽選にて当落を決定いたします。
※いかなる理由におきましても、申込受付期間終了後の申込み・キャンセル・変更はできません。
ご不明な点のある方は、必ず申込受付期間内にファンクラブまでお問い合わせください。
----------------------------
♪入会をご検討の方へ
チケットの申込受付期間終了までに、ファンクラブページより【クレジットカード決済・コンビニ／ペイジー支払】にてご入会(入金完了まで)いただきますとチケットのお申し込みが可能です！
>> ご入会はこちらから！
【ご注意】
※Loppi／ローソンチケット、郵便振込からのお手続きは期日が異なります。
下記期日を過ぎた場合、チケットはお申し込みいただけません。ご注意ください。
・Loppi／ローソンチケット：9月1日(日)
・郵便振込：8月30日(金)
※チケットの申込受付は9月3日(火)18:00に終了しますので、時間に余裕を持ってお手続きください。"
https://www.inorimachi.com/fc_news/2019/0809180000.html,2019.08.09,ファンクラブ会報「いのりまちだより」7号発行決定！,"ファンクラブ会報
「いのりまちだより」7号
の発行が決定しました！
7号の発送は9月末を予定しております。
住所変更を希望される方は
【9月9日(月)15:00まで】
に「まち役場」よりお手続きください。
※会報7号は、9月30日(月)までにご入会(入金完了まで)くださった方にお送りします。
※変更手続きがなく発送物未着のお問い合わせをいただいた場合、対応をいたしかねます。
※発送完了後は、まちの回覧板にてお知らせします。"
https://www.inorimachi.com/fc_news/2019/0821150000.html,2019.08.21,まちの新聞「『Inori Minase LIVE TOUR 2019 Catch the Rainbow！』大阪公演レポート 」更新！,"ファンクラブページ内
「まちの新聞」
で
「『Inori Minase LIVE TOUR 2019 Catch the Rainbow！』大阪公演レポート 」
を掲載しました！
ツアー初日大阪公演の様子をライブ写真と共にお届けします♪
ぜひチェックしてみてください！"
https://www.inorimachi.com/fc_news/2019/0823120000.html,2019.08.23,まちの新聞「『Inori Minase LIVE TOUR 2019 Catch the Rainbow！』愛知公演レポート 」更新！,"ファンクラブページ内
「まちの新聞」
で
「『Inori Minase LIVE TOUR 2019 Catch the Rainbow！』愛知公演レポート 」
を掲載しました！
ツアー2公演目愛知公演の様子をライブ写真と共にお届けします♪
ぜひチェックしてみてください！"
https://www.inorimachi.com/fc_news/2019/0823150000.html,2019.08.23,「いのりまち町民集会2019」チケット申し込み受付開始のご案内,"「いのりまち町民集会2019」のチケット申し込み受付を開始いたしました！
>> 公演情報はこちら！
●申し込み方法
ファンクラブページ「チケット」より、『申込受付期間』内に画面の案内に従ってお手続きください。
《申込受付期間》
9月3日(火)18:00まで
《当落発表》
9月17日(火)15:00予定
《決済方法選択期間》
9月17日(火)15:00～9月26日(木)23:59
《チケット発送》
11月中旬予定
【ご注意】
※チケットのお申し込み・当落結果確認・ご入金には、各期間において会員期限内である必要があります。
※公演当日に会員期限が切れている場合、入場をお断りいたします。会員期限が2019/11/30以前の方はご注意ください。
※「チケット」ページ記載の注意事項を必ずご確認ください。ご了承いただきました上でのお手続きとなります。
※本受付では優先順位(希望順位)をご入力いただきます。
※複数公演当選された場合、当選されたすべてのチケットをご購入いただきます。
※受付は先着順ではございません。申し込み者多数の場合、抽選にて当落を決定いたします。
※いかなる理由におきましても、申込受付期間終了後の申込み・キャンセル・変更はできません。
ご不明な点のある方は、必ず申込受付期間内にファンクラブまでお問い合わせください。
※※重要※※
イベントへの入場には、
【会員証・有効な顔写真付き身分証明書(※下記参照)・チケット】
が必要です。
いずれかをお持ちでない場合はご参加いただけませんのでご注意ください。
★本イベントにおける有効な顔写真付き身分証明書
○運転免許証(各都道府県公安委員会が発行するもの)
○パスポート
○顔写真付きマイナンバーカード(通知カードは認められません)
○在留カードまたは特別永住者証明書
○顔写真付き障害者手帳
○顔写真付き学生証
○顔写真付き住民基本台帳カード
※すべてにおいて、コピー・期限切れ・顔写真無しのものは無効。
※チケット印字氏名と一致するものに限ります。
※外国籍の方は【パスポート・在留カード・特別永住者証明書】のいずれかをお持ちください。
※発行に時間を要する場合もございますので、これから取得される方はお早めにお手続きください。
※顔写真付きマイナンバーカードは、年令問わず無料で取得することができます。
>> マイナンバーカード総合サイト
♪入会をご検討の方へ
チケットの申込受付期間終了までに、ファンクラブページより【クレジットカード決済・コンビニ／ペイジー支払】にてご入会(入金完了まで)いただきますとチケットのお申し込みが可能です！
>> ご入会はこちらから！
【ご注意】
※Loppi／ローソンチケット、郵便振込からのお手続きは期日が異なります。
下記期日を過ぎた場合、チケットはお申し込みいただけません。ご注意ください。
・Loppi／ローソンチケット：9月1日(日)
・郵便振込：8月30日(金)取扱日有効
※チケットの申込受付は9月3日(火)18:00に終了しますので、時間に余裕を持ってお手続きください。"
https://www.inorimachi.com/fc_news/2019/0827150000.html,2019.08.27,まちの新聞「『Inori Minase LIVE TOUR 2019 Catch the Rainbow！』東京公演1日目レポート 」更新！,"ファンクラブページ内
「まちの新聞」
で
「『Inori Minase LIVE TOUR 2019 Catch the Rainbow！』東京公演1日目レポート 」
を掲載しました！
ツアー3公演目東京公演1日目の様子をライブ写真と共にお届けします♪
ぜひチェックしてみてください！"
https://www.inorimachi.com/fc_news/2019/0917150000.html,2019.09.17,「いのりまち町民集会2019」チケット当落結果のご案内,"「いのりまち町民集会2019」のチケットをお申し込みいただきました方へ、当落結果のご案内を開始いたしました。
●当落結果について
ファンクラブページ
「チケット」
よりご確認いただけます。
また、ファンクラブ登録のメールアドレス宛に『当落結果のお知らせ』メールをお送りしております。
●支払方法
当選された方は、ファンクラブページ「チケット」より『決済方法選択期間』内に決済方法を選択し、案内に従ってお手続きください。
《決済方法選択期間》
9月26日(木)23:59まで
《決済方法／支払期限》
クレジットカード：決済方法選択後、即時決済
コンビニ／ペイジー／郵便振込み：9月27日(金)取扱日有効
【ご注意】
・チケットのお申し込み・当落結果確認・ご入金には、各期間において会員期限内である必要があります。
・いかなる理由におきましても、当選されたチケットのキャンセル・変更はできません。
・複数公演当選された場合、当選されたすべてのチケットをご購入いただきます。
・一度選択された決済方法の変更はできません。
・入金に不備・不明な点がある場合、選択した決済方法以外での入金や支払期限後の入金はすべて手数料を差し引き返金いたします。
その際、当選は無効となりチケットのご用意はできかねます。
・当選確定後にチケット代金のご入金がない場合、次回以降の当落結果・座席の決定に影響が生じる可能性がございます。
ご不明な点のある方は、必ず決済方法選択期間内にファンクラブまでお問い合わせください。
----------------------------
※※重要※※
イベントへの入場には、
【会員証・有効な顔写真付き身分証明書(※下記参照)・チケット】
が必要です。
いずれかをお持ちでない場合、ご参加いただけませんのでご注意ください。
★本イベントにおける有効な顔写真付き身分証明
○運転免許証(各都道府県公安委員会が発行するもの)
○パスポート
○顔写真付きマイナンバーカード(通知カードは認められません)
○在留カードまたは特別永住者証明書
○顔写真付き障害者手帳
○顔写真付き学生証
○顔写真付き住民基本台帳カード
※すべてにおいて、コピー・期限切れ・顔写真無しのものは無効。
※チケット印字氏名と一致するものに限ります。
※外国籍の方は【パスポート・在留カード・特別永住者証明書】のいずれかをお持ちください。
※発行に時間を要する場合もございますので、これから取得される方はお早めにお手続きください。
※顔写真付きマイナンバーカードは、年令問わず無料で取得することができます。
>> マイナンバーカード総合サイト
●会員証再発行について
会員証を紛失された方は
【11月1日(金)】
までに再発行手続きを行ってください。
《手続き方法》
再発行には再発行料として1,000円がかかります。
郵便局備付の青い払込取扱票に必要事項をご記入の上、「通常払込み」にてお申し込みください。
○必要事項
口座番号：00190-8-324717
加入者名：いのりまち
入 金 額：1,000円
通 信 欄：「会員証再発行」の一文、会員番号
ご依頼人欄：郵便番号、住所、氏名、電話番号
※電信払込み、電信振替、現金書留など、通常払込み以外の入金方法では受付出来ません。
※期間に余裕を持ってお申し込みください。
※ご入金の際の手数料は別途ご負担ください。"
https://www.inorimachi.com/fc_news/2019/0926170000.html,2019.09.26,ファンクラブ会報「いのりまちだより」7号発送開始のお知らせ,"ファンクラブ会報「いのりまちだより」7号の発送を、9月26日(木)に開始いたしました！
10月10日(木)
になりましてもお手元に届かない場合は、
下記期間内にファンクラブまでお問い合わせください。
■未着問い合わせ期間
2019年10月10日(木)～10月24日(木)
■お問い合わせ先
TEL：03-6273-2233（平日12時～18時）
MAIL：contact@inorimachi.com
件名：会報7号未着
本文：会員番号・氏名・住所・お問い合わせの詳細
※未着問い合わせ期間以降にご連絡をいただきましても対応いたしかねますのでご注意ください。
※9月末までにご入会いただいた方を対象に発送いたします。
※初回発送は、9月8日(日)までにご入会手続きを完了された方が対象です。
※9月9日(月)以降にご入会いただいた方へは、10月上旬より順次発送いたします。
※会報投稿は【10月4日(金)12:00】より受付を開始いたします。"
https://www.inorimachi.com/fc_news/2019/0927150000.html,2019.09.27,まちの新聞「LIVE Blu-ray『Inori Minase LIVE TOUR Catch the Rainbow！』ジャケット撮影編」更新！,"ファンクラブページ内
「まちの新聞」
で
「LIVE Blu-ray『Inori Minase LIVE TOUR Catch the Rainbow！』ジャケット撮影編」
を掲載しました！
先日公開されたジャケット写真の撮影風景をお届けします♪
ぜひご覧ください！"
https://www.inorimachi.com/fc_news/2019/1001120000.html,2019.10.01,【重要】会費・手数料改定のご案内,"この度、水瀬いのりオフィシャルファンクラブ「いのりまち」は、2019年10月1日(火)からの消費税率の変更、及び物流コストや資材の高騰を受け、2019年12月10日(火)より会費、並びに手数料を下記のとおり改定することとなりました。
◆会費
【改定前】
〈入会金〉1,000円(税込)
〈年会費〉4,000円(税込)
〈会員証再発行〉1,000円(税込)
〈手数料〉216円(税込)
【改定後】
〈入会金〉1,100円(税別価格1,000円、消費税100円)
〈年会費〉4,400円(税別価格4,000円、消費税400円)
〈会員証再発行〉1,100円(税別価格1,000円、消費税100円)
〈手数料〉220円(税別価格200円、消費税20円)
◆通信販売
【改定前】
〈手数料〉300円(税込)
〈送料〉700円(税込)
【改定後】
〈手数料〉330円(税別価格300円、消費税30円)
〈送料〉770円(税別価格700円、消費税70円)
◆チケット
【改定前】
〈手数料〉300円(税込)
〈送料〉600円(税込)
【改定後】
〈手数料〉330円(税別価格300円、消費税30円)
〈送料〉660円(税別価格600円、消費税60円)
この度の改定に伴い、下記の期間でシステムメンテナンスを実施いたします。
期間中はすべてのサービスを休止させていただきますのであらかじめご了承ください。
実施期間：2019年12月10日(火)0:00～1:00
※メンテナンス期間は予告なく延長となる場合がございます。
※サービス再開後より、改定後の価格となります。
※2019年12月9日(月)23:59までに発行された【コンビニ／ペイジー／郵便振込／Loppi】の支払い情報は、支払い期限まで有効です。
引き続きファンクラブサービスの充実に努めて参りますので、何卒ご理解賜りますようよろしくお願い申し上げます。"
https://www.inorimachi.com/fc_news/2019/1002150000.html,2019.10.02,「いのりまち町民集会2019」チケット2次受付のご案内,"「いのりまち町民集会2019」のチケット2次受付を開始いたしました！
>> 公演情報はこちら！
●申し込み方法
ファンクラブページ
「チケット」
より、『申込受付期間』内に画面の案内に従ってお手続きください。
《申込受付期間》
10月2日(水)15:00～10月10日(木)18:00
《当落発表》
10月17日(木)15:00予定
《決済方法選択期間》
10月17日(木)15:00～10月24日(木)23:59
《チケット発送》
11月中旬
《決済方法／支払期限》
クレジットカード：決済方法選択後、即時決済
コンビニ／ペイジー：10月25日(金)
※郵便振込はご利用いただけません
【ご注意】
※すでに当選されている公演が、2次受付にて当選することはございません。
※「チケット」ページ記載の注意事項を必ずご確認ください。ご了承いただきました上でのお手続きとなります。
※複数公演当選された場合、当選されたすべてのチケットをご購入いただきます。
※受付は先着順ではございません。申し込み者多数の場合、抽選にて当落を決定いたします。
※いかなる理由におきましても、申込受付期間終了後の申込み・キャンセル・変更はできません。
ご不明な点のある方は、必ず申込受付期間内にファンクラブまでお問い合わせください。
---------------------------
♪入会をご検討の方へ
チケットの申込受付期間終了までに、ファンクラブページより【クレジットカード決済・コンビニ／ペイジー支払】にてご入会(入金完了まで)いただきますとチケットのお申し込みが可能です！
>> ご入会はこちらから！
【ご注意】
※Loppi／ローソンチケット、郵便振込からのお手続きは期日が異なります。
下記期日を過ぎた場合、チケットはお申し込みいただけません。ご注意ください。
・Loppi／ローソンチケット：10月6日(日)
・郵便振込：10月5日(土)
※チケット申込受付期間は
10月10日(木)18:00
に終了しますので、時間に余裕を持ってお手続きください。"
https://www.inorimachi.com/fc_news/2019/1004120000.html,2019.10.04,ファンクラブ会報「いのりまちだより」投稿受付開始！,"ファンクラブ会報「いのりまちだより」8号の投稿受付を開始いたしました！
町長へのメッセージやアニメ、ライブ、イベント、会報の感想、イラストやコーナーへの投稿などなど、みなさんのおたよりをお送りください♪
【ファンクラブページからの投稿】
ファンクラブページログイン後、「ポスト」からご投稿ください。
投稿締切：10月24日(木)18:00
【郵便での投稿】
〒160-0023
東京都新宿区西新宿1-19-6 山手新宿ビル11F
水瀬いのりオフィシャルファンクラブ「いのりまち」○○○(各コーナー名)係
投稿締切：10月24日(木)必着
たくさんの投稿、お待ちしております♪"
https://www.inorimachi.com/fc_news/2019/1017150000.html,2019.10.17,「いのりまち町民集会2019」チケット2次受付当落結果のご案内,"「いのりまち町民集会2019」チケット2次受付をお申し込みいただきました方へ、当落結果のご案内を開始いたしました。
●当落結果について
ファンクラブページ
「チケット」
よりご確認いただけます。
また、ファンクラブ登録のメールアドレス宛に『当落結果のお知らせ』メールをお送りしております。
●支払方法
当選された方は、ファンクラブページ「チケット」より『決済方法選択期間』内に決済方法を選択し、案内に従ってお手続きください。
《決済方法選択期間》
10月24日(木)23:59まで
《決済方法／支払期限》
クレジットカード：決済方法選択後、即時決済
コンビニ／ペイジー：10月25日(金)
※郵便振込はご利用いただけません
【ご注意】
・チケットのお申し込み・当落結果確認・ご入金には、各期間において会員期限内である必要があります。
・いかなる理由におきましても、当選されたチケットのキャンセル・変更はできません。
・複数公演当選された場合、当選されたすべてのチケットをご購入いただきます。
・一度選択された決済方法の変更はできません。
・入金に不備・不明な点がある場合、選択した決済方法以外での入金や支払期限後の入金はすべて手数料を差し引き返金いたします。
その際、当選は無効となりチケットのご用意はできかねます。
・当選確定後にチケット代金のご入金がない場合、次回以降の当落結果・座席の決定に影響が生じる可能性がございます。
ご不明な点のある方は、必ず決済方法選択期間内にファンクラブまでお問い合わせください。
----------------------------
※※重要※※
イベントへの入場には、
【会員証・有効な顔写真付き身分証明書(※下記参照)・チケット】
が必要です。
いずれかをお持ちでない場合、ご参加いただけませんのでご注意ください。
★本イベントにおける有効な顔写真付き身分証明
○運転免許証(各都道府県公安委員会が発行するもの)
○パスポート
○顔写真付きマイナンバーカード(通知カードは認められません)
○在留カードまたは特別永住者証明書
○顔写真付き障害者手帳
○顔写真付き学生証
○顔写真付き住民基本台帳カード
※すべてにおいて、コピー・期限切れ・顔写真無しのものは無効。
※チケット印字氏名と一致するものに限ります。
※外国籍の方は【パスポート・在留カード・特別永住者証明書】のいずれかをお持ちください。
※発行に時間を要する場合もございますので、これから取得される方はお早めにお手続きください。
※顔写真付きマイナンバーカードは、年令問わず無料で取得することができます。
>> マイナンバーカード総合サイト
その他ご不明な点のある方は、お早めにファンクラブまでお問い合わせください。"
https://www.inorimachi.com/fc_news/2019/1018150000.html,2019.10.18,「いのりまち町民集会2019」にご来場のみなさまへ,"●ファンクラブ登録住所確認のお願い
11月中旬に「いのりまち町民集会2019」のチケット発送を予定しております。
住所変更を希望される方は
【10月30日(水)12:00】
までに、
ファンクラブページ「まち役場」内『会員情報』より変更のお手続きをお願いいたします。
※建物名や部屋番号の記入漏れは、未着の原因となります。
※変更がない方も、登録情報に不備がないか今一度ご確認くださいますようお願いいたします。
----------------------------
●イベントの入場について
※※重要※※
イベントへの入場には、
【会員証・有効な顔写真付き身分証明書(※下記参照)・チケット】
が必要です。
いずれかをお持ちでない場合、ご参加いただけませんのでご注意ください。
★本イベントにおける有効な顔写真付き身分証明
○運転免許証(各都道府県公安委員会が発行するもの)
○パスポート
○顔写真付きマイナンバーカード(通知カードは認められません)
○在留カードまたは特別永住者証明書
○顔写真付き障害者手帳
○顔写真付き学生証
○顔写真付き住民基本台帳カード
※すべてにおいて、コピー・期限切れ・顔写真無しのものは無効。
※チケット印字氏名と一致するものに限ります。
※外国籍の方は【パスポート・在留カード・特別永住者証明書】のいずれかをお持ちください。
※発行に時間を要する場合もございますので、これから取得される方はお早めにお手続きください。
※顔写真付きマイナンバーカードは、年令問わず無料で取得することができます。
>> マイナンバーカード総合サイト
----------------------------
●会員証再発行について
会員証を紛失された方は
【11月1日(金)】
までに再発行手続きを行ってください。
《手続き方法》
再発行には再発行料として1,000円がかかります。
郵便局備付の青い払込取扱票に必要事項をご記入の上、「通常払込み」にてお申し込みください。
○必要事項
口座番号：00190-8-324717
加入者名：いのりまち
入 金 額：1,000円
通 信 欄：「会員証再発行」の一文、会員番号
ご依頼人欄：郵便番号、住所、氏名、電話番号
※電信払込み、電信振替、現金書留など、通常払込み以外の入金方法では受付出来ません。
※再発行には、最大2ヶ月ほどお時間をいただきます。期間に余裕を持ってお申し込みください。
※ご入金の際の手数料は別途ご負担ください。
ご不明な点のある方は、お早めにファンクラブまでお問い合わせください。"
https://www.inorimachi.com/fc_news/2019/1021120000.html,2019.10.21,《ファンクラブ年会費》自動継続システム導入のお知らせ,"ファンクラブの継続手続きにつきまして、
クレジットカードによる自動決済のシステムを導入いたしました。
ファンクラブページ「まち役場」内『会員情報』より、
会員期限前月までにクレジットカード情報を登録いただきますと、
次回以降の継続手続きを自動で行えるシステムとなります。
《自動継続日》
会員期限前月の1日、または会員期限当月の1日
(会員期限前月に自動継続が完了した場合、会員期限当月の決済は行われません)
例【会員期限】2019/12/31　→　【決済日】2019/11/1　または　2019/12/1
※いかなる理由におきましても、継続完了後のキャンセルはできません。
※年会費以外（チケット・通信販売）の代金を自動決済することはできません。
※年会費の引き落とし日はクレジットカード会社によって異なります。詳細はご利用のクレジットカード会社にお問合せください。
※ご登録いただいた情報は決済代行会社にて管理され、ファンクラブでは保持いたしません。情報の管理は会員様ご自身で行ってください。
※会員期限当月にクレジットカード情報を登録された方は、次年度からの自動継続となります。
その年の継続は自動継続をご利用いただけませんので、ファンクラブページ内『継続手続き』より、決済方法をご選択の上会費をお支払いください。
《年内に会員期限を迎える方へ》
★2019/10/31期限の方
今年度の自動継続はご利用になれません。「まち役場」内『継続手続き』よりご自身でお手続きください。
★2019/11/30期限の方
10月31日(木)までにクレジットカード情報をご登録いただきますと、11月1日(金)に自動継続が行われます。
エラーとなりました場合には、「まち役場」内『継続手続き』よりご自身でお手続きください。
★2019/12/31期限の方
10月31日(木)までにクレジットカード情報をご登録いただきますと、11月1日(金)または12月1日(日)に自動継続が行われます。
12月の決済にてエラーとなりました場合には、「まち役場」内『継続手続き』よりご自身でお手続きください。
「FAQ」内『会員期限・更新手続きに関する質問』にて詳細をご案内しております。
合わせてご確認ください。
https://www.inorimachi.com/faq/"
https://www.inorimachi.com/fc_news/2019/1028130000.html,2019.10.28,まちの新聞「3rd LIVE Blu-ray『Inori Minase LIVE TOUR Catch the Rainbow！』発売記念衣装展レポート」更新！,"ファンクラブページ内
「まちの新聞」
で
「3rd LIVE Blu-ray『Inori Minase LIVE TOUR Catch the Rainbow！』発売記念衣装展レポート」
を掲載しました！
LIVE Blu-ray発売記念衣装展の様子をお届けします♪
ぜひご覧ください！"
https://www.inorimachi.com/fc_news/2019/1101150000.html,2019.11.01,「いのりまち町民集会2019」おたより募集！,"「いのりまち町民集会2019」では、みなさまからのおたよりを大募集！
町長に聞いてみたいこと、いのりまちへのご意見やご要望などなど......
ご自由にお送りください♪
●投稿方法
ファンクラブページログイン後、メニューに表示される「アンケート」よりご投稿ください。
●募集締切
11月8日(金)18:00まで
【ご注意】
※おたよりはイベント内で使用いたします。その際、一部内容を編集させていただく場合がございます。
※ファンクラブイベントへの参加に関わらず、すべての会員様がご回答いただけます。"
https://www.inorimachi.com/fc_news/2019/1101150001.html,2019.11.01,まちの映画館「まもなく『いのりまち町民集会2019』開催♪」更新！,"ファンクラブページ内
「まちの映画館」
を更新しました！
いよいよ迫ってきた「いのりまち町民集会2019」や、3年目を迎える「いのりまち」について、町長からメッセージが届きました！
ぜひチェックしてくださいね♪"
https://www.inorimachi.com/fc_news/2019/1114170000.html,2019.11.14,「いのりまち町民集会2019」チケット発送完了のお知らせ,"「いのりまち町民集会2019」のチケットを11月14日(木)に簡易書留にて発送いたしました。
ご不在がちな方は、ポストの不在票にご注意ください。
簡易書留のお問い合わせ番号は、ファンクラブページ内「チケット」
並びに「チケット　発送完了のお知らせ」メールにてご確認いただけます。
11月22日(金)になりましてもお手元に届かない場合は、
下記「未着問い合わせ期間」内にファンクラブまでお問い合わせください。
《未着問い合わせ期間》
11月22日(金)～11月28日(木)
配達状況は、下記よりご確認いただけます。
お問い合わせの際は、必ず事前にご確認の上ご連絡くださいますようお願いいたします。
【郵便追跡サービス】
https://trackings.post.japanpost.jp/services/srv/search/input"
https://www.inorimachi.com/fc_news/2019/1115150000.html,2019.11.15,「いのりまち町民集会2019」特設ページ公開！,"「いのりまち町民集会2019」の特設ページを公開しました。
特設ページでは、イベントに関する大切なお知らせや、グッズラインナップを掲載！
イベント前にぜひチェックしてくださいね♪
「いのりまち町民集会2019」特設ページ
※グッズのご購入には会員証のご提示が必要となります。"
https://www.inorimachi.com/fc_news/2019/1125150000.html,2019.11.25,ファンクラブ会報「いのりまちだより」8号発行決定！,"ファンクラブ会報
「いのりまちだより」8号
の発行が決定しました！
8号の発送は12月末を予定しております。
住所変更を希望される方は
【12月9日(月)15:00まで】
に「まち役場」よりお手続きください。
※会報8号は、12月31日(火)までにご入会(入金完了まで)くださった方にお送りします。
※変更手続きがなく発送物未着のお問い合わせをいただいた場合、対応をいたしかねます。
※発送完了後は、まちの回覧板にてお知らせします。"
https://www.inorimachi.com/fc_news/2019/1128150000.html,2019.11.28,「いのりまち町民集会2019」『お椀』会場販売中止のお知らせ,"「いのりまち町民集会2019」にて販売を予定しておりました『お椀』につきまして、
製造上の予期せぬ問題が発生し、会場販売を行うための充分な生産数を確保することが難しいと判断をいたしまして、
やむを得ず会場での販売を中止することとなりました。
楽しみにお待ちいただいた会員様にはご迷惑をおかけいたしますこと、心よりお詫び申し上げます。
『お椀』につきましては、後日ファンクラブページ内での販売を予定しております。
販売時期等の詳細につきましては、後日「まちの回覧板」にてご案内させていただきます。"
https://www.inorimachi.com/fc_news/2019/1129150000.html,2019.11.29,まちの新聞「『いのりまち町民集会2019』グッズ紹介」更新！,"ファンクラブページ内
「まちの新聞」
で
「『いのりまち町民集会2019』グッズ紹介」
を掲載しました！
いよいよ明日開催を迎える、ファンクラブイベントのグッズ紹介をお届けします♪
ぜひご覧ください！"
https://www.inorimachi.com/fc_news/2019/1205150000.html,2019.12.05,「いのりまち」ファンクラブページメンテナンスのお知らせ,"以下の日程で「いのりまち」ファンクラブページのメンテナンスを実施いたします。
期間中はファンクラブページの閲覧・各種手続きを行うことができません。
お手続きをご検討中の方はご注意ください。
■サービス停止期間
12月9日(月)23:00～23:59
※
事前のご案内
より実施時間が変更となっております。
※メンテナンスは予告なく延長となる場合がございます。
《会費・手数料の改定につきまして》
事前のご案内の通り、2019年12月10日(火)より会費、並びに手数料を改定いたします。
詳しくは
こちら
をご確認ください。
ご不便をお掛けいたしますが、何卒ご理解いただきますようお願い申し上げます。"
https://www.inorimachi.com/fc_news/2019/1206120000.html,2019.12.06,まちの新聞「『いのりまち町民集会2019』グッズ紹介 町長編」更新！,"ファンクラブページ内
「まちの新聞」
で
「『いのりまち町民集会2019』グッズ紹介 町長編」
を掲載しました！
週末はいよいよ東京公演！今回は町長と一緒にイベントグッズ紹介をしていきます♪
ぜひご覧ください！"
https://www.inorimachi.com/fc_news/2019/1210150000.html,2019.12.10,「いのりまち町民集会2019」グッズ通信販売のお知らせ,"「いのりまち町民集会2019」のグッズ通信販売を実施いたします！
●取扱いアイテム
・ポスターA/B
・生写真A/B
・卓上カレンダー
・町民集会2019 Tシャツ
・パーカー
・フェイスタオル
・カラビナ
・いのりまちチケットホルダー
・ブランケット
・いのりまちのみそしるモナカ
・お椀
※商品によっては受付期間内であっても販売を終了する場合がございます。
●申し込み方法
ファンクラブページ内「グッズ」より、
ご希望のアイテムをショッピングカートに入れ、決済方法を選択し代金をご入金ください。
●申し込み受付期間
＊受付期間1
《お椀》
2019年12月11日(水)15:00～12月17日(火)18:00
※上記期間中「いのりまちだよりファイル」の受付を休止します。
＊受付期間2
《その他アイテム》
2019年12月18日(水)15:00～12月26日(木)18:00
●発送手数料
＊受付期間1
《お椀》0円
＊受付期間2
《その他アイテム》770円
●発送予定日
《お椀》3月上旬
《卓上カレンダー》2月上旬
《その他》3月上旬
※《卓上カレンダー》と《その他》アイテムをまとめてご注文いただいた場合、合わせて3月上旬の発送となります。"
https://www.inorimachi.com/fc_news/2019/1218150000.html,2019.12.18,「いのりまち町民集会2019」グッズ通信販売開始！,"「いのりまち町民集会2019」のグッズ通信販売を開始しました！
●取扱いアイテム
・ポスターA/B
・生写真A/B
・卓上カレンダー
・町民集会2019 Tシャツ
・パーカー
・フェイスタオル
・カラビナ
・いのりまちチケットホルダー
・ブランケット
・いのりまちのみそしるモナカ
・お椀
※商品によっては受付期間内であっても販売を終了する場合がございます。
●申し込み方法
ファンクラブページ内「
グッズ
」より、
ご希望のアイテムをショッピングカートに入れ、決済方法を選択し代金をご入金ください。
●申し込み受付期間
2019年12月18日(水)15:00～12月26日(木)18:00
●発送手数料
770円
※お椀のみご注文いただいた場合も発送手数料770円頂戴いたします。あらかじめご了承ください。
●発送予定日
《卓上カレンダー》2月上旬
《その他》3月上旬
※《卓上カレンダー》と《その他》アイテムをまとめてご注文いただいた場合、合わせて3月上旬の発送となります。"
https://www.inorimachi.com/fc_news/2019/1223150000.html,2019.12.23,まちの新聞「『いのりまち町民集会2019』グッズ撮影編」更新！,"ファンクラブページ内
「まちの新聞」
で
「『いのりまち町民集会2019』グッズ撮影編」
を掲載しました！
----------
※12月23日 その3＆4 更新しました！
----------
撮影ではいのりまちの住民に七変化した町長☆その様子をお届けします♪
ぜひご覧ください！"
https://www.inorimachi.com/fc_news/2019/1224150000.html,2019.12.24,ファンクラブ会報「いのりまちだより」8号発送開始のお知らせ,"ファンクラブ会報「いのりまちだより」8号の発送を、12月24日(火)に開始いたしました！
2020年1月10日(金)
になりましてもお手元に届かない場合は、
下記期間内にファンクラブまでお問い合わせください。
■未着問い合わせ期間
2020年1月10日(金)～1月24日(金)
■お問い合わせ先
TEL：03-6273-2233（平日12時～18時）
MAIL：contact@inorimachi.com
件名：会報8号未着
本文：会員番号・氏名・住所・お問い合わせの詳細
※未着問い合わせ期間以降にご連絡をいただきましても対応いたしかねますのでご注意ください。
※12月末までにご入会いただいた方を対象に発送いたします。
※初回発送は、12月8日(日)までにご入会手続きを完了された方が対象です。
※12月9日(月)以降にご入会いただいた方へは、12月下旬より順次発送いたします。
※会報投稿は【1月7日(火)12:00】より受付を開始いたします。"
https://www.inorimachi.com/fc_news/2019/1224150001.html,2019.12.24,いのりまち 冬季休業のお知らせ,"冬季休業に伴い、下記期間の電話・メール対応、並びに宅配便の受け取りを休業させていただきます。
■2019年12月30日(月)～2020年1月3日(金)
期間中にいただきましたお問い合わせにつきましては、
1月6日(月)より順次お返事いたします。
ご利用のみなさまにはご不便をおかけいたしますが、
ご理解、ご協力の程、何卒よろしくお願い申し上げます。"
https://www.inorimachi.com/fc_news/2019/1227150000.html,2019.12.27,まちの新聞「ゆくまちくるまち2019」更新！,"ファンクラブページ内
「まちの新聞」
で
「ゆくまちくるまち 2019」
を掲載しました！
2019年のいのりまちのできごとを振り返ってみました！
今年も大変お世話になりました。よいお年をお迎えください♪"
https://www.inorimachi.com/fc_news/2020/0101150000.html,2020.01.01,年賀状発送のお知らせ,"年賀状を発送いたしました！
1月15日(水)
になりましてもお手元に届かない場合は、
下記期間内にファンクラブまでお問い合わせください。
■未着問い合わせ期間
2020年1月15日(水)～1月29日(水)
■お問い合わせ先
TEL：03-6273-2233（平日12時～18時）
MAIL：contact@inorimachi.com
件名：年賀状未着
本文：会員番号・氏名・住所・お問い合わせの詳細
※未着問い合わせ期間以降にご連絡をいただきましても対応いたしかねますのでご注意ください。
※1月26日(日)までにご入会いただいた方を対象に発送いたします。
※初回発送は、12月8日(日)の時点で2020年1月31日以降の会員期限をお持ちの方が対象です。
※12月9日(月)以降にご入会・ご継続いただいた方へは順次発送いたします。"
https://www.inorimachi.com/fc_news/2020/0101150001.html,2020.01.01,ファンクラブページ更新！,"「いのりまち」ファンクラブページを更新いたしました！
●TOP画像更新！
2020年、干支のあのコと町長が町民さんをお出迎え♪
ぜひ
ログイン
してみてくださいね！
●まちの映画館「新年のごあいさつ from町長」更新！
ファンクラブページ内
「まちの映画館」
を更新しました！
町長から町民さんへ新年のごあいさつです♪
●「まちうけ」画像更新！
ファンクラブページ
「まちうけ」
の画像を更新しました♪
期間限定での配信です！
町民さんはダウンロードをお忘れなく！
※画像の無断転載、複製、加工、または再配布する行為はご遠慮ください(ウェブサイト・SNSを含む)。"
https://www.inorimachi.com/fc_news/2020/0107120000.html,2020.01.07,ファンクラブ会報「いのりまちだより」投稿受付開始！,"ファンクラブ会報「いのりまちだより」9号の投稿受付を開始いたしました！
町長へのメッセージやアニメ、町民集会、イベント、会報の感想、イラストやコーナーへの投稿などなど、みなさんのおたよりをお送りください♪
【ファンクラブページからの投稿】
ファンクラブページログイン後、「ポスト」からご投稿ください。
投稿締切：1月23日(木)18:00
【郵便での投稿】
〒160-0023
東京都新宿区西新宿1-19-6 山手新宿ビル11F
水瀬いのりオフィシャルファンクラブ「いのりまち」○○○(各コーナー名)係
投稿締切：1月23日(木)必着
たくさんの投稿、お待ちしております♪"
https://www.inorimachi.com/fc_news/2020/0114150000.html,2020.01.14,「いのりまち町民集会2019」カレンダー通信販売発送に関するお知らせ,"「いのりまち町民集会2019」カレンダー通信販売につきまして、
2月上旬より発送開始を予定しております。
住所変更を希望される方は
【1月20日(月)12:00】
までに、
ファンクラブページ
「まち役場」
内『会員情報』より変更のお手続きをお願いいたします。
-------------------
建物名や部屋番号の記入漏れは、未着の原因となります。
変更がない方も、登録情報に不備がないか今一度ご確認くださいますようお願いいたします。
-------------------
※卓上カレンダー以外の商品につきましては、3月上旬の発送を予定しております。"
https://www.inorimachi.com/fc_news/2020/0124150000.html,2020.01.24,まちの新聞「『いのりまち町民集会2019』イベントレポート編」更新！,"ファンクラブページ内
「まちの新聞」
で
「『いのりまち町民集会2019』イベントレポート編」
を更新しました！
----------
※1月24日 その4～7 更新しました！
----------
『いのりまち町民集会2019』の様子を写真と共にお届けします♪
ぜひご覧ください！"
https://www.inorimachi.com/fc_news/2020/0128150000.html,2020.01.28,まちの新聞「8th SINGLE『ココロソマリ』ジャケット撮影編」更新！,"ファンクラブページ内
「まちの新聞」
で
「8th SINGLE『ココロソマリ』ジャケット撮影編」
を掲載しました！
タイトルの世界観を表しているような印象的なジャケット写真☆その撮影風景をレポートします！
ぜひご覧ください！"
https://www.inorimachi.com/fc_news/2020/0203150000.html,2020.02.03,「水瀬いのり LIVE TOUR 2020」会員先行優先予約のご案内,"「水瀬いのり LIVE TOUR 2020」のファンクラブ会員チケット先行優先予約の受付を、
2月13日(木)15:00より開始いたします！
>> 公演情報はこちら！
●申し込み方法
ファンクラブページ「チケット」より、『申込受付期間』内に画面の案内に従ってお手続きください。
《申込受付期間》
2月13日(木)15:00～2月26日(水)18:00
《当落発表》
3月11日(水)15:00予定
《決済方法選択期間》
3月11日(水)15:00～3月18日(水)23:59
《チケット発送》
【A区分】愛知～宮城公演／5月下旬、【B区分】神奈川公演／7月中旬
*区分ごとに発送を行います。両区分に当選された場合、発送手数料は2回分頂戴いたします。
【ご注意】
※「チケット」ページ記載の注意事項を必ずご確認ください。ご了承いただきました上でのお手続きとなります。
※受付は先着順ではございません。申し込み者多数の場合、抽選にて当落を決定いたします。
※複数公演当選された場合、当選されたすべてのチケットをご購入いただきます。
※受付開始・終了間際は、アクセスが集中し繋がりにくくなる場合もございます。時間に余裕をもってお手続きください。
※いかなる理由におきましても、申込受付期間終了後の申込み・キャンセル・変更はできません。
ご不明な点のある方は、必ず申込受付期間内にファンクラブまでお問い合わせください。
※チケットのお申込み・当落結果確認・ご入金には、各期間において会員期限内である必要があります。
当ファンクラブでは、会員期限終了後、1ヶ月は猶予期間として継続手続きが可能です。
例）2020/1/31期限の方　→　2020/2/29まで継続としてお手続きいただけます。
----------------------------
♪入会をご検討の方へ
チケットの申込受付期間終了までに、ファンクラブページより【クレジットカード決済・コンビニ／ペイジー支払】にてご入会(入金完了まで)いただきますとチケットのお申し込みが可能です！
>> ご入会はこちらから！
【ご注意】
※Loppi／ローソンチケット、郵便振込からのお手続きは期日が異なります。
下記期日を過ぎた場合、チケットはお申し込みいただけません。ご注意ください。
・Loppi／ローソンチケット：2月9日(日)
・郵便振込：2月20日(木)
※チケット申込受付期間は2月26日(水)18:00に終了しますので、時間に余裕を持ってお手続きください。"
https://www.inorimachi.com/fc_news/2020/0204170000.html,2020.02.04,「いのりまち町民集会2019」カレンダー通信販売　商品のお届けにつきまして,"通信販売にてご購入いただきました「いのりまち町民集会2019」カレンダーの発送が、
本日2月4日(火)に完了いたしました！
発送された方へは、発送完了メールにてお知らせいたします。
宅配伝票番号は【通信販売　発送完了のお知らせ】メール、
またはファンクラブページ内「グッズ」の購入履歴よりご確認いただけます。
不備・不良等お気づきの点がございましたら、
商品到着から8日以内にファンクラブまでお問い合わせください。
※卓上カレンダー以外の商品を合わせてお申し込みいただいた方への発送は、3月上旬を予定しております。"
https://www.inorimachi.com/fc_news/2020/0210150000.html,2020.02.10,ファンクラブ会報「いのりまちだより」9号発行決定！,"ファンクラブ会報
「いのりまちだより」9号
の発行が決定しました！
9号の発送は3月末を予定しております。
住所変更を希望される方は
【3月11日(水)15:00まで】
に「まち役場」よりお手続きください。
※会報9号は、3月31日(火)までにご入会(入金完了まで)くださった方にお送りします。
※変更手続きがなく発送物未着のお問い合わせをいただいた場合、対応をいたしかねます。
※発送完了後は、まちの回覧板にてお知らせします。"
https://www.inorimachi.com/fc_news/2020/0212150000.html,2020.02.12,「いのりまち町民集会2019」グッズ通信販売　発送に関するお知らせ,"「いのりまち町民集会2019」グッズの通信販売につきまして、
3月上旬の発送を予定しております。
住所変更を希望される方は
【2月17日(月)12:00】
までに、
ファンクラブページ
「まち役場」
内『会員情報』より変更のお手続きをお願いいたします。
-------------------
建物名や部屋番号の記入漏れは、未着の原因となります。
変更がない方も、登録情報に不備がないか今一度ご確認くださいますようお願いいたします。
-------------------
＊「お椀」の発送につきまして＊
2019年12月11日(水)～12月17日(火)にお申し込みいただきました「お椀」につきましては、
3月上旬に発送となる商品が別途ある場合、同梱での発送とさせていただきます。
通常通りお申し込み(受注番号)ごとの発送を希望される方は、
お手数ですが、【2月17日(月)12:00まで】にファンクラブまでご連絡くださいますようお願いいたします。"
https://www.inorimachi.com/fc_news/2020/0213150000.html,2020.02.13,「水瀬いのり LIVE TOUR 2020」ファンクラブ会員チケット先行優先予約受付開始のご案内,"「水瀬いのり LIVE TOUR 2020」ファンクラブ会員チケット先行優先予約の受付を開始いたしました！
>> 公演情報はこちら！
●申し込み方法
ファンクラブページ「
チケット
」より、『申込受付期間』内に画面の案内に従ってお手続きください。
《申込受付期間》
2月26日(水)18:00まで
《当落発表》
3月11日(水)15:00予定
《決済方法選択期間》
3月11日(水)15:00～3月18日(水)23:59
《チケット発送》
【A区分】愛知～宮城公演／5月下旬、【B区分】神奈川公演／7月中旬
*区分ごとに発送を行います。両区分に当選された場合、発送手数料は2回分頂戴いたします。
【ご注意】
※「チケット」ページ記載の注意事項を必ずご確認ください。ご了承いただきました上でのお手続きとなります。
※受付は先着順ではございません。申し込み者多数の場合、抽選にて当落を決定いたします。
※複数公演当選された場合、当選されたすべてのチケットをご購入いただきます。
※同一公演に複数枚お申し込みされる場合、同行者は非会員でもご応募いただけます。
※受付開始・終了間際は、アクセスが集中し繋がりにくくなる場合もございます。時間に余裕をもってお手続きください。
※いかなる理由におきましても、申込受付期間終了後の申込み・キャンセル・変更はできません。
ご不明な点のある方は、必ず申込受付期間内にファンクラブまでお問い合わせください。
※チケットのお申込み・当落結果確認・ご入金には、各期間において会員期限内である必要があります。
当ファンクラブでは、会員期限終了後、1ヶ月は猶予期間として継続手続きが可能です。
例）2020/1/31期限の方　→　2020/2/29まで継続としてお手続きいただけます。
----------------------------
♪入会をご検討の方へ
チケットの申込受付期間終了までに、ファンクラブページより【クレジットカード決済・コンビニ／ペイジー支払】にてご入会(入金完了まで)いただきますとチケットのお申し込みが可能です！
>> ご入会はこちらから！
【ご注意】
※郵便振込でのご入会をご希望の場合は、2月20日(木)までのご入金をお願いいたします。
※Loppi／ローソンチケットからのご入会をご希望の方は、お手続きの前にファンクラブまでお問い合わせください。
※チケット申込受付期間は2月26日(水)18:00に終了しますので、時間に余裕を持ってお手続きください。"
https://www.inorimachi.com/fc_news/2020/0218150000.html,2020.02.18,まちの新聞「8th SINGLE『ココロソマリ』MUSIC VIDEO撮影編」更新！,"ファンクラブページ内
「まちの新聞」
で
「8th SINGLE『ココロソマリ』MUSIC VIDEO撮影編」
を更新しました！
----------
※2月18日 その4&5 更新しました！
----------
先日公開された
MUSIC VIDEO
とあわせて、ぜひご覧ください♪"
https://www.inorimachi.com/fc_news/2020/0311150000.html,2020.03.11,「水瀬いのり LIVE TOUR 2020」会員先行優先予約当落結果のご案内,"「水瀬いのり LIVE TOUR 2020」ファンクラブ会員チケット先行優先予約にお申し込みいただきました方へ、
当落結果のご案内を開始いたしました。
●当落結果について
ファンクラブページ「チケット」よりご確認いただけます。
また、ファンクラブ登録のメールアドレス宛に『当落結果のお知らせ』メールをお送りしております。
●支払方法
当選された方は、ファンクラブページ「チケット」より『決済方法選択期間』内に決済方法を選択し、案内に従ってお手続きください。
《決済方法選択期間》
3月18日(水)23:59まで
《決済方法／支払期限》
クレジットカード：決済方法選択後、即時決済
コンビニ／ペイジー／郵便振込み：3月19日(木) 取扱日有効
【ご注意】
・チケットのお申し込み・当落結果確認・ご入金には、各期間において会員期限内である必要があります。
・いかなる理由におきましても、当選されたチケットのキャンセル・変更はできません。
・複数公演当選された場合、当選されたすべてのチケットをご購入いただきます。
・一度選択された決済方法の変更はできません。
・入金に不備・不明な点がある場合、選択した決済方法以外での入金や支払期限後の入金はすべて手数料を差し引き返金いたします。
その際、当選は無効となりチケットのご用意はできかねます。
・当選確定後にチケット代金のご入金がない場合、次回以降の当落結果・座席の決定に影響が生じる可能性がございます。"
https://www.inorimachi.com/fc_news/2020/0312180000.html,2020.03.12,「いのりまち町民集会2019」グッズ通信販売　商品のお届けにつきまして,"「いのりまち町民集会2019」グッズ通信販売の発送を、
本日3月5日(木)より開始いたしました！
商品の発送は順次行っております。
発送された方へは、発送完了メールにてお知らせいたします。
----------
※3月12日(木) すべての方への発送が完了いたしました！
----------
宅配伝票番号は【通信販売　発送完了のお知らせ】メール、
またはファンクラブページ内「グッズ」の購入履歴よりご確認いただけます。
不備・不良等お気づきの点がございましたら、
商品到着から8日以内にファンクラブまでお問い合わせください。"
https://www.inorimachi.com/fc_news/2020/0403120000.html,2020.04.03,ファンクラブ会報「いのりまちだより」投稿受付開始！,"ファンクラブ会報「いのりまちだより」10号の投稿受付を開始いたしました！
町長へのメッセージやアニメ、楽曲、会報の感想、イラストやコーナーへの投稿などなど、みなさんのおたよりをお送りください♪
今回は「いのりまち町勢調査」と題して、アンケートの回答も募集しています！
こちらも奮ってご応募くださいね。
【ファンクラブページからの投稿】
ファンクラブページログイン後、いのりまちだよりのおたよりは「ポスト」からご投稿ください。
「いのりまち町勢調査」は「アンケート」よりご回答ください。
投稿締切：4月21日(火)18:00
【郵便での投稿】
〒160-0023
東京都新宿区西新宿1-19-6 山手新宿ビル11F
水瀬いのりオフィシャルファンクラブ「いのりまち」○○○(各コーナー名)係
投稿締切：4月21日(火)必着
たくさんの投稿、お待ちしております♪"
https://www.inorimachi.com/fc_news/2020/0508150000.html,2020.05.08,ファンクラブ会報「いのりまちだより」10号発行決定！,"ファンクラブ会報
「いのりまちだより」10号
の発行が決定しました！
10号の発送は6月末を予定しております。
住所変更を希望される方は
【6月17日(水)15:00まで】
に「まち役場」よりお手続きください。
※新型コロナウイルス感染症の流行に伴い、発行を延期させていただく場合がございます。
※会報10号は、6月30日(火)までにご入会(入金完了まで)くださった方にお送りします。
※変更手続きがなく発送物未着のお問い合わせをいただいた場合、対応をいたしかねます。
※発送完了後は、まちの回覧板にてお知らせします。"
https://www.inorimachi.com/fc_news/2020/0511120000.html,2020.05.11,「Inori Minase LIVE TOUR 2020 We Are Now」公演中止に伴うお知らせ,"この度の新型コロナウイルス感染症の拡大に伴い、
「animelo mix presents Inori Minase LIVE TOUR 2020 We Are Now」愛知～宮城公演の中止が決定いたしました。
詳細は公式サイトの
NEWS
をご確認ください。
●中止公演につきまして
・6月13日(土)【愛知】愛知県芸術劇場大ホール
・6月20日(土)【福岡】北九州ソレイユホール
・7月5日(日)【兵庫】神戸国際会館こくさいホール
・7月19日(日)【宮城】仙台サンプラザホール
チケット代金の払い戻しをいたします。
会員先行優先予約にて購入されたチケットの払い戻し方法は、
後日、ファンクラブページ「まちの回覧板」でのご案内を予定しております。
恐れ入りますが、今しばらくお待ちくださいますようお願い申し上げます。
状況により、上記のご案内より変更が生じる可能性もございます。
ご理解賜りますよう何卒よろしくお願い申し上げます。"
https://www.inorimachi.com/fc_news/2020/0604120000.html,2020.06.04,「Inori Minase LIVE TOUR 2020 We Are Now」チケットの払い戻しにつきまして,"「animelo mix presents Inori Minase LIVE TOUR 2020 We Are Now」全公演の中止に伴いまして、
会員先行優先予約にてチケットをご購入いただきました会員様へチケット代金の払い戻しをいたします。
会員期限切れの方も払い戻しの対象となります。
ご購入いただいた際の支払い方法によって、お手続きの方法が異なりますのでご注意ください。
《払い戻し内容》
チケット代金 + 発送手数料 + システム利用料
※郵便振込をご利用された際の振込み手数料は含まれません。
《クレジットカードにてお支払いされた方》
会員様ご自身によるお手続きは必要ございません。
チケット代金をお支払いの際にご利用になられた、クレジットカード会社を通じて払い戻し(決済のキャンセル)を行います。
払い戻し手続きは、6月下旬を予定しております。
完了しましたら改めてご案内いたします。
《コンビニ・ペイジー・郵便振込にてお支払いされた方》
GMOペイメントゲートウェイの返金システムを利用し、金融機関の口座振替にて払い戻しを行います。
---------------------------
【お手続きの流れ】
①メールを受信
GMOペイメントゲートウェイより、ファンクラブご登録のメールアドレスへお手続きに必要な情報が配信されます。
「@gmo-pg.com」からのメールを受信できるよう、事前に設定をお願いいたします。
配信予定日：6月22日(月) 15:00より順次
タイトル：※重要※【いのりまち】チケット払い戻し 振込先口座登録メール
アドレス： noreply@gmo-pg.com
②口座情報登録
メール記載のURLへアクセスし、画面の案内に従って口座情報の登録をお願いいたします。
口座情報登録期間：7月1日(水)23:59まで
※口座情報の他に、「認証コード」の入力が必要です。メールにご案内がありますので、必ずご確認の上お手続きください。
※入力内容の不備が続くと、URLが無効となる場合がございますのでご注意ください。
③入金完了
口座情報の登録完了から2～4営業日後に、登録いただきました口座への入金が行われます。
口座に入金がされているかご確認ください。
※金融機関によってはお振込みの反映に数日お時間がかかる場合がございます。
※通帳に記載される名義は「モストカンパニー」となります。
---------------------------
【ご注意】
※登録可能な金融機関は
こちら
よりご確認ください。
※海外送金のお取り扱いはございません。
※口座情報登録用のURLは会員ご本人様のみ有効です。メールの転送や転載はお控えください。
※上記期間を過ぎますと払い戻しができなくなりますのでご注意ください。
※会員ご本人様名義の口座以外も登録可能ですが、送金後に生じたトラブルにつきましてはファンクラブ・主催者ともに一切責任を負いません。
※口座情報が正しくない場合払い戻しができなくなりますので、よくご確認の上ご入力ください。会員様都合によるエラーが発生した際には、振込手数料を頂戴する場合がございます。
※ゆうちょ銀行をご利用の場合、口座番号の桁数により入力方法が異なります。
恐れ入りますが、
こちら
より入力方法をご確認の上お手続きくださいますようお願いいたします。
※金融機関によっては、キャッシュカードがローマ字表記でも振込みの際の口座名義人はカタカナというケースがございます。
ご不明な点がある場合はご利用の金融機関にお尋ねください。
※送金完了後のメールでのお知らせはございません。ご自身で口座への振込みをご確認ください。
なお、ゆうちょ銀行をご利用の場合、通帳の記帳を行わないとネットバンキングに反映されないことがございますのでご注意ください。
現在、電話でのお問い合わせを休業させていただいております。
ご不明な点がある方は、メールにてお問い合わせくださいますようお願いいたします。"
https://www.inorimachi.com/fc_news/2020/0615150000.html,2020.06.15,まちの新聞「『Inori Minase LIVE TOUR 2020 We Are Now』グッズ撮影編」更新！,"ファンクラブページ内
「まちの新聞」
で
「『Inori Minase LIVE TOUR 2020 We Are Now』グッズ撮影編」
を掲載しました！
グッズ撮影の様子をレポートしていきます☆カラフルなケーブルの繋がる先は......？
----------
※6月15日 その6＆7 更新しました！
----------
ぜひご覧ください！"
https://www.inorimachi.com/fc_news/2020/0622150000.html,2020.06.22,「Inori Minase LIVE TOUR 2020 We Are Now」チケット代金払い戻し手続き開始のお知らせ,"「animelo mix presents Inori Minase LIVE TOUR 2020 We Are Now」のチケットを
会員先行優先予約にてご購入いただきましたみなさまへ払い戻し手続きを開始いたしました。
ご購入いただいた際の支払い方法によって、お手続きの方法が異なります。
下記をご確認ください。
《クレジットカードにてお支払いされた方》
本日、払い戻し(決済のキャンセル)が完了いたしました。
これよりご利用になられているカードの締め日にあわせて返金が行われます。
払い戻し手続きがご確認いただけるタイミングは、カードのご契約状況により異なります。
ご利用明細にてご確認ください。
《コンビニ・ペイジー・郵便振込にてお支払いされた方》
GMOペイメントゲートウェイより、振込先口座登録のメールを送信いたしました。
ご確認の上、下記期間内に振込先口座の登録をお願いいたします。
口座情報登録期間：7月1日(水)23:59まで
上記期間を過ぎますと払い戻しができなくなりますのでご注意ください。
6月23日(火)になりましてもメールが届かない方は、
6月30日(火)18:00まで
にファンクラブへお問い合わせください。
●口座情報登録方法
メール記載のURLへアクセスし、画面の案内に従って下記情報の登録をお願いいたします。
＊口座情報
金融機関、支店、口座種別、口座番号(7桁)、口座名義人
＊認証コード
ファンクラブ指定の数字5桁(メールにご案内がありますので、必ずご確認の上お手続きください。)
※ゆうちょ銀行をご利用の場合、口座番号の桁数により入力方法が異なります。
恐れ入りますが、
こちら
より入力方法をご確認の上お手続きくださいますようお願いいたします。
※金融機関によっては、キャッシュカードがローマ字表記でも振込みの際の口座名義人はカタカナというケースがございます。
ご不明な点がある場合はご利用の金融機関にお尋ねください。
※入力内容の不備が続くと、URLが無効となる場合がございますのでご注意ください。
●入金について
口座情報の登録完了から2～4営業日後に、登録いただきました口座への入金が行われます。
送金完了後のメールでのお知らせはございません。ご自身で口座への振込みをご確認くださいますようお願いいたします。
※金融機関によってはお振込みの反映に数日お時間がかかる場合がございます。
※通帳に記載される名義は「モストカンパニー」となります。
【ご注意】
※登録可能な金融機関は
こちら
よりご確認ください。
※海外送金のお取り扱いはございません。
※口座情報登録用のURLは会員ご本人様のみ有効です。メールの転送や転載はお控えください。
※会員ご本人様名義の口座以外も登録可能ですが、送金後に生じたトラブルにつきましてはファンクラブ・主催者ともに一切責任を負いません。
※口座情報が正しくない場合払い戻しができなくなりますので、よくご確認の上ご入力ください。
会員様都合によるエラーが発生した際には、振込手数料を頂戴する場合がございます。
※ゆうちょ銀行をご利用の場合、通帳の記帳を行わないとネットバンキングに反映されないことがございますのでご注意ください。
現在、電話でのお問い合わせを休業させていただいております。
ご不明な点がある方は、メールにてお問い合わせくださいますようお願いいたします。"
https://www.inorimachi.com/fc_news/2020/0630160000.html,2020.06.30,ファンクラブ会報「いのりまちだより」10号発送開始のお知らせ,"ファンクラブ会報「いのりまちだより」10号の発送を、6月30日(火)に開始いたしました！
2020年7月14日(火)
になりましてもお手元に届かない場合は、
下記期間内にファンクラブまでお問い合わせください。
■未着問い合わせ期間
2020年7月14日(火)～7月28日(火)
※こちらの問い合わせ期間は6月17日(水)までにご入会・ご継続いただいた方を対象としております。
6月18日(木)以降にご入会・ご継続いただいた方は発送完了メール記載の未着問い合わせ期間をご確認ください。
■お問い合わせ先
TEL：03-6273-2233（平日12時～18時）
MAIL：contact@inorimachi.com
件名：会報10号未着
本文：会員番号・氏名・住所・お問い合わせの詳細
※未着問い合わせ期間以降にご連絡をいただきましても対応いたしかねますのでご注意ください。
※6月末までにご入会いただいた方を対象に発送いたします。
※初回発送は、6月17日(水)までにご入会手続きを完了された方が対象です。
※6月18日(木)以降にご入会いただいた方へは、7月中旬より順次発送いたします。
※会報投稿は【7月8日(水)12:00】より受付を開始いたします。"
https://www.inorimachi.com/fc_news/2020/0701180000.html,2020.07.01,まちの映画館「いのりまちだより10号発行！」更新！,"ファンクラブページ内
「まちの映画館」
を更新しました！
「いのりまちだより」10号について町長からコメントが届きました！
ぜひチェックしてくださいね♪"
https://www.inorimachi.com/fc_news/2020/0708180000.html,2020.07.08,「僕らは今」MV企画に写真でご参加くださる町民さんを大募集！！,"残念ながら全公演中止となってしまった「Inori Minase LIVE TOUR 2020 We Are Now」。
このツアーを象徴するテーマ曲として全公演で披露する予定だった「僕らは今」のMUSIC VIDEOを新たに制作する事が決定いたしました！
この映像作品を一緒に盛り上げてくださる""写真""をいのりまち会員の皆様より募集いたします！！
完成したMUSIC VIDEOは7月25日(土)に配信予定の水瀬いのり「Inori Minase LIVE TOUR 2020 We Are Now」振替特番内で公開予定です。
水瀬いのり「Inori Minase LIVE TOUR 2020 We Are Now」振替特番 supported by animelo mix
ニコニコ生放送
https://live2.nicovideo.jp/watch/lv326887084
YouTube LIVE
https://youtu.be/mC6Xux_9aKY
募集写真
ライブに参加して町長を応援しているような楽しい写真を募集します。
ペンライトやタオルなど、ライブグッズを持っての撮影も大歓迎！
採用されたお写真は「僕らは今」ミュージックビデオ内で使用させていただきます。
町長が思わず笑顔になってしまうような素敵な写真を是非送ってください！
【SAMPLE】
募集期間
2020年7月8日(水)18:00～2020年7月12日(日)23:59
応募方法
ファンクラブページログイン後、メニューに表示される「アンケート」よりご投稿ください！
注意事項
・投稿いただける写真は会員様ご自身がおひとりで写ったものに限ります。
・投稿いただける写真は会員様おひとりにつき1点のみです。
・投稿いただける画像データは最大2MBまでのJPEG、PNG形式の静止画に限ります。
・スマホのカメラアプリ内のスタンプ、テキストなどで加工した写真は採用できません。
・立入禁止区域や危険な場所での撮影、危険行為を伴う撮影はご遠慮ください。
・投稿いただいた写真は利用目的に合わせてトリミングさせていただく可能性がございます。
・著作権保護のため、アニメのキャラクターや他アーティストなどをモチーフにしたグッズの使用、コスプレは避けてください。
(くらりはOKです！）
・洋服のロゴなど、企業名/商品名が大きく写っている写真は採用できません。
・投稿いただいた写真は以下の通り使用できるものといたします。こちらにご了承いただける写真のみご応募ください。
※「僕らは今」ミュージックビデオ内での使用。
※同ミュージックビデオのインターネットでの配信、販売。
（WEBサイト/SNS/ストリーミングなど動画配信を含む）
※国内/海外放送局、ケーブルTVでの放送。
※同ミュージックビデオのBlu-ray、DVDなどでの利用、販売。
※上記の他、今後開発されるあらゆる媒体での利用、販売。
※同ミュージックビデオの国内/海外でのイベント等での利用。
・18歳未満の方は保護者の同意を得た上で投稿してください。
・投稿写真の著作権及び著作者人格権を主張しないことに同意いただきます。
・作品公開後、採用有無に関するお問い合わせにはお答えできません。"
https://www.inorimachi.com/fc_news/2020/0806150000.html,2020.08.06,まちの映画館「夏休みについて」更新！,"ファンクラブページ内
「まちの映画館」
を更新しました！
町長に夏休みの思い出や、日焼け対策について聞いてみました。
ぜひチェックしてくださいね♪"
https://www.inorimachi.com/fc_news/2020/0807150000.html,2020.08.07,まちの新聞「『僕らは今』MUSIC VIDEO撮影編」更新！,"ファンクラブページ内
「まちの新聞」
で
「『僕らは今』MUSIC VIDEO撮影編」
を更新しました！
----------
※8月7日 その4＆5 更新しました！
----------
町民のみなさんにも写真にてご参加いただいたMUSIC VIDEOが完成！
撮影風景をお届けします♪
ぜひご覧ください！"
https://www.inorimachi.com/fc_news/2020/0824150000.html,2020.08.24,ファンクラブ会報「いのりまちだより」11号発行決定！,"ファンクラブ会報
「いのりまちだより」11号
の発行が決定しました！
11号の発送は10月初旬を予定しております。
町長のLIVE BDの中から、町民さんの「ここが好き！」というポイントを募集した『誌上オーディオコメンタリー』の結果を大発表！
そして謎につつまれた""水瀬くらり""の生態が明きらかに!?『水瀬くらりちゃんのひみつ』を大公開!!
その他、撮影レポートや町民さんと町長の交流コーナーなど、
ここでしか見られない情報が満載の会報です♪
住所変更を希望される方は
【9月16日(水)15:00まで】
に
ファンクラブページログイン後、「まち役場」よりお手続きください。
※新型コロナウイルス感染症の流行に伴い、発行を延期させていただく場合がございます。
※会報11号は、10月31日(土)までにご入会(入金完了まで)くださった方にお送りします。
※変更手続きがなく発送物未着のお問い合わせをいただいた場合、対応をいたしかねます。
※発送完了後は、まちの回覧板にてお知らせします。"
https://www.inorimachi.com/fc_news/2020/0902150000.html,2020.09.02,まちの新聞「『いのりまちだより』10号 いのりまち町勢調査出張版」更新！,"ファンクラブページ内
「まちの新聞」
で
「『いのりまちだより』10号 いのりまち町勢調査出張版」
を更新しました！
----------
※9月2日 その5～7 更新しました！
----------
『いのりまち町勢調査』の結果を「まちの新聞」にも掲載！
12位までのランキングを町民さんのコメントと共に発表します♪
ぜひご覧ください！"
https://www.inorimachi.com/fc_news/2020/0925150000.html,2020.09.25,ファンクラブページ更新！,"「いのりまち」ファンクラブページを更新いたしました！
●TOP画像更新！
ファンクラブページTOP画像がリニューアル♪♪
ぜひ
ログイン
してみてくださいね！
●「まちうけ」画像更新！
ファンクラブページ
「まちうけ」
の画像を更新しました♪
期間限定での配信です！
町民さんはダウンロードをお忘れなく！
※画像の無断転載、複製、加工、または再配布する行為はご遠慮ください(ウェブサイト・SNSを含む)。"
https://www.inorimachi.com/fc_news/2020/0925150001.html,2020.09.25,「水瀬いのり」2021年カレンダー発売決定！,"町長の2021年版カレンダーが、いのりまち限定で発売決定しました！
撮り下ろし写真を使用した卓上カレンダーです♪
●価格
2,500円(税込)
※別途、発送手数料+システム利用料がかかります。
●申し込み受付期間
《受注販売》2020年10月26日(月)15:00～11月9日(月)18:00
《通常販売》2020年11月25日(水)～
※通常販売は売り切れ次第終了となります。
●発送予定日
《受注販売》12月下旬のお届けです。
《通常販売》入金完了後、1か月前後での発送です。
●申し込み方法
ファンクラブページ内「グッズ」より、ご希望のアイテムをショッピングカートに入れ、
決済方法を選択し代金をご入金ください。
2021年は果物で季節を表現！
掲載写真は準備が整い次第公開予定です！
お楽しみに☆"
https://www.inorimachi.com/fc_news/2020/0925150002.html,2020.09.25,新コンテンツ「町長diary」オープン！,"ファンクラブページに新コンテンツ
「町長diary」
がオープンしました！
日常のつぶやきや町民さんへのメッセージなど......
町長が気ままに更新するページです♪
ぜひチェックしてみてください☆"
https://www.inorimachi.com/fc_news/2020/1006150000.html,2020.10.06,まちの映画館「ファンクラブページ更新！」更新！,"ファンクラブページ内
「まちの映画館」
を更新しました！
TOP画像撮影の様子や、まもなく発行される「いのりまちだより」11号について町長にお話してもらいました♪"
https://www.inorimachi.com/fc_news/2020/1007170000.html,2020.10.07,ファンクラブ会報「いのりまちだより」11号発送開始のお知らせ,"ファンクラブ会報「いのりまちだより」11号の発送を、10月7日(水)に開始いたしました！
2020年10月21日(水)
になりましてもお手元に届かない場合は、
下記期間内にファンクラブまでお問い合わせください。
■未着問い合わせ期間
2020年10月21日(水)～11月4日(水)
※こちらの問い合わせ期間は9月16日(水)までにご入会・ご継続いただいた方を対象としております。
9月17日(木)以降にご入会・ご継続いただいた方は発送完了メール記載の未着問い合わせ期間をご確認ください。
■お問い合わせ先
MAIL：contact@inorimachi.com
件名：会報11号未着
本文：会員番号・氏名・住所・お問い合わせの詳細
※未着問い合わせ期間以降にご連絡をいただきましても対応いたしかねますのでご注意ください。
※10月末までにご入会いただいた方を対象に発送いたします。
※初回発送は、9月16日(水)までにご入会手続きを完了された方が対象です。
※9月17日(木)以降にご入会いただいた方へは、10月中旬より順次発送いたします。
※会報投稿は【10月9日(金)12:00】より受付を開始いたします。"
https://www.inorimachi.com/fc_news/2020/1009120000.html,2020.10.09,ファンクラブ会報「いのりまちだより」投稿受付開始！,"ファンクラブ会報「いのりまちだより」12号の投稿受付を開始いたしました！
町長へのメッセージやアニメ、楽曲、会報の感想、イラストやコーナーへの投稿などなど、みなさんのおたよりをお送りください♪
さらに！『まちの芸術祭～町長をお祝い♪～』と題して、12月2日にお誕生日&アーティスト活動5周年を迎える町長をお祝いするイラスト&写真を大募集します！
【ファンクラブページからの投稿】
レギュラーコーナーは、ファンクラブページログイン後「ポスト」からご投稿ください。
『まちの芸術祭～町長をお祝い♪～』はファンクラブページログイン後「アンケート」からご投稿ください。
投稿締切：10月29日(木)18:00
【郵便での投稿】
〒160-0023
東京都新宿区西新宿1-19-6 山手新宿ビル11F
水瀬いのりオフィシャルファンクラブ「いのりまち」○○○(各コーナー名)係
投稿締切：10月29日(木)必着
たくさんの投稿、お待ちしております♪"
https://www.inorimachi.com/fc_news/2020/1009120001.html,2020.10.09,まちの新聞「『いのりまち』ファンクラブページトップ画像撮影2020編」更新！,"ファンクラブページ内
「まちの新聞」
で
「『いのりまち』ファンクラブページトップ画像撮影2020編」
を更新しました！
リニューアルしたTOP画像！その撮影風景をお届けします♪
ぜひご覧ください！"
https://www.inorimachi.com/fc_news/2020/1009150000.html,2020.10.09,電話によるお問い合わせ受付終了のご案内,"新型コロナウイルス感染予防策の一環としての、電話でのお問い合わせ一時休止におきましては、
会員の皆様に長らくご迷惑をおかけしており申し訳ございません。
この先このような感染症や天災等の不測の事態が生じた場合においても、
会員の皆様へ滞りなくサービスを提供できるよう、
今後のお問い合わせはメールに集約させていただくことにいたしました。
つきましては、誠に恐れ入りますが、
電話でのお問い合わせを2020年10月9日(金)をもちまして受付終了とさせていただきます。
今後のお問い合わせに関しましては下記をご確認ください。
■FAQ
https://www.inorimachi.com/faq/
よくあるご質問と回答例をFAQに掲載しております。
事前にご参照いただきますと、早期に解決できる場合がございますのでご活用ください。
■今後のお問い合わせ先
[MAIL] contact@inorimachi.com
なお、緊急時や登録情報の確認などのためにお客様へお電話をさせていただく場合は、
「03-6273-2233」の電話番号よりご連絡いたします。
発信専用番号となりますため、折り返しのお電話はお受けできませんのでご了承ください。
上記番号からの着信を確認された場合、再度電話が来るまでお待ちいただくか、メールにてご連絡くださいますと幸いです。
会員の皆様にはご不便をおかけいたしますが、何卒ご理解賜わりますようお願い申し上げます。"
https://www.inorimachi.com/fc_news/2020/1026150000.html,2020.10.26,「水瀬いのり2021年カレンダー」通信販売開始！,"「水瀬いのり2021年カレンダー」の申し込み受付を開始しました！
いのりまち町民さんだけが購入いただける限定販売です♪
※2020年10月現在の暦となります。
※祝日休日は法改定により変更になる可能性がございます。
●価格
2,500円(税込)
※別途、発送手数料+システム利用料がかかります。
●申し込み受付期間
《受注販売》2020年10月26日(月)15:00～11月9日(月)18:00
《通常販売》2020年11月25日(水)～
※通常販売は売り切れ次第終了となります。
●発送予定日
《受注販売》12月下旬のお届けです。
《通常販売》入金完了後、1か月前後での発送です。
●申し込み方法
ファンクラブページ内「
グッズ
」より、ご希望のアイテムをショッピングカートに入れ、
決済方法を選択し代金をご入金ください。"
https://www.inorimachi.com/fc_news/2020/1120170000.html,2020.11.20,まちの映画館「『Inori Minase 5th ANNIVERSARY LIVE Starry Wishes』開催決定！」更新！,"ファンクラブページ内
「まちの映画館」
を更新しました！
初のオンラインライブが決定！一緒に町長を応援しましょう！
ぜひチェックしてくださいね♪"
https://www.inorimachi.com/fc_news/2020/1204140000.html,2020.12.04,「水瀬いのり2021年カレンダー」通信販売発送に関するお知らせ,"「水瀬いのり2021年カレンダー」通信販売につきまして、
12月下旬より発送開始を予定しております。
住所変更を希望される方は
【12月10日(木)12:00】
までに、
ファンクラブページ
「まち役場」
内『会員情報』より変更のお手続きをお願いいたします。
-------------------
建物名や部屋番号の記入漏れは、未着の原因となります。
変更がない方も、登録情報に不備がないか今一度ご確認くださいますようお願いいたします。
-------------------
※初回発送は受注販売にて購入された方が対象です。
※通常販売にて購入された方へは準備が整い次第、順次発送を開始いたします。"
https://www.inorimachi.com/fc_news/2020/1205210000.html,2020.12.05,オンライン「いのりまち町民集会」開催決定！,"ファンクラブイベント「いのりまち町民集会」の開催が決定しました！
次回はオンラインでの開催です♪
【日程】
2021年2月21日(日)
チケットの販売は
2021年1月中旬
を予定しております！
詳細は決まり次第ファンクラブページ『まちの回覧板』にてご案内いたします♪"
https://www.inorimachi.com/fc_news/2020/1210150000.html,2020.12.10,まちの新聞「9th SINGLE『Starlight Museum』MUSIC CLIP撮影編」更新！,"ファンクラブページ内
「まちの新聞」
で
「9th SINGLE『Starlight Museum』MUSIC CLIP撮影編」
を更新しました！
「水瀬いのり YouTube Official Channel」にて公開中の、
「Starlight Museum」MUSIC CLIP（Full Ver.）
とあわせてぜひご覧ください♪"
https://www.inorimachi.com/fc_news/2020/1216150000.html,2020.12.16,ファンクラブ会報「いのりまちだより」12号発行決定！,"ファンクラブ会報
「いのりまちだより」12号
の発行が決定しました！
12号の発送は1月中旬を予定しております。
『Inori Minase 5th ANNIVERSARY LIVE Starry Wishes』を大特集！
そして町民さんの力作が揃った『まちの芸術祭～町長をお祝い～』も掲載！
その他、撮影レポートや町民さんと町長の交流コーナーなど、
ここでしか見られない情報が満載の会報です♪
住所変更を希望される方は
【12月23日(水)15:00まで】
に
ファンクラブページログイン後、「まち役場」よりお手続きください。
住所変更がない方も、今一度ご登録内容のご確認をお願いいたします。
※新型コロナウイルス感染症の流行に伴い、発行を延期させていただく場合がございます。
※会報12号は、1月31日(日)までにご入会(入金完了まで)くださった方にお送りします。
※変更手続きがなく発送物未着のお問い合わせをいただいた場合、対応をいたしかねます。
※発送完了後は、まちの回覧板にてお知らせします。"
https://www.inorimachi.com/fc_news/2020/1222170000.html,2020.12.22,いのりまち 冬季休業のお知らせ,"冬季休業に伴い、下記期間のメール対応、並びに宅配便の受け取りを休業させていただきます。
■2020年12月28日(月)～2020年12月31日(木)
期間中にいただきましたお問い合わせにつきましては、
1月4日(月)より順次お返事いたします。
ご利用のみなさまにはご不便をおかけいたしますが、
ご理解、ご協力の程、何卒よろしくお願い申し上げます。"
https://www.inorimachi.com/fc_news/2020/1225150000.html,2020.12.25,まちの新聞「ゆくまちくるまち 2020」更新！,"ファンクラブページ内
「まちの新聞」
で
「ゆくまちくるまち 2020」
を掲載しました！
2020年のいのりまちのできごとを振り返ってみました！
今年も大変お世話になりました。よいお年をお迎えください♪"
https://www.inorimachi.com/fc_news/2021/0101150000.html,2021.01.01,年賀状発送のお知らせ,"年賀状を発送いたしました！
1月15日(金)
になりましてもお手元に届かない場合は、
下記期間内にファンクラブまでお問い合わせください。
■未着問い合わせ期間
2021年1月15日(金)～1月29日(金)
■お問い合わせ先
MAIL：contact@inorimachi.com
件名：年賀状未着
本文：会員番号・氏名・住所・お問い合わせの詳細
※未着問い合わせ期間以降にご連絡をいただきましても対応いたしかねますのでご注意ください。
※1月24日(日)までにご入会いただいた方を対象に発送いたします。
※初回発送は、12月16日(水)の時点で2021年1月31日以降の会員期限をお持ちの方が対象です。
※12月17日(木)以降にご入会・ご継続いただいた方へは順次発送いたします。"
https://www.inorimachi.com/fc_news/2021/0101150001.html,2021.01.01,ファンクラブページ更新！,"「いのりまち」ファンクラブページを更新いたしました！
●TOP画像更新！
2021年、町長が大胆に描くのは干支の......!?
ぜひ
ログイン
してみてくださいね！
●まちの映画館「新年のごあいさつ from町長」更新！
ファンクラブページ内
「まちの映画館」
を更新しました！
町長から町民さんへ新年のごあいさつです♪
●「まちうけ」画像更新！
ファンクラブページ
「まちうけ」
の画像を更新しました♪
期間限定での配信です！
町民さんはダウンロードをお忘れなく！
※画像の無断転載、複製、加工、または再配布する行為はご遠慮ください(ウェブサイト・SNSを含む)。"
https://www.inorimachi.com/fc_news/2021/0113150000.html,2021.01.13,「いのりまち町民集会2021」詳細決定！,"みなさまお待たせしました！
「いのりまち町民集会2021」の詳細が決定しました！
●配信日程
《生配信》2021年2月21日(日) 18:00開演(17:30開場)予定
《アーカイブ配信》生配信終了後～3月3日(水)23:59
※会員様のみがご視聴いただける配信限定イベントです。
●イベント内容
今年もMCに鷲崎健さんをお招きし、
トークやゲームコーナーをお届けします♪
●配信プラットフォーム
PIA LIVE STREAM
※スマートフォン・PCからご視聴いただけます。
●チケット代金
￥2,800(税込)
●チケット販売期間
1月21日(木)15:00～3月3日(水)18:00
※2月8日(月)23:59までにチケットをご購入いただいた方に「記念チケット」を後日お送りいたします！
●チケット購入方法
ファンクラブページ「チケット」内、「いのりまち町民集会2021チケット購入ページ」のボタンより
チケットぴあのサイトにアクセスし、案内に従ってご購入ください。
※チケットの購入には、チケットぴあの会員登録(無料)が必要です。
※※重要※※
ご購入の際に
【シリアルナンバーの入力】
が必要です。
こちらは
【1月20日(水)より順次】メールにてご案内
いたします。
シリアルナンバーは1会員様1つの付与となり、1回のみ利用可能です。お申し込み間違いのないようご注意ください。
♪入会をご検討の方へ
下記期日までに、ファンクラブページより入会(入金完了まで)いただきますとチケットの購入が可能です！
生配信の視聴を希望される方：2月17日(水)23:59
アーカイブ配信期間にご入会される方：3月1日(月)23:59
>> ご入会はこちらから！
-------------------------------------------
【海外からの視聴について】
海外から視聴される方は、ファンクラブページ「チケット」下部の【For Overseas Customers】のボタンからチケットぴあのサイトにアクセスし、表示に従って情報を入力・ご購入ください。
※チケット種別や特典、販売期間は国内受付と同様です。
※クレジットカード決済のみの受付です。
※ファンクラブよりお送りするシリアルナンバーの入力は必要ありません。
※購入者情報の入力画面では、必ずファンクラブ登録情報と同様の内容をご入力ください。
※購入者情報がファンクラブ登録情報と一致しない場合や、お一人につき複数枚のお申込みを確認した場合、視聴をお断りする可能性や、イベントに関する特典を受けられない場合がございますので十分ご注意ください。
※配信対応国・地域は改めてご案内いたします。"
https://www.inorimachi.com/fc_news/2021/0115150000.html,2021.01.15,ファンクラブ会報「いのりまちだより」12号発送開始のお知らせ,"ファンクラブ会報「いのりまちだより」12号の発送を、2021年1月15日(金)に開始いたしました！
2021年1月29日(金)
になりましてもお手元に届かない場合は、
下記期間内にファンクラブまでお問い合わせください。
■未着問い合わせ期間
2021年1月29日(金)～2月12日(金)
※こちらの問い合わせ期間は2020年12月31日(木)までにご入会・ご継続いただいた方を対象としております。
2021年1月1日(金)以降にご入会・ご継続いただいた方は発送完了メール記載の未着問い合わせ期間をご確認ください。
■お問い合わせ先
MAIL：contact@inorimachi.com
件名：会報12号未着
本文：会員番号・氏名・住所・お問い合わせの詳細
※未着問い合わせ期間以降にご連絡をいただきましても対応いたしかねますのでご注意ください。
※2021年1月末までにご入会いただいた方を対象に発送いたします。
※初回発送は、2020年12月31日(木)までにご入会手続きを完了された方が対象です。
※2021年1月1日(金)以降にご入会いただいた方へは、1月下旬より順次発送いたします。
※会報投稿は【1月22日(金)12:00】より受付を開始いたします。"
https://www.inorimachi.com/fc_news/2021/0120150000.html,2021.01.20,「いのりまち町民集会2021」チケット購入用シリアルナンバー配信のご案内,"「いのりまち町民集会2021」のチケット購入用
シリアルナンバー
のご案内を開始いたしました！
ファンクラブ登録のメールアドレス宛にメールをお送りしております。
メールが未着の方は、ファンクラブページ「まち役場」内、
「お知らせメール一覧」
にて控えをご確認ください。
----------
タイトル：※重要※『いのりまち町民集会2021』チケット購入用シリアルナンバーのご案内
----------
公演やチケットご購入方法に関する詳細は、
1月13日(水)付け
「まちの回覧板」
にてご確認ください。
※メール配信は1月19日(火)の時点で2021年1月31日以降の会員期限をお持ちの方が対象です。
※1月20日(水)以降にご入会・ご継続いただいた方へは、お手続き完了後3日以内に順次配信いたします。"
https://www.inorimachi.com/fc_news/2021/0121150000.html,2021.01.21,「いのりまち町民集会2021」特設ページ公開！,"「いのりまち町民集会2021」の特設ページを公開しました！
イベントに関する情報はこちらをチェック☆
「いのりまち町民集会2021」特設ページ"
https://www.inorimachi.com/fc_news/2021/0127150000.html,2021.01.27,まちの新聞「『Inori Minase 5th ANNIVERSARY LIVE Starry Wishes』スタジオリハーサル編」更新！,"ファンクラブページ内
「まちの新聞」
で
「『Inori Minase 5th ANNIVERSARY LIVE Starry Wishes』スタジオリハーサル編」
を公開しました！
久々のリハーサルでしたが、町長もチームいのりも絶好調！
ぜひチェックしてみてください♪"
https://www.inorimachi.com/fc_news/2021/0129150000.html,2021.01.29,まちの新聞「『Inori Minase 5th ANNIVERSARY LIVE Starry Wishes』当日レポート」更新！,"ファンクラブページ内
「まちの新聞」
で
「『Inori Minase 5th ANNIVERSARY LIVE Starry Wishes』当日レポート」
を公開しました！
5th ANNIVERSARYにかけて、当日リハーサル中に目撃した5つのトピックスをレポート！
ぜひチェックしてみてください♪"
https://www.inorimachi.com/fc_news/2021/0201150000.html,2021.02.01,まちの新聞「『Inori Minase 5th ANNIVERSARY LIVE Starry Wishes』いのりまち限定アフタートーク編」更新！,"ファンクラブページ内
「まちの新聞」
で
「『Inori Minase 5th ANNIVERSARY LIVE Starry Wishes』いのりまち限定アフタートーク編」
を公開しました！大西沙織さんと町長によるアフタートークの様子をお届けです！
ぜひチェックしてみてください♪"
https://www.inorimachi.com/fc_news/2021/0203150000.html,2021.02.03,「いのりまち町民集会2021」アンケート＆おたより募集！,"「いのりまち町民集会2021」に向けて事前アンケートを実施いたします！
町民のみなさんのご意見をお寄せください！
町長に聞いてみたいことやおたよりも募集中です♪
●投稿方法
ファンクラブページログイン後、メニューに表示される「アンケート」よりご投稿ください。
●募集締切
2月15日(月)18:00まで
【ご注意】
※おたよりはイベント内で使用いたします。その際、一部内容を編集させていただく場合がございます。
※イベント視聴の有無に関わらず、すべての会員様がご回答いただけます。"
https://www.inorimachi.com/fc_news/2021/0205150000.html,2021.02.05,まちの新聞「2021年カレンダー撮影～1月＆2月編～」更新！,"ファンクラブページ内
「まちの新聞」
で
「2021年カレンダー撮影～1月＆2月編～」
を公開しました！
カレンダー撮影の裏側をお届けです♪
ぜひご覧ください！"
https://www.inorimachi.com/fc_news/2021/0212150000.html,2021.02.12,「いのりまち町民集会2021」グッズラインナップ公開！,"「いのりまち町民集会2021」のグッズラインナップを公開しました！
本イベントのグッズはすべて通信販売での受付です。
販売開始まで今しばらくお待ちください♪
●受付期間
2月15日(月)15:00～3月1日(月)18:00
●発送時期
4月下旬より順次発送
●申し込み方法
ファンクラブページ内「グッズ」より、ご希望のアイテムをショッピングカートに入れ、
決済方法を選択し代金をご入金ください。
「いのりまち町民集会2021」特設ページ"
https://www.inorimachi.com/fc_news/2021/0215150000.html,2021.02.15,「いのりまち町民集会2021」グッズ通信販売開始！,"「いのりまち町民集会2021」のグッズ通信販売を開始しました！
●申し込み受付期間
2月15日(月)15:00～3月1日(月)18:00
●発送時期
4月下旬より順次発送
●申し込み方法
ファンクラブページ内
「グッズ」
より、
ご希望のアイテムをショッピングカートに入れ、決済方法を選択し代金をご入金ください。"
https://www.inorimachi.com/fc_news/2021/0218120000.html,2021.02.18,まちの新聞「『いのりまち町民集会2021』グッズ紹介編」更新！,"ファンクラブページ内
「まちの新聞」
で
「『いのりまち町民集会2021』グッズ紹介編」
を掲載しました！
いのりまち初のオンライン開催となる、町民集会のグッズをご紹介します♪
ぜひご覧ください！"
https://www.inorimachi.com/fc_news/2021/0222120000.html,2021.02.22,ファンクラブ会報「いのりまちだより」町民集会の感想を大募集！,"ファンクラブ会報「いのりまちだより」13号の投稿受付を開始いたしました！
今回は2月21日(日)に行われた『いのりまち町民集会2021』に関するおたよりを大募集！
町長へのメッセージや、町民集会の感想、イラストなどなどお待ちしております♪
【ファンクラブページからの投稿】
ファンクラブページログイン後「ポスト」からご投稿ください。
投稿締切：3月1日(月)18:00
【郵便での投稿】
〒160-0023
東京都新宿区西新宿1-19-6 山手新宿ビル11F
水瀬いのりオフィシャルファンクラブ「いのりまち」まちのひろば係
投稿締切：3月1日(月)必着"
https://www.inorimachi.com/fc_news/2021/0225150000.html,2021.02.25,まちの映画館「『いのりまち町民集会2021』を終えて」更新！,"ファンクラブページ内
「まちの映画館」
を更新しました！
『いのりまち町民集会2021』を終えての感想、そして『町長格付けチェック！』の新しい問題にもチャレンジしてもらいました！
あなたはどちらが正解か分かりますか？
ぜひチェックしてくださいね♪"
https://www.inorimachi.com/fc_news/2021/0304150000.html,2021.03.04,ファンクラブ会報「いのりまちだより」13号発行決定！,"ファンクラブ会報
「いのりまちだより」13号
の発行が決定しました！
13号の発送は4月下旬を予定しております。
『いのりまち町民集会2021』を大特集！
その他、撮影レポートや町民さんと町長の交流コーナーなど、
ここでしか見られない情報が満載の会報です♪
住所変更を希望される方は
【4月6日(火)15:00まで】
に
ファンクラブページログイン後、「まち役場」よりお手続きください。
住所変更がない方も、今一度ご登録内容のご確認をお願いいたします。
※新型コロナウイルス感染症の流行に伴い、発行を延期させていただく場合がございます。
※会報13号は、4月30日(金)までにご入会(入金完了まで)くださった方にお送りします。
※変更手続きがなく発送物未着のお問い合わせをいただいた場合、対応をいたしかねます。
※発送完了後は、まちの回覧板にてお知らせします。"
https://www.inorimachi.com/fc_news/2021/0316150000.html,2021.03.16,「いのりまち町民集会2021」記念チケット・お土産発送に関するお知らせ,"お待たせいたしました！
「いのりまち町民集会2021」をご視聴いただいたみなさまへ、
「記念チケット」「お土産」および「視聴者プレゼント」の発送につきましてご案内いたします。
●記念チケット
4月下旬発送予定の「いのりまちだより」13号に同封してのお届けです。
対象：2021年2月8日(月)23:59までに「いのりまち町民集会2021」チケットをお申込みいただいた方
●お土産「くらり太郎 A5サイズクリアファイル」
4月下旬発送予定の「いのりまちだより」13号に同封してのお届けです。
対象：「いのりまち町民集会2021」チケットをご購入いただいたすべての方
会報や住所変更に関する詳細は、
3月4日(木)付け
「まちの回覧板」
にてご確認ください。
●視聴者プレゼント
別途4月中旬の発送を予定しております。
※プレゼント当選者の発表は発送をもってかえさせていただきます。
※抽選結果についてのお問い合わせにはお答えできかねます。
お届けまでどうぞ楽しみにお待ちください♪"
https://www.inorimachi.com/fc_news/2021/0322150000.html,2021.03.22,「いのりまち町民集会2021」グッズ通信販売　発送に関するお知らせ,"「いのりまち町民集会2021」グッズ通信販売につきまして、
4月下旬より発送開始を予定しております。
住所変更を希望される方は
【4月9日(金)15:00】
までに、
ファンクラブページ
「まち役場」
内『会員情報』より変更のお手続きをお願いいたします。
-------------------
建物名や部屋番号の記入漏れは、未着の原因となります。
変更がない方も、登録情報に不備がないか今一度ご確認くださいますようお願いいたします。
-------------------"
https://www.inorimachi.com/fc_news/2021/0401120000.html,2021.04.01,まちの新聞「『いのりまち町民集会2021』イベントレポート編」更新！,"ファンクラブページ内
「まちの新聞」
で
「『いのりまち町民集会2021』イベントレポート編」
を掲載しました！
----------
※4月1日 その5～8 更新しました！
----------
初のオンライン開催となった町民集会を振り返ります♪
ぜひご覧ください！"
https://www.inorimachi.com/fc_news/2021/0402150000.html,2021.04.02,まちの映画館「学生時代について」更新！,"ファンクラブページ内
「まちの映画館」
を更新しました！
季節は春、新学期！ということで、町長の学生時代について聞いてみました。
ぜひチェックしてくださいね♪"
https://www.inorimachi.com/fc_news/2021/0406150000.html,2021.04.06,まちの新聞「2021年カレンダー撮影～3月＆4月編～」更新！,"ファンクラブページ内
「まちの新聞」
で
「2021年カレンダー撮影～3月＆4月編～」
を公開しました！
カレンダー撮影の裏側をお届けです♪
ぜひご覧ください！"
https://www.inorimachi.com/fc_news/2021/0409150000.html,2021.04.09,まちの新聞「『Inori Minase 5th ANNIVERSARY LIVE Starry Wishes』Blu-ray発売記念衣装展レポート」更新！,"ファンクラブページ内
「まちの新聞」
で
「『Inori Minase 5th ANNIVERSARY LIVE Starry Wishes』Blu-ray発売記念衣装展レポート」
を公開しました！
先月開催された衣装展の様子をお届けします♪
ぜひご覧ください！"
https://www.inorimachi.com/fc_news/2021/0422120000.html,2021.04.22,ファンクラブ会報「いのりまちだより」投稿受付開始！,"ファンクラブ会報「いのりまちだより」14号の投稿受付を開始いたしました！
町長へのメッセージやアニメ、ライブ、イベント、会報の感想、イラストやコーナーへの投稿などなど、みなさんのおたよりをお送りください♪
【ファンクラブページからの投稿】
ファンクラブページログイン後、「ポスト」からご投稿ください。
投稿締切：5月6日(木)18:00
【郵便での投稿】
〒160-0023
東京都新宿区西新宿1-19-6 山手新宿ビル11F
水瀬いのりオフィシャルファンクラブ「いのりまち」○○○(各コーナー名)係
投稿締切：5月6日(木)必着
たくさんの投稿、お待ちしております♪"
https://www.inorimachi.com/fc_news/2021/0422160000.html,2021.04.22,ファンクラブ会報「いのりまちだより」13号発送開始のお知らせ,"ファンクラブ会報「いのりまちだより」13号の発送を、2021年4月22日(木)に開始いたしました！
2021年5月6日(木)
になりましてもお手元に届かない場合は、
下記期間内にファンクラブまでお問い合わせください。
■未着問い合わせ期間
2021年5月6日(木)～5月20日(木)
※こちらの問い合わせ期間は2021年4月6日(火)までにご入会・ご継続いただいた方を対象としております。
2021年4月7日(水)以降にご入会・ご継続いただいた方は発送完了メール記載の未着問い合わせ期間をご確認ください。
■お問い合わせ先
MAIL：contact@inorimachi.com
件名：会報13号未着
本文：会員番号・氏名・住所・お問い合わせの詳細
※未着問い合わせ期間以降にご連絡をいただきましても対応いたしかねますのでご注意ください。
※2021年4月末までにご入会いただいた方を対象に発送いたします。
※初回発送は、2021年4月6日(火)までにご入会手続きを完了された方が対象です。
※2021年4月7日(水)以降にご入会いただいた方へは、5月下旬より順次発送いたします。
※会報投稿は【4月22日(木)12:00】より受付を開始しております。"
https://www.inorimachi.com/fc_news/2021/0422160001.html,2021.04.22,「いのりまちだよりファイル - Part 2 -」通年通信販売のお知らせ,"「いのりまち町民集会2021」グッズより、「いのりまちだよりファイル - Part 2 -」の通年販売が決定いたしました！
●価格
2,700円
●申し込み受付開始
4月23日(金)15:00
●発送予定日
入金完了後、1か月前後で発送
●申し込み方法
ファンクラブページ内
「グッズ」
より、
ご希望のアイテムをショッピングカートに入れ、決済方法を選択し代金をご入金ください。
※別途、発送手数料+システム利用料がかかります。
※お申し込みが一定数に達した時点で受付を終了いたします。あらかじめご了承ください。"
https://www.inorimachi.com/fc_news/2021/0423150000.html,2021.04.23,まちの新聞「『いのりまち町民集会2021』グッズ撮影編」更新！,"ファンクラブページ内
「まちの新聞」
で
「『いのりまち町民集会2021』グッズ撮影編」
を公開しました！
----------
※4月23日 その4～5 更新しました！
----------
さまざまな表情の町長をお届けします♪
ぜひご覧ください！"
https://www.inorimachi.com/fc_news/2021/0430150000.html,2021.04.30,まちの新聞「『いのりまちだより』13号 まちのひろば出張版」更新！,"ファンクラブページ内
「まちの新聞」
で
「『いのりまちだより』13号 まちのひろば出張版」
を公開しました！
みなさんからいただいたおたよりをご紹介！
ぜひチェックしてみてください♪"
https://www.inorimachi.com/fc_news/2021/0430160000.html,2021.04.30,「いのりまち町民集会2021」グッズ通信販売　商品のお届けにつきまして,"「いのりまち町民集会2021」グッズ通信販売の発送を、
4月19日(月)より開始いたしました！
商品の発送は順次行っております。
発送された方へは、発送完了メールにてお知らせいたします。
----------
※4月30日(金) すべての方への発送が完了いたしました！
この度は発送完了までにお時間をいただき申し訳ございませんでした。
----------
宅配伝票番号は【通信販売　発送完了のお知らせ】メール、
またはファンクラブページ内「グッズ」の購入履歴よりご確認いただけます。
不備・不良等お気づきの点がございましたら、
商品到着から8日以内にファンクラブまでお問い合わせください。"
https://www.inorimachi.com/fc_news/2021/0512150000.html,2021.05.12,まちの新聞「2021年カレンダー撮影～5月＆6月編～」更新！,"ファンクラブページ内
「まちの新聞」
で
「2021年カレンダー撮影～5月＆6月編～」
を公開しました！
カレンダー撮影の裏側をお届けです♪
ぜひご覧ください！"
https://www.inorimachi.com/fc_news/2021/0531150000.html,2021.05.31,ファンクラブ会報「いのりまちだより」14号発行決定！,"ファンクラブ会報
「いのりまちだより」14号
の発行が決定しました！
14号の発送は7月上旬を予定しております。
10th SINGLE『HELLO HORIZON』を大特集！
その他、撮影レポートや町民さんと町長の交流コーナーなど、
ここでしか見られない情報が満載の会報です♪
住所変更を希望される方は
【6月21日(月)15:00まで】
に
ファンクラブページログイン後、「まち役場」よりお手続きください。
住所変更がない方も、今一度ご登録内容のご確認をお願いいたします。
※新型コロナウイルス感染症の流行に伴い、発行を延期させていただく場合がございます。
※会報14号は、2021年7月31日(土)までにご入会(入金完了まで)くださった方にお送りします。
※変更手続きがなく発送物未着のお問い合わせをいただいた場合、対応をいたしかねます。
※発送完了後は、まちの回覧板にてお知らせします。"
https://www.inorimachi.com/fc_news/2021/0531150001.html,2021.05.31,まちの映画館「リリース情報♪」更新！,"ファンクラブページ内
「まちの映画館」
を更新しました！
町長から新着のお知らせが沢山ありますよ♪
ぜひチェックしてくださいね☆"
https://www.inorimachi.com/fc_news/2021/0623150000.html,2021.06.23,まちの新聞「10th SINGLE『HELLO HORIZON』ジャケット撮影編」更新！,"ファンクラブページ内
「まちの新聞」
で
「10th SINGLE『HELLO HORIZON』ジャケット撮影編」
を更新しました！
----------
※6月23日 その3～5 更新しました！
----------
先日公開されたジャケットの撮影風景をお届けです♪
ぜひご覧ください！"
https://www.inorimachi.com/fc_news/2021/0705150000.html,2021.07.05,まちの映画館「『Inori Minase LIVE TOUR 2021 HELLO HORIZON』決定！」更新！,"ファンクラブページ内
「まちの映画館」
を更新しました！
2年ぶりとなるライブツアー！町長の意気込みをお話ししていただきました♪
ぜひチェックしてくださいね☆"
https://www.inorimachi.com/fc_news/2021/0707120000.html,2021.07.07,ファンクラブ会報「いのりまちだより」投稿受付開始！,"ファンクラブ会報「いのりまちだより」15号の投稿受付を開始いたしました！
町長へのメッセージやアニメ、イベント、会報の感想、イラストやコーナーへの投稿などなど、みなさんのおたよりをお送りください♪
【ファンクラブページからの投稿】
ファンクラブページログイン後、「ポスト」からご投稿ください。
投稿締切：7月26日(月)18:00
【郵便での投稿】
〒160-0023
東京都新宿区西新宿1-19-6 山手新宿ビル11F
水瀬いのりオフィシャルファンクラブ「いのりまち」○○○(各コーナー名)係
投稿締切：7月26日(月)必着
たくさんの投稿、お待ちしております♪"
https://www.inorimachi.com/fc_news/2021/0707150000.html,2021.07.07,ファンクラブ会報「いのりまちだより」14号発送開始のお知らせ,"ファンクラブ会報「いのりまちだより」14号の発送を、2021年7月7日(水)に開始いたしました！
2021年7月21日(水)
になりましてもお手元に届かない場合は、
下記期間内にファンクラブまでお問い合わせください。
■未着問い合わせ期間
2021年7月21日(水)～8月4日(水)
※こちらの問い合わせ期間は2021年6月21日(月)までにご入会・ご継続いただいた方を対象としております。
2021年6月22日(火)以降にご入会・ご継続いただいた方は発送完了メール記載の未着問い合わせ期間をご確認ください。
■お問い合わせ先
MAIL：contact@inorimachi.com
件名：会報14号未着
本文：会員番号・氏名・住所・お問い合わせの詳細
※未着問い合わせ期間以降にご連絡をいただきましても対応いたしかねますのでご注意ください。
※2021年7月末までにご入会いただいた方を対象に発送いたします。
※初回発送は、2021年6月21日(月)までにご入会手続きを完了された方が対象です。
※2021年6月22日(火)以降にご入会いただいた方へは、7月中旬より順次発送いたします。
※会報投稿は【7月7日(水)12:00】より受付を開始しております。"
https://www.inorimachi.com/fc_news/2021/0714150000.html,2021.07.14,まちの新聞「『いのりまちだより』14号 まちのひろば出張版」更新！,"ファンクラブページ内
「まちの新聞」
で
「『いのりまちだより』14号 まちのひろば出張版」
を公開しました！
みなさんからいただいたおたよりをご紹介！
ぜひチェックしてみてください♪"
https://www.inorimachi.com/fc_news/2021/0720150000.html,2021.07.20,まちの新聞「10th SINGLE『HELLO HORIZON』MUSIC CLIP撮影編」更新！,"ファンクラブページ内
「まちの新聞」
で
「10th SINGLE『HELLO HORIZON』MUSIC CLIP撮影編」
を公開しました！
----------
※7月20日 その5～7 更新しました！
----------
大自然の中行われた撮影の様子をご紹介します！
ぜひご覧くださいね♪"
https://www.inorimachi.com/fc_news/2021/0727120000.html,2021.07.27,【Inori Minase LIVE TOUR 2021 HELLO HORIZON】大阪公演会場変更のご案内,"「Inori Minase LIVE TOUR 2021 HELLO HORIZON」大阪公演につきましてお知らせいたします。
公演を予定しておりました大阪国際会議場(グランキューブ大阪)は、現在防衛省による新型コロナウイルスワクチン自衛隊大規模接種センターの会場として使用されております。
この度ワクチンの接種期間が延長され、同会場が使用出来なくなりましたため、下記の通り会場を変更して同日・同時間に大阪公演を開催いたします。
【変更前】
日程：2021年9月18日(土) 開場17:00／開演18:00
会場：大阪・大阪国際会議場(グランキューブ大阪)
↓
【変更後】
日程：2021年9月18日(土) 開場17:00／開演18:00
会場：大阪・オリックス劇場
同日・同時間帯、大阪内での会場変更のため、すでに大阪公演のチケットをお申し込みいただいている会員様の抽選販売はこのまま実施させていただきます。
なお、会員先行優先予約の当落発表は【本日7月27日(火)15:00】を予定しております。"
https://www.inorimachi.com/fc_news/2021/0727150000.html,2021.07.27,「Inori Minase LIVE TOUR 2021 HELLO HORIZON」会員先行優先予約当落結果のご案内,"「Inori Minase LIVE TOUR 2021 HELLO HORIZON」ファンクラブ会員チケット先行優先予約にお申し込みいただきました方へ、
当落結果のご案内を開始いたしました。
●当落結果について
ファンクラブページ「チケット」よりご確認いただけます。
また、ファンクラブ登録のメールアドレス宛に『当落結果のお知らせ』メールをお送りしております。
●支払方法
当選された方は、ファンクラブページ「チケット」より『決済方法選択期間』内に決済方法を選択し、案内に従ってお手続きください。
《決済方法選択期間》
8月2日(月)23:59
《決済方法／支払期限》
クレジットカード：決済方法選択後、即時決済
コンビニ／ペイジー／郵便振込み：8月3日(火)までの取扱日有効
【ご注意】
・チケットのお申し込み・当落結果確認・ご入金には、各期間において会員期限内である必要があります。
・いかなる理由におきましても、当選されたチケットのキャンセル・変更はできません。
・複数公演当選された場合、当選されたすべてのチケットをご購入いただきます。
・一度選択された決済方法の変更はできません。
・入金に不備・不明な点がある場合、選択した決済方法以外での入金や支払期限後の入金はすべて手数料を差し引き返金いたします。
その際、当選は無効となりチケットのご用意はできかねます。
・当選確定後にチケット代金のご入金がない場合、次回以降の当落結果・座席の決定に影響が生じる可能性がございます。
・大阪公演の会場が変更となっております。詳しくは
こちら
をご確認ください。"
https://www.inorimachi.com/fc_news/2021/0730150000.html,2021.07.30,まちの新聞「2021年カレンダー撮影～7月＆8月編～」更新！,"ファンクラブページ内
「まちの新聞」
で
「2021年カレンダー撮影～7月＆8月編～」
を公開しました！
カレンダー撮影の裏側をお届けです♪
ぜひご覧ください！"
https://www.inorimachi.com/fc_news/2021/0802150000.html,2021.08.02,いのりまち 夏季休業のお知らせ,"夏季休業に伴い、下記期間のメール対応、並びに宅配便の受け取りを休業させていただきます。
■2021年8月10日(火)～8月13日(金)
期間中にいただきましたお問い合わせにつきましては、
8月16日(月)より順次お返事いたします。
ご利用の皆様にはご不便をおかけいたしますが、
ご理解、ご協力の程、何卒よろしくお願い申し上げます。"
https://www.inorimachi.com/fc_news/2021/0817150000.html,2021.08.17,【大阪・神奈川公演】「Inori Minase LIVE TOUR 2021 HELLO HORIZON」会員先行優先予約2次受付のご案内,"「Inori Minase LIVE TOUR 2021 HELLO HORIZON」大阪・神奈川公演の、
ファンクラブ会員チケット先行優先予約2次受付が決定いたしました！
>> 公演情報はこちら！
●申し込み方法
ファンクラブページ「チケット」より、『申込受付期間』内に画面の案内に従ってお手続きください。
《申込受付期間》
8月20日(金)15:00～8月24日(火)18:00
《当落発表》
8月27日(金)15:00予定
《決済方法選択期間》
8月27日(金)15:00～8月30日(月)23:59
《チケット発送》
大阪公演／9月上旬、神奈川公演／10月上旬
《決済方法／支払期限》
クレジットカード：決済方法選択後、即時決済
コンビニ／ペイジー：8月31日(火)
※郵便振込はご利用いただけません
【ご注意】
※すでにチケットを購入されている公演に、2次受付にて当選することはございません。
※受付は先着順ではございません。申し込み者多数の場合、抽選にて当落を決定いたします。
※複数公演当選された場合、当選されたすべてのチケットをご購入いただきます。
※受付開始・終了間際は、アクセスが集中し繋がりにくくなる場合もございます。時間に余裕をもってお手続きください。
※いかなる理由におきましても、申込受付期間終了後の申込み・キャンセル・変更はできません。
ご不明な点のある方は、必ず申込受付期間内にファンクラブまでお問い合わせください。
※今後の新型コロナウイルスの感染状況や政府および上演地の地方自治体の方針等によって公演概要が変更となる場合がございます。
※チケットの申込み・当落結果確認・ご入金には、各期間において会員期限内である必要があります。
---------------------------
♪入会をご検討の方へ
チケットの申込受付期間終了までに、ファンクラブページより【クレジットカード決済・コンビニ／ペイジー支払】にてご入会(入金完了まで)いただきますとチケットのお申し込みが可能です！
>> ご入会はこちらから！
【ご注意】
※Loppi／ローソンチケット、郵便振込でのお手続きはファンクラブで入会の確認が出来るまでに時間を要します。
これからお手続きいただきましたも、チケットのお申込みに間に合わない場合がございますのでご注意ください。
※チケット申込受付期間は8月24日(火)18:00に終了しますので、時間に余裕を持ってお手続きください。"
https://www.inorimachi.com/fc_news/2021/0819150000.html,2021.08.19,ファンクラブ会報「いのりまちだより」15号発行決定！,"ファンクラブ会報
「いのりまちだより」15号
の発行が決定しました！
15号の発送は9月下旬を予定しております。
今回は新企画あり!?
その他、撮影レポートや町民さんと町長の交流コーナーなど、
ここでしか見られない情報が満載の会報です♪
住所変更を希望される方は
【9月13日(月)15:00まで】
に
ファンクラブページログイン後、「まち役場」よりお手続きください。
住所変更がない方も、今一度ご登録内容のご確認をお願いいたします。
※新型コロナウイルス感染症の流行に伴い、発行を延期させていただく場合がございます。
※会報15号は、2021年9月30日(木)までにご入会(入金完了まで)くださった方にお送りします。
※変更手続きがなく発送物未着のお問い合わせをいただいた場合、対応をいたしかねます。
※発送完了後は、まちの回覧板にてお知らせします。"
https://www.inorimachi.com/fc_news/2021/0827150000.html,2021.08.27,「Inori Minase LIVE TOUR 2021 HELLO HORIZON」会員先行優先予約2次受付当落結果のご案内,"「Inori Minase LIVE TOUR 2021 HELLO HORIZON」ファンクラブ会員チケット先行優先予約2次受付にお申し込みいただきました方へ、
当落結果のご案内を開始いたしました。
●当落結果について
ファンクラブページ「チケット」よりご確認いただけます。
また、ファンクラブ登録のメールアドレス宛に『当落結果のお知らせ』メールをお送りしております。
●支払方法
当選された方は、ファンクラブページ「チケット」より『決済方法選択期間』内に決済方法を選択し、案内に従ってお手続きください。
《決済方法選択期間》
8月30日(月)23:59
《決済方法／支払期限》
クレジットカード：決済方法選択後、即時決済
コンビニ／ペイジー：8月31日(火)までの取扱日有効
【ご注意】
・チケットのお申し込み・当落結果確認・ご入金には、各期間において会員期限内である必要があります。
・いかなる理由におきましても、当選されたチケットのキャンセル・変更はできません。
・複数公演当選された場合、当選されたすべてのチケットをご購入いただきます。
・一度選択された決済方法の変更はできません。
・入金に不備・不明な点がある場合、選択した決済方法以外での入金や支払期限後の入金はすべて手数料を差し引き返金いたします。
その際、当選は無効となりチケットのご用意はできかねます。
・当選確定後にチケット代金のご入金がない場合、次回以降の当落結果・座席の決定に影響が生じる可能性がございます。"
https://www.inorimachi.com/fc_news/2021/0914180000.html,2021.09.14,「Inori Minase LIVE TOUR 2021 HELLO HORIZON」チケットの払い戻しにつきまして※大阪・愛知公演※,"「Inori Minase LIVE TOUR 2021 HELLO HORIZON」は感染対策を講じた上で予定通り開催いたしますが、新型コロナウイルス感染拡大状況を鑑み、すでにチケットをお持ちの方でご来場にご不安のある方、ご来場を見送られた方を対象にチケットの払戻受付を行います。
こちらはファンクラブ会員専用優先予約にてチケットを購入された方を対象とした受付です。
プレイガイドにて購入されたチケットは窓口が異なりますのでご注意ください。
《対象公演》
9月18日(土) 大阪公演
9月25日(土) 愛知公演
《払い戻し受付期間》
10月12日(火)まで
《払い戻し方法》
GMOペイメントゲートウェイの返金システムを利用し、金融機関の口座振替にて払い戻しを行います。
《払い戻し内容》
チケット代金
※各種手数料は含まれません。
---------------------------
※お手続きの流れ※
①チケットの返送
公演チケットと下記必要事項を記載したメモを、受付期間内にファンクラブ宛に簡易書留郵便にてお送りください。
【記載必要事項】
会員番号、氏名、連絡先(電話番号)、払い戻し希望公演
【送付先】
〒160-0023 東京都新宿区西新宿1-19-6　山手新宿ビル11F
水瀬いのりオフィシャルファンクラブ「いのりまち」
「HELLO HORIZON」チケット係
②メールを受信
GMOペイメントゲートウェイより、ファンクラブご登録のメールアドレスへお手続きに必要な情報が配信されます。
「@gmo-pg.com」からのメールを受信できるよう、事前に設定をお願いいたします。
配信予定日：10月14日(木)15:00より順次
タイトル：※重要※【いのりまち】チケット払い戻し 振込先口座登録メール
アドレス： noreply@gmo-pg.com
②口座情報登録
メール記載のURLへアクセスし、画面の案内に従って口座情報の登録をお願いいたします。
口座情報登録期間：10月25日(月)23:59まで
※口座情報の他に、「認証コード」の入力が必要です。メールにご案内がありますので、必ずご確認の上お手続きください。
※入力内容の不備が続くと、URLが無効となる場合がございますのでご注意ください。
③入金完了
口座情報の登録完了から2～4営業日後に、登録いただきました口座への入金が行われます。
口座に入金がされているかご確認ください。
※金融機関によってはお振込みの反映に数日お時間がかかる場合がございます。
※通帳に記載される名義は「モストカンパニー」となります。
---------------------------
【ご注意】
※登録可能な金融機関は
こちら
よりご確認ください。
※海外送金のお取り扱いはございません。
※口座情報登録用のURLは会員ご本人様のみ有効です。メールの転送や転載はお控えください。
※上記期間を過ぎますと払い戻しができなくなりますのでご注意ください。
※会員ご本人様名義の口座以外も登録可能ですが、送金後に生じたトラブルにつきましてはファンクラブ・主催者ともに一切責任を負いません。
※口座情報が正しくない場合払い戻しができなくなりますので、よくご確認の上ご入力ください。会員様都合によるエラーが発生した際には、振込手数料を頂戴する場合がございます。
※ゆうちょ銀行をご利用の場合、口座番号の桁数により入力方法が異なります。
恐れ入りますが、
こちら
より入力方法をご確認の上お手続きくださいますようお願いいたします。
※金融機関によっては、キャッシュカードがローマ字表記でも振込みの際の口座名義人はカタカナというケースがございます。
ご不明な点がある場合はご利用の金融機関にお尋ねください。
※送金完了後のメールでのお知らせはございません。ご自身で口座への振込みをご確認ください。
なお、ゆうちょ銀行をご利用の場合、通帳の記帳を行わないとネットバンキングに反映されないことがございますのでご注意ください。
ご不明な点がある方は、メールにてお問い合わせくださいますようお願いいたします。"
https://www.inorimachi.com/fc_news/2021/0915150000.html,2021.09.15,ファンクラブページ更新！,"「いのりまち」ファンクラブページを更新いたしました！
●TOP画像
ファンクラブページTOP画像がリニューアル♪♪
ぜひ
ログイン
してみてくださいね！
●まちの映画館
ファンクラブページ内
「まちの映画館」
を更新しました！
TOP画像撮影の様子を町長にお話ししてもらいました♪
●「まちうけ」画像
ファンクラブページ
「まちうけ」
の画像を更新しました♪
期間限定での配信です！
町民さんはダウンロードをお忘れなく！
※画像の無断転載、複製、加工、または再配布する行為はご遠慮ください(ウェブサイト・SNSを含む)。"
https://www.inorimachi.com/fc_news/2021/0917150000.html,2021.09.17,まちの新聞「『Inori Minase LIVE TOUR 2021 HELLO HORIZON』グッズ撮影編」更新！,"ファンクラブページ内
「まちの新聞」
で
「『Inori Minase LIVE TOUR 2021 HELLO HORIZON』グッズ撮影編」
を公開しました！
----------
※9月17日 その3～5 更新しました！
----------
グッズ撮影の様子を前後編にわけてお届けします♪
ぜひご覧ください！"
https://www.inorimachi.com/fc_news/2021/0918200000.html,2021.09.18,「いのりまち町民集会2021-おかわり-」開催決定！,"今年2回目となる「いのりまち町民集会」の開催が決定しました！
次回は会場での有観客とオンライン生配信での開催です♪
「いのりまち町民集会2021-おかわり-」
会場：神奈川・パシフィコ横浜 国立大ホール
日程：2021年12月5日(日)
① 13:30開場／14:30開演
② 17:30開場／18:30開演
《チケット》
★会場開催チケット
チケット代金：￥6,200(税込)
制限枚数：各公演1枚
申し込み方法：ファンクラブページ「チケット」からの受付です。
申込受付期間：9月28日(火)15:00～10月7日(木)18:00
当落発表：10月20日(水)15:00予定
決済方法選択期間：10月20日(水)15:00～10月27日(水)23:59
チケット発送：11月下旬
★オンラインチケット
チケット代金：￥3,200(税込)
制限枚数：各公演1枚
配信プラットフォーム：PIA LIVE STREAM
販売開始：11月15日(月)
その他詳細は、改めて特設ページにてご案内いたします。
----------------------------
※※重要※※
イベントへの入場には、
【会員証・有効な顔写真付き身分証明書(※下記参照)・チケット】
が必要です。
いずれかをお持ちでない場合はご参加いただけませんのでご注意ください。
★本イベントにおける有効な顔写真付き身分証明書
○運転免許証(各都道府県公安委員会が発行するもの)
○パスポート
○顔写真付きマイナンバーカード(通知カードは認められません)
○在留カードまたは特別永住者証明書
○顔写真付き障害者手帳
○顔写真付き学生証
○顔写真付き住民基本台帳カード
※すべてにおいて、コピー・期限切れ・顔写真無しのものは無効。
※チケット印字氏名と一致するものに限ります。
※外国籍の方は【パスポート・在留カード・特別永住者証明書】のいずれかをお持ちください。
※発行に時間を要する場合もございますので、これから取得される方はお早めにお手続きください。
※顔写真付きマイナンバーカードは、年令問わず無料で取得することができます。
>> マイナンバーカード総合サイト
----------------------------
♪入会をご検討の方へ
チケットの申込受付期間終了までに、ファンクラブページより【クレジットカード決済・コンビニ／ペイジー支払】にてご入会(入金完了まで)いただきますとチケットのお申し込みが可能です！
>> ご入会はこちらから！
【ご注意】
※Loppi／ローソンチケット、郵便振込からのお手続きは期日が異なります。
下記期日を過ぎた場合、会場開催のチケットはお申し込みいただけません。ご注意ください。
・Loppi／ローソンチケット：10月3日(日)
・郵便振込：10月1日(金)
※チケットの申込受付は10月7日(木)18:00に終了しますので、時間に余裕を持ってお手続きください。"
https://www.inorimachi.com/fc_news/2021/0927180000.html,2021.09.27,「Inori Minase LIVE TOUR 2021 HELLO HORIZON」チケットの払い戻しにつきまして※大阪・愛知・福岡・宮城公演※,"「Inori Minase LIVE TOUR 2021 HELLO HORIZON」は感染対策を講じた上で予定通り開催いたしますが、新型コロナウイルス感染拡大状況を鑑み、すでにチケットをお持ちの方でご来場にご不安のある方、ご来場を見送られた方を対象にチケットの払戻受付を行います。
こちらはファンクラブ会員専用優先予約にてチケットを購入された方を対象とした受付です。
プレイガイドにて購入されたチケットは窓口が異なりますのでご注意ください。
《対象公演》
9月18日(土) 大阪公演
9月25日(土) 愛知公演
10月3日(日) 福岡公演
※9/27追記
10月9日(土) 宮城公演
※9/27追記
《払い戻し受付期間》
大阪・愛知公演：10月12日(火)まで
福岡・宮城公演：10月25日(月)まで
※9/27追記
《払い戻し方法》
GMOペイメントゲートウェイの返金システムを利用し、金融機関の口座振替にて払い戻しを行います。
《払い戻し内容》
チケット代金
※各種手数料は含まれません。
---------------------------
※お手続きの流れ※
①チケットの返送
公演チケットと下記必要事項を記載したメモを、受付期間内にファンクラブ宛に簡易書留郵便にてお送りください。
【記載必要事項】
会員番号、氏名、連絡先(電話番号)、払い戻し希望公演
【送付先】
〒160-0023 東京都新宿区西新宿1-19-6　山手新宿ビル11F
水瀬いのりオフィシャルファンクラブ「いのりまち」
「HELLO HORIZON」チケット係
②メールを受信
GMOペイメントゲートウェイより、ファンクラブご登録のメールアドレスへお手続きに必要な情報が配信されます。
「@gmo-pg.com」からのメールを受信できるよう、事前に設定をお願いいたします。
配信予定日：
●大阪・愛知公演：10月14日(木)15:00より順次
●福岡・宮城公演：10月28日(木)15:00より順次
※9/27追記
タイトル：※重要※【いのりまち】チケット払い戻し 振込先口座登録メール
アドレス： noreply@gmo-pg.com
③口座情報登録
メール記載のURLへアクセスし、画面の案内に従って口座情報の登録をお願いいたします。
★口座情報登録期間：
●大阪・愛知公演：10月25日(月)23:59まで
●福岡・宮城公演：11月8日(月)23:59まで
※9/27追記
※口座情報の他に、「認証コード」の入力が必要です。メールにご案内がありますので、必ずご確認の上お手続きください。
※入力内容の不備が続くと、URLが無効となる場合がございますのでご注意ください。
④入金完了
口座情報の登録完了から2～4営業日後に、登録いただきました口座への入金が行われます。
口座に入金がされているかご確認ください。
※金融機関によってはお振込みの反映に数日お時間がかかる場合がございます。
※通帳に記載される名義は「モストカンパニー」となります。
---------------------------
【ご注意】
※登録可能な金融機関は
こちら
よりご確認ください。
※海外送金のお取り扱いはございません。
※口座情報登録用のURLは会員ご本人様のみ有効です。メールの転送や転載はお控えください。
※上記期間を過ぎますと払い戻しができなくなりますのでご注意ください。
※会員ご本人様名義の口座以外も登録可能ですが、送金後に生じたトラブルにつきましてはファンクラブ・主催者ともに一切責任を負いません。
※口座情報が正しくない場合払い戻しができなくなりますので、よくご確認の上ご入力ください。会員様都合によるエラーが発生した際には、振込手数料を頂戴する場合がございます。
※ゆうちょ銀行をご利用の場合、口座番号の桁数により入力方法が異なります。
恐れ入りますが、
こちら
より入力方法をご確認の上お手続きくださいますようお願いいたします。
※金融機関によっては、キャッシュカードがローマ字表記でも振込みの際の口座名義人はカタカナというケースがございます。
ご不明な点がある場合はご利用の金融機関にお尋ねください。
※送金完了後のメールでのお知らせはございません。ご自身で口座への振込みをご確認ください。
なお、ゆうちょ銀行をご利用の場合、通帳の記帳を行わないとネットバンキングに反映されないことがございますのでご注意ください。
ご不明な点がある方は、メールにてお問い合わせくださいますようお願いいたします。"
https://www.inorimachi.com/fc_news/2021/0928150000.html,2021.09.28,「いのりまち町民集会2021-おかわり-」会場開催チケット申し込み受付開始のご案内,"「いのりまち町民集会2021-おかわり-」会場開催チケットの申し込み受付を開始いたしました！
>> 公演情報はこちら！
●申し込み方法
ファンクラブページ「チケット」より、『申込受付期間』内に画面の案内に従ってお手続きください。
《申込受付期間》
10月7日(木)18:00まで
《当落発表》
10月20日(水)15:00予定
《決済方法選択期間》
10月20日(水)15:00～10月27日(水)23:59
《チケット発送》
11月下旬
【ご注意】
※チケットのお申し込み・当落結果確認・ご入金には、各期間において会員期限内である必要があります。
※公演当日に会員期限が切れている場合、入場をお断りいたします。会員期限が2021/11/30以前の方はご注意ください。
※「チケット」ページ記載の注意事項を必ずご確認ください。ご了承いただきました上でのお手続きとなります。
※複数公演当選された場合、当選されたすべてのチケットをご購入いただきます。
※受付は先着順ではございません。申し込み者多数の場合、抽選にて当落を決定いたします。
※いかなる理由におきましても、申込受付期間終了後の申込み・キャンセル・変更はできません。
ご不明な点のある方は、必ず申込受付期間内にファンクラブまでお問い合わせください。
※※重要※※
イベントへの入場には、
【会員証・有効な顔写真付き身分証明書(※下記参照)・チケット】
が必要です。
いずれかをお持ちでない場合はご参加いただけませんのでご注意ください。
★本イベントにおける有効な顔写真付き身分証明書
○運転免許証(各都道府県公安委員会が発行するもの)
○パスポート
○顔写真付きマイナンバーカード(通知カードは認められません)
○在留カードまたは特別永住者証明書
○顔写真付き障害者手帳
○顔写真付き学生証
○顔写真付き住民基本台帳カード
※すべてにおいて、コピー・期限切れ・顔写真無しのものは無効。
※チケット印字氏名と一致するものに限ります。
※外国籍の方は【パスポート・在留カード・特別永住者証明書】のいずれかをお持ちください。
※発行に時間を要する場合もございますので、これから取得される方はお早めにお手続きください。
※顔写真付きマイナンバーカードは、年令問わず無料で取得することができます。
>> マイナンバーカード総合サイト
♪入会をご検討の方へ
チケットの申込受付期間終了までに、ファンクラブページより【クレジットカード決済・コンビニ／ペイジー支払】にてご入会(入金完了まで)いただきますとチケットのお申し込みが可能です！
>> ご入会はこちらから！
【ご注意】
※Loppi／ローソンチケット、郵便振込からのお手続きは期日が異なります。
下記期日を過ぎた場合、会場開催のチケットはお申し込みいただけません。ご注意ください。
・Loppi／ローソンチケット：10月3日(日)
・郵便振込：10月1日(金)取扱日有効
※チケットの申込受付は10月7日(木)18:00に終了しますので、時間に余裕を持ってお手続きください。"
https://www.inorimachi.com/fc_news/2021/0930120000.html,2021.09.30,ファンクラブ会報「いのりまちだより」投稿受付開始！,"ファンクラブ会報「いのりまちだより」16号の投稿受付を開始いたしました！
町長へのメッセージやアニメ、イベント、会報の感想、イラストやコーナーへの投稿などなど、みなさんのおたよりをお送りください♪
【ファンクラブページからの投稿】
ファンクラブページログイン後、「ポスト」からご投稿ください。
投稿締切：10月21日(木)18:00
【郵便での投稿】
〒160-0023
東京都新宿区西新宿1-19-6 山手新宿ビル11F
水瀬いのりオフィシャルファンクラブ「いのりまち」○○○(各コーナー名)係
投稿締切：10月21日(木)必着
たくさんの投稿、お待ちしております♪"
https://www.inorimachi.com/fc_news/2021/0930120001.html,2021.09.30,ファンクラブ会報「いのりまちだより」15号発送開始のお知らせ,"ファンクラブ会報「いのりまちだより」15号の発送を、9月30日(木)に開始いたしました！
2021年10月14日(木)
になりましてもお手元に届かない場合は、
下記期間内にファンクラブまでお問い合わせください。
■未着問い合わせ期間
10月14日(木)～10月28日(木)
※こちらの問い合わせ期間は9月13日(月)までにご入会・ご継続いただいた方を対象としております。
9月14日(火)以降にご入会・ご継続いただいた方は発送完了メール記載の未着問い合わせ期間をご確認ください。
■お問い合わせ先
MAIL：contact@inorimachi.com
件名：会報15号未着
本文：会員番号・氏名・住所・お問い合わせの詳細
※未着問い合わせ期間以降にご連絡をいただきましても対応いたしかねますのでご注意ください。
※9月末までにご入会いただいた方を対象に発送いたします。
※初回発送は、9月13日(月)までにご入会手続きを完了された方が対象です。
※9月14日(火)以降にご入会いただいた方へは、10月中旬より順次発送いたします。
※会報投稿は【9月30日(木)12:00】より受付を開始しております。"
https://www.inorimachi.com/fc_news/2021/1006150000.html,2021.10.06,まちの新聞「2021年カレンダー撮影～9月＆10月編～」更新！,"ファンクラブページ内
「まちの新聞」
で
「2021年カレンダー撮影～9月＆10月編～」
を公開しました！
カレンダー撮影の裏側をお届けです♪
ぜひご覧ください！"
https://www.inorimachi.com/fc_news/2021/1008150000.html,2021.10.08,まちの映画館「『まちの工作』を終えて」更新！,"ファンクラブページ内
「まちの映画館」
を更新しました！
「いのりまちだより」15号で挑戦した新企画についての感想をお聞きしました♪
ぜひチェックしてくださいね☆"
https://www.inorimachi.com/fc_news/2021/1012180000.html,2021.10.12,「Inori Minase LIVE TOUR 2021 HELLO HORIZON」チケットの払い戻しにつきまして※全公演※,"「Inori Minase LIVE TOUR 2021 HELLO HORIZON」は感染対策を講じた上で予定通り開催いたしますが、新型コロナウイルス感染拡大状況を鑑み、すでにチケットをお持ちの方でご来場にご不安のある方、ご来場を見送られた方を対象にチケットの払戻受付を行います。
こちらはファンクラブ会員専用優先予約にてチケットを購入された方を対象とした受付です。
プレイガイドにて購入されたチケットは窓口が異なりますのでご注意ください。
《対象公演》
9月18日(土) 大阪公演
9月25日(土) 愛知公演
10月3日(日) 福岡公演
10月9日(土) 宮城公演
10月17日(日) 神奈川公演
《払い戻し受付期間》
大阪・愛知公演：10月12日(火)まで
※受付終了
福岡・宮城公演：10月25日(月)まで
※受付終了
神奈川公演：11月1日(月)まで
※受付終了
《払い戻し方法》
GMOペイメントゲートウェイの返金システムを利用し、金融機関の口座振替にて払い戻しを行います。
《払い戻し内容》
チケット代金
※各種手数料は含まれません。
---------------------------
※お手続きの流れ※
①チケットの返送
公演チケットと下記必要事項を記載したメモを、受付期間内にファンクラブ宛に簡易書留郵便にてお送りください。
【記載必要事項】
会員番号、氏名、連絡先(電話番号)、払い戻し希望公演
【送付先】
〒160-0023 東京都新宿区西新宿1-19-6　山手新宿ビル11F
水瀬いのりオフィシャルファンクラブ「いのりまち」
「HELLO HORIZON」チケット係
②メールを受信
GMOペイメントゲートウェイより、ファンクラブご登録のメールアドレスへお手続きに必要な情報が配信されます。
「@gmo-pg.com」からのメールを受信できるよう、事前に設定をお願いいたします。
配信予定日：
●大阪・愛知公演：10月14日(木)15:00より順次
※10/14にメールの配信を完了いたしました
●福岡・宮城公演：10月28日(木)15:00より順次
※10/28にメールの配信を完了いたしました
●神奈川公演：11月11日(木)15:00より順次
※11/11にメールの配信を完了いたしました
タイトル：※重要※【いのりまち】チケット払い戻し 振込先口座登録メール
アドレス： noreply@gmo-pg.com
③口座情報登録
メール記載のURLへアクセスし、画面の案内に従って口座情報の登録をお願いいたします。
★口座情報登録期間：
●大阪・愛知公演：10月25日(月)23:59まで
※受付終了
●福岡・宮城公演：11月8日(月)23:59まで
※受付終了
●神奈川公演：11月22日(月)23:59まで
※口座情報の他に、「認証コード」の入力が必要です。メールにご案内がありますので、必ずご確認の上お手続きください。
※入力内容の不備が続くと、URLが無効となる場合がございますのでご注意ください。
④入金完了
口座情報の登録完了から2～4営業日後に、登録いただきました口座への入金が行われます。
口座に入金がされているかご確認ください。
※金融機関によってはお振込みの反映に数日お時間がかかる場合がございます。
※通帳に記載される名義は「モストカンパニー」となります。
---------------------------
【ご注意】
※登録可能な金融機関は
こちら
よりご確認ください。
※海外送金のお取り扱いはございません。
※口座情報登録用のURLは会員ご本人様のみ有効です。メールの転送や転載はお控えください。
※上記期間を過ぎますと払い戻しができなくなりますのでご注意ください。
※会員ご本人様名義の口座以外も登録可能ですが、送金後に生じたトラブルにつきましてはファンクラブ・主催者ともに一切責任を負いません。
※口座情報が正しくない場合払い戻しができなくなりますので、よくご確認の上ご入力ください。会員様都合によるエラーが発生した際には、振込手数料を頂戴する場合がございます。
※ゆうちょ銀行をご利用の場合、口座番号の桁数により入力方法が異なります。
恐れ入りますが、
こちら
より入力方法をご確認の上お手続きくださいますようお願いいたします。
※金融機関によっては、キャッシュカードがローマ字表記でも振込みの際の口座名義人はカタカナというケースがございます。
ご不明な点がある場合はご利用の金融機関にお尋ねください。
※送金完了後のメールでのお知らせはございません。ご自身で口座への振込みをご確認ください。
なお、ゆうちょ銀行をご利用の場合、通帳の記帳を行わないとネットバンキングに反映されないことがございますのでご注意ください。
ご不明な点がある方は、メールにてお問い合わせくださいますようお願いいたします。"
https://www.inorimachi.com/fc_news/2021/1020150000.html,2021.10.20,「いのりまち町民集会2021-おかわり-」会場開催チケット当落結果のご案内,"「いのりまち町民集会2021-おかわり-」の会場開催チケットをお申し込みいただきました方へ、当落結果のご案内を開始いたしました。
●当落結果について
ファンクラブページ
「チケット」
よりご確認いただけます。
また、ファンクラブ登録のメールアドレス宛に『当落結果のお知らせ』メールをお送りしております。
●支払方法
当選された方は、ファンクラブページ「チケット」より『決済方法選択期間』内に決済方法を選択し、案内に従ってお手続きください。
《決済方法選択期間》
10月27日(水)23:59まで
《決済方法／支払期限》
クレジットカード：決済方法選択後、即時決済
コンビニ／ペイジー／郵便振込み：10月28日(木)までの取扱日有効
【ご注意】
・チケットのお申し込み・当落結果確認・ご入金には、各期間において会員期限内である必要があります。
・いかなる理由におきましても、当選されたチケットのキャンセル・変更はできません。
・複数公演当選された場合、当選されたすべてのチケットをご購入いただきます。
・一度選択された決済方法の変更はできません。
・入金に不備・不明な点がある場合、選択した決済方法以外での入金や支払期限後の入金はすべて手数料を差し引き返金いたします。
その際、当選は無効となりチケットのご用意はできかねます。
・当選確定後にチケット代金のご入金がない場合、次回以降の当落結果・座席の決定に影響が生じる可能性がございます。
ご不明な点のある方は、必ず決済方法選択期間内にファンクラブまでお問い合わせください。
----------------------------
※※重要※※
イベントへの入場には、
【会員証・有効な顔写真付き身分証明書(※下記参照)・チケット】
が必要です。
いずれかをお持ちでない場合、ご参加いただけませんのでご注意ください。
★本イベントにおける有効な顔写真付き身分証明
○運転免許証(各都道府県公安委員会が発行するもの)
○パスポート
○顔写真付きマイナンバーカード(通知カードは認められません)
○在留カードまたは特別永住者証明書
○顔写真付き障害者手帳
○顔写真付き学生証
○顔写真付き住民基本台帳カード
※すべてにおいて、コピー・期限切れ・顔写真無しのものは無効。
※チケット印字氏名と一致するものに限ります。
※外国籍の方は【パスポート・在留カード・特別永住者証明書】のいずれかをお持ちください。
※発行に時間を要する場合もございますので、これから取得される方はお早めにお手続きください。
※顔写真付きマイナンバーカードは、年令問わず無料で取得することができます。
>> マイナンバーカード総合サイト
●会員証再発行について
会員証を紛失された方は
【11月5日(金)】
までに再発行手続きを行ってください。
《手続き方法》
再発行には再発行料として1,100円がかかります。
郵便局備付の青い払込取扱票に必要事項をご記入の上、「通常払込み」にてお申し込みください。
○必要事項
口座番号：00190-8-324717
加入者名：いのりまち
入 金 額：1,100円
通 信 欄：「会員証再発行」の一文、会員番号
ご依頼人欄：郵便番号、住所、氏名、電話番号
※電信払込み、電信振替、現金書留など、通常払込み以外の入金方法では受付出来ません。
※期間に余裕を持ってお申し込みください。
※ご入金の際の手数料は別途ご負担ください。"
https://www.inorimachi.com/fc_news/2021/1028150000.html,2021.10.28,「いのりまち町民集会2021-おかわり-」会場開催チケット2次受付のご案内,"「いのりまち町民集会2021-おかわり-」の、
会場開催チケット申し込み2次受付が決定いたしました！
>> 公演情報はこちら！
●申し込み方法
ファンクラブページ「チケット」より、『申込受付期間』内に画面の案内に従ってお手続きください。
《申込受付期間》
10月29日(金)15:00～11月2日(火)18:00
《当落発表》
11月8日(月)15:00予定
《決済方法選択期間》
11月8日(月)15:00～11月11日(木)23:59
《チケット発送》
11月下旬
《決済方法／支払期限》
クレジットカード：決済方法選択後、即時決済
コンビニ／ペイジー：11月12日(金)
※郵便振込はご利用いただけません
【ご注意】
※すでにチケットを購入されている公演に、2次受付にて当選することはございません。
※受付は先着順ではございません。申し込み者多数の場合、抽選にて当落を決定いたします。
※複数公演当選された場合、当選されたすべてのチケットをご購入いただきます。
※受付開始・終了間際は、アクセスが集中し繋がりにくくなる場合もございます。時間に余裕をもってお手続きください。
※いかなる理由におきましても、申込受付期間終了後の申込み・キャンセル・変更はできません。
ご不明な点のある方は、必ず申込受付期間内にファンクラブまでお問い合わせください。
---------------------------
※※重要※※
イベントへの入場には、
【会員証・有効な顔写真付き身分証明書(※下記参照)・チケット】
が必要です。
いずれかをお持ちでない場合はご参加いただけませんのでご注意ください。
★本イベントにおける有効な顔写真付き身分証明書
○運転免許証(各都道府県公安委員会が発行するもの)
○パスポート
○顔写真付きマイナンバーカード(通知カードは認められません)
○在留カードまたは特別永住者証明書
○顔写真付き障害者手帳
○顔写真付き学生証
○顔写真付き住民基本台帳カード
※すべてにおいて、コピー・期限切れ・顔写真無しのものは無効。
※チケット印字氏名と一致するものに限ります。
※外国籍の方は【パスポート・在留カード・特別永住者証明書】のいずれかをお持ちください。
※発行に時間を要する場合もございますので、これから取得される方はお早めにお手続きください。
※顔写真付きマイナンバーカードは、年令問わず無料で取得することができます。
>> マイナンバーカード総合サイト
----------------------------
♪入会をご検討の方へ
チケットの申込受付期間終了までに、ファンクラブページより【クレジットカード決済・コンビニ／ペイジー支払】にてご入会(入金完了まで)いただきますとチケットのお申し込みが可能です！
>> ご入会はこちらから！
【ご注意】
※Loppi／ローソンチケット、郵便振込でのお手続きはファンクラブで入会の確認が出来るまでに時間を要します。
これからお手続きいただきましたも、チケットのお申込みに間に合わない場合がございますのでご注意ください。
※チケット申込受付期間は11月2日(火)18:00に終了しますので、時間に余裕を持ってお手続きください。"
https://www.inorimachi.com/fc_news/2021/1104150000.html,2021.11.04,「いのりまち町民集会2021-おかわり-」グッズラインナップ公開！,"「いのりまち町民集会2021-おかわり-」のグッズラインナップを公開しました！
本公演のグッズは通信販売・会場受取販売での取扱いです。
●通信販売
《受付期間》
11月5日(金)18:00～11月15日(月)23:59
《発送時期》
11月下旬
※12月5日(日)公演当日までのお届けを予定しておりますが、今後の社会情勢等の影響やお住まいの地域・天候・配送状況等により、
お届けが遅れる場合がございます。何卒ご理解いただきますようお願い申し上げます。
《申し込み方法》
ファンクラブページ内「グッズ」より、ご希望のアイテムをショッピングカートに入れ、決済方法を選択し代金をご入金ください。
●会場受取販売
《受付期間》
11月24日(水)18:00～12月5日(日)17:00
《受取時間》
12月5日(日) 未定
※受取時間は決まり次第お知らせいたします。恐れ入りますが今しばらくお待ちください。
《申し込み方法》
ファンクラブページ内「グッズ」、『会場受取販売受付サイトはこちら』のボタンよりお申し込みください。
※「mono stand」での申込受付となります。通信販売の受付サイトとは別のページになります。お間違いないようご注意ください。
「いのりまち町民集会2021-おかわり-」特設ページ"
https://www.inorimachi.com/fc_news/2021/1108150000.html,2021.11.08,「いのりまち町民集会2021-おかわり-」会場開催チケット2次受付当落結果のご案内,"「いのりまち町民集会2021-おかわり-」会場開催チケット2次受付にお申し込みいただきました方へ、当落結果のご案内を開始いたしました。
●当落結果について
ファンクラブページ
「チケット」
よりご確認いただけます。
また、ファンクラブ登録のメールアドレス宛に『当落結果のお知らせ』メールをお送りしております。
●支払方法
当選された方は、ファンクラブページ「チケット」より『決済方法選択期間』内に決済方法を選択し、案内に従ってお手続きください。
《決済方法選択期間》
11月11日(木)23:59まで
《決済方法／支払期限》
クレジットカード：決済方法選択後、即時決済
コンビニ／ペイジー：11月12日(金)
※郵便振込はご利用いただけません
【ご注意】
・チケットのお申し込み・当落結果確認・ご入金には、各期間において会員期限内である必要があります。
・いかなる理由におきましても、当選されたチケットのキャンセル・変更はできません。
・複数公演当選された場合、当選されたすべてのチケットをご購入いただきます。
・一度選択された決済方法の変更はできません。
・入金に不備・不明な点がある場合、選択した決済方法以外での入金や支払期限後の入金はすべて手数料を差し引き返金いたします。
その際、当選は無効となりチケットのご用意はできかねます。
・当選確定後にチケット代金のご入金がない場合、次回以降の当落結果・座席の決定に影響が生じる可能性がございます。
ご不明な点のある方は、必ず決済方法選択期間内にファンクラブまでお問い合わせください。
----------------------------
※※重要※※
イベントへの入場には、
【会員証・有効な顔写真付き身分証明書(※下記参照)・チケット】
が必要です。
いずれかをお持ちでない場合、ご参加いただけませんのでご注意ください。
★本イベントにおける有効な顔写真付き身分証明
○運転免許証(各都道府県公安委員会が発行するもの)
○パスポート
○顔写真付きマイナンバーカード(通知カードは認められません)
○在留カードまたは特別永住者証明書
○顔写真付き障害者手帳
○顔写真付き学生証
○顔写真付き住民基本台帳カード
※すべてにおいて、コピー・期限切れ・顔写真無しのものは無効。
※チケット印字氏名と一致するものに限ります。
※外国籍の方は【パスポート・在留カード・特別永住者証明書】のいずれかをお持ちください。
※発行に時間を要する場合もございますので、これから取得される方はお早めにお手続きください。
※顔写真付きマイナンバーカードは、年令問わず無料で取得することができます。
>> マイナンバーカード総合サイト
その他ご不明な点のある方は、お早めにファンクラブまでお問い合わせください。"
https://www.inorimachi.com/fc_news/2021/1110150000.html,2021.11.10,「いのりまち町民集会2021-おかわり-」お悩み募集！,"「いのりまち町民集会2021-おかわり-」では、みなさまからのお悩みを大募集！
日頃抱えているもやもやとしたお悩みを町長が解決してくれるかも？！
町民さんからのご相談をお待ちしております♪
●投稿方法
ファンクラブページログイン後、メニューに表示される「アンケート」よりご投稿ください。
●募集期間
11月24日(水)18:00まで
【ご注意】
※おたよりはイベント内で使用いたします。その際、一部内容を編集させていただく場合がございます。
※ファンクラブイベントへの参加に関わらず、すべての会員様がご回答いただけます。"
https://www.inorimachi.com/fc_news/2021/1112150000.html,2021.11.12,まちの新聞「『いのりまち町民集会2021-おかわり-』グッズ紹介編」更新！,"ファンクラブページ内
「まちの新聞」
で
「『いのりまち町民集会2021-おかわり-』グッズ紹介編」
を公開しました！
通信販売受付中となっているグッズを紹介いたします♪
ぜひご覧ください！"
https://www.inorimachi.com/fc_news/2021/1112170000.html,2021.11.12,「いのりまち町民集会2021-おかわり-」グッズ通信販売　商品のお届けにつきまして,"「いのりまち町民集会2021-おかわり-」グッズ通信販売の発送を、
11月12日(金)より開始いたしました！
商品の発送は順次行っております。
発送された方へは、発送完了メールにてお知らせいたします。
----------
※11月29日(月) すべての方への発送が完了いたしました！
----------
宅配伝票番号は【通信販売　発送完了のお知らせ】メール、
またはファンクラブページ内「グッズ」の購入履歴よりご確認いただけます。
不備・不良等お気づきの点がございましたら、
商品到着から8日以内にファンクラブまでお問い合わせください。"
https://www.inorimachi.com/fc_news/2021/1115150000.html,2021.11.15,「いのりまち町民集会2021-おかわり-」配信チケット販売開始のご案内,"「いのりまち町民集会2021-おかわり-」配信チケットの販売を開始いたしました！
>> 詳細はこちら！
●配信日程
《生配信》
①12月5日(日) 14:30開演
②12月5日(日) 18:30開演
《アーカイブ配信》
生配信終了後～12月12日(日)23:59
●チケット購入方法
ファンクラブページ
「チケット」
内、「ファンクラブチケット購入ページ」のボタンより
チケットぴあのサイトにアクセスし、案内に従ってご購入ください。
※チケットの購入には、チケットぴあの会員登録(無料)が必要です。
※※重要※※
ご購入の際に
【シリアルナンバーの入力】
が必要です。
こちらはファンクラブ登録のメールアドレス宛に順次メールをお送りしております。
メールが未着の方は、ファンクラブページ「まち役場」内、
「お知らせメール一覧」
にて控えをご確認ください。
----------
タイトル：※重要※『いのりまち町民集会2021-おかわり-』チケット購入用シリアルナンバーのご案内
----------
●チケット販売期間
12月12日(日)18:00まで
【海外からの視聴について】
海外から視聴される方は、ファンクラブページ「チケット」下部の【For Overseas Customers】のボタンからチケットぴあのサイトにアクセスし、表示に従って情報を入力・ご購入ください。
♪入会をご検討の方へ
下記期日までに、ファンクラブページより入会(入金完了まで)いただきますとチケットの購入が可能です！
生配信の視聴を希望される方：12月4日(土)23:59
アーカイブ配信期間にご入会される方：12月11日(土)23:59
>> ご入会はこちらから！
「いのりまち町民集会2021-おかわり-」特設ページ"
https://www.inorimachi.com/fc_news/2021/1118170000.html,2021.11.18,「いのりまち町民集会2021-おかわり-」会場開催チケット発送完了のお知らせ,"「いのりまち町民集会2021-おかわり-」会場開催チケットを11月18日(木)に簡易書留にて発送いたしました。
ご不在がちな方は、ポストの不在票にご注意ください。
簡易書留のお問い合わせ番号は、ファンクラブページ内「チケット」
並びに「チケット　発送完了のお知らせ」メールにてご確認いただけます。
11月26日(金)になりましてもお手元に届かない場合は、
下記「未着問い合わせ期間」内にファンクラブまでお問い合わせください。
《未着問い合わせ期間》
11月26日(金)～12月2日(木)
配達状況は、下記よりご確認いただけます。
お問い合わせの際は、必ず事前にご確認の上ご連絡くださいますようお願いいたします。
【郵便追跡サービス】
https://trackings.post.japanpost.jp/services/srv/search/input
----------------------------
※※重要※※
イベントへの入場には、
【会員証・有効な顔写真付き身分証明書(※下記参照)・チケット】
が必要です。
いずれかをお持ちでない場合、ご参加いただけませんのでご注意ください。
★本イベントにおける有効な顔写真付き身分証明
○運転免許証(各都道府県公安委員会が発行するもの)
○パスポート
○顔写真付きマイナンバーカード(通知カードは認められません)
○在留カードまたは特別永住者証明書
○顔写真付き障害者手帳
○顔写真付き学生証
○顔写真付き住民基本台帳カード
※すべてにおいて、コピー・期限切れ・顔写真無しのものは無効。
※チケット印字氏名と一致するものに限ります。
※外国籍の方は【パスポート・在留カード・特別永住者証明書】のいずれかをお持ちください。
※発行に時間を要する場合もございますので、これから取得される方はお早めにお手続きください。
※顔写真付きマイナンバーカードは、年令問わず無料で取得することができます。
>> マイナンバーカード総合サイト"
https://www.inorimachi.com/fc_news/2021/1119150000.html,2021.11.19,【配信】「Inori Minase LIVE TOUR 2021 HELLO HORIZON」いのりまち限定特典付きチケットのご案内,"「Inori Minase LIVE TOUR 2021 HELLO HORIZON」横浜アリーナ公演のオンライン配信につきまして、
いのりまち限定の特典付きチケットの販売が決定いたしました！
【概要】
「Inori Minase LIVE TOUR 2021 HELLO HORIZON」
横浜アリーナ公演
2021年11月7日(日) 18:00開演予定
>> 詳細はこちら！
【いのりまち限定特典】
いのりまちにて配信チケットをご購入いただいた方に、
「Inori Minase LIVE TOUR 2021 HELLO HORIZON」横浜アリーナ公演の生写真をお届けします♪
----------
※11月19日(金)
12月下旬発送予定の「いのりまちだより」16号に同封してのお届けを予定しております。
----------
【チケット販売期間】
10月2日(土) 10:00〜11月14日(日) 18:00
【チケット購入方法】
ファンクラブページ「チケット」内、「配信チケット購入ページ」のボタンより
チケットぴあのサイトにアクセスし、案内に従ってご購入ください。
※チケットの購入には、チケットぴあの会員登録(無料)が必要です。
【ご注意】
※チケットの購入には会員期限内である必要があります。
※日本国内からのみ視聴可能です。
※チケットの販売は11月14日(日) 18:00に終了いたします。
※チケットの購入は、11月13日(土)21:00以降はクレジットカード決済のみとなります。
※ファンクラブページに二重にログインしていたり、ポップアップブロックの設定により、チケット購入ページが表示されない場合がございます。ご注意ください。
♪入会をご検討の方へ
チケットの販売期間内に、ファンクラブページより【クレジットカード決済・コンビニ／ペイジー支払】にて
ご入会(入金完了まで)いただきますとチケットの購入が可能です！
>> ご入会はこちらから！
【ご注意】
※Loppi／ローソンチケット、郵便振込からのお手続きは期日が異なります。
下記期日を過ぎた場合、チケットをご購入いただけない可能性がございますのでご注意ください。
・Loppi／ローソンチケット：11月7日(日)
・郵便振込：11月8日(月)
※ファンクラブで入金の確認がとれるまでに数日かかる場合がございます。お時間に余裕を持ってお手続きください。"
https://www.inorimachi.com/fc_news/2021/1119150001.html,2021.11.19,ファンクラブ会報「いのりまちだより」16号発行決定！,"ファンクラブ会報
「いのりまちだより」16号
の発行が決定しました！
16号の発送は12月下旬を予定しております。
今回は『Inori Minase LIVE TOUR 2021 HELLO HORIZON』を大特集☆
その他、撮影レポートや町民さんと町長の交流コーナーなど、
ここでしか見られない情報が満載の会報です♪
住所変更を希望される方は
【12月6日(月)15:00まで】
に
ファンクラブページログイン後、「まち役場」よりお手続きください。
住所変更がない方も、今一度ご登録内容のご確認をお願いいたします。
※新型コロナウイルス感染症の流行に伴い、発行を延期させていただく場合がございます。
※会報16号は、2021年12月31日(金)までにご入会(入金完了まで)くださった方にお送りします。
※変更手続きがなく発送物未着のお問い合わせをいただいた場合、対応をいたしかねます。
※発送完了後は、まちの回覧板にてお知らせします。"
https://www.inorimachi.com/fc_news/2021/1129150000.html,2021.11.29,「いのりまち町民集会2021-おかわり-」まもなく開催！,"「いのりまち町民集会2021-おかわり-」はいよいよ今週末開催！
そんな町民集会について、本日は町長からのご案内をお届けしちゃいます♪
●まちの新聞
ファンクラブページ内
「まちの新聞」
を更新しました！
会場受取販売受付中のグッズを町長がご紹介♪
●まちの映画館
ファンクラブページ内
「まちの映画館」
を更新しました！
「いのりまち町民集会2021-おかわり-」についての意気込みをお話ししていただきました☆
どちらもお見逃しなく！"
https://www.inorimachi.com/fc_news/2021/1202150000.html,2021.12.02,まちの新聞「2021年カレンダー撮影～11月＆12月編～」更新！,"ファンクラブページ内
「まちの新聞」
で
「2021年カレンダー撮影～11月＆12月編～」
を公開しました！
カレンダー撮影の裏側をお届けです♪
ついに最終回！ぜひご覧ください！"
https://www.inorimachi.com/fc_news/2021/1207180000.html,2021.12.07,「いのりまち町民集会2021-おかわり-」グッズ事後通信販売のお知らせ,"「いのりまち町民集会2021-おかわり-」のグッズ事後通信販売が決定いたしました！
●取扱いアイテム
全アイテム
※商品によっては受付期間内であっても販売を終了する場合がございます。
●申し込み方法
ファンクラブページ内「グッズ」より、
ご希望のアイテムをショッピングカートに入れ、決済方法を選択し代金をご入金ください。
●申し込み受付期間
12月8日(水)18:00～12月17日(金)18:00
●発送予定日
《卓上カレンダー》2月上旬
《その他》3月下旬
※《卓上カレンダー》と《その他》アイテムをまとめてご注文いただいた場合、合わせて3月下旬の発送となります。"
https://www.inorimachi.com/fc_news/2021/1214150000.html,2021.12.14,まちの新聞「『Inori Minase LIVE TOUR 2021 HELLO HORIZON』リハーサル編」更新！,"ファンクラブページ内
「まちの新聞」
で
「『Inori Minase LIVE TOUR 2021 HELLO HORIZON』リハーサル編」
を公開しました！
ツアー開幕直前！リハーサルを頑張る町長の姿をお届けします！
ぜひチェックしてみてください♪"
https://www.inorimachi.com/fc_news/2021/1216150000.html,2021.12.16,LINEスタンプ「水瀬いのりとくらりちゃん」第二弾アイディア募集！,"今年5月にリリースとなったLINEスタンプ「水瀬いのりとくらりちゃん」！
この度、第二弾の制作が決定しました☆
第二弾ではいのりまち町民のみなさんより、
あんなワードのスタンプが欲しい...、こんなシチュエーションで使えるものが欲しい...などなど
ご意見を募集します！
●投稿方法
ファンクラブページログイン後、メニューに表示される「アンケート」よりご投稿ください。
●募集期間
2022年1月10日(月祝)23:59まで
たくさんのご意見お待ちしております♪"
https://www.inorimachi.com/fc_news/2021/1217150000.html,2021.12.17,まちの新聞「『Inori Minase LIVE TOUR 2021 HELLO HORIZON』映像撮影編」更新！,"ファンクラブページ内
「まちの新聞」
で
「『Inori Minase LIVE TOUR 2021 HELLO HORIZON』映像撮影編」
を公開しました！
オープニングと公演中に流れた、あの映像の撮影レポートをお届けしちゃいます☆
ぜひチェックしてみてください♪"
https://www.inorimachi.com/fc_news/2021/1227120000.html,2021.12.27,ファンクラブ会報「いのりまちだより」投稿受付開始！,"ファンクラブ会報「いのりまちだより」17号の投稿受付を開始いたしました！
町長へのメッセージやアニメ、町民集会、イベント、会報の感想、イラストやコーナーへの投稿などなど、みなさんのおたよりをお送りください♪
【ファンクラブページからの投稿】
ファンクラブページログイン後、「ポスト」からご投稿ください。
投稿締切：1月21日(金)18:00
【郵便での投稿】
〒160-0023
東京都新宿区西新宿1-19-6 山手新宿ビル11F
水瀬いのりオフィシャルファンクラブ「いのりまち」○○○(各コーナー名)係
投稿締切：1月21日(金)必着
たくさんの投稿、お待ちしております♪"
https://www.inorimachi.com/fc_news/2021/1228150000.html,2021.12.28,まちの新聞「『Inori Minase LIVE TOUR 2021 HELLO HORIZON』公演ダイジェスト編」更新！,"ファンクラブページ内
「まちの新聞」
で
「『Inori Minase LIVE TOUR 2021 HELLO HORIZON』公演ダイジェスト編」
を公開しました！
全5都市を回ったツアー本編を振り返ります！
ぜひチェックしてみてください♪"
https://www.inorimachi.com/fc_news/2021/1228150001.html,2021.12.28,まちの新聞「ゆくまちくるまち 2021」更新！,"ファンクラブページ内
「まちの新聞」
で
「ゆくまちくるまち 2021」
を公開しました！
2021年のいのりまちのできごとを振り返ってみました！
今年も大変お世話になりました。よいお年をお迎えください♪"
https://www.inorimachi.com/fc_news/2022/0101100000.html,2022.01.01,年賀状発送のお知らせ,"年賀状を発送いたしました！
1月14日(金)
になりましてもお手元に届かない場合は、
下記期間内にファンクラブまでお問い合わせください。
■未着問い合わせ期間
2022年1月14日(金)～1月28日(金)
■お問い合わせ先
MAIL：contact@inorimachi.com
件名：年賀状未着
本文：会員番号・氏名・住所・お問い合わせの詳細
※未着問い合わせ期間以降にご連絡をいただきましても対応いたしかねますのでご注意ください。
※1月23日(日)までにご入会いただいた方を対象に発送いたします。
※初回発送は、12月24日(金)の時点で2022年1月31日以降の会員期限をお持ちの方が対象です。
※12月25日(土)以降にご入会・ご継続いただいた方へは順次発送いたします。"
https://www.inorimachi.com/fc_news/2022/0101100001.html,2022.01.01,ファンクラブページ更新！,"「いのりまち」ファンクラブページを更新いたしました！
●TOP画像更新！
2022年、町長が発見した動物は......!?
ぜひ
ログイン
してみてくださいね！
●まちの映画館「新年のごあいさつ from町長」更新！
ファンクラブページ内
「まちの映画館」
を更新しました！
町長から町民さんへ新年のごあいさつです♪
●「まちうけ」画像更新！
ファンクラブページ
「まちうけ」
の画像を更新しました♪
期間限定での配信です！
町民さんはダウンロードをお忘れなく！
※画像の無断転載、複製、加工、または再配布する行為はご遠慮ください(ウェブサイト・SNSを含む)。"
https://www.inorimachi.com/fc_news/2022/0120150000.html,2022.01.20,まちの新聞「『いのりまちだより』15号＆16号 まちのひろば出張版」更新！,"ファンクラブページ内
「まちの新聞」
で
「『いのりまちだより』15号＆16号 まちのひろば出張版」
を公開しました！
みなさんからいただいたおたよりをご紹介！
ぜひチェックしてみてください♪"
https://www.inorimachi.com/fc_news/2022/0203150000.html,2022.02.03,まちの新聞「『いのりまち町民集会2021-おかわり-』イベントレポート編」更新！,"ファンクラブページ内
「まちの新聞」
で
「『いのりまち町民集会2021-おかわり-』イベントレポート編」
を公開しました！
----------
※2月3日 その5～8 更新しました！
----------
2年ぶりに有観客での開催となった『いのりまち町民集会』！
イベントの様子をお届けします♪
ぜひチェックしてみてください！"
https://www.inorimachi.com/fc_news/2022/0218150000.html,2022.02.18,「いのりまち町民集会2021-おかわり-」グッズ事後通信販売　発送に関するお知らせ,"「いのりまち町民集会2021-おかわり-」グッズ事後通信販売につきまして、
3月下旬より発送開始を予定しております。
住所変更を希望される方は
【3月10日(木)15:00】
までに、
ファンクラブページ
「まち役場」
内『会員情報』より変更のお手続きをお願いいたします。
-------------------
建物名や部屋番号の記入漏れは、未着の原因となります。
変更がない方も、登録情報に不備がないか今一度ご確認くださいますようお願いいたします。
-------------------"
https://www.inorimachi.com/fc_news/2022/0218150001.html,2022.02.18,ファンクラブ会報「いのりまちだより」17号発行決定！,"ファンクラブ会報
「いのりまちだより」17号
の発行が決定しました！
17号の発送は3月下旬を予定しております。
今回は『いのりまち町民集会2021-おかわり-』を大特集！
その他、撮影レポートや町民さんと町長の交流コーナーなど、
ここでしか見られない情報が満載の会報です♪
住所変更を希望される方は
【3月10日(木)15:00まで】
に
ファンクラブページログイン後、「まち役場」よりお手続きください。
住所変更がない方も、今一度ご登録内容のご確認をお願いいたします。
※新型コロナウイルス感染症の流行に伴い、発行を延期させていただく場合がございます。
※会報17号は、3月31日(木)までにご入会(入金完了まで)くださった方にお送りします。
※変更手続きがなく発送物未着のお問い合わせをいただいた場合、対応をいたしかねます。
※発送完了後は、まちの回覧板にてお知らせします。"
https://www.inorimachi.com/fc_news/2022/0309150000.html,2022.03.09,まちの新聞「『いのりまち町民集会2021-おかわり-』グッズ撮影編」更新！,"ファンクラブページ内
「まちの新聞」
で
「『いのりまち町民集会2021-おかわり-』グッズ撮影編」
を公開しました！
----------
※3月9日 その4～7 更新しました！
----------
様々なバリエーションの衣装を着こなす町長をお届けしますよ☆
ぜひチェックしてみてください♪"
https://www.inorimachi.com/fc_news/2022/0311150000.html,2022.03.11,LINEスタンプ「水瀬いのりとくらりちゃん」アンケート,"現在第二弾を鋭意制作中のLINEスタンプ「水瀬いのりとくらりちゃん」、
日々のトークで使っていただけていますでしょうか♪
今回は現在リリース中のスタンプについて、
町民さんが普段どのように使用されているのかアンケートを実施いたします！
お送りいただいた内容は「いのりまちだより」にて発表したいと思いますので、
ぜひお気軽にご回答ください♪
●投稿方法
ファンクラブページログイン後、メニューに表示される「アンケート」よりご投稿ください。
●募集期間
2022年3月25日(金)18:00まで
●スタンプ一覧
たくさんのご意見お待ちしております♪"
https://www.inorimachi.com/fc_news/2022/0317180000.html,2022.03.17,「いのりまち町民集会2021-おかわり-」グッズ事後通信販売　商品のお届けにつきまして,"「いのりまち町民集会2021-おかわり-」グッズ事後通信販売の発送を、
3月17日(木)より開始いたしました！
商品の発送は順次行っております。
発送された方へは、発送完了メールにてお知らせいたします。
----------
※3月23日(水) すべての方への発送が完了いたしました！
----------
宅配伝票番号は【通信販売　発送完了のお知らせ】メール、
またはファンクラブページ内「グッズ」の購入履歴よりご確認いただけます。
不備・不良等お気づきの点がございましたら、
商品到着から8日以内にファンクラブまでお問い合わせください。"
https://www.inorimachi.com/fc_news/2022/0325120000.html,2022.03.25,まちの新聞「配信SINGLE『REAL-EYES』MUSIC CLIP撮影編」更新！,"ファンクラブページ内
「まちの新聞」
で
「配信SINGLE『REAL-EYES』MUSIC CLIP撮影編」
を公開しました！
ブラック町長とホワイト町長、どちらがお好みですか？
ぜひチェックしてみてください♪"
https://www.inorimachi.com/fc_news/2022/0329120000.html,2022.03.29,ファンクラブ会報「いのりまちだより」投稿受付開始！,"ファンクラブ会報「いのりまちだより」18号の投稿受付を開始いたしました！
町長へのメッセージやアニメ、イベント、会報の感想、イラストやコーナーへの投稿などなど、みなさんのおたよりをお送りください♪
【ファンクラブページからの投稿】
ファンクラブページログイン後、「ポスト」からご投稿ください。
投稿締切：4月22日(金)18:00
【郵便での投稿】
〒160-0023
東京都新宿区西新宿1-19-6 山手新宿ビル11F
水瀬いのりオフィシャルファンクラブ「いのりまち」○○○(各コーナー名)係
投稿締切：4月22日(金)必着
たくさんの投稿、お待ちしております♪"
https://www.inorimachi.com/fc_news/2022/0329150000.html,2022.03.29,ファンクラブ会報「いのりまちだより」17号発送開始のお知らせ,"ファンクラブ会報「いのりまちだより」17号の発送を、3月29日(火)に開始いたしました！
2022年4月12日(火)
になりましてもお手元に届かない場合は、
下記期間内にファンクラブまでお問い合わせください。
■未着問い合わせ期間
4月12日(火)～4月26日(火)
※こちらの問い合わせ期間は3月10日(木)までにご入会・ご継続いただいた方を対象としております。
3月11日(金)以降にご入会・ご継続いただいた方は発送完了メール記載の未着問い合わせ期間をご確認ください。
■お問い合わせ先
MAIL：contact@inorimachi.com
件名：会報17号未着
本文：会員番号・氏名・住所・お問い合わせの詳細
※未着問い合わせ期間以降にご連絡をいただきましても対応いたしかねますのでご注意ください。
※3月末までにご入会いただいた方を対象に発送いたします。
※初回発送は、3月10日(木)までにご入会手続きを完了された方が対象です。
※3月11日(金)以降にご入会いただいた方へは、4月中旬より順次発送いたします。
※会報投稿は【3月29日(火)12:00】より受付を開始しております。"
https://www.inorimachi.com/fc_news/2022/0415150000.html,2022.04.15,まちの新聞「『いのりまちだより』17号 まちのひろば出張版」更新！,"ファンクラブページ内
「まちの新聞」
で
「『いのりまちだより』17号 まちのひろば出張版」
を公開しました！
みなさんからいただいたおたよりをご紹介！
ぜひチェックしてみてください♪"
https://www.inorimachi.com/fc_news/2022/0516150000.html,2022.05.16,ファンクラブ会報「いのりまちだより」18号発行決定！,"ファンクラブ会報
「いのりまちだより」18号
の発行が決定しました！
18号の発送は6月下旬を予定しております。
今回はLINEスタンプに関するアンケートの集計結果を大発表！
その他、撮影レポートや町民さんと町長の交流コーナーなど、
ここでしか見られない情報が満載の会報です♪
住所変更を希望される方は
【6月14日(火)15:00まで】
に
ファンクラブページログイン後、「まち役場」よりお手続きください。
住所変更がない方も、今一度ご登録内容のご確認をお願いいたします。
※新型コロナウイルス感染症の流行に伴い、発行を延期させていただく場合がございます。
※会報18号は、6月30日(木)までにご入会(入金完了まで)くださった方にお送りします。
※変更手続きがなく発送物未着のお問い合わせをいただいた場合、対応をいたしかねます。
※発送完了後は、まちの回覧板にてお知らせします。"
https://www.inorimachi.com/fc_news/2022/0524220000.html,2022.05.24,「Inori Minase LIVE TOUR 2022 glow」会員先行優先予約のご案内,"「Inori Minase LIVE TOUR 2022 glow」のファンクラブ会員チケット先行優先予約が決定いたしました！
>> 公演情報はこちら！
●申し込み方法
ファンクラブページ「チケット」より、『申込受付期間』内に画面の案内に従ってお手続きください。
《申込受付期間》
6月3日(金)15:00～6月13日(月)18:00
《申込制限枚数》
各公演2枚まで
《当落発表》
7月1日(金)15:00予定
《決済方法選択期間》
7月1日(金)15:00～7月7日(木)23:59
《チケット発送》
【A区分】兵庫～福岡公演／8月中旬、【B区分】神奈川公演／9月中旬
*区分ごとに発送を行います。両区分に当選された場合、発送手数料は2回分頂戴いたします。
【ご注意】
※「チケット」ページ記載の注意事項を必ずご確認ください。ご了承いただきました上でのお手続きとなります。
※受付は先着順ではございません。申し込み者多数の場合、抽選にて当落を決定いたします。
※複数公演当選された場合、当選されたすべてのチケットをご購入いただきます。
※受付開始・終了間際は、アクセスが集中し繋がりにくくなる場合もございます。時間に余裕をもってお手続きください。
※いかなる理由におきましても、申込受付期間終了後の申込み・キャンセル・変更はできません。
ご不明な点のある方は、必ず申込受付期間内にファンクラブまでお問い合わせください。
※今後の新型コロナウイルスの感染状況や政府および上演地の地方自治体の方針等によって公演概要が変更となる場合がございます。
※チケットの申込み・当落結果確認・ご入金には、各期間において会員期限内である必要があります。
当ファンクラブでは、会員期限終了後、1ヶ月は猶予期間として継続手続きが可能です。
例）2022/4/30期限の方　→　2022/5/31まで継続としてお手続きいただけます。
----------------------------
♪入会をご検討の方へ
チケットの申込受付期間終了までに、ファンクラブページより【クレジットカード決済・コンビニ／ペイジー支払】にてご入会(入金完了まで)いただきますとチケットのお申し込みが可能です！
>> ご入会はこちらから！
【ご注意】
※Loppi／ローソンチケット、郵便振込からのお手続きは期日が異なります。
下記期日を過ぎた場合、チケットはお申し込みいただけません。ご注意ください。
・Loppi／ローソンチケット：6月5日(日)
・郵便振込：6月8日(水)
※チケット申込受付期間は6月13日(月)18:00に終了します。時間に余裕を持ってお手続きください。"
https://www.inorimachi.com/fc_news/2022/0603150000.html,2022.06.03,「Inori Minase LIVE TOUR 2022 glow」ファンクラブ会員チケット先行優先予約受付開始のご案内,"「Inori Minase LIVE TOUR 2022 glow」ファンクラブ会員チケット先行優先予約の受付を開始いたしました！
>> 公演情報はこちら！
●申し込み方法
ファンクラブページ「
チケット
」より、『申込受付期間』内に画面の案内に従ってお手続きください。
《申込受付期間》
6月13日(月)18:00まで
《申込制限枚数》
各公演2枚まで
《当落発表》
7月1日(金)15:00予定
《決済方法選択期間》
7月1日(金)15:00～7月7日(木)23:59
《チケット発送》
【A区分】兵庫～福岡公演／8月中旬、【B区分】神奈川公演／9月中旬
*チケット代とは別途、システム利用料\330／発送手数料\770を頂戴いたします。
*区分ごとに発送を行います。両区分に当選された場合、発送手数料2回分頂戴いたします。
【ご注意】
※お申し込み前に公式サイトNEWS
〈「Inori Minase LIVE TOUR 2022 glow」チケット購入に関する注意事項〉
を
ご確認くださいますようお願いいたします。
※「チケット」ページ記載の内容を必ずご確認ください。ご了承いただきました上でのお手続きとなります。
※受付は先着順ではございません。申し込み者多数の場合、抽選にて当落を決定いたします。
※複数公演当選された場合、当選されたすべてのチケットをご購入いただきます。
※同一公演に複数枚お申し込みされる場合、同行者は非会員でもご応募いただけます。
※受付開始・終了間際は、アクセスが集中し繋がりにくくなる場合もございます。時間に余裕をもってお手続きください。
※いかなる理由におきましても、申込受付期間終了後の申込み・キャンセル・変更はできません。
ご不明な点のある方は、必ず申込受付期間内にファンクラブまでお問い合わせください。
※今後の新型コロナウイルスの感染状況や政府および上演地の地方自治体の方針等によって公演概要が変更となる場合がございます。
※チケットのお申込み・当落結果確認・ご入金には、各期間において会員期限内である必要があります。
当ファンクラブでは、会員期限終了後、1ヶ月は猶予期間として継続手続きが可能です。
例）2022/6/30期限の方　→　2022/7/31まで継続としてお手続きいただけます。
----------------------------
♪入会をご検討の方へ
チケットの申込受付期間終了までに、ファンクラブページより【クレジットカード決済・コンビニ／ペイジー支払】にてご入会(入金完了まで)いただきますとチケットのお申し込みが可能です！
>> ご入会はこちらから！
【ご注意】
※郵便振込でのご入会をご希望の場合は、6月8日(水)までのご入金をお願いいたします。
※Loppi／ローソンチケットからのご入会をご希望の方は、お手続きの前にファンクラブまでお問い合わせください。
※チケット申込受付期間は6月13日(月)18:00に終了しますので、時間に余裕を持ってお手続きください。"
https://www.inorimachi.com/fc_news/2022/0609150000.html,2022.06.09,まちの映画館「『Inori Minase LIVE TOUR 2022 glow』決定！」更新！,"ファンクラブページ内
「まちの映画館」
を更新しました！
昨年に続きライブツアー開催が決定！改めて町長にメッセージをいただきました♪
ぜひチェックしてくださいね☆"
https://www.inorimachi.com/fc_news/2022/0701120000.html,2022.07.01,ファンクラブ会報「いのりまちだより」投稿受付開始！,"ファンクラブ会報「いのりまちだより」19号の投稿受付を開始いたしました！
町長へのメッセージやアニメ、イベント、会報の感想、イラストやコーナーへの投稿などなど、みなさんのおたよりをお送りください♪
【ファンクラブページからの投稿】
ファンクラブページログイン後、「ポスト」からご投稿ください。
投稿締切：7月22日(金)18:00
【郵便での投稿】
〒160-0023
東京都新宿区西新宿1-19-6 山手新宿ビル11F
水瀬いのりオフィシャルファンクラブ「いのりまち」○○○(各コーナー名)係
投稿締切：7月22日(金)必着
たくさんの投稿、お待ちしております♪"
https://www.inorimachi.com/fc_news/2022/0701150000.html,2022.07.01,「Inori Minase LIVE TOUR 2022 glow」会員先行優先予約当落結果のご案内,"「Inori Minase LIVE TOUR 2022 glow」ファンクラブ会員チケット先行優先予約にお申し込みいただきました方へ、
当落結果のご案内を開始いたしました。
●当落結果について
ファンクラブページ「チケット」よりご確認いただけます。
また、ファンクラブ登録のメールアドレス宛に『当落結果のお知らせ』メールをお送りしております。
●支払方法
当選された方は、ファンクラブページ「
チケット
」より『決済方法選択期間』内に決済方法を選択し、案内に従ってお手続きください。
《決済方法選択期間》
7月7日(木)23:59まで
《決済方法／支払期限》
クレジットカード：決済方法選択後、即時決済
コンビニ／ペイジー／郵便振込み：7月8日(金)までの取扱日有効
【ご注意】
・チケットのお申し込み・当落結果確認・ご入金には、各期間において会員期限内である必要があります。
・いかなる理由におきましても、当選されたチケットのキャンセル・変更はできません。
・複数公演当選された場合、当選されたすべてのチケットをご購入いただきます。
・一度選択された決済方法の変更はできません。
・入金に不備・不明な点がある場合、選択した決済方法以外での入金や支払期限後の入金はすべて手数料を差し引き返金いたします。
その際、当選は無効となりチケットのご用意はできかねます。
・当選確定後にチケット代金のご入金がない場合、次回以降の当落結果・座席の決定に影響が生じる可能性がございます。
・ご不明な点のある方は、必ず決済方法選択期間内にファンクラブまでお問い合わせください。"
https://www.inorimachi.com/fc_news/2022/0712150000.html,2022.07.12,【神奈川公演】「Inori Minase LIVE TOUR 2022 glow」会員先行優先予約2次受付のご案内,"「Inori Minase LIVE TOUR 2022 glow」神奈川公演の、ファンクラブ会員チケット先行優先予約2次受付が決定いたしました！
>> 公演情報はこちら！
●申し込み方法
ファンクラブページ
「チケット」
より、『申込受付期間』内に画面の案内に従ってお手続きください。
《申込受付期間》
7月15日(金)15:00～7月20日(水)18:00
《当落発表》
7月28日(木)15:00予定
《決済方法選択期間》
7月28日(木)15:00～8月1日(月)23:59
《チケット発送》
9月中旬
《決済方法／支払期限》
クレジットカード：決済方法選択後、即時決済
コンビニ／ペイジー：8月2日(火)
※郵便振込はご利用いただけません
【ご注意】
※すでにチケットを購入されている公演に、2次受付にて当選することはございません。
※「チケット」ページ記載の注意事項を必ずご確認ください。ご了承いただきました上でのお手続きとなります。
※受付は先着順ではございません。申し込み者多数の場合、抽選にて当落を決定いたします。
※複数公演当選された場合、当選されたすべてのチケットをご購入いただきます。
※同一公演に複数枚お申し込みされる場合、同行者は非会員でもご応募いただけます。
※受付開始・終了間際は、アクセスが集中し繋がりにくくなる場合もございます。時間に余裕をもってお手続きください。
※いかなる理由におきましても、申込受付期間終了後の申込み・キャンセル・変更はできません。
ご不明な点のある方は、必ず申込受付期間内にファンクラブまでお問い合わせください。
※今後の新型コロナウイルスの感染状況や政府および上演地の地方自治体の方針等によって公演概要が変更となる場合がございます。
※チケットのお申込み・当落結果確認・ご入金には、各期間において会員期限内である必要があります。
---------------------------
♪入会をご検討の方へ
チケットの申込受付期間終了までに、ファンクラブページより【クレジットカード決済・コンビニ／ペイジー支払】にてご入会(入金完了まで)いただきますとチケットのお申し込みが可能です！
>> ご入会はこちらから！
【ご注意】
※Loppi／ローソンチケット、郵便振込からのお手続きは期日が異なります。
下記期日を過ぎた場合、チケットはお申し込みいただけません。ご注意ください。
・Loppi／ローソンチケット：7月17日(日)
・郵便振込：7月14日(木)
※チケット申込受付期間は
7月20日(水)18:00
に終了しますので、時間に余裕を持ってお手続きください。"
https://www.inorimachi.com/fc_news/2022/0715120000.html,2022.07.15,まちの新聞「4th ALBUM『glow』MUSIC VIDEO撮影編」更新！,"ファンクラブページ内
「まちの新聞」
で
「4th ALBUM『glow』MUSIC VIDEO撮影編」
を更新しました！
アルバムの発売に先駆けて公開となったMUSIC VIDEOの撮影風景をお届けします☆
ぜひご覧ください！"
https://www.inorimachi.com/fc_news/2022/0719150000.html,2022.07.19,まちの新聞「『いのりまちだより』18号 まちのひろば出張版」更新！,"ファンクラブページ内
「まちの新聞」
で
「『いのりまちだより』18号 まちのひろば出張版」
を公開しました！
みなさんからいただいたおたよりをご紹介！
ぜひチェックしてみてください♪"
https://www.inorimachi.com/fc_news/2022/0721150000.html,2022.07.21,まちの新聞「4th ALBUM『glow』フォトブック撮影編」更新！,"ファンクラブページ内
「まちの新聞」
で
「4th ALBUM『glow』フォトブック撮影編」
を更新しました！
アルバムの初回限定盤特典、別冊フォトブックの撮影模様をお届けします☆
ぜひご覧ください！"
https://www.inorimachi.com/fc_news/2022/0728150000.html,2022.07.28,「Inori Minase LIVE TOUR 2022 glow」会員先行優先予約2次受付当落結果のご案内,"「Inori Minase LIVE TOUR 2022 glow」ファンクラブ会員チケット先行優先予約2次受付にお申し込みいただきました方へ、
当落結果のご案内を開始いたしました。
●当落結果について
ファンクラブページ「チケット」よりご確認いただけます。
また、ファンクラブ登録のメールアドレス宛に『当落結果のお知らせ』メールをお送りしております。
●支払方法
当選された方は、ファンクラブページ「チケット」より『決済方法選択期間』内に決済方法を選択し、案内に従ってお手続きください。
《決済方法選択期間》
8月1日(月)23:59まで
《決済方法／支払期限》
クレジットカード：決済方法選択後、即時決済
コンビニ／ペイジー：8月2日(火)
※郵便振込はご利用いただけません
【ご注意】
・チケットのお申し込み・当落結果確認・ご入金には、各期間において会員期限内である必要があります。
・いかなる理由におきましても、当選されたチケットのキャンセル・変更はできません。
・一度選択された決済方法の変更はできません。
・入金に不備・不明な点がある場合、選択した決済方法以外での入金や支払期限後の入金はすべて手数料を差し引き返金いたします。
その際、当選は無効となりチケットのご用意はできかねます。
・当選確定後にチケット代金のご入金がない場合、次回以降の当落結果・座席の決定に影響が生じる可能性がございます。
・ご不明な点のある方は、必ず決済方法選択期間内にファンクラブまでお問い合わせください。"
https://www.inorimachi.com/fc_news/2022/0818170000.html,2022.08.18,【B区分】「Inori Minase LIVE TOUR 2022 glow」チケット発送に関するお知らせ,"●ファンクラブ登録住所確認のお願い
9月中旬に「Inori Minase LIVE TOUR 2022 glow」ファンクラブ会員チケット先行優先予約
B区分(神奈川公演)のチケット発送を予定しております。
登録情報の変更を希望される方は
【9月2日(金)12:00】
までに、
ファンクラブページ
「まち役場」
内『会員情報』より変更のお手続きをお願いいたします。
-------------------
建物名や部屋番号の記入漏れは、未着の原因となります。
変更がない方も、登録情報に不備がないか今一度ご確認くださいますようお願いいたします。
-------------------
●顔写真付き身分証明書について
ライブ当日、ご本人様確認をさせていただく場合がございます。
必ず、チケット・会員証・顔写真付き身分証明書の3点をお持ちください。
お持ちでなく会員ご本人様であることが確認できない場合、ご退場いただくことがございますのでご注意ください。
ファンクラブの指定する有効な顔写真付き身分証明書は下記の通りです。
・運転免許証(各都道府県公安委員会が発行するもの)
・パスポート
・顔写真付きマイナンバーカード(通知カードは認められません)
・在留カードまたは特別永住者証明書
・顔写真付き障害者手帳
・顔写真付き学生証
・顔写真付き住民基本台帳カード
※すべてにおいて、コピー・期限切れ・顔写真無しのものは無効。
※チケット印字氏名と一致するものに限ります。
※外国籍の方は【パスポート・在留カード・特別永住者証明書】のいずれかをお持ちください。
※顔写真付きマイナンバーカードは、年齢問わず無料で取得することができます。
有効な顔写真付き身分証明書をお持ちでない方は取得をご検討ください。
>> マイナンバーカード総合サイト
ご不明な点がある方は、お早めにファンクラブまでお問い合わせください。"
https://www.inorimachi.com/fc_news/2022/0826150001.html,2022.08.26,ファンクラブ会報「いのりまちだより」19号発行決定！,"ファンクラブ会報
「いのりまちだより」19号
の発行が決定しました！
19号の発送は9月下旬を予定しております。
今回は4thアルバム「glow」特集をお届け！
その他、撮影レポートや町民さんと町長の交流コーナーなど、
ここでしか見られない情報が満載の会報です♪
住所変更を希望される方は
【9月13日(火)15:00まで】
に
ファンクラブページログイン後、「まち役場」よりお手続きください。
住所変更がない方も、今一度ご登録内容のご確認をお願いいたします。
※新型コロナウイルス感染症の流行に伴い、発行を延期させていただく場合がございます。
※会報19号は、9月30日(金)までにご入会(入金完了まで)くださった方にお送りします。
※変更手続きがなく発送物未着のお問い合わせをいただいた場合、対応をいたしかねます。
※発送完了後は、まちの回覧板にてお知らせします。"
https://www.inorimachi.com/fc_news/2022/0826150002.html,2022.08.26,「Inori Minase LIVE TOUR 2022 glow」ファンクラブカウンター設置のお知らせ,"「Inori Minase LIVE TOUR 2022 glow」の各会場におきまして、ファンクラブカウンターを設置いたします。
〈設置場所〉
グッズ販売エリア付近
〈対応時間〉
グッズ販売開始時刻～終演後
※開演中の受付はいたしません。
〈受付内容〉
●入会
会場にてご入会いただいた方には会報誌を先着でプレゼント！
初年度会費：￥5,500(入会金￥1,100＋年会費￥4,400)
●継続
会員期限が【2023年2月28日】までの方を対象に、会場にて継続手続きの受付を行います！
継続年会費：￥4,400(2年目以降)
会場でのお手続きは手数料がかかりません。
ぜひこの機会をご利用ください♪"
https://www.inorimachi.com/fc_news/2022/0831120000.html,2022.08.31,「Inori Minase LIVE TOUR 2022 glow」【兵庫公演】公演延期のお知らせ,"水瀬いのり公式サイトにてご案内がございました通り、
【9月3日(土) 兵庫　神戸国際会館　こくさいホール】公演の開催を下記日程に延期させていただくこととなりました。
【延期公演】
9月3日(土) 兵庫　神戸国際会館　こくさいホール
開場：16:30／開演：17:30
【振替公演】
10月8日(土) 兵庫　神戸国際会館　こくさいホール
開場：16:30／開演：17:30
お手元のチケットは振替公演にて有効となりますので大切に保管ください。
※座席番号はそのまま有効となります。
兵庫公演の延期に伴い、ご来場が難しいお客様のチケット払い戻しを受付いたします。
ファンクラブ会員専用優先予約にてチケットを購入された方のお手続き方法は下記の通りです。
《払い戻し受付期間》
9月20日(火)まで
《払い戻し方法》
GMOペイメントゲートウェイの返金システムを利用し、金融機関の口座振替にて払い戻しを行います。
《払い戻し内容》
チケット代金+チケット返送費\404
※A区分(ホール公演)の当選が兵庫公演のみの方には、あわせて各種手数料を払い戻しいたします。
---------------------------
※お手続きの流れ※
①チケットの返送
公演チケットと下記必要事項を記載したメモを、【9月20日(火)まで】にファンクラブ宛に簡易書留郵便にてお送りください。
【記載必要事項】
会員番号、氏名、連絡先(電話番号)、払い戻し希望公演
【送付先】
〒160-0023 東京都新宿区西新宿1-19-6　山手新宿ビル11F
水瀬いのりオフィシャルファンクラブ「いのりまち」チケット係
②メールを受信
GMOペイメントゲートウェイより、ファンクラブご登録のメールアドレスへお手続きに必要な情報が配信されます。
「@gmo-pg.com」からのメールを受信できるよう、事前に設定をお願いいたします。
★配信予定日：9月28日(水)15:00より順次
③口座情報登録
メール記載のURLへアクセスし、画面の案内に従って口座情報の登録をお願いいたします。
★口座情報登録期間：10月7日(金)23:59まで
※口座情報の他に、「認証コード」の入力が必要です。メールにご案内がありますので、必ずご確認の上お手続きください。
※入力内容の不備が続くと、URLが無効となる場合がございますのでご注意ください。
④入金完了
口座情報の登録完了から2～4営業日後に、登録いただきました口座への入金が行われます。
口座に入金がされているかご確認ください。
※金融機関によってはお振込みの反映に数日お時間がかかる場合がございます。
※通帳に記載される名義は「モストカンパニー」となります。
---------------------------
【ご注意】
※登録可能な金融機関は
こちら
よりご確認ください。
※海外送金のお取り扱いはございません。
※口座情報登録用のURLは会員ご本人様のみ有効です。メールの転送や転載はお控えください。
※兵庫公演のみの受付です。
※上記期間を過ぎますと払い戻しができなくなりますのでご注意ください。
※会員ご本人様名義の口座以外も登録可能ですが、送金後に生じたトラブルにつきましてはファンクラブ・主催者ともに一切責任を負いません。
※口座情報が正しくない場合払い戻しができなくなりますので、よくご確認の上ご入力ください。会員様都合によるエラーが発生した際には、振込手数料を頂戴する場合がございます。
※ゆうちょ銀行をご利用の場合、口座番号の桁数により入力方法が異なります。
恐れ入りますが、
こちら
より入力方法をご確認の上お手続きくださいますようお願いいたします。
※金融機関によっては、キャッシュカードがローマ字表記でも振込みの際の口座名義人はカタカナというケースがございます。
ご不明な点がある場合はご利用の金融機関にお尋ねください。
※送金完了後のメールでのお知らせはございません。ご自身で口座への振込みをご確認ください。
なお、ゆうちょ銀行をご利用の場合、通帳の記帳を行わないとネットバンキングに反映されないことがございますのでご注意ください。
※ご不明な点がある方はお早めにお問い合わせくださいますようお願いいたします。
---------------------------
公演を心待ちにしてくださっていた皆様にはご迷惑、ご心配をお掛けし誠に申し訳ございません。
何卒ご理解賜りますようお願い申し上げます。"
https://www.inorimachi.com/fc_news/2022/0908120001.html,2022.09.08,ファンクラブ会報「いのりまちだより」投稿受付開始！,"ファンクラブ会報「いのりまちだより」20号の投稿受付を開始いたしました！
町長へのメッセージやアニメ、ライブ、会報の感想、イラストやコーナーへの投稿などなど、みなさんのおたよりをお送りください♪
【ファンクラブページからの投稿】
ファンクラブページログイン後、「ポスト」からご投稿ください。
投稿締切：10月6日(木)18:00
【郵便での投稿】
〒160-0023
東京都新宿区西新宿1-19-6 山手新宿ビル11F
水瀬いのりオフィシャルファンクラブ「いのりまち」○○○(各コーナー名)係
投稿締切：10月6日(木)必着
たくさんの投稿、お待ちしております♪"
https://www.inorimachi.com/fc_news/2022/0908120002.html,2022.09.08,ファンクラブページ更新！,"「いのりまち」ファンクラブページを更新いたしました！
●TOP画像
ファンクラブページTOP画像がリニューアル♪♪
ぜひ
ログイン
してみてくださいね！
●まちの映画館
ファンクラブページ内
「まちの映画館」
を更新しました！
TOP画像撮影の様子を町長にお話ししてもらいました♪
●「まちうけ」画像
ファンクラブページ
「まちうけ」
の画像を更新しました♪
期間限定での配信です！
町民さんはダウンロードをお忘れなく！
※画像の無断転載、複製、加工、または再配布する行為はご遠慮ください(ウェブサイト・SNSを含む)。"
https://www.inorimachi.com/fc_news/2022/0916150000.html,2022.09.16,【B区分】「Inori Minase LIVE TOUR 2022 glow」チケット発送完了のお知らせ,"「Inori Minase LIVE TOUR 2022 glow」
神奈川公演
のチケットを9月16日(木)に簡易書留にて発送いたしました。
簡易書留のお問い合わせ番号は、ファンクラブページ内「チケット」
並びに「チケット　発送完了のお知らせ」メールにてご確認いただけます。
ご不在がちな方は、ポストの不在票にご注意ください。
下記「未着問い合わせ期間」になりましてもチケットがお手元に届かない方は、
参加される公演の前日正午までにファンクラブまでお問い合わせください。
《未着問い合わせ期間》
9月27日(火)～9月30日(金)12:00
配達状況は、下記よりご確認いただけます。
お問い合わせの際は、必ず事前にご確認の上ご連絡くださいますようお願いいたします。
郵便追跡サービス：
https://trackings.post.japanpost.jp/services/srv/search/input"
https://www.inorimachi.com/fc_news/2022/0930150000.html,2022.09.30,ファンクラブ会報「いのりまちだより」19号発送開始のお知らせ,"ファンクラブ会報「いのりまちだより」19号の発送を、9月30日(金)に開始いたしました！
2022年10月14日(金)
になりましてもお手元に届かない場合は、
下記期間内にファンクラブまでお問い合わせください。
■未着問い合わせ期間
10月14日(金)～10月28日(金)
※こちらの問い合わせ期間は9月13日(火)までにご入会・ご継続いただいた方を対象としております。
9月14日(水)以降にご入会・ご継続いただいた方は発送完了メール記載の未着問い合わせ期間をご確認ください。
■お問い合わせ先
MAIL：contact@inorimachi.com
件名：会報19号未着
本文：会員番号・氏名・住所・お問い合わせの詳細
※未着問い合わせ期間以降にご連絡をいただきましても対応いたしかねますのでご注意ください。
※9月末までにご入会いただいた方を対象に発送いたします。
※初回発送は、9月13日(火)までにご入会手続きを完了された方が対象です。
※9月14日(水)以降にご入会いただいた方へは、10月中旬より順次発送いたします。
※次号会報20号の投稿は【10月6日(木)18:00】まで受付中です。"
https://www.inorimachi.com/fc_news/2022/1001200000.html,2022.10.01,「いのりまち町民集会2023」開催決定！,"次回町民集会の開催が決定しました！
「いのりまち町民集会2023」
日程：2023年2月19日(日)
会場：両国国技館
※昼・夜2回公演を予定しております
チケットは
11月上旬
申し込み受付開始予定です。
その他詳細は決まり次第ファンクラブページ『まちの回覧板』にてご案内いたします！"
https://www.inorimachi.com/fc_news/2022/1003150000.html,2022.10.03,まちの新聞「いのりまち」ファンクラブページトップ画像撮影2022＆「『いのりまちだより』19号 まちのひろば出張版」更新！,"ファンクラブページ内
「まちの新聞」
で
「いのりまち」ファンクラブページトップ画像撮影2022＆「『いのりまちだより』19号 まちのひろば出張版」
を公開しました！
現在のファンクラブトップ画像の撮影模様と、
みなさんからいただいたおたよりをご紹介！
ぜひご覧ください！"
https://www.inorimachi.com/fc_news/2022/1021150000.html,2022.10.21,「いのりまち町民集会2023」詳細決定！,"「いのりまち町民集会2023」の詳細が決定しました！
「いのりまち町民集会2023」
会場：両国国技館
日程：2023年2月19日(日)
①　13:00開場／14:00開演
②　17:00開場／18:00開演
【チケット代金】
￥6,200(税込)
【制限枚数】
1公演につき1枚限り。
※2公演お申し込みいただきました場合、両公演当選する可能性がございます。
その際、当選された全てのチケットをご購入いただきます。
会場での開催とあわせてオンラインでの生配信も予定しております！
配信に関する詳細は改めてお知らせいたしますのでお待ちください☆
----------------------------
●会場チケット申し込み方法
ファンクラブページ「チケット」より、『申込受付期間』内に画面の案内に従ってお手続きください。
《申込受付期間》
11月1日(火)15:00～11月9日(水)18:00
《当落発表》
11月25日(金)15:00予定
《決済方法選択期間》
11月25日(金)15:00～12月1日(木)23:59
《チケット発送》
2月上旬予定
【ご注意】
※チケットのお申込み・当落結果確認・ご入金には、各期間において会員期限内である必要があります。
※公演当日に会員期限が切れている場合、入場をお断りいたします。会員期限が2023/1/31以前の方はご注意ください。
※「チケット」ページ記載の注意事項を必ずご確認ください。ご了承いただきました上でのお手続きとなります。
※本受付では優先順位(希望順位)をご入力いただきます。
※複数公演当選された場合、当選されたすべてのチケットをご購入いただきます。
※受付は先着順ではございません。申し込み者多数の場合、抽選にて当落を決定いたします。
※いかなる理由におきましても、申込受付期間終了後の申込み・キャンセル・変更はできません。
ご不明な点のある方は、必ず申込受付期間内にファンクラブまでお問い合わせください。
----------------------------
※※重要※※
イベントへの入場には、
【会員証・有効な顔写真付き身分証明書(※下記参照)・チケット】
が必要です。
いずれかをお持ちでない場合はご参加いただけませんのでご注意ください。
★会員証について
会員証をお持ちの方は、事前に裏面記入欄に氏名をご記入の上ご来場ください。
会員証をお持ちでない場合、ファンクラブページログイン後の画面の提示も有効です。
★本イベントにおける有効な顔写真付き身分証明書
○運転免許証(各都道府県公安委員会が発行するもの)
○パスポート
○顔写真付きマイナンバーカード(通知カードは認められません)
○在留カードまたは特別永住者証明書
○顔写真付き障害者手帳
○顔写真付き学生証
○顔写真付き住民基本台帳カード
※すべてにおいて、コピー・期限切れ・顔写真無しのものは無効。
※チケット印字氏名と一致するものに限ります。
※外国籍の方は【パスポート・在留カード・特別永住者証明書】のいずれかをお持ちください。
※発行に時間を要する場合もございますので、これから取得される方はお早めにお手続きください。
※顔写真付きマイナンバーカードは、年令問わず無料で取得することができます。
>> マイナンバーカード総合サイト
----------------------------
♪入会をご検討の方へ
チケットの申込受付期間終了までに、ファンクラブページより【クレジットカード決済・コンビニ／ペイジー支払】にてご入会(入金完了まで)いただきますとチケットのお申し込みが可能です！
>> ご入会はこちらから！
【ご注意】
※Loppi／ローソンチケット、郵便振込からのお手続きは期日が異なります。
下記期日を過ぎた場合、チケットはお申し込みいただけません。ご注意ください。
・Loppi／ローソンチケット：11月6日(日)
・郵便振込：11月4日(金)
※チケットの申込受付は11月9日(水)18:00に終了しますので、時間に余裕を持ってお手続きください。"
https://www.inorimachi.com/fc_news/2022/1101150000.html,2022.11.01,まちの映画館「『いのりまち町民集会2023』開催決定！」更新！,"ファンクラブページ内
「まちの映画館」
を更新しました！
『いのりまち町民集会2023』についてお話ししています！
ぜひチェックしてくださいね☆"
https://www.inorimachi.com/fc_news/2022/1116150000.html,2022.11.16,ファンクラブ会報「いのりまちだより」20号発行決定！,"ファンクラブ会報
「いのりまちだより」20号
の発行が決定しました！
20号の発送は12月下旬を予定しております。
今回は『Inori Minase LIVE TOUR 2022 glow』を大特集！
その他、撮影レポートや町民さんと町長の交流コーナーなど、
ここでしか見られない情報が満載の会報です♪
住所変更を希望される方は
【12月13日(火)15:00まで】
に
ファンクラブページログイン後、「まち役場」よりお手続きください。
住所変更がない方も、今一度ご登録内容のご確認をお願いいたします。
----------
「Inori Minase LIVE TOUR 2022 glow」いのりまち限定特典付き配信チケットをご購入の方には
特典の同封を予定しております。
----------
※会報20号は、12月31日(土)までにご入会(入金完了まで)くださった方にお送りします。
※変更手続きがなく発送物未着のお問い合わせをいただいた場合、対応をいたしかねます。
※発送完了後は、まちの回覧板にてお知らせします。"
https://www.inorimachi.com/fc_news/2022/1124150000.html,2022.11.24,まちの新聞「『Inori Minase LIVE TOUR 2022 glow』リハーサル編」更新！,"ファンクラブページ内
「まちの新聞」
で
「『Inori Minase LIVE TOUR 2022 glow』リハーサル編」
を更新しました！
いのりバンドのみなさんとリハーサルに励む町長の姿をお届けします！
ぜひチェックしてみてください♪"
https://www.inorimachi.com/fc_news/2022/1125150000.html,2022.11.25,「いのりまち町民集会2023」特設ページ公開！,"「いのりまち町民集会2023」の特設ページを公開しました！
イベントに関する情報はこちらをチェック☆
「いのりまち町民集会2023」特設ページ"
https://www.inorimachi.com/fc_news/2022/1128150000.html,2022.11.28,まちの新聞「『Inori Minase LIVE TOUR 2022 glow』映像撮影編」更新！,"ファンクラブページ内
「まちの新聞」
で
「『Inori Minase LIVE TOUR 2022 glow』映像撮影編」
を更新しました！
ライブのオープニングとショートムービー撮影の模様をお届けします！
ぜひチェックしてみてください♪"
https://www.inorimachi.com/fc_news/2022/1202150000.html,2022.12.02,ファンクラブ入会特典リニューアル決定！,"本日12月2日は町長＆いのりまちのお誕生日！
2017年12月2日のファンクラブ発足より5年......この度、入会特典のリニューアルが決定しました！
12月12日(月)時点で有効会員期限内の方
12月末発送予定の会報「いのりまちだより」20号とあわせてリニューアル後の入会特典をお送りいたします！
2022年12月13日(火)～12月31日(土)にご入会の方
2023年1月中旬に現在の入会特典＆リニューアル後の入会特典を会員証とあわせてお送りいたします！
2023年1月1日(日)以降にご入会の方
リニューアル後の入会特典のみのお渡しとなります。
会員証とあわせて1月下旬以降、順次発送いたします。
12月31日(土)までにご入会された方には新・旧2つの入会特典をプレゼント！
どんなアイテムかは届いてからのお楽しみ♪"
https://www.inorimachi.com/fc_news/2022/1209150000.html,2022.12.09,まちの新聞「『Inori Minase LIVE TOUR 2022 glow』公演ダイジェスト編」更新！,"ファンクラブページ内
「まちの新聞」
で
「『Inori Minase LIVE TOUR 2022 glow』映像撮影編」
を更新しました！
たくさんの光に出会ったツアー本編を振り返ります！
ぜひチェックしてみてください♪"
https://www.inorimachi.com/fc_news/2022/1215150000.html,2022.12.15,プライバシーポリシー改定のお知らせ,"水瀬いのりを応援くださり誠にありがとうございます。
このたび以下のとおりプライバシーポリシーを改定いたしました。
■改定年月日
2022年12月15日
■改定理由
・2022年04月01日施行の改正個人情報保護法に対応する為
・その他軽微な修正
■改定後のプライバシーポリシー
https://www.inorimachi.com/agreement/privacy_policy.html
引き続きプライバシーポリシーに基づいて個人情報の適切な取扱いに努めてまいります。
今後ともご愛顧のほどよろしくお願い申し上げます。"
https://www.inorimachi.com/fc_news/2022/1219150000.html,2022.12.19,「いのりまち町民集会2023」グッズ通信販売受付開始！,"「いのりまち町民集会20223」グッズの通信販売申込み受付を公開しました！
>> グッズラインナップはこちら！
●申し込み方法
ファンクラブページ内
「グッズ」
より、ご希望のアイテムをショッピングカートに入れ、決済方法を選択し代金をご入金ください。
●申込み受付期間
12月19日(月)15:00～1月5日(木)23:59
●発送時期
2月中旬予定
※今後の社会情勢等の影響やお住まいの地域・天候・配送状況等により、お届けが遅れる場合がございます。
何卒ご理解いただきますようお願い申し上げます。"
https://www.inorimachi.com/fc_news/2022/1223150000.html,2022.12.23,まちの新聞「『いのりまち町民集会2023』グッズ撮影編」更新！,"ファンクラブページ内
「まちの新聞」
で
「『いのりまち町民集会2023』グッズ撮影編」
を公開しました！----------
※12月23日 その4～7 更新しました！
----------
「いのりまち町民集会2023」グッズ撮影当日の様子をレポート！
グッズラインナップとあわせてぜひチェックしてみてください♪"
https://www.inorimachi.com/fc_news/2022/1227150000.html,2022.12.27,まちの新聞「『いのりまち町民集会2023』グッズ紹介編」更新！,"ファンクラブページ内
「まちの新聞」
で
「『いのりまち町民集会2023』グッズ紹介編」
を掲載しました！
会場・両国国技館にふさわしい、今回ならではのグッズたちをご紹介します♪
ぜひご覧ください！"
https://www.inorimachi.com/fc_news/2022/1227210000.html,2022.12.27,「いのりまち町民集会2023」卓上カレンダー通信販売　商品のお届けにつきまして,"12月12日(月)までにご購入の方へ
「いのりまち町民集会2023」卓上カレンダーの発送が本日12月27日(火)に完了いたしました！
宅配伝票番号は【通信販売　発送完了のお知らせ】メール、
またはファンクラブページ内「グッズ」の購入履歴よりご確認いただけます。
不備・不良等お気づきの点がございましたら、
商品到着から8日以内にファンクラブまでお問い合わせください。
※12月19日(月)以降にご購入の方へは2月中旬の発送を予定しております。"
https://www.inorimachi.com/fc_news/2022/1228150000.html,2022.12.28,まちの新聞「ゆくまちくるまち 2022」更新！,"ファンクラブページ内
「まちの新聞」
で
「ゆくまちくるまち 2022」
を公開しました！
2022年のいのりまちのできごとを振り返ってみました！
今年も大変お世話になりました。よいお年をお迎えください♪"
https://www.inorimachi.com/fc_news/2023/0101100000.html,2023.01.01,年賀状発送のお知らせ,"年賀状を発送いたしました！
1月13日(金)
になりましてもお手元に届かない場合は、
下記期間内にファンクラブまでお問い合わせください。
■未着問い合わせ期間
2023年1月13日(金)～1月27日(金)
■お問い合わせ先
MAIL：contact@inorimachi.com
件名：年賀状未着
本文：会員番号・氏名・住所・お問い合わせの詳細
※未着問い合わせ期間以降にご連絡をいただきましても対応いたしかねますのでご注意ください。
※1月15日(日)までにご入会いただいた方を対象に発送いたします。
※初回発送は、12月15日(木)の時点で2023年1月31日以降の会員期限をお持ちの方が対象です。
※12月28日(水)以降にご入会・ご継続いただいた方へは順次発送いたします。"
https://www.inorimachi.com/fc_news/2023/0101100001.html,2023.01.01,ファンクラブページ更新！,"「いのりまち」ファンクラブページを更新いたしました！
●TOP画像更新！
2023年、町長が一緒に撮影した動物は......!?
ぜひ
ログイン
してみてくださいね！
●まちの映画館「新年のごあいさつ from町長」更新！
ファンクラブページ内
「まちの映画館」
を更新しました！
町長から町民さんへ新年のごあいさつです♪
●「まちうけ」画像更新！
ファンクラブページ
「まちうけ」
の画像を更新しました♪
期間限定での配信です！
町民さんはダウンロードをお忘れなく！
※画像の無断転載、複製、加工、または再配布する行為はご遠慮ください(ウェブサイト・SNSを含む)。"
https://www.inorimachi.com/fc_news/2023/0106150000.html,2023.01.06,「いのりまち町民集会2023」にご来場のみなさまへ,"●ファンクラブ登録住所確認のお願い
2月上旬に「いのりまち町民集会2023」のチケット発送を予定しております。
住所変更を希望される方は
【1月19日(木)12:00】
までに、
ファンクラブページ「まち役場」内『会員情報』より変更のお手続きをお願いいたします。
※建物名や部屋番号の記入漏れは、未着の原因となります。
※変更がない方も、登録情報に不備がないか今一度ご確認くださいますようお願いいたします。
----------------------------
●イベントの入場について
※※重要※※
イベントへの入場には、
【会員証・有効な顔写真付き身分証明書(※下記参照)・チケット】
が必要です。
いずれかをお持ちでない場合、ご参加いただけませんのでご注意ください。
★本イベントにおける有効な顔写真付き身分証明
○運転免許証(各都道府県公安委員会が発行するもの)
○パスポート
○顔写真付きマイナンバーカード(通知カードは認められません)
○在留カードまたは特別永住者証明書
○顔写真付き障害者手帳
○顔写真付き学生証
○顔写真付き住民基本台帳カード
※すべてにおいて、コピー・期限切れ・顔写真無しのものは無効。
※チケット印字氏名と一致するものに限ります。
※外国籍の方は【パスポート・在留カード・特別永住者証明書】のいずれかをお持ちください。
※発行に時間を要する場合もございますので、これから取得される方はお早めにお手続きください。
※顔写真付きマイナンバーカードは、年令問わず無料で取得することができます。
>> マイナンバーカード総合サイト
----------------------------
★会員証について
会員証をお持ちの方は、事前に裏面記入欄に氏名をご記入の上ご来場ください。
会員証をお持ちでない場合、ファンクラブページログイン後の画面の提示も有効です。
《会員証再発行について》
会員証の再発行をご希望の方は
【1月13日(金)】
までに再発行手続きを行ってください。
【手続き方法】
再発行には再発行料として1,100円がかかります。
郵便局備付の青い払込取扱票に必要事項をご記入の上、「通常払込み」にてお申し込みください。
○必要事項
口座番号：00190-8-324717
加入者名：いのりまち
入 金 額：1,100円
通 信 欄：「会員証再発行」の一文、会員番号
ご依頼人欄：郵便番号、住所、氏名、電話番号
※電信払込み、電信振替、現金書留など、通常払込み以外の入金方法では受付出来ません。
※再発行には、最大2ヶ月ほどお時間をいただきます。期間に余裕を持ってお申し込みください。
※ご入金の際の手数料は別途ご負担ください。
----------------------------
ご不明な点のある方は、お早めにファンクラブまでお問い合わせください。"
https://www.inorimachi.com/fc_news/2023/0112150000.html,2023.01.12,「いのりまち町民集会2023」配信チケット販売開始のご案内,"「いのりまち町民集会2023」配信チケットの販売を開始いたしました！
>> 詳細はこちら！
●配信日程
《生配信》
①2月19日(日) 14:00開演
②2月19日(日) 18:00開演
《アーカイブ配信》
生配信終了後～2月26日(日)23:59
《チケット販売期間》
2月26日(日)18:00まで
●チケット購入方法
ファンクラブページ
「チケット」
内、「配信チケット購入ページ」のボタンより
チケットぴあのサイトにアクセスし、案内に従ってご購入ください。
※チケットの購入には、チケットぴあの会員登録(無料)が必要です。
【海外からの視聴について】
海外から視聴される方は、ファンクラブページ「チケット」下部の【For Overseas Customers】のボタンからチケットぴあのサイトにアクセスし、表示に従って情報を入力・ご購入ください。
「いのりまち町民集会2023」特設ページ"
https://www.inorimachi.com/fc_news/2023/0119150000.html,2023.01.19,まちの新聞「『いのりまちだより』20号 まちのひろば出張版」更新！,"ファンクラブページ内
「まちの新聞」
で
「『いのりまちだより』20号 まちのひろば出張版」
を公開しました！
みなさんからいただいたおたよりをご紹介！
ぜひチェックしてみてください♪"
https://www.inorimachi.com/fc_news/2023/0120150000.html,2023.01.20,「いのりまち町民集会2023」ゲスト出演者決定&おたより募集！,"「いのりまち町民集会2023」に町長と親交の深いお二方のゲスト出演が決定いたしました！
ゲスト：日高里菜さん、加隈亜衣さん
イベント内では3名によるトークコーナーを予定しております♪
聞いてみたいことや相談してみたいお悩みごとなど......
ご自由にお送りください♪
●投稿方法
ファンクラブページログイン後、メニューに表示される「アンケート」よりご投稿ください。
●募集締切
2月6日(月)18:00まで
【ご注意】
※おたよりはイベント内で使用いたします。その際、一部内容を編集させていただく場合がございます。
※ファンクラブイベントへの参加に関わらず、すべての会員様がご回答いただけます。"
https://www.inorimachi.com/fc_news/2023/0202180000.html,2023.02.02,「いのりまち町民集会2023」会場開催チケット発送完了のお知らせ,"「いのりまち町民集会2023」会場開催チケットを2月2日(木)に簡易書留にて発送いたしました。
ご不在がちな方は、ポストの不在票にご注意ください。
簡易書留のお問い合わせ番号は、ファンクラブページ内「チケット」
並びに「チケット　発送完了のお知らせ」メールにてご確認いただけます。
2月13日(月)になりましてもお手元に届かない場合は、
下記「未着問い合わせ期間」内にファンクラブまでお問い合わせください。
《未着問い合わせ期間》
2月13日(月)～2月16日(木)
配達状況は、下記よりご確認いただけます。
お問い合わせの際は、必ず事前にご確認の上ご連絡くださいますようお願いいたします。
郵便追跡サービス：
https://trackings.post.japanpost.jp/services/srv/search/input
----------------------------
※※重要※※
●公演について
会場規定により、本公演ではジャンプ行為は禁止とさせていただきます。
●イベントの入場について
イベントへの入場には、
【会員証・有効な顔写真付き身分証明書(※下記参照)・チケット】
が必要です。
いずれかをお持ちでない場合、ご参加いただけませんのでご注意ください。
★本イベントにおける有効な顔写真付き身分証明
○運転免許証(各都道府県公安委員会が発行するもの)
○パスポート
○顔写真付きマイナンバーカード(通知カードは認められません)
○在留カードまたは特別永住者証明書
○顔写真付き障害者手帳
○顔写真付き学生証
○顔写真付き住民基本台帳カード
※すべてにおいて、コピー・期限切れ・顔写真無しのものは無効。
※チケット印字氏名と一致するものに限ります。
※外国籍の方は【パスポート・在留カード・特別永住者証明書】のいずれかをお持ちください。
※発行に時間を要する場合もございますので、これから取得される方はお早めにお手続きください。
※顔写真付きマイナンバーカードは、年令問わず無料で取得することができます。
>> マイナンバーカード総合サイト"
https://www.inorimachi.com/fc_news/2023/0206180000.html,2023.02.06,「いのりまち町民集会2023」グッズ通信販売　商品のお届けにつきまして,"「いのりまち町民集会2023」グッズ通信販売の発送を、
2月6日(月)より開始いたしました！
商品の発送は順次行っております。
発送された方へは、発送完了メールにてお知らせいたします。
----------
※2月10日(金) すべての方への発送が完了いたしました！
----------
宅配伝票番号は【通信販売　発送完了のお知らせ】メール、
またはファンクラブページ内「グッズ」の購入履歴よりご確認いただけます。
不備・不良等お気づきの点がございましたら、
商品到着から8日以内にファンクラブまでお問い合わせください。"
https://www.inorimachi.com/fc_news/2023/0213150000.html,2023.02.13,まちの新聞「『いのりまち町民集会2023』グッズ紹介 町長編」更新！,"ファンクラブページ内
「まちの新聞」
で
「『いのりまち町民集会2023』グッズ紹介 町長編」
を公開しました！
町長がグッズを身に着けみなさまにご紹介いたします♪
ぜひご覧ください！"
https://www.inorimachi.com/fc_news/2023/0219200000.html,2023.02.19,「水瀬いのり LIVE TOUR 2023」会員先行優先予約につきまして,"「水瀬いのり LIVE TOUR 2023」は、ファンクラブ会員チケット先行優先予約の実施を予定しております。
詳細は決まり次第ファンクラブページ『まちの回覧板』にてご案内いたします♪
>> 公演情報はこちら！"
https://www.inorimachi.com/fc_news/2023/0220120000.html,2023.02.20,ファンクラブ会報「いのりまちだより」町民集会の感想を大募集！,"ファンクラブ会報「いのりまちだより」21号の投稿受付を開始いたしました！
今回は2月19日(日)に行われた『いのりまち町民集会2023』に関するおたよりを大募集！
町長へのメッセージや、町民集会の感想、イラストなどなどお待ちしております♪
【ファンクラブページからの投稿】
ファンクラブページログイン後「ポスト」からご投稿ください。
投稿締切：2月27日(月)18:00
【郵便での投稿】
〒160-0023
東京都新宿区西新宿1-19-6 山手新宿ビル11F
水瀬いのりオフィシャルファンクラブ「いのりまち」まちのひろば係
投稿締切：2月27日(月)必着"
https://www.inorimachi.com/fc_news/2023/0222150000.html,2023.02.22,「いのりまち町民集会2023」グッズ事後通信販売のお知らせ,"「いのりまち町民集会2023」のグッズ事後通信販売が決定いたしました！
●取扱いアイテム
全アイテム
※商品によっては受付期間内であっても販売を終了する場合がございます。
●申し込み方法
ファンクラブページ内「グッズ」より、
ご希望のアイテムをショッピングカートに入れ、決済方法を選択し代金をご入金ください。
●申し込み受付期間
2月22日(水)15:00～3月6日(月)23:59
●発送予定日
4月下旬"
https://www.inorimachi.com/fc_news/2023/0316150000.html,2023.03.16,ファンクラブ会報「いのりまちだより」21号発行決定！,"ファンクラブ会報
「いのりまちだより」21号
の発行が決定しました！
21号の発送は4月中旬を予定しております。
今回は『いのりまち町民集会2023』を大特集！
その他、撮影レポートや町民さんと町長の交流コーナーなど、
ここでしか見られない情報が満載の会報です♪
住所変更を希望される方は
【4月5日(水)15:00まで】
に
ファンクラブページログイン後、「まち役場」よりお手続きください。
住所変更がない方も、今一度ご登録内容のご確認をお願いいたします。
----------
「いのりまち町民集会2023」配信チケットをご購入の方には
特典の同封を予定しております。
----------
※会報21号は、4月30日(日)までにご入会(入金完了まで)くださった方にお送りします。
※変更手続きがなく発送物未着のお問い合わせをいただいた場合、対応をいたしかねます。
※発送完了後は、まちの回覧板にてお知らせします。"
https://www.inorimachi.com/fc_news/2023/0405150000.html,2023.04.05,ファンクラブ会報「いのりまちだより」投稿受付開始！,"ファンクラブ会報「いのりまちだより」22号の投稿受付を開始いたしました！
町長へのメッセージやアニメ、イベント、会報の感想、イラストやコーナーへの投稿などなど、みなさんのおたよりをお送りください♪
【ファンクラブページからの投稿】
ファンクラブページログイン後、「ポスト」からご投稿ください。
投稿締切：2023年4月24日(月)12:00
【郵便での投稿】
〒160-0023
東京都新宿区西新宿1-19-6 山手新宿ビル11F
水瀬いのりオフィシャルファンクラブ「いのりまち」○○○(各コーナー名)係
投稿締切：4月24日(月)必着
たくさんの投稿、お待ちしております♪"
https://www.inorimachi.com/fc_news/2023/0405150001.html,2023.04.05,「いのりまち町民集会2023」グッズ事後通信販売　発送に関するお知らせ,"「いのりまち町民集会2023」グッズ事後通信販売につきまして、
4月下旬より発送開始を予定しております。
住所変更を希望される方は
【4月18日(水)15:00】
までに、
ファンクラブページ
「まち役場」
内『会員情報』より変更のお手続きをお願いいたします。
-------------------
建物名や部屋番号の記入漏れは、未着の原因となります。
変更がない方も、登録情報に不備がないか今一度ご確認くださいますようお願いいたします。
-------------------"
https://www.inorimachi.com/fc_news/2023/0417150000.html,2023.04.17,ファンクラブ会報「いのりまちだより」21号発送開始のお知らせ,"ファンクラブ会報「いのりまちだより」21号の発送を、4月17日(月)に開始いたしました！
2023年5月1日(月)
になりましてもお手元に届かない場合は、
下記期間内にファンクラブまでお問い合わせください。
■未着問い合わせ期間
5月1日(月)～5月15日(月)
※こちらの問い合わせ期間は4月5日(水)までにご入会・ご継続いただいた方を対象としております。
4月6日(木)以降にご入会・ご継続いただいた方は発送完了メール記載の未着問い合わせ期間をご確認ください。
■お問い合わせ先
MAIL：contact@inorimachi.com
件名：会報21号未着
本文：会員番号・氏名・住所・お問い合わせの詳細
※未着問い合わせ期間以降にご連絡をいただきましても対応いたしかねますのでご注意ください。
※4月末までにご入会いただいた方を対象に発送いたします。
※初回発送は、4月5日(水)までにご入会手続きを完了された方が対象です。
※4月6日(木)以降にご入会いただいた方へは、4月下旬より順次発送いたします。
※次号会報22号の投稿は【4月24日(月)12:00】まで受付中です。"
https://www.inorimachi.com/fc_news/2023/0421150000.html,2023.04.21,まちの新聞「『いのりまちだより』21号 まちのひろば出張版」更新！,"ファンクラブページ内
「まちの新聞」
で
「『いのりまちだより』21号 まちのひろば出張版」
を公開しました！
みなさんからいただいたおたよりをご紹介！
ぜひチェックしてみてください♪"
https://www.inorimachi.com/fc_news/2023/0501150000.html,2023.05.01,まちの映画館「2023ツアー開催決定☆」更新！,"ファンクラブページ内
「まちの映画館」
を更新しました！
ライブツアー開催が決定！改めて町長にメッセージをいただきました♪
ぜひチェックしてくださいね☆"
https://www.inorimachi.com/fc_news/2023/0524150000.html,2023.05.24,ファンクラブ会報「いのりまちだより」22号発行決定！,"ファンクラブ会報
「いのりまちだより」22号
の発行が決定しました！
22号の発送は6月下旬を予定しております。
今回は11thシングル『アイオライト』＆LIVE Blu-ray『Inori Minase LIVE TOUR glow』を大特集！
その他、撮影レポートや町民さんと町長の交流コーナーなど、
ここでしか見られない情報が満載の会報です♪
住所変更を希望される方は
【6月14日(水)15:00まで】
に
ファンクラブページログイン後、「まち役場」よりお手続きください。
住所変更がない方も、今一度ご登録内容のご確認をお願いいたします。
※会報22号は、6月30日(金)までにご入会(入金完了まで)くださった方にお送りします。
※変更手続きがなく発送物未着のお問い合わせをいただいた場合、対応をいたしかねます。
※発送完了後は、まちの回覧板にてお知らせします。"
https://www.inorimachi.com/fc_news/2023/0607150000.html,2023.06.07,まちの新聞「11th SINGLE『アイオライト』ジャケット撮影編」更新！,"ファンクラブページ内
「まちの新聞」
で
「11th SINGLE『アイオライト』ジャケット撮影編」
を公開しました！
パンツスーツスタイルのクールな町長、必見です♪
ぜひご覧ください！"
https://www.inorimachi.com/fc_news/2023/0609150000.html,2023.06.09,まちの新聞「LIVE Blu-ray『Inori Minase LIVE TOUR glow』ジャケット撮影編」更新！,"ファンクラブページ内
「まちの新聞」
で
「LIVE Blu-ray『Inori Minase LIVE TOUR glow』ジャケット撮影編」
を公開しました！
幻想的な空間で行われた撮影の様子を、ぜひご覧ください！"
https://www.inorimachi.com/fc_news/2023/0616150000.html,2023.06.16,まちの新聞「11th Single『アイオライト』MUSIC VIDEO撮影編」更新！,"ファンクラブページ内
「まちの新聞」
で
「11th Single『アイオライト』MUSIC VIDEO撮影編」
を公開しました！----------
※5月16日 その4～5 更新しました！
----------
ジャケット撮影に続き、MUSIC VIDEO撮影当日の模様をレポート！
ぜひチェックしてください♪"
https://www.inorimachi.com/fc_news/2023/0619150000.html,2023.06.19,「Inori Minase LIVE TOUR 2023」会員先行優先予約受付開始のご案内,"「Inori Minase LIVE TOUR 2023」のファンクラブ会員チケット先行優先予約の受付を開始いたしました！
>> 公演情報はこちら！
●申し込み詳細
《申込受付期間》
6月19日(月)15:00～6月28日(水)18:00
《申込制限枚数》
各公演2枚まで
《当落発表》
7月6日(木)15:00予定
《入金期間》
7月6日(木)15:00～7月12日(水)23:59
●申し込み方法
チケット販売サイト「TAPIRS TICKET」を利用した電子チケットによる受付です。
事前に「
TAPIRS MEMBERS
」への会員登録が必要となります。
詳細は「
水瀬いのりオフィシャルファンクラブ『いのりまち』電子チケット利用案内
」をご確認ください。
《受付ページ》
ファンクラブページメニュー内「
チケット
」より、該当の受付バナーをクリックの上、画面の案内に従ってお手続きください。
※ファンクラブ会員限定のチケット受付となりますため、「TAPIRS TICKET」内「受付一覧」には受付ページは表示されません。
【ご注意】
※これまでのチケット受付サイトとは異なります。新たに「
TAPIRS MEMBERS
」への会員登録が必要となります。
※受付ページ記載の注意事項を必ずご確認ください。ご了承いただきました上でのお手続きとなります。
※受付は先着順ではございません。申し込み者多数の場合、抽選にて当落を決定いたします。
※複数公演当選された場合、当選されたすべてのチケットをご購入いただきます。その際、それぞれお支払いのお手続きが必要となります。
※受付開始・終了間際は、アクセスが集中し繋がりにくくなる場合もございます。時間に余裕をもってお手続きください。
※いかなる理由におきましても、申込受付期間終了後の申込み・キャンセル・変更はできません。
ご不明な点のある方は、必ず申込受付期間内にファンクラブまでお問い合わせください。
※チケットの申し込み・当落結果確認・ご入金には、各期間において会員期限内である必要があります。
当ファンクラブでは、会員期限終了後、1ヶ月は猶予期間として継続手続きが可能です。
例）2023/5/31期限の方　→　2023/6/30まで継続としてお手続きいただけます。
※本受付では、マッチングシステムを実施予定です。詳細につきましては改めてご案内いたします。
なお、マッチングシステムとはチケットをご購入いただいた後に、やむを得ない理由によりライブへの参加が不可能になってしまった場合のみ、
チケットを定価で譲渡できるよう仲介するシステムです。
----------------------------
♪入会をご検討の方へ
チケットの申込受付期間終了までに、ファンクラブページより【クレジットカード決済・コンビニ／ペイジー支払】にてご入会(入金完了まで)いただきますとチケットのお申し込みが可能です！
>> ご入会はこちらから！
【ご注意】
※Loppi／ローソンチケット、郵便振込からのお手続きは期日が異なります。
下記期日を過ぎた場合、チケットはお申し込みいただけません。ご注意ください。
・Loppi／ローソンチケット：6月25日(日)
・郵便振込：6月25日(日)
※チケット申込受付期間は6月28日(水)18:00に終了します。時間に余裕を持ってお手続きください。
【お問い合わせ先】
●チケット受付～発券に関するお問い合わせ先
チケットインフォメーション：
お問い合わせフォーム
※申し込み方法・当落確認・支払い方法・チケット発券に関するお問い合わせはこちらです。
※お問い合わせの際は公演名欄に『水瀬いのりツアー2023』とご入力ください。
※夏季休業：2023年8月10日(木)～2023年8月17日(木)
●ファンクラブ会員ページログイン・その他に関するお問い合わせ先
水瀬いのりオフィシャルファンクラブ「いのりまち」
MAIL：
contact@inorimachi.com
※お名前のないメールにはお返事いたしかねます。（会員の方は会員番号もご明記ください）
※メールでのお問い合わせは、返信までに最大1週間ほどお時間がかかります。
※お問い合せの前にファンクラブからのメールを受信できるよう、下記メールアドレスの受信設定をお願いいたします。
・contact@inorimachi.com
・mail@inorimachi.com"
https://www.inorimachi.com/fc_news/2023/0623150000.html,2023.06.23,まちの新聞「『Inori Minase LIVE TOUR glow』Blu-ray発売記念衣装展レポート」更新！,"ファンクラブページ内
「まちの新聞」
で
「『Inori Minase LIVE TOUR glow』Blu-ray発売記念衣装展レポート」
を公開しました！4月に開催された衣装展の様子をお届けします。
ぜひチェックしてください♪"
https://www.inorimachi.com/fc_news/2023/0628150000.html,2023.06.28,ファンクラブ会報「いのりまちだより」22号発送開始のお知らせ,"ファンクラブ会報「いのりまちだより」22号の発送を、6月28日(水)に開始いたしました！
2023年7月12日(水)
になりましてもお手元に届かない場合は、
下記期間内にファンクラブまでお問い合わせください。
■未着問い合わせ期間
7月12日(水)～7月26日(水)
※こちらの問い合わせ期間は6月14日(水)までにご入会・ご継続いただいた方を対象としております。
6月15日(木)以降にご入会・ご継続いただいた方は発送完了メール記載の未着問い合わせ期間をご確認ください。
■お問い合わせ先
MAIL：contact@inorimachi.com
件名：会報22号未着
本文：会員番号・氏名・住所・お問い合わせの詳細
※未着問い合わせ期間以降にご連絡をいただきましても対応いたしかねますのでご注意ください。
※6月末までにご入会いただいた方を対象に発送いたします。
※初回発送は、6月14日(水)までにご入会手続きを完了された方が対象です。
※6月15日(木)以降にご入会いただいた方へは、7月中旬より順次発送いたします。
※会報投稿は【6月29日(木)12:00】より受付を開始いたします。"
https://www.inorimachi.com/fc_news/2023/0629120000.html,2023.06.29,ファンクラブ会報「いのりまちだより」投稿受付開始！,"ファンクラブ会報「いのりまちだより」23号の投稿受付を開始いたしました！
町長へのメッセージやアニメ、イベント、会報の感想、イラストやコーナーへの投稿などなど、みなさんのおたよりをお送りください♪
【ファンクラブページからの投稿】
ファンクラブページログイン後、「ポスト」からご投稿ください。
投稿締切：7月24日(月)18:00
【郵便での投稿】
〒160-0023
東京都新宿区西新宿1-19-6 山手新宿ビル11F
水瀬いのりオフィシャルファンクラブ「いのりまち」○○○(各コーナー名)係
投稿締切：7月24日(月)必着
たくさんの投稿、お待ちしております♪"
https://www.inorimachi.com/fc_news/2023/0706150000.html,2023.07.06,「Inori Minase LIVE TOUR 2023 SCRAP ART」会員先行優先予約当落結果のご案内,"「Inori Minase LIVE TOUR 2023 SCRAP ART」ファンクラブ会員チケット先行優先予約にお申し込みいただきました方へ、
当落結果のご案内を開始いたしました。
《当落確認・入金期間》
7月12日(水)23:59まで
●当落結果について
チケット販売サイト「TAPIRS TICKET」内「チケット申込み履歴」よりご確認いただけます。
※ファンクラブページメニュー内「チケット」より、該当の受付バナーをクリックいただくとログインが可能です。
また、チケット受付サイト「
TAPIRS MEMBERS
」にご登録いただいたメールアドレス宛に『抽選結果のお知らせ』メールをお送りしております。
●お支払いについて
詳細につきましては下記ページの「支払いについて」よりご確認ください。
https://ticket.re-tapirs.com/mp/faq
【ご注意】
・チケットのお申し込み・当落結果確認・ご入金には、各期間において会員期限内である必要があります。
・公演終了後まで「TAPIRS MEMBERS」の会員登録は削除されないようお願いいたします。
・ファンクラブページ内では当落結果は確認できません。ご注意ください。
・いかなる理由におきましても、当選されたチケットのキャンセル・変更はできません。
・複数公演当選された場合、当選されたすべてのチケットをご購入いただきます。
・当落結果メール未着によるチケット代の未入金等には対応をいたしかねます。
・入金に不備・不明な点がある場合、選択した決済方法以外での入金や支払期限後の入金はすべて手数料を差し引き返金いたします。
その際、当選は無効となりチケットのご用意はできかねます。
・当選確定後、入金期間内にチケット代金の入金がない場合、今後ファンクラブで取り扱うオリジナルグッズ・チケット等の購入をお断りいたします。
【お問い合わせ先】
●チケット受付～発券に関するお問い合わせ先
チケットインフォメーション：
お問い合わせフォーム
※申し込み方法・当落確認・支払い方法・チケット発券に関するお問い合わせはこちらです。
※お問い合わせの際は公演名欄に『水瀬いのりツアー2023』とご入力ください。
※夏季休業：2023年8月10日(木)～2023年8月17日(木)
●ファンクラブ会員ページログイン・その他に関するお問い合わせ先
水瀬いのりオフィシャルファンクラブ「いのりまち」
MAIL：
contact@inorimachi.com
※お名前のないメールにはお返事いたしかねます。（会員の方は会員番号もご明記ください）
※メールでのお問い合わせは、返信までに最大1週間ほどお時間がかかります。
※お問い合わせの前にファンクラブからのメールを受信できるよう、下記メールアドレスの受信設定をお願いいたします。
・contact@inorimachi.com
・mail@inorimachi.com"
https://www.inorimachi.com/fc_news/2023/0714150000.html,2023.07.14,「Inori Minase LIVE TOUR 2023 SCRAP ART」会員先行優先予約マッチングシステム受付のご案内,"「Inori Minase LIVE TOUR 2023 SCRAP ART」ファンクラブ会員チケット先行優先予約では、マッチングシステムを実施いたします。
----------------------------
〈マッチングシステムとは〉
チケットをご購入いただいた後に、やむを得ない理由によりライブへの参加が不可能になってしまった場合のみ、チケットを定価で譲渡できるよう仲介するシステムです。
※譲渡希望と購入希望が合致した場合にのみ成立となります。
譲渡不成立の場合、払い戻しはいたしかねますので、ご了承ください。また、譲渡者を指定することはできません。
※ご当選時のお支払いは「クレジットカード」のみとなります。
----------------------------
>> 公演情報はこちら！
●申し込み詳細
【A区分：兵庫・宮城公演】
《申込受付期間》
7月28日(金)15:00～8月2日(水)17:00
《当落発表》
8月10日(木)15:00予定
【B区分：愛知・福岡公演】
《申込受付期間》
8月25日(金)15:00～8月30日(水)17:00
《当落発表》
9月6日(水)15:00予定
【C区分：神奈川公演】
《申込受付期間》
9月7日(木)15:00～9月12日(火)17:00
《当落発表》
9月21日(木)15:00予定
●申し込み対象
■譲渡希望
「Inori Minase LIVE TOUR 2023」会員先行優先予約にて【対象公演】のチケットを購入された方
※譲渡希望登録の際には、下記が必要になります。
・会員番号(半角数字5桁)
・いのりまちから後日発行される、『「Inori Minase LIVE TOUR 2023 SCRAP ART」マッチング専用パスワード』
(マッチング専用パスワードは、後日ファンクラブ登録のメールアドレス宛にメールにてご案内いたします。
メールが未着の方は、ファンクラブページ「まち役場」内、「お知らせメール一覧」にて控えをご確認ください)
■購入希望
申し込み受付期限までにご入会された会員期限内の方
(新規ご入会をご希望の方は下部の対象入金日をあわせてご確認ください)
※下記内容に該当する方は『水瀬いのりオフィシャルファンクラブ会員マッチングシステム』にてチケット購入はできませんので、予めご了承ください。
・同一公演のチケットが当選(購入)した方
・同一公演の譲渡希望を出した方
●申し込み方法
チケット販売サイト「TAPIRS TICKET」を利用した電子チケットによる受付です。
詳細は「
水瀬いのりオフィシャルファンクラブ『いのりまち』電子チケット利用案内
」をご確認ください。
《受付ページ》
ファンクラブページメニュー内「チケット」より、該当の受付バナーをクリックの上、画面の案内に従ってお手続きください。
※ファンクラブ会員限定のチケット受付となりますため、「TAPIRS TICKET」内「受付一覧」には受付ページは表示されません。
【ご注意】
※これまでのチケット受付サイトとは異なります。新たに「
TAPIRS MEMBERS
」への会員登録が必要となります。
※受付ページは、お申し込み受付期間になりましたらログインいただけます。
※受付ページ記載の注意事項を必ずご確認ください。ご了承いただきました上でのお手続きとなります。
※必ず譲渡・購入ができるものではありませんので、予めご了承ください。
※受付開始・終了間際は、アクセスが集中し繋がりにくくなる場合もございます。時間に余裕をもってお手続きください。
※いかなる理由におきましても、申込受付期間終了後の申し込み・キャンセル・変更はできません。
ご不明な点のある方は、必ず申込受付期間内にファンクラブまでお問い合わせください。
※チケットの申し込み・当落結果確認・ご入金には、各期間において会員期限内である必要があります。
当ファンクラブでは、会員期限終了後、1ヶ月は猶予期間として継続手続きが可能です。
例）2023/7/31期限の方　→　2023/8/31まで継続としてお手続きいただけます。
----------------------------
♪入会をご検討の方へ
チケットの申込受付期間終了までに、ファンクラブページより【クレジットカード決済・コンビニ／ペイジー支払】にてご入会(入金完了まで)いただきますとチケットのお申し込みが可能です！
>> ご入会はこちらから！
【ご注意】
※Loppi／ローソンチケット、郵便振込からのお手続きは期日が異なります。
下記期日を過ぎた場合、チケットはお申し込みいただけません。ご注意ください。
・Loppi／ローソンチケット、郵便振込：【A区分】7月30日(日) 、【B区分】8月27日(日)、【C区分】9月3日(日)
※チケット申込受付期間をよくお確かめの上、時間に余裕を持ってお手続きください。
----------------------------
【お問い合わせ先】
●チケット受付～発券に関するお問い合わせ先
チケットインフォメーション：
お問い合わせフォーム
※お問い合わせの際は公演名欄に『水瀬いのりツアー2023』とご入力ください。
※夏季休業：2023年8月10日(木)～2023年8月17日(木)
●ファンクラブ会員ページログイン・その他に関するお問い合わせ先
水瀬いのりオフィシャルファンクラブ「いのりまち」
MAIL：
contact@inorimachi.com
※お名前のないメールにはお返事いたしかねます。（会員の方は会員番号もご明記ください）
※メールでのお問い合わせは、返信までに最大1週間ほどお時間がかかります。
※お問い合せの前にファンクラブからのメールを受信できるよう、下記メールアドレスの受信設定をお願いいたします。
・contact@inorimachi.com
・mail@inorimachi.com"
https://www.inorimachi.com/fc_news/2023/0720150000.html,2023.07.20,ファンクラブページ更新！,"「いのりまち」ファンクラブページを更新いたしました！
●まちの映画館
ファンクラブページ内
「まちの映画館」
を更新しました！
会報コーナー「おしえて！町長」の出張版として、みなさんからの質問に動画で町長が答えます♪
●まちの新聞
ファンクラブページ内
「まちの新聞」
を更新しました！
みなさんからいただいたおたよりをご紹介しております。
ぜひチェックしてみてください♪"
https://www.inorimachi.com/fc_news/2023/0728150000.html,2023.07.28,「Inori Minase LIVE TOUR 2023 SCRAP ART」会員先行優先予約マッチングシステム【A区分：兵庫・宮城公演】受付開始のご案内,"「Inori Minase LIVE TOUR 2023 SCRAP ART」会員先行優先予約マッチングシステム【A区分：兵庫・宮城公演】受付を開始いたしました。
>> 公演情報はこちら！
----------------------------
〈マッチングシステムとは〉
チケットをご購入いただいた後に、やむを得ない理由によりライブへの参加が不可能になってしまった場合のみ、チケットを定価で譲渡できるよう仲介するシステムです。
※譲渡希望と購入希望が合致した場合にのみ成立となります。
譲渡不成立の場合、チケットは変わらず元のご購入者様のものとなり、払い戻しはいたしかねますので、ご了承ください。
また、譲渡者を指定することはできません。
----------------------------
●申し込み詳細
【A区分：兵庫・宮城公演】
《申込受付期間》
7月28日(金)15:00～8月2日(水)17:00
《申込制限枚数》
各公演2枚まで
《当落発表・入金期間》
8月10日(木)15:00予定
●申し込み対象
■譲渡希望
「Inori Minase LIVE TOUR 2023」会員先行優先予約にて【兵庫・宮城公演】のチケットを購入された方
※2枚でご購入の方が1枚のみ譲渡登録を行うことはできません。譲渡する場合は2枚まとめての譲渡登録となります。
■購入希望
申し込み受付期限までにご入会された会員期限内の方
(新規ご入会をご希望の方は下部の対象入金日をあわせてご確認ください)
※下記内容に該当する方は『水瀬いのりオフィシャルファンクラブ会員マッチングシステム』にてチケット購入はできませんので、予めご了承ください。
・同一公演のチケットが当選(購入)した方
・同一公演の譲渡希望を出した方
●申し込み方法
《受付ページ》
ファンクラブページメニュー内「チケット」より、該当の受付バナーをクリックの上、画面の案内に従ってお手続きください。
※ファンクラブ会員限定のチケット受付となりますため、「TAPIRS TICKET」内「受付一覧」には受付ページは表示されません。
※譲渡希望と購入希望でログイン情報が異なります。
■譲渡希望
譲渡希望時に必要なログインパスワード
①会員番号(半角数字5桁)
②いのりまち発行の『「Inori Minase LIVE TOUR 2023 SCRAP ART」マッチング専用パスワード』
(マッチング専用パスワードは、ファンクラブ登録のメールアドレス宛にメールにて7月28日(金)正午よりご案内しております。
メールが未着の方は、ファンクラブページ「まち役場」内、「お知らせメール一覧」にて控えをご確認ください)
■購入希望
チケット販売サイト「TAPIRS TICKET」を利用した電子チケットによる受付です。
事前に「
TAPIRS MEMBERS
」への会員登録が必要となります。
詳細は「
水瀬いのりオフィシャルファンクラブ『いのりまち』電子チケット利用案内
」をご確認ください。
【ご注意】
※受付ページ記載の注意事項を必ずご確認ください。ご了承いただきました上でのお手続きとなります。
※必ず譲渡・購入ができるものではありませんので、予めご了承ください。
※受付開始・終了間際は、アクセスが集中し繋がりにくくなる場合もございます。時間に余裕をもってお手続きください。
※いかなる理由におきましても、申込受付期間終了後の申し込み・キャンセル・変更はできません。
ご不明な点のある方は、必ず申込受付期間内にファンクラブまでお問い合わせください。
※チケットの申し込み・当落結果確認・ご入金には、各期間において会員期限内である必要があります。
当ファンクラブでは、会員期限終了後、1ヶ月は猶予期間として継続手続きが可能です。
例）2023/7/31期限の方　→　2023/8/31まで継続としてお手続きいただけます。
●マッチングシステム利用料・支払い方法
■マッチングシステム利用料
チケット1枚につき、330円（税込）
■チケット代金支払い方法
クレジットカードのみ
※ご当選時に自動的に決済されます。
※ご登録情報の誤りや、利用限度額の不足など、何らかの理由により抽選時に決済不備となった場合は""落選""となります。申し込み受付期間終了までに、クレジットカードの有効期限、利用可能な金額を必ずお確かめください。
----------------------------
♪入会をご検討の方へ
チケットの申込受付期間終了までに、ファンクラブページより【クレジットカード決済・コンビニ／ペイジー支払】にてご入会(入金完了まで)いただきますとチケットのお申し込みが可能です！
>> ご入会はこちらから！
【ご注意】
※Loppi／ローソンチケット、郵便振込からのお手続きは期日が異なります。
下記期日を過ぎた場合、チケットはお申し込みいただけません。ご注意ください。
・Loppi／ローソンチケット、郵便振込：【A区分】7月30日(日)
※チケット申込受付期間をよくお確かめの上、時間に余裕を持ってお手続きください。
----------------------------
【お問い合わせ先】
●マッチングシステム【購入】チケット受付～発券に関するお問い合わせ先
チケットインフォメーション：
お問い合わせフォーム
●マッチングシステム【譲渡】登録方法・当落確認・返金方法に関するお問い合わせ先
チケットインフォメーション：
お問い合わせフォーム
※マッチングシステム【購入】【譲渡】お問い合わせの際は公演名欄に『水瀬いのりツアー2023』とご入力ください。
※夏季休業：2023年8月10日(木)～2023年8月17日(木)
●ファンクラブ会員ページログイン・その他に関するお問い合わせ先
水瀬いのりオフィシャルファンクラブ「いのりまち」
MAIL：
contact@inorimachi.com
※お名前のないメールにはお返事いたしかねます。（会員の方は会員番号もご明記ください）
※メールでのお問い合わせは、返信までに最大1週間ほどお時間がかかります。
※お問い合せの前にファンクラブからのメールを受信できるよう、下記メールアドレスの受信設定をお願いいたします。
・contact@inorimachi.com
・mail@inorimachi.com"
https://www.inorimachi.com/fc_news/2023/0810150000.html,2023.08.10,「Inori Minase LIVE TOUR 2023 SCRAP ART」会員先行優先予約マッチングシステム【A区分：兵庫・宮城公演】当落結果のご案内,"「Inori Minase LIVE TOUR 2023 SCRAP ART」会員先行優先予約マッチングシステム【A区分：兵庫・宮城公演】にお申し込みいただきました方へ、当落結果のご案内を開始いたしました。
《当落発表》
8月10日(木)15:00予定
●当落結果について
----------------------------------------------
■購入のお申し込みをされた方
チケット販売サイト「TAPIRS TICKET」内「チケット申込み履歴」よりご確認いただけます。
※ファンクラブページメニュー内「チケット」より、該当の受付バナーをクリックいただくとログインが可能です。
また、チケット受付サイト「
TAPIRS MEMBERS
」にご登録いただいたメールアドレス宛に『抽選結果のお知らせ』メールをお送りしております。
----------------------------------------------
■譲渡のお申し込みをされた方
当落結果確認期間内にマッチング用マイページ「申込み詳細」にて当落結果を必ずご確認ください。
マッチング用マイページは
こちら
譲渡希望登録サイトのログインパスワード
①会員番号(半角数字5桁)
②いのりまち発行の『「Inori Minase LIVE TOUR 2023 SCRAP ART」マッチング専用パスワード』
(マッチング専用パスワードは、ファンクラブ登録のメールアドレス宛にメールにて7月28日(金)正午よりご案内しております。
メールが未着の方は、ファンクラブページ「まち役場」内、「お知らせメール一覧」にて控えをご確認ください)
※受付期間内に【譲渡希望登録】された方を対象に厳正なる抽選の上、譲渡成立の場合、ご返金させていただきます。
※譲渡成立となった時点でチケットは【購入希望者】のものとなります。譲渡成立後のキャンセルはできません。予めご了承ください。
※譲渡成立の場合、下記の手順に沿って返金の手続きを行ってください。
※譲渡不成立の場合、チケットは変わらず元のご購入者様のものとなりチケットを発券させていただきますので、チケット代金の返金もございません。予めご了承ください。
●譲渡成立時の返金方法
譲渡成立した場合のみ、公演終了後にマッチングシステム利用料を差し引いた金額をご返金させていただきます。
《返金手続き期間》
【A区分：兵庫・宮城公演】：2023年10月中旬～2024年1月中旬頃まで
《返金方法》
返金手続き期間になりましたら、譲渡成立された方へ、譲渡希望登録時にご登録いただいたメールアドレス宛に返金手続き開始のメールが送信されます。
期限までにマッチング用マイページより返金手続きを行ってください。
返金手続きの流れは
こちら
をご確認ください。
※チケット購入時の各種手数料は返金の対象外となりますので、予めご了承ください。
※マッチングシステム利用料は、チケット1枚につき330円(税込)です。
※返金手続きは、GMOペイメントゲートウェイの返金システムを使用させていただきます。事前に「@gmo-pg.com」からのメールを受信できるように設定してください。
----------------------------------------------
【ご注意】
・チケットのお申し込み・当落結果確認・ご入金には、各期間において会員期限内である必要があります。
・公演終了後まで「TAPIRS MEMBERS」の会員登録は削除されないようお願いいたします。
・ファンクラブページ内では当落結果は確認できません。ご注意ください。
・いかなる理由におきましても、当選されたチケットのキャンセル・変更はできません。
・複数公演当選された場合、当選されたすべてのチケットをご購入いただきます。
・当選確定後、入金期間内にチケット代金の入金がない場合、当選は無効となりチケットのご用意は出来かねます。また、今後ファンクラブで取り扱うオリジナルグッズ・チケット等の購入をお断りいたします。
【お問い合わせ先】
●マッチングシステム【購入】チケット受付～発券に関するお問い合わせ先
チケットインフォメーション：
お問い合わせフォーム
●マッチングシステム【譲渡】登録方法・当落確認・返金方法に関するお問い合わせ先
チケットインフォメーション：
お問い合わせフォーム
※マッチングシステム【購入】【譲渡】お問い合わせの際は公演名欄に『水瀬いのりツアー2023』とご入力ください。
※夏季休業：2023年8月10日(木)～2023年8月17日(木)
●ファンクラブ会員ページログイン・その他に関するお問い合わせ先
水瀬いのりオフィシャルファンクラブ「いのりまち」
MAIL：
contact@inorimachi.com
※お名前のないメールにはお返事いたしかねます。（会員の方は会員番号もご明記ください）
※メールでのお問い合わせは、返信までに最大1週間ほどお時間がかかります。
※お問い合せの前にファンクラブからのメールを受信できるよう、下記メールアドレスの受信設定をお願いいたします。
・contact@inorimachi.com
・mail@inorimachi.com"
https://www.inorimachi.com/fc_news/2023/0825150000.html,2023.08.25,ファンクラブ会報「いのりまちだより」23号発行決定！,"ファンクラブ会報
「いのりまちだより」23号
の発行が決定しました！
23号の発送は9月下旬を予定しております。
今回は12thシングル『スクラップアート』＆
『Inori Minase LIVE TOUR 2023 SCRAP ART』グッズ撮影を大特集！
その他、撮影レポートや町民さんと町長の交流コーナーなど、
ここでしか見られない情報が満載の会報です♪
住所変更を希望される方は
【9月11日(月)15:00まで】
に
ファンクラブページログイン後、「まち役場」よりお手続きください。
住所変更がない方も、今一度ご登録内容のご確認をお願いいたします。
※会報23号は、9月30日(土)までにご入会(入金完了まで)くださった方にお送りします。
※変更手続きがなく発送物未着のお問い合わせをいただいた場合、対応をいたしかねます。
※発送完了後は、まちの回覧板にてお知らせします。"
https://www.inorimachi.com/fc_news/2023/0825150001.html,2023.08.25,「Inori Minase LIVE TOUR 2023 SCRAP ART」会員先行優先予約マッチングシステム【B区分：愛知・福岡公演】受付開始のご案内,"「Inori Minase LIVE TOUR 2023 SCRAP ART」会員先行優先予約マッチングシステム【B区分：愛知・福岡公演】受付を開始いたしました。
>> 公演情報はこちら！
----------------------------
〈マッチングシステムとは〉
チケットをご購入いただいた後に、やむを得ない理由によりライブへの参加が不可能になってしまった場合のみ、チケットを定価で譲渡できるよう仲介するシステムです。
※譲渡希望と購入希望が合致した場合にのみ成立となります。
譲渡不成立の場合、チケットは変わらず元のご購入者様のものとなり、払い戻しはいたしかねますので、ご了承ください。
また、譲渡者を指定することはできません。
----------------------------
●申し込み詳細
【B区分：愛知・福岡公演】
《申込受付期間》
8月25日(金)15:00～8月30日(水)17:00
《申込制限枚数》
各公演2枚まで
《当落発表・入金期間》
9月6日(水)15:00予定
●申し込み対象
■譲渡希望
「Inori Minase LIVE TOUR 2023」会員先行優先予約にて【愛知・福岡公演】のチケットを購入された方
※2枚でご購入の方が1枚のみ譲渡登録を行うことはできません。譲渡する場合は2枚まとめての譲渡登録となります。
■購入希望
申し込み受付期限までにご入会された会員期限内の方
(新規ご入会をご希望の方は下部の対象入金日をあわせてご確認ください)
※下記内容に該当する方は『水瀬いのりオフィシャルファンクラブ会員マッチングシステム』にてチケット購入はできませんので、予めご了承ください。
・同一公演のチケットが当選(購入)した方
・同一公演の譲渡希望を出した方
●申し込み方法
《受付ページ》
ファンクラブページメニュー内「チケット」より、該当の受付バナーをクリックの上、画面の案内に従ってお手続きください。
※ファンクラブ会員限定のチケット受付となりますため、「TAPIRS TICKET」内「受付一覧」には受付ページは表示されません。
※譲渡希望と購入希望でログイン情報が異なります。
■譲渡希望
譲渡希望時に必要なログインパスワード
①会員番号(半角数字5桁)
②いのりまち発行の『「Inori Minase LIVE TOUR 2023 SCRAP ART」マッチング専用パスワード』
(マッチング専用パスワードは、ファンクラブ登録のメールアドレス宛にメールにて7月28日(金)正午よりご案内しております。
メールが未着の方は、ファンクラブページ「まち役場」内、「お知らせメール一覧」にて控えをご確認ください)
■購入希望
チケット販売サイト「TAPIRS TICKET」を利用した電子チケットによる受付です。
事前に「
TAPIRS MEMBERS
」への会員登録が必要となります。
詳細は「
水瀬いのりオフィシャルファンクラブ『いのりまち』電子チケット利用案内
」をご確認ください。
【ご注意】
※受付ページ記載の注意事項を必ずご確認ください。ご了承いただきました上でのお手続きとなります。
※必ず譲渡・購入ができるものではありませんので、予めご了承ください。
※受付開始・終了間際は、アクセスが集中し繋がりにくくなる場合もございます。時間に余裕をもってお手続きください。
※いかなる理由におきましても、申込受付期間終了後の申し込み・キャンセル・変更はできません。
ご不明な点のある方は、必ず申込受付期間内にファンクラブまでお問い合わせください。
※チケットの申し込み・当落結果確認・ご入金には、各期間において会員期限内である必要があります。
当ファンクラブでは、会員期限終了後、1ヶ月は猶予期間として継続手続きが可能です。
例）2023/7/31期限の方　→　2023/8/31まで継続としてお手続きいただけます。
●マッチングシステム利用料・支払い方法
■マッチングシステム利用料
チケット1枚につき、330円（税込）
■チケット代金支払い方法
クレジットカードのみ
※ご当選時に自動的に決済されます。
※ご登録情報の誤りや、利用限度額の不足など、何らかの理由により抽選時に決済不備となった場合は""落選""となります。申し込み受付期間終了までに、クレジットカードの有効期限、利用可能な金額を必ずお確かめください。
----------------------------
♪入会をご検討の方へ
チケットの申込受付期間終了までに、ファンクラブページより【クレジットカード決済・コンビニ／ペイジー支払】にてご入会(入金完了まで)いただきますとチケットのお申し込みが可能です！
>> ご入会はこちらから！
【ご注意】
※Loppi／ローソンチケット、郵便振込からのお手続きは期日が異なります。
下記期日を過ぎた場合、チケットはお申し込みいただけません。ご注意ください。
・Loppi／ローソンチケット、郵便振込：【B区分】8月27日(日)
※チケット申込受付期間をよくお確かめの上、時間に余裕を持ってお手続きください。
----------------------------
【お問い合わせ先】
●マッチングシステム【購入】チケット受付～発券に関するお問い合わせ先
チケットインフォメーション：
お問い合わせフォーム
●マッチングシステム【譲渡】登録方法・当落確認・返金方法に関するお問い合わせ先
チケットインフォメーション：
お問い合わせフォーム
※マッチングシステム【購入】【譲渡】お問い合わせの際は公演名欄に『水瀬いのりツアー2023』とご入力ください。
●ファンクラブ会員ページログイン・その他に関するお問い合わせ先
水瀬いのりオフィシャルファンクラブ「いのりまち」
MAIL：
contact@inorimachi.com
※お名前のないメールにはお返事いたしかねます。（会員の方は会員番号もご明記ください）
※メールでのお問い合わせは、返信までに最大1週間ほどお時間がかかります。
※お問い合せの前にファンクラブからのメールを受信できるよう、下記メールアドレスの受信設定をお願いいたします。
・contact@inorimachi.com
・mail@inorimachi.com"
https://www.inorimachi.com/fc_news/2023/0829150000.html,2023.08.29,まちの新聞「12thシングル『スクラップアート』ジャケット撮影編」更新！,"ファンクラブページ内
「まちの新聞」
で
「12thシングル『スクラップアート』ジャケット撮影編」
を公開しました！
公式サイトのTOP画像と合わせてご覧ください♪"
https://www.inorimachi.com/fc_news/2023/0901150000.html,2023.09.01,「Inori Minase LIVE TOUR 2023 SCRAP ART」ファンクラブカウンター設置のお知らせ,"「Inori Minase LIVE TOUR 2023 SCRAP ART」の各会場におきまして、ファンクラブカウンターを設置いたします。
〈設置場所〉
グッズ販売エリア付近
〈対応時間〉
グッズ販売開始時刻～終演後
※開演中の受付はいたしません。
〈受付内容〉
●入会
会場にてご入会いただいた方には会報誌を先着でプレゼント！
初年度会費：￥5,500(入会金￥1,100＋年会費￥4,400)
●継続
会員期限が【2024年3月31日】までの方を対象に、会場にて継続手続きの受付を行います！
継続年会費：￥4,400(2年目以降)
会場でのお手続きは手数料がかかりません。
ぜひこの機会をご利用ください♪"
https://www.inorimachi.com/fc_news/2023/0905150000.html,2023.09.05,まちの新聞「『Inori Minase LIVE TOUR 2023 SCRAP ART』グッズ撮影編」更新！,"ファンクラブページ内
「まちの新聞」
で
「『Inori Minase LIVE TOUR 2023 SCRAP ART』グッズ撮影編」
を公開しました！
グッズ2次通信販売&当日販売も決定しておりますので、ツアー特設ページのGOODS LINEUPとあわせてぜひご覧ください♪
【詳しくはこちら】"
https://www.inorimachi.com/fc_news/2023/0906150000.html,2023.09.06,「Inori Minase LIVE TOUR 2023 SCRAP ART」会員先行優先予約マッチングシステム【B区分：愛知・福岡公演】当落結果のご案内,"「Inori Minase LIVE TOUR 2023 SCRAP ART」会員先行優先予約マッチングシステム【B区分：愛知・福岡公演】にお申し込みいただきました方へ、当落結果のご案内を開始いたしました。
《当落発表》
9月6日(水)15:00
●当落結果について
----------------------------------------------
■購入のお申し込みをされた方
チケット販売サイト「TAPIRS TICKET」内「チケット申込み履歴」よりご確認いただけます。
※ファンクラブページメニュー内「チケット」より、該当の受付バナーをクリックいただくとログインが可能です。
また、チケット受付サイト「
TAPIRS MEMBERS
」にご登録いただいたメールアドレス宛に『抽選結果のお知らせ』メールをお送りしております。
----------------------------------------------
■譲渡のお申し込みをされた方
当落結果確認期間内にマッチング用マイページ「申込み詳細」にて当落結果を必ずご確認ください。
マッチング用マイページは
こちら
譲渡希望登録サイトのログインパスワード
①会員番号(半角数字5桁)
②いのりまち発行の『「Inori Minase LIVE TOUR 2023 SCRAP ART」マッチング専用パスワード』
(マッチング専用パスワードは、ファンクラブ登録のメールアドレス宛にメールにて7月28日(金)正午よりご案内しております。
メールが未着の方は、ファンクラブページ「まち役場」内、「お知らせメール一覧」にて控えをご確認ください)
※受付期間内に【譲渡希望登録】された方を対象に厳正なる抽選の上、譲渡成立の場合、ご返金させていただきます。
※譲渡成立となった時点でチケットは【購入希望者】のものとなります。譲渡成立後のキャンセルはできません。予めご了承ください。
※譲渡成立の場合、下記の手順に沿って返金の手続きを行ってください。
※譲渡不成立の場合、チケットは変わらず元のご購入者様のものとなりチケットを発券させていただきますので、チケット代金の返金もございません。予めご了承ください。
●譲渡成立時の返金方法
譲渡成立した場合のみ、公演終了後にマッチングシステム利用料を差し引いた金額をご返金させていただきます。
《返金手続き期間》
【B区分：愛知・福岡公演】2023年11月上旬～2024年1月末頃まで
《返金方法》
返金手続き期間になりましたら、譲渡成立された方へ、譲渡希望登録時にご登録いただいたメールアドレス宛に返金手続き開始のメールが送信されます。
期限までにマッチング用マイページより返金手続きを行ってください。
返金手続きの流れは
こちら
をご確認ください。
※チケット購入時の各種手数料は返金の対象外となりますので、予めご了承ください。
※マッチングシステム利用料は、チケット1枚につき330円(税込)です。
※返金手続きは、GMOペイメントゲートウェイの返金システムを使用させていただきます。事前に「@gmo-pg.com」からのメールを受信できるように設定してください。
----------------------------------------------
【ご注意】
・チケットのお申し込み・当落結果確認・ご入金には、各期間において会員期限内である必要があります。
・公演終了後まで「TAPIRS MEMBERS」の会員登録は削除されないようお願いいたします。
・ファンクラブページ内では当落結果は確認できません。ご注意ください。
・いかなる理由におきましても、当選されたチケットのキャンセル・変更はできません。
・複数公演当選された場合、当選されたすべてのチケットをご購入いただきます。
・当選確定後、入金期間内にチケット代金の入金がない場合、当選は無効となりチケットのご用意は出来かねます。また、今後ファンクラブで取り扱うオリジナルグッズ・チケット等の購入をお断りいたします。
【お問い合わせ先】
●マッチングシステム【購入】チケット受付～発券に関するお問い合わせ先
チケットインフォメーション：
お問い合わせフォーム
●マッチングシステム【譲渡】登録方法・当落確認・返金方法に関するお問い合わせ先
チケットインフォメーション：
お問い合わせフォーム
※マッチングシステム【購入】【譲渡】お問い合わせの際は公演名欄に『水瀬いのりツアー2023』とご入力ください。
●ファンクラブ会員ページログイン・その他に関するお問い合わせ先
水瀬いのりオフィシャルファンクラブ「いのりまち」
MAIL：
contact@inorimachi.com
※お名前のないメールにはお返事いたしかねます。（会員の方は会員番号もご明記ください）
※メールでのお問い合わせは、返信までに最大1週間ほどお時間がかかります。
※お問い合せの前にファンクラブからのメールを受信できるよう、下記メールアドレスの受信設定をお願いいたします。
・contact@inorimachi.com
・mail@inorimachi.com"
https://www.inorimachi.com/fc_news/2023/0907150000.html,2023.09.07,ファンクラブページ更新！,"「いのりまち」ファンクラブページを更新いたしました！
●TOP画像
ファンクラブページTOP画像がリニューアル♪♪
ぜひ
ログイン
してみてくださいね！
●まちの映画館
ファンクラブページ内
「まちの映画館」
を更新しました！
TOP画像撮影の様子を町長にお話ししてもらいました♪
●「まちうけ」画像
ファンクラブページ
「まちうけ」
の画像を更新しました♪
期間限定での配信です！
町民さんはダウンロードをお忘れなく！
※画像の無断転載、複製、加工、または再配布する行為はご遠慮ください(ウェブサイト・SNSを含む)。"
https://www.inorimachi.com/fc_news/2023/0907150001.html,2023.09.07,「Inori Minase LIVE TOUR 2023 SCRAP ART」会員先行優先予約マッチングシステム【C区分：神奈川公演】受付開始のご案内,"「Inori Minase LIVE TOUR 2023 SCRAP ART」会員先行優先予約マッチングシステム【C区分：神奈川公演】受付を開始いたしました。
>> 公演情報はこちら！
----------------------------
〈マッチングシステムとは〉
チケットをご購入いただいた後に、やむを得ない理由によりライブへの参加が不可能になってしまった場合のみ、チケットを定価で譲渡できるよう仲介するシステムです。
※譲渡希望と購入希望が合致した場合にのみ成立となります。
譲渡不成立の場合、チケットは変わらず元のご購入者様のものとなり、払い戻しはいたしかねますので、ご了承ください。
また、譲渡者を指定することはできません。
----------------------------
●申し込み詳細
【C区分：神奈川公演】
《申込受付期間》
9月7日(木)15:00～9月12日(火)17:00
《申込制限枚数》
各公演2枚まで
《当落発表・入金期間》
9月21日(木)15:00予定
●申し込み対象
■譲渡希望
「Inori Minase LIVE TOUR 2023」会員先行優先予約にて【神奈川公演】のチケットを購入された方
※2枚でご購入の方が1枚のみ譲渡登録を行うことはできません。譲渡する場合は2枚まとめての譲渡登録となります。
■購入希望
申し込み受付期限までにご入会された会員期限内の方
(新規ご入会をご希望の方は下部の対象入金日をあわせてご確認ください)
※下記内容に該当する方は『水瀬いのりオフィシャルファンクラブ会員マッチングシステム』にてチケット購入はできませんので、予めご了承ください。
・同一公演のチケットが当選(購入)した方
・同一公演の譲渡希望を出した方
●申し込み方法
《受付ページ》
ファンクラブページメニュー内「チケット」より、該当の受付バナーをクリックの上、画面の案内に従ってお手続きください。
※ファンクラブ会員限定のチケット受付となりますため、「TAPIRS TICKET」内「受付一覧」には受付ページは表示されません。
※譲渡希望と購入希望でログイン情報が異なります。
■譲渡希望
譲渡希望時に必要なログインパスワード
①会員番号(半角数字5桁)
②いのりまち発行の『「Inori Minase LIVE TOUR 2023 SCRAP ART」マッチング専用パスワード』
(マッチング専用パスワードは、ファンクラブ登録のメールアドレス宛にメールにて7月28日(金)正午よりご案内しております。
メールが未着の方は、ファンクラブページ「まち役場」内、「お知らせメール一覧」にて控えをご確認ください)
■購入希望
チケット販売サイト「TAPIRS TICKET」を利用した電子チケットによる受付です。
事前に「
TAPIRS MEMBERS
」への会員登録が必要となります。
詳細は「
水瀬いのりオフィシャルファンクラブ『いのりまち』電子チケット利用案内
」をご確認ください。
【ご注意】
※受付ページ記載の注意事項を必ずご確認ください。ご了承いただきました上でのお手続きとなります。
※必ず譲渡・購入ができるものではありませんので、予めご了承ください。
※受付開始・終了間際は、アクセスが集中し繋がりにくくなる場合もございます。時間に余裕をもってお手続きください。
※いかなる理由におきましても、申込受付期間終了後の申し込み・キャンセル・変更はできません。
ご不明な点のある方は、必ず申込受付期間内にファンクラブまでお問い合わせください。
※チケットの申し込み・当落結果確認・ご入金には、各期間において会員期限内である必要があります。
当ファンクラブでは、会員期限終了後、1ヶ月は猶予期間として継続手続きが可能です。
例）2023/7/31期限の方　→　2023/8/31まで継続としてお手続きいただけます。
●マッチングシステム利用料・支払い方法
■マッチングシステム利用料
チケット1枚につき、330円（税込）
■チケット代金支払い方法
クレジットカードのみ
※ご当選時に自動的に決済されます。
※ご登録情報の誤りや、利用限度額の不足など、何らかの理由により抽選時に決済不備となった場合は""落選""となります。申し込み受付期間終了までに、クレジットカードの有効期限、利用可能な金額を必ずお確かめください。
----------------------------
♪入会をご検討の方へ
チケットの申込受付期間終了までに、ファンクラブページより【クレジットカード決済・コンビニ／ペイジー支払】にてご入会(入金完了まで)いただきますとチケットのお申し込みが可能です！
>> ご入会はこちらから！
【ご注意】
※Loppi／ローソンチケット、郵便振込からのお手続きは期日が異なります。
下記期日を過ぎた場合、チケットはお申し込みいただけません。ご注意ください。
・Loppi／ローソンチケット、郵便振込：【C区分】9月3日(日)
※チケット申込受付期間をよくお確かめの上、時間に余裕を持ってお手続きください。
----------------------------
【お問い合わせ先】
●マッチングシステム【購入】チケット受付～発券に関するお問い合わせ先
チケットインフォメーション：
お問い合わせフォーム
●マッチングシステム【譲渡】登録方法・当落確認・返金方法に関するお問い合わせ先
チケットインフォメーション：
お問い合わせフォーム
※マッチングシステム【購入】【譲渡】お問い合わせの際は公演名欄に『水瀬いのりツアー2023』とご入力ください。
●ファンクラブ会員ページログイン・その他に関するお問い合わせ先
水瀬いのりオフィシャルファンクラブ「いのりまち」
MAIL：
contact@inorimachi.com
※お名前のないメールにはお返事いたしかねます。（会員の方は会員番号もご明記ください）
※メールでのお問い合わせは、返信までに最大1週間ほどお時間がかかります。
※お問い合せの前にファンクラブからのメールを受信できるよう、下記メールアドレスの受信設定をお願いいたします。
・contact@inorimachi.com
・mail@inorimachi.com"
https://www.inorimachi.com/fc_news/2023/0913150000.html,2023.09.13,「Inori Minase LIVE TOUR 2023 SCRAP ART」兵庫公演電子チケット発券開始のご案内,"ファンクラブ会員チケット先行優先予約並びにマッチングシステムにてチケットをご購入されました方へ、
「Inori Minase LIVE TOUR 2023 SCRAP ART」兵庫公演電子チケットの発券を開始いたしました。
●チケット受け取り方法
電子チケット(MOALA Ticket)
●電子チケット（MOALA Ticket）の表示方法
①
チケット申込み履歴
にログインし、対象公演の注文番号をクリックいただき、申込み詳細画面に表示されるURLより電子チケットを表示してください。
②電子チケットを表示すると氏名登録画面が表示されますので、申込み者様の氏名を登録してください。
③チケットの分配機能をご利用いただく際には、分配するチケットを選択し、「分配」ボタンをタップ後、分配相手の氏名を入力してください。
※分配相手の氏名は、必ずしも本名やフルネームのご入力である必要はございませんが、ご入力いただいた氏名は分配相手のチケットに表示されます。
※ご自身分のチケットを他の方に分配することはできません。
その他ご不明点は「TAPIRS TICKET」内、
FAQ
をご確認ください。
※入場時にはチケットを表示して入場口でご提示いただきます。
会場周辺やお客様のご契約回線の通信状況等によってはチケットの表示に時間がかかる可能性がありますので、事前にチケットをブラウザ上に表示した状態でお越しいただくようお願いいたします。
スクリーンショットではご利用いただけませんのでご注意ください。
※ご入場時にも通信が必要となりますので、必ず通信ができるスマートフォン端末をご利用ください。
※開演直前はご入場口が混み合います。お時間に余裕を持ってご入場いただきますようご協力をお願いいたします。
※チケットの表示にはチケットサイトへのログインが必要になります。ログインIDは発券開始メールが到着しているメールアドレス、パスワードはご自身で設定されたものになります。もし、当日会場にてログイン出来ない場合でも、パスワード再発行操作などはご自身でお手続きしていただくことになりますので、予めご確認くださいますようにお願いいたします。
※電子チケットで複数枚ご購入の方は、同時入場であれば購入者のスマートフォン端末のみで入場可能です。
また、同時入場が難しい場合は同行者のスマートフォンにチケットを分配して別々にご入場ください。
※電子チケット1(MOALA Ticket)のご利用推奨環境は、下記ページ内「チケットのお受け取り・当日の入場について」よりご確認ください。
https://ticket.re-tapirs.com/mp/inorimachi_tapirsticketinfo/
※電子チケットに表示される氏名と本人確認書類記載の氏名が異なる場合、ご入場をお断りする場合がございます。
必ずご確認くださいますようお願いいたします。
--------------
■TAPIRS TICKET
https://ticket.re-tapirs.com/
チケット申込み履歴
https://ticket.re-tapirs.com/mypage
FAQ（よくあるお問合せ）
https://ticket.re-tapirs.com/info/faq
--------------
【お問い合わせ先】
●チケット受付～発券に関するお問い合わせ先
チケットインフォメーション：
お問い合わせフォーム
※※申し込み方法・当落確認・支払い方法・チケット発券に関するお問い合わせはこちらです。
※お問い合わせの際は公演名欄に『水瀬いのりツアー2023』とご入力ください。
●ファンクラブ会員ページログイン・その他に関するお問い合わせ先
水瀬いのりオフィシャルファンクラブ「いのりまち」
MAIL：
contact@inorimachi.com
※お名前のないメールにはお返事いたしかねます。（会員の方は会員番号もご明記ください）
※メールでのお問い合わせは、返信までに最大1週間ほどお時間がかかります。
※お問い合せの前にファンクラブからのメールを受信できるよう、下記メールアドレスの受信設定をお願いいたします。
・contact@inorimachi.com
・mail@inorimachi.com"
https://www.inorimachi.com/fc_news/2023/0916200000.html,2023.09.16,"まちの映画館～町内""生""放送～開催決定！","まちの映画館に生配信のサービスが追加されました！
「Inori Minase LIVE TOUR 2023 SCRAP ART」が始まることを記念し、
本日9月16日(土)21:00頃より、初の生配信を開催いたします！
【まちの映画館～町内""生""放送～】
日時：2023年9月16日(土) 21:00頃
※オンライン生配信です。
※配信時間は変更になる可能性がございます。
※アーカイブ配信期間は1週間を予定しております。
●視聴方法
ファンクラブページ内
「まちの映画館」
よりご覧いただけます。
●注意事項
・動画配信・視聴にはタイムラグが生じる場合がございます。
・途中から視聴した場合はその時点からのライブ配信となり、時間を戻しての再生はできませんのでご了承ください。
・コメントがうまく送信されない場合がございます。その際はご視聴するブラウザやデバイスを変更してお試しください。
・ご視聴に関わるインターネット通信費用はお客様のご負担となります。
・動画配信となりデータ通信量が多くなることが想定されるため、安定したインターネット環境(Wi-Fi等)のご利用を推奨いたします。
・配信には機材・回線等、最善の準備を行い実施しますが、生配信である特性上、不慮の一時中断や乱れなどが起こる可能性がある点、ご了承ください。
・お客様のインターネット環境に伴う閲覧の不具合に関しては対応は一切できかねます。
・本配信は配信プラットフォーム「Vimeo」を使用します。ご視聴の推奨環境は
こちら
よりご確認ください。
・日本国外からご視聴の際は、
「Vimeo」の視聴対応地域
にご注意ください。
・本配信の撮影、録音及び録画は一切禁止させていただきます。
また、無断転載、複製、加工、再配布する行為もご遠慮ください(ウェブサイト・SNSを含む)。"
https://www.inorimachi.com/fc_news/2023/0920150000.html,2023.09.20,「Inori Minase LIVE TOUR 2023 SCRAP ART」宮城公演電子チケット発券開始のご案内,"ファンクラブ会員チケット先行優先予約並びにマッチングシステムにてチケットをご購入されました方へ、
「Inori Minase LIVE TOUR 2023 SCRAP ART」宮城公演電子チケットの発券を開始いたしました。
●チケット受け取り方法
電子チケット(MOALA Ticket)
●電子チケット（MOALA Ticket）の表示方法
①
チケット申込み履歴
にログインし、対象公演の注文番号をクリックいただき、申込み詳細画面に表示されるURLより電子チケットを表示してください。
②電子チケットを表示すると氏名登録画面が表示されますので、申込み者様の氏名を登録してください。
③チケットの分配機能をご利用いただく際には、分配するチケットを選択し、「分配」ボタンをタップ後、分配相手の氏名を入力してください。
※分配相手の氏名は、必ずしも本名やフルネームのご入力である必要はございませんが、ご入力いただいた氏名は分配相手のチケットに表示されます。
※ご自身分のチケットを他の方に分配することはできません。
その他ご不明点は「TAPIRS TICKET」内、
FAQ
をご確認ください。
※入場時にはチケットを表示して入場口でご提示いただきます。
会場周辺やお客様のご契約回線の通信状況等によってはチケットの表示に時間がかかる可能性がありますので、事前にチケットをブラウザ上に表示した状態でお越しいただくようお願いいたします。
スクリーンショットではご利用いただけませんのでご注意ください。
※ご入場時にも通信が必要となりますので、必ず通信ができるスマートフォン端末をご利用ください。
※開演直前はご入場口が混み合います。お時間に余裕を持ってご入場いただきますようご協力をお願いいたします。
※チケットの表示にはチケットサイトへのログインが必要になります。ログインIDは発券開始メールが到着しているメールアドレス、パスワードはご自身で設定されたものになります。もし、当日会場にてログイン出来ない場合でも、パスワード再発行操作などはご自身でお手続きしていただくことになりますので、予めご確認くださいますようにお願いいたします。
※電子チケットで複数枚ご購入の方は、同時入場であれば購入者のスマートフォン端末のみで入場可能です。
また、同時入場が難しい場合は同行者のスマートフォンにチケットを分配して別々にご入場ください。
※電子チケット1(MOALA Ticket)のご利用推奨環境は、下記ページ内「チケットのお受け取り・当日の入場について」よりご確認ください。
https://ticket.re-tapirs.com/mp/inorimachi_tapirsticketinfo/
※電子チケットに表示される氏名と本人確認書類記載の氏名が異なる場合、ご入場をお断りする場合がございます。
必ずご確認くださいますようお願いいたします。
--------------
■TAPIRS TICKET
https://ticket.re-tapirs.com/
チケット申込み履歴
https://ticket.re-tapirs.com/mypage
FAQ（よくあるお問合せ）
https://ticket.re-tapirs.com/info/faq
--------------
【お問い合わせ先】
●チケット受付～発券に関するお問い合わせ先
チケットインフォメーション：
お問い合わせフォーム
※※申し込み方法・当落確認・支払い方法・チケット発券に関するお問い合わせはこちらです。
※お問い合わせの際は公演名欄に『水瀬いのりツアー2023』とご入力ください。
●ファンクラブ会員ページログイン・その他に関するお問い合わせ先
水瀬いのりオフィシャルファンクラブ「いのりまち」
MAIL：
contact@inorimachi.com
※お名前のないメールにはお返事いたしかねます。（会員の方は会員番号もご明記ください）
※メールでのお問い合わせは、返信までに最大1週間ほどお時間がかかります。
※お問い合せの前にファンクラブからのメールを受信できるよう、下記メールアドレスの受信設定をお願いいたします。
・contact@inorimachi.com
・mail@inorimachi.com"
https://www.inorimachi.com/fc_news/2023/0921150000.html,2023.09.21,「Inori Minase LIVE TOUR 2023 SCRAP ART」会員先行優先予約マッチングシステム【C区分：神奈川公演】当落結果のご案内,"「Inori Minase LIVE TOUR 2023 SCRAP ART」会員先行優先予約マッチングシステム【C区分：神奈川公演】にお申し込みいただきました方へ、当落結果のご案内を開始いたしました。
《当落発表》
9月21日(木)15:00
●当落結果について
----------------------------------------------
■購入のお申し込みをされた方
チケット販売サイト「TAPIRS TICKET」内「チケット申込み履歴」よりご確認いただけます。
※ファンクラブページメニュー内「チケット」より、該当の受付バナーをクリックいただくとログインが可能です。
また、チケット受付サイト「
TAPIRS MEMBERS
」にご登録いただいたメールアドレス宛に『抽選結果のお知らせ』メールをお送りしております。
----------------------------------------------
■譲渡のお申し込みをされた方
当落結果確認期間内にマッチング用マイページ「申込み詳細」にて当落結果を必ずご確認ください。
マッチング用マイページは
こちら
譲渡希望登録サイトのログインパスワード
①会員番号(半角数字5桁)
②いのりまち発行の『「Inori Minase LIVE TOUR 2023 SCRAP ART」マッチング専用パスワード』
(マッチング専用パスワードは、ファンクラブ登録のメールアドレス宛にメールにて7月28日(金)正午よりご案内しております。
メールが未着の方は、ファンクラブページ「まち役場」内、「お知らせメール一覧」にて控えをご確認ください)
※受付期間内に【譲渡希望登録】された方を対象に厳正なる抽選の上、譲渡成立の場合、ご返金させていただきます。
※譲渡成立となった時点でチケットは【購入希望者】のものとなります。譲渡成立後のキャンセルはできません。予めご了承ください。
※譲渡成立の場合、下記の手順に沿って返金の手続きを行ってください。
※譲渡不成立の場合、チケットは変わらず元のご購入者様のものとなりチケットを発券させていただきますので、チケット代金の返金もございません。予めご了承ください。
●譲渡成立時の返金方法
譲渡成立した場合のみ、公演終了後にマッチングシステム利用料を差し引いた金額をご返金させていただきます。
《返金手続き期間》
【C区分：神奈川公演】2023年11月下旬～2024年2月中旬頃まで
《返金方法》
返金手続き期間になりましたら、譲渡成立された方へ、譲渡希望登録時にご登録いただいたメールアドレス宛に返金手続き開始のメールが送信されます。
期限までにマッチング用マイページより返金手続きを行ってください。
返金手続きの流れは
こちら
をご確認ください。
※チケット購入時の各種手数料は返金の対象外となりますので、予めご了承ください。
※マッチングシステム利用料は、チケット1枚につき330円(税込)です。
※返金手続きは、GMOペイメントゲートウェイの返金システムを使用させていただきます。事前に「@gmo-pg.com」からのメールを受信できるように設定してください。
----------------------------------------------
【ご注意】
・チケットのお申し込み・当落結果確認・ご入金には、各期間において会員期限内である必要があります。
・公演終了後まで「TAPIRS MEMBERS」の会員登録は削除されないようお願いいたします。
・ファンクラブページ内では当落結果は確認できません。ご注意ください。
・いかなる理由におきましても、当選されたチケットのキャンセル・変更はできません。
・複数公演当選された場合、当選されたすべてのチケットをご購入いただきます。
・当選確定後、入金期間内にチケット代金の入金がない場合、当選は無効となりチケットのご用意は出来かねます。また、今後ファンクラブで取り扱うオリジナルグッズ・チケット等の購入をお断りいたします。
【お問い合わせ先】
●マッチングシステム【購入】チケット受付～発券に関するお問い合わせ先
チケットインフォメーション：
お問い合わせフォーム
●マッチングシステム【譲渡】登録方法・当落確認・返金方法に関するお問い合わせ先
チケットインフォメーション：
お問い合わせフォーム
※マッチングシステム【購入】【譲渡】お問い合わせの際は公演名欄に『水瀬いのりツアー2023』とご入力ください。
●ファンクラブ会員ページログイン・その他に関するお問い合わせ先
水瀬いのりオフィシャルファンクラブ「いのりまち」
MAIL：
contact@inorimachi.com
※お名前のないメールにはお返事いたしかねます。（会員の方は会員番号もご明記ください）
※メールでのお問い合わせは、返信までに最大1週間ほどお時間がかかります。
※お問い合せの前にファンクラブからのメールを受信できるよう、下記メールアドレスの受信設定をお願いいたします。
・contact@inorimachi.com
・mail@inorimachi.com"
https://www.inorimachi.com/fc_news/2023/0926150000.html,2023.09.26,「Inori Minase LIVE TOUR 2023 SCRAP ART」会員先行優先予約2次受付のご案内,"「Inori Minase LIVE TOUR 2023」神奈川公演のファンクラブ会員チケット先行優先予約2次受付が決定いたしました！
>> 公演情報はこちら！
●申し込み詳細
《申込受付期間》
9月29日(金)15:00～10月2日(月)17:00
《申込制限枚数》
各公演2枚まで
《当落発表》
10月6日(木)15:00予定
《入金期間》
10月6日(木)15:00～10月8日(日)23:59
●申し込み方法
チケット販売サイト「TAPIRS TICKET」を利用した電子チケットによる受付です。
詳細は「
水瀬いのりオフィシャルファンクラブ『いのりまち』電子チケット利用案内
」をご確認ください。
《受付ページ》
ファンクラブページメニュー内「チケット」より、該当の受付バナーをクリックの上、画面の案内に従ってお手続きください。
※ファンクラブ会員限定のチケット受付となりますため、「TAPIRS TICKET」内「受付一覧」には受付ページは表示されません。
【ご注意】
※これまでのチケット受付サイトとは異なります。新たに「
TAPIRS MEMBERS
」への会員登録が必要となります。
※受付ページ記載の注意事項を必ずご確認ください。ご了承いただきました上でのお手続きとなります。
※同一公演のチケットが当選(購入)した方は本受付にてチケット購入はできませんので、予めご了承ください。
※受付は先着順ではございません。申し込み者多数の場合、抽選にて当落を決定いたします。
※複数公演当選された場合、当選されたすべてのチケットをご購入いただきます。その際、それぞれお支払いのお手続きが必要となります。
※受付開始・終了間際は、アクセスが集中し繋がりにくくなる場合もございます。時間に余裕をもってお手続きください。
※いかなる理由におきましても、申込受付期間終了後の申込み・キャンセル・変更はできません。
ご不明な点のある方は、必ず申込受付期間内にファンクラブまでお問い合わせください。
※チケットの申し込み・当落結果確認・ご入金には、各期間において会員期限内である必要があります。
当ファンクラブでは、会員期限終了後、1ヶ月は猶予期間として継続手続きが可能です。
例）2023/9/30期限の方　→　2023/10/31まで継続としてお手続きいただけます。
※本受付では、マッチングシステムの実施予定はございません。
----------------------------
♪入会をご検討の方へ
チケットの申込受付期間終了までに、ファンクラブページより【クレジットカード決済・コンビニ／ペイジー支払】にてご入会(入金完了まで)いただきますとチケットのお申し込みが可能です！
>> ご入会はこちらから！
【ご注意】
※Loppi／ローソンチケット、郵便振込からのお手続きは期日が異なります。
下記期日を過ぎた場合、チケットはお申し込みいただけません。ご注意ください。
・Loppi／ローソンチケット：9月24日(日)
・郵便振込：9月24日(日)
※チケット申込受付期間は10月2日(月)17:00に終了します。時間に余裕を持ってお手続きください。
【お問い合わせ先】
●チケット受付～発券に関するお問い合わせ先
チケットインフォメーション：
お問い合わせフォーム
※お問い合わせの際は公演名欄に『水瀬いのりツアー2023』とご入力ください。
●ファンクラブ会員ページログイン・その他に関するお問い合わせ先
水瀬いのりオフィシャルファンクラブ「いのりまち」
MAIL：
contact@inorimachi.com
※お名前のないメールにはお返事いたしかねます。（会員の方は会員番号もご明記ください）
※メールでのお問い合わせは、返信までに最大1週間ほどお時間がかかります。
※お問い合せの前にファンクラブからのメールを受信できるよう、下記メールアドレスの受信設定をお願いいたします。
・contact@inorimachi.com
・mail@inorimachi.com"
https://www.inorimachi.com/fc_news/2023/0927120000.html,2023.09.27,ファンクラブ会報「いのりまちだより」投稿受付開始！,"ファンクラブ会報「いのりまちだより」24号の投稿受付を開始いたしました！
町長へのメッセージやライブ、アニメ、イベント、会報の感想、イラストやコーナーへの投稿などなど、みなさんのおたよりをお送りください♪
また、これまでお届けしてきました「いのりさーち」「水瀬くらりちゃんのひみつ」に代わり、
新しいコーナーをスタートいたします！
☆新コーナー
「町長からの挑戦状！」
町長から町民のみなさんに毎号異なる内容で挑戦状が届きます！
挑戦状のお題にあわせて写真やイラスト、テキストでの回答など様々な投稿をお待ちしています！
「みんなのお家のくらりちゃん」
みなさんのお家にいるくらりちゃんの写真を是非いのりまちにお送りください！
くらりちゃんを飾ったり、一緒にお出かけしている様子だったりなんでもOKです♪
【ファンクラブページからの投稿】
ファンクラブページログイン後、「ポスト」からご投稿ください。
投稿締切：10月24日(火)18:00
【郵便での投稿】
〒160-0023
東京都新宿区西新宿1-19-6 山手新宿ビル11F
水瀬いのりオフィシャルファンクラブ「いのりまち」○○○(各コーナー名)係
投稿締切：10月24日(火)必着
たくさんの投稿、お待ちしております♪"
https://www.inorimachi.com/fc_news/2023/0927150000.html,2023.09.27,ファンクラブ会報「いのりまちだより」23号発送開始のお知らせ,"ファンクラブ会報「いのりまちだより」23号の発送を、9月27日(水)に開始いたしました！
2023年10月11日(水)
になりましてもお手元に届かない場合は、
下記期間内にファンクラブまでお問い合わせください。
■未着問い合わせ期間
10月11日(水)～10月25日(水)
※こちらの問い合わせ期間は9月11日(月)までにご入会・ご継続いただいた方を対象としております。
9月12日(火)以降にご入会・ご継続いただいた方は発送完了メール記載の未着問い合わせ期間をご確認ください。
■お問い合わせ先
MAIL：contact@inorimachi.com
件名：会報23号未着
本文：会員番号・氏名・住所・お問い合わせの詳細
※未着問い合わせ期間以降にご連絡をいただきましても対応いたしかねますのでご注意ください。
※9月末までにご入会いただいた方を対象に発送いたします。
※初回発送は、9月11日(月)までにご入会手続きを完了された方が対象です。
※9月12日(火)以降にご入会いただいた方へは、10月中旬より順次発送いたします。
※会報投稿は【10月24日(火)12:00】より受付中です。"
https://www.inorimachi.com/fc_news/2023/0929150000.html,2023.09.29,「Inori Minase LIVE TOUR 2023 SCRAP ART」会員先行優先予約2次受付開始のご案内,"「Inori Minase LIVE TOUR 2023 SCRAP ART」神奈川公演のファンクラブ会員チケット先行優先予約2次受付を開始いたしました！
>> 公演情報はこちら！
●申し込み詳細
《申込受付期間》
9月29日(金)15:00～10月2日(月)17:00
《申込制限枚数》
各公演2枚まで
《当落発表》
10月6日(金)15:00予定
《入金期間》
10月6日(金)15:00～10月8日(日)23:59
●申し込み方法
チケット販売サイト「TAPIRS TICKET」を利用した電子チケットによる受付です。
詳細は「
水瀬いのりオフィシャルファンクラブ『いのりまち』電子チケット利用案内
」をご確認ください。
《受付ページ》
ファンクラブページメニュー内「
チケット
」より、該当の受付バナーをクリックの上、画面の案内に従ってお手続きください。
※ファンクラブ会員限定のチケット受付となりますため、「TAPIRS TICKET」内「受付一覧」には受付ページは表示されません。
【ご注意】
※これまでのチケット受付サイトとは異なります。新たに「
TAPIRS MEMBERS
」への会員登録が必要となります。
※受付ページ記載の注意事項を必ずご確認ください。ご了承いただきました上でのお手続きとなります。
※同一公演のチケットが当選(購入)した方は本受付にてチケット購入はできませんので、予めご了承ください。
※受付は先着順ではございません。申し込み者多数の場合、抽選にて当落を決定いたします。
※複数公演当選された場合、当選されたすべてのチケットをご購入いただきます。その際、それぞれお支払いのお手続きが必要となります。
※受付開始・終了間際は、アクセスが集中し繋がりにくくなる場合もございます。時間に余裕をもってお手続きください。
※いかなる理由におきましても、申込受付期間終了後の申込み・キャンセル・変更はできません。
ご不明な点のある方は、必ず申込受付期間内にファンクラブまでお問い合わせください。
※チケットの申し込み・当落結果確認・ご入金には、各期間において会員期限内である必要があります。
当ファンクラブでは、会員期限終了後、1ヶ月は猶予期間として継続手続きが可能です。
例）2023/9/30期限の方　→　2023/10/31まで継続としてお手続きいただけます。
※本受付では、マッチングシステムの実施予定はございません。
----------------------------
♪入会をご検討の方へ
チケットの申込受付期間終了までに、ファンクラブページより【クレジットカード決済・コンビニ／ペイジー支払】にてご入会(入金完了まで)いただきますとチケットのお申し込みが可能です！
>> ご入会はこちらから！
【ご注意】
※Loppi／ローソンチケット、郵便振込からのお手続きは期日が異なります。
下記期日を過ぎた場合、チケットはお申し込みいただけません。ご注意ください。
・Loppi／ローソンチケット：9月24日(日)
・郵便振込：9月24日(日)
※チケット申込受付期間は10月2日(月)17:00に終了します。時間に余裕を持ってお手続きください。
【お問い合わせ先】
●チケット受付～発券に関するお問い合わせ先
チケットインフォメーション：
お問い合わせフォーム
※申し込み方法・当落確認・支払い方法・チケット発券に関するお問い合わせはこちらです。
※お問い合わせの際は公演名欄に『水瀬いのりツアー2023』とご入力ください。
●ファンクラブ会員ページログイン・その他に関するお問い合わせ先
水瀬いのりオフィシャルファンクラブ「いのりまち」
MAIL：
contact@inorimachi.com
※お名前のないメールにはお返事いたしかねます。（会員の方は会員番号もご明記ください）
※メールでのお問い合わせは、返信までに最大1週間ほどお時間がかかります。
※お問い合せの前にファンクラブからのメールを受信できるよう、下記メールアドレスの受信設定をお願いいたします。
・contact@inorimachi.com
・mail@inorimachi.com"
https://www.inorimachi.com/fc_news/2023/1002150000.html,2023.10.02,まちの新聞『12th SINGLE「スクラップアート」MUSIC VIDEO撮影編』更新！,"ファンクラブページ内
「まちの新聞」
で
『12th SINGLE「スクラップアート」MUSIC VIDEO撮影編』
を公開しました！
YouTubeにて公開中のMUSIC VIDEOとあわせてご覧ください♪
https://www.youtube.com/watch?v=1xfM94Ik4ck"
https://www.inorimachi.com/fc_news/2023/1004150000.html,2023.10.04,「Inori Minase LIVE TOUR 2023 SCRAP ART」愛知公演電子チケット発券開始のご案内,"ファンクラブ会員チケット先行優先予約並びにマッチングシステムにてチケットをご購入されました方へ、
「Inori Minase LIVE TOUR 2023 SCRAP ART」愛知公演電子チケットの発券を開始いたしました。
●チケット受け取り方法
電子チケット(MOALA Ticket)
●電子チケット（MOALA Ticket）の表示方法
①
チケット申込み履歴
にログインし、対象公演の注文番号をクリックいただき、申込み詳細画面に表示されるURLより電子チケットを表示してください。
②電子チケットを表示すると氏名登録画面が表示されますので、申込み者様の氏名を登録してください。
③チケットの分配機能をご利用いただく際には、分配するチケットを選択し、「分配」ボタンをタップ後、分配相手の氏名を入力してください。
※分配相手の氏名は、必ずしも本名やフルネームのご入力である必要はございませんが、ご入力いただいた氏名は分配相手のチケットに表示されます。
※ご自身分のチケットを他の方に分配することはできません。
その他ご不明点は「TAPIRS TICKET」内、
FAQ
をご確認ください。
※入場時にはチケットを表示して入場口でご提示いただきます。
会場周辺やお客様のご契約回線の通信状況等によってはチケットの表示に時間がかかる可能性がありますので、事前にチケットをブラウザ上に表示した状態でお越しいただくようお願いいたします。
スクリーンショットではご利用いただけませんのでご注意ください。
※ご入場時にも通信が必要となりますので、必ず通信ができるスマートフォン端末をご利用ください。
※開演直前はご入場口が混み合います。お時間に余裕を持ってご入場いただきますようご協力をお願いいたします。
※チケットの表示にはチケットサイトへのログインが必要になります。ログインIDは発券開始メールが到着しているメールアドレス、パスワードはご自身で設定されたものになります。もし、当日会場にてログイン出来ない場合でも、パスワード再発行操作などはご自身でお手続きしていただくことになりますので、予めご確認くださいますようにお願いいたします。
※電子チケットで複数枚ご購入の方は、同時入場であれば購入者のスマートフォン端末のみで入場可能です。
また、同時入場が難しい場合は同行者のスマートフォンにチケットを分配して別々にご入場ください。
※電子チケット1(MOALA Ticket)のご利用推奨環境は、下記ページ内「チケットのお受け取り・当日の入場について」よりご確認ください。
https://ticket.re-tapirs.com/mp/inorimachi_tapirsticketinfo/
※電子チケットに表示される氏名と本人確認書類記載の氏名が異なる場合、ご入場をお断りする場合がございます。
必ずご確認くださいますようお願いいたします。
--------------
■TAPIRS TICKET
https://ticket.re-tapirs.com/
チケット申込み履歴
https://ticket.re-tapirs.com/mypage
FAQ（よくあるお問合せ）
https://ticket.re-tapirs.com/info/faq
--------------
【お問い合わせ先】
●チケット受付～発券に関するお問い合わせ先
チケットインフォメーション：
お問い合わせフォーム
※※申し込み方法・当落確認・支払い方法・チケット発券に関するお問い合わせはこちらです。
※お問い合わせの際は公演名欄に『水瀬いのりツアー2023』とご入力ください。
●ファンクラブ会員ページログイン・その他に関するお問い合わせ先
水瀬いのりオフィシャルファンクラブ「いのりまち」
MAIL：
contact@inorimachi.com
※お名前のないメールにはお返事いたしかねます。（会員の方は会員番号もご明記ください）
※メールでのお問い合わせは、返信までに最大1週間ほどお時間がかかります。
※お問い合せの前にファンクラブからのメールを受信できるよう、下記メールアドレスの受信設定をお願いいたします。
・contact@inorimachi.com
・mail@inorimachi.com"
https://www.inorimachi.com/fc_news/2023/1006150000.html,2023.10.06,「Inori Minase LIVE TOUR 2023 SCRAP ART」会員先行優先予約2次受付当落結果のご案内,"「Inori Minase LIVE TOUR 2023 SCRAP ART」神奈川公演のファンクラブ会員チケット先行優先予約2次受付にお申し込みいただきました方へ、当落結果のご案内を開始いたしました。
《当落確認・入金期間》
10月6日(金)15:00～10月8日(日)23:59
●当落結果について
チケット販売サイト「TAPIRS TICKET」内「チケット申込み履歴」よりご確認いただけます。
※ファンクラブページメニュー内「チケット」より、該当の受付バナーをクリックいただくとログインが可能です。
また、チケット受付サイト「
TAPIRS MEMBERS
」にご登録いただいたメールアドレス宛に『抽選結果のお知らせ』メールをお送りしております。
●お支払いについて
詳細につきましては下記ページの「支払いについて」よりご確認ください。
https://ticket.re-tapirs.com/mp/faq
【ご注意】
・チケットのお申し込み・当落結果確認・ご入金には、各期間において会員期限内である必要があります。
・公演終了後まで「TAPIRS MEMBERS」の会員登録は削除されないようお願いいたします。
・ファンクラブページ内では当落結果は確認できません。ご注意ください。
・いかなる理由におきましても、当選されたチケットのキャンセル・変更はできません。
・複数公演当選された場合、当選されたすべてのチケットをご購入いただきます。
・当落結果メール未着によるチケット代の未入金等には対応をいたしかねます。
・入金に不備・不明な点がある場合、選択した決済方法以外での入金や支払期限後の入金はすべて手数料を差し引き返金いたします。
その際、当選は無効となりチケットのご用意はできかねます。
・当選確定後、入金期間内にチケット代金の入金がない場合、今後ファンクラブで取り扱うオリジナルグッズ・チケット等の購入をお断りいたします。
【お問い合わせ先】
●チケット受付～発券に関するお問い合わせ先
チケットインフォメーション：
お問い合わせフォーム
※申し込み方法・当落確認・支払い方法・チケット発券に関するお問い合わせはこちらです。
※お問い合わせの際は公演名欄に『水瀬いのりツアー2023』とご入力ください。
●ファンクラブ会員ページログイン・その他に関するお問い合わせ先
水瀬いのりオフィシャルファンクラブ「いのりまち」
MAIL：
contact@inorimachi.com
※お名前のないメールにはお返事いたしかねます。（会員の方は会員番号もご明記ください）
※メールでのお問い合わせは、返信までに最大1週間ほどお時間がかかります。
※お問い合わせの前にファンクラブからのメールを受信できるよう、下記メールアドレスの受信設定をお願いいたします。
・contact@inorimachi.com
・mail@inorimachi.com"
https://www.inorimachi.com/fc_news/2023/1011150000.html,2023.10.11,「Inori Minase LIVE TOUR 2023 SCRAP ART」福岡公演電子チケット発券開始のご案内,"ファンクラブ会員チケット先行優先予約並びにマッチングシステムにてチケットをご購入されました方へ、
「Inori Minase LIVE TOUR 2023 SCRAP ART」福岡公演電子チケットの発券を開始いたしました。
●チケット受け取り方法
電子チケット(MOALA Ticket)
●電子チケット（MOALA Ticket）の表示方法
①
チケット申込み履歴
にログインし、対象公演の注文番号をクリックいただき、申込み詳細画面に表示されるURLより電子チケットを表示してください。
②電子チケットを表示すると氏名登録画面が表示されますので、申込み者様の氏名を登録してください。
③チケットの分配機能をご利用いただく際には、分配するチケットを選択し、「分配」ボタンをタップ後、分配相手の氏名を入力してください。
※分配相手の氏名は、必ずしも本名やフルネームのご入力である必要はございませんが、ご入力いただいた氏名は分配相手のチケットに表示されます。
※ご自身分のチケットを他の方に分配することはできません。
その他ご不明点は「TAPIRS TICKET」内、
FAQ
をご確認ください。
※入場時にはチケットを表示して入場口でご提示いただきます。
会場周辺やお客様のご契約回線の通信状況等によってはチケットの表示に時間がかかる可能性がありますので、事前にチケットをブラウザ上に表示した状態でお越しいただくようお願いいたします。
スクリーンショットではご利用いただけませんのでご注意ください。
※ご入場時にも通信が必要となりますので、必ず通信ができるスマートフォン端末をご利用ください。
※開演直前はご入場口が混み合います。お時間に余裕を持ってご入場いただきますようご協力をお願いいたします。
※チケットの表示にはチケットサイトへのログインが必要になります。ログインIDは発券開始メールが到着しているメールアドレス、パスワードはご自身で設定されたものになります。もし、当日会場にてログイン出来ない場合でも、パスワード再発行操作などはご自身でお手続きしていただくことになりますので、予めご確認くださいますようにお願いいたします。
※電子チケットで複数枚ご購入の方は、同時入場であれば購入者のスマートフォン端末のみで入場可能です。
また、同時入場が難しい場合は同行者のスマートフォンにチケットを分配して別々にご入場ください。
※電子チケット1(MOALA Ticket)のご利用推奨環境は、下記ページ内「チケットのお受け取り・当日の入場について」よりご確認ください。
https://ticket.re-tapirs.com/mp/inorimachi_tapirsticketinfo/
※電子チケットに表示される氏名と本人確認書類記載の氏名が異なる場合、ご入場をお断りする場合がございます。
必ずご確認くださいますようお願いいたします。
--------------
■TAPIRS TICKET
https://ticket.re-tapirs.com/
チケット申込み履歴
https://ticket.re-tapirs.com/mypage
FAQ（よくあるお問合せ）
https://ticket.re-tapirs.com/info/faq
--------------
【お問い合わせ先】
●チケット受付～発券に関するお問い合わせ先
チケットインフォメーション：
お問い合わせフォーム
※※申し込み方法・当落確認・支払い方法・チケット発券に関するお問い合わせはこちらです。
※お問い合わせの際は公演名欄に『水瀬いのりツアー2023』とご入力ください。
●ファンクラブ会員ページログイン・その他に関するお問い合わせ先
水瀬いのりオフィシャルファンクラブ「いのりまち」
MAIL：
contact@inorimachi.com
※お名前のないメールにはお返事いたしかねます。（会員の方は会員番号もご明記ください）
※メールでのお問い合わせは、返信までに最大1週間ほどお時間がかかります。
※お問い合せの前にファンクラブからのメールを受信できるよう、下記メールアドレスの受信設定をお願いいたします。
・contact@inorimachi.com
・mail@inorimachi.com"
https://www.inorimachi.com/fc_news/2023/1016120000.html,2023.10.16,"「まちの映画館～町内""生""放送～」放送決定！","「まちの映画館～町内""生""放送～」の次回放送が決定しました！
【まちの映画館～町内""生""放送～】
日時：2023年10月18日(水) 20:00頃
※オンライン生配信です。
※配信時間は変更になる可能性がございます。
※アーカイブ配信期間は1週間を予定しております。
●視聴方法
ファンクラブページ内
「まちの映画館」
よりご覧いただけます。
●注意事項
・動画配信・視聴にはタイムラグが生じる場合がございます。
・途中から視聴した場合はその時点からのライブ配信となり、時間を戻しての再生はできませんのでご了承ください。
・コメントがうまく送信されない場合がございます。その際はご視聴するブラウザやデバイスを変更してお試しください。
・ご視聴に関わるインターネット通信費用はお客様のご負担となります。
・動画配信となりデータ通信量が多くなることが想定されるため、安定したインターネット環境(Wi-Fi等)のご利用を推奨いたします。
・配信には機材・回線等、最善の準備を行い実施しますが、生配信である特性上、不慮の一時中断や乱れなどが起こる可能性がある点、ご了承ください。
・お客様のインターネット環境に伴う閲覧の不具合に関しては対応は一切できかねます。
・本配信は配信プラットフォーム「Vimeo」を使用します。ご視聴の推奨環境は
こちら
よりご確認ください。
・日本国外からご視聴の際は、
「Vimeo」の視聴対応地域
にご注意ください。
・本配信の撮影、録音及び録画は一切禁止させていただきます。
また、無断転載、複製、加工、再配布する行為もご遠慮ください(ウェブサイト・SNSを含む)。"
https://www.inorimachi.com/fc_news/2023/1016120001.html,2023.10.16,「水瀬いのり MELODY FLAG」公開録音イベント会員先行予約受付開始のご案内,"「水瀬いのり MELODY FLAG」初の公開録音イベントのいのりまち限定のチケット受付を開始いたしました！
【概要】
「水瀬いのり MELODY FLAG」公開録音イベント
日程：12月2日(土)OPEN 16:00 / START 17:00
会場：パシフィコ横浜 国立大ホール
>> 詳細はこちら！
●申し込み方法
ファンクラブページ「チケット」内、「チケット申し込みページ」のボタンより
チケットぴあのサイトにアクセスし、案内に従ってお申し込みください。
《申込受付期間》
10月16日(月)12:00〜10月22日(日)23:59
《当落発表》
10月27日(金)18:00予定
※抽選結果はチケットぴあ内「申込状況照会」をご確認ください。当選者の方には当選メールが配信されます。
《入金期間》
当落発表後～10月31日(火)23:59
《チケット引取》
11月25日(土)10:00～
【ご注意】
※お一人様1枚までの受付です。
※チケットのお申し込みには、チケットぴあの会員登録(無料)が必要です。
※12才以下入場不可。
※チケットのお申し込みには会員期限内である必要があります。
※ファンクラブページへの二重のログインや、ポップアップブロックの設定により、チケット申し込みページが表示されない場合がございます。ご注意ください。
【公演に関するお問い合わせ】
キョードー横浜
TEL:045-671-9911
月～金11:00～15:00(祝日除く)
----------------------------
♪入会をご検討の方へ
チケットの申込受付期間終了までに、ファンクラブページより【クレジットカード決済・コンビニ／ペイジー支払】にてご入会(入金完了まで)いただきますとチケットのお申し込みが可能です！
>> ご入会はこちらから！
【ご注意】
※Loppi／ローソンチケット、郵便振込からのお手続きは期日が異なります。
下記期日を過ぎた場合、チケットはお申し込みいただけません。ご注意ください。
・Loppi／ローソンチケット：10月8日(日)
・郵便振込：10月8日(日)
※チケット申込受付期間は10月22日(日)23:59に終了します。時間に余裕を持ってお手続きください。"
https://www.inorimachi.com/fc_news/2023/1020160000.html,2023.10.20,まちの新聞「『いのりまちだより』23号 まちのひろば出張版」更新！,"ファンクラブページ内
「まちの新聞」
で
「『いのりまちだより』23号 まちのひろば出張版」
を公開しました！
みなさんからいただいたおたよりをご紹介！
ぜひチェックしてみてください♪"
https://www.inorimachi.com/fc_news/2023/1025150000.html,2023.10.25,「Inori Minase LIVE TOUR 2023 SCRAP ART」神奈川公演電子チケット発券開始のご案内,"ファンクラブ会員チケット先行優先予約並びにマッチングシステムにてチケットをご購入されました方へ、
「Inori Minase LIVE TOUR 2023 SCRAP ART」神奈川公演電子チケットの発券を開始いたしました。
●チケット受け取り方法
電子チケット(MOALA Ticket)
●電子チケット（MOALA Ticket）の表示方法
①
チケット申込み履歴
にログインし、対象公演の注文番号をクリックいただき、申込み詳細画面に表示されるURLより電子チケットを表示してください。
②電子チケットを表示すると氏名登録画面が表示されますので、申込み者様の氏名を登録してください。
③チケットの分配機能をご利用いただく際には、分配するチケットを選択し、「分配」ボタンをタップ後、分配相手の氏名を入力してください。
※分配相手の氏名は、必ずしも本名やフルネームのご入力である必要はございませんが、ご入力いただいた氏名は分配相手のチケットに表示されます。
※ご自身分のチケットを他の方に分配することはできません。
その他ご不明点は「TAPIRS TICKET」内、
FAQ
をご確認ください。
※入場時にはチケットを表示して入場口でご提示いただきます。
会場周辺やお客様のご契約回線の通信状況等によってはチケットの表示に時間がかかる可能性がありますので、事前にチケットをブラウザ上に表示した状態でお越しいただくようお願いいたします。
スクリーンショットではご利用いただけませんのでご注意ください。
※ご入場時にも通信が必要となりますので、必ず通信ができるスマートフォン端末をご利用ください。
※開演直前はご入場口が混み合います。お時間に余裕を持ってご入場いただきますようご協力をお願いいたします。
※チケットの表示にはチケットサイトへのログインが必要になります。ログインIDは発券開始メールが到着しているメールアドレス、パスワードはご自身で設定されたものになります。もし、当日会場にてログイン出来ない場合でも、パスワード再発行操作などはご自身でお手続きしていただくことになりますので、予めご確認くださいますようにお願いいたします。
※電子チケットで複数枚ご購入の方は、同時入場であれば購入者のスマートフォン端末のみで入場可能です。
また、同時入場が難しい場合は同行者のスマートフォンにチケットを分配して別々にご入場ください。
※電子チケット1(MOALA Ticket)のご利用推奨環境は、下記ページ内「チケットのお受け取り・当日の入場について」よりご確認ください。
https://ticket.re-tapirs.com/mp/inorimachi_tapirsticketinfo/
※電子チケットに表示される氏名と本人確認書類記載の氏名が異なる場合、ご入場をお断りする場合がございます。
必ずご確認くださいますようお願いいたします。
--------------
■TAPIRS TICKET
https://ticket.re-tapirs.com/
チケット申込み履歴
https://ticket.re-tapirs.com/mypage
FAQ（よくあるお問合せ）
https://ticket.re-tapirs.com/info/faq
--------------
【お問い合わせ先】
●チケット受付～発券に関するお問い合わせ先
チケットインフォメーション：
お問い合わせフォーム
※※申し込み方法・当落確認・支払い方法・チケット発券に関するお問い合わせはこちらです。
※お問い合わせの際は公演名欄に『水瀬いのりツアー2023』とご入力ください。
●ファンクラブ会員ページログイン・その他に関するお問い合わせ先
水瀬いのりオフィシャルファンクラブ「いのりまち」
MAIL：
contact@inorimachi.com
※お名前のないメールにはお返事いたしかねます。（会員の方は会員番号もご明記ください）
※メールでのお問い合わせは、返信までに最大1週間ほどお時間がかかります。
※お問い合せの前にファンクラブからのメールを受信できるよう、下記メールアドレスの受信設定をお願いいたします。
・contact@inorimachi.com
・mail@inorimachi.com"
https://www.inorimachi.com/fc_news/2023/1025150001.html,2023.10.25,「いのりまち町民集会2024」詳細決定！,"「いのりまち町民集会2024」の詳細が決定しました！
「いのりまち町民集会2024 -ACOUSTIC LIVE Wonder Caravan！-」
会場：【埼玉】ソニックシティ 大ホール
日程：2024年2月4日(日)
①　13:00開場／14:00開演
②　16:30開場／17:30開演
※埼玉公演のみ昼・夜2回公演を予定しております
会場：【滋賀】滋賀県立芸術劇場 びわ湖ホール 大ホール
日程：2024年2月10日(土)
16:30開場／17:30開演
会場：【愛知】Niterra日本特殊陶業市民会館 フォレストホール
日程：2024年3月2日(土)
16:30開場／17:30開演
【チケット代金】
￥7,700(税込)
----------------------------
●申し込み詳細
《申込受付期間》
10月30日(月)10:00～11月13日(月)18:00
《当落発表》
11月21日(火)15:00予定
《入金期間》
11月21日(火)15:00～11月28日(火)23:59
《申込制限枚数》
1公演につき1枚限り
※複数公演お申し込みいただきました場合、複数公演当選する可能性がございます。
その際、当選された全てのチケットをご購入いただきます。
●申し込み方法
チケット販売サイト「TAPIRS TICKET」を利用した電子チケットによる受付です。
詳細は「
水瀬いのりオフィシャルファンクラブ『いのりまち』電子チケット利用案内
」をご確認ください。
《受付ページ》
ファンクラブページメニュー内「チケット」より、該当の受付バナーをクリックの上、画面の案内に従ってお手続きください。
※ファンクラブ会員限定のチケット受付となりますため、「TAPIRS TICKET」内「受付一覧」には受付ページは表示されません。
【ご注意】
※「
TAPIRS MEMBERS
」への会員登録が必要となります。
※チケットのお申込み・当落結果確認・ご入金・公演へのご参加は、各期間において会員期限内である必要があります。
※公演当日に会員期限が切れている場合、入場をお断りいたします。会員期限が2024/2/29・2024/3/31以前の方はご注意ください。
※受付ページ記載の注意事項を必ずご確認ください。ご了承いただきました上でのお手続きとなります。
※受付は先着順ではございません。申し込み者多数の場合、抽選にて当落を決定いたします。
※複数公演当選された場合、当選されたすべてのチケットをご購入いただきます。
※いかなる理由におきましても、申込受付期間終了後の申込み・キャンセル・変更はできません。
ご不明な点のある方は、必ず申込受付期間内にファンクラブまでお問い合わせください。
※本受付では、マッチングシステムを実施予定です。詳細につきましては改めてご案内いたします。
なお、マッチングシステムとはチケットをご購入いただいた後に、やむを得ない理由によりライブへの参加が不可能になってしまった場合のみ、
チケットを定価で譲渡できるよう仲介するシステムです。
----------------------------
※※重要※※
イベントへの入場には、
【有効な顔写真付き身分証明書(※下記参照)・チケット】
が必要です。
いずれかをお持ちでない場合はご参加いただけませんのでご注意ください。
★本イベントにおける有効な顔写真付き身分証明書
○運転免許証(各都道府県公安委員会が発行するもの)
○パスポート
○マイナンバーカード
○顔写真付き住民基本台帳カード(住基カード)
○顔写真付き学生証(在学中のものに限る)
○顔写真付き保険証
○在留カード、外国人登録証明書、特別永住者証明書
○顔写真付き障害者手帳、養育手帳、療育手帳
※すべてにおいて、コピー・期限切れ・顔写真無しのものは無効。
※taspoや社員証、会員証、マイナンバー通知カード、公共料金請求書関連書類等は認められませんのでご注意ください。
※チケット表示氏名と一致するものに限ります。
※外国籍の方は【パスポート・在留カード・特別永住者証明書】のいずれかをお持ちください。
※発行に時間を要する場合もございますので、これから取得される方はお早めにお手続きください。
※顔写真付きマイナンバーカードは、年齢問わず無料で取得することができます。
>> マイナンバーカード総合サイト
----------------------------
♪入会をご検討の方へ
チケットの申込受付期間終了までに、ファンクラブページより【クレジットカード決済・コンビニ／ペイジー支払】にてご入会(入金完了まで)いただきますとチケットのお申し込みが可能です！
>> ご入会はこちらから！
【ご注意】
※Loppi／ローソンチケット、郵便振込からのお手続きは期日が異なります。
下記期日を過ぎた場合、チケットはお申し込みいただけません。ご注意ください。
・Loppi／ローソンチケット：11月5日(日)
・郵便振込：11月5日(日)
※チケットの申込受付は11月13日(月)18:00に終了しますので、時間に余裕を持ってお手続きください。"
https://www.inorimachi.com/fc_news/2023/1027180000.html,2023.10.27,「水瀬いのり MELODY FLAG」公開録音イベント会員先行予約当落結果のご案内,"「水瀬いのり MELODY FLAG」公開録音イベントのいのりまち限定チケットにお申し込みいただきました方へ、
当落結果のご案内を開始いたしました。
●当落結果について
抽選結果はチケットぴあ内「申込状況照会」をご確認ください。当選者の方には当選メールが配信されます。
※ファンクラブページメニュー内「チケット」より、該当の受付バナーをクリックいただくとチケットぴあのサイトにアクセスいただけます。
《当落確認・入金期間》
10月31日(火)23:59まで
《チケット引取》
11月25日(土)10:00～
【公演に関するお問い合わせ】
キョードー横浜
TEL:045-671-9911
月～金11:00～15:00(祝日除く)"
https://www.inorimachi.com/fc_news/2023/1029210000.html,2023.10.29,【配信】「Inori Minase LIVE TOUR 2023 SCRAP ART」いのりまち限定特典付きチケットのご案内,"「Inori Minase LIVE TOUR 2023 SCRAP ART」10月29日(日)ぴあアリーナMM公演のオンライン配信につきまして、いのりまち限定の特典付きチケットの販売が決定いたしました！
【概要】
「Inori Minase LIVE TOUR 2023 SCRAP ART」
10月29日(日)ぴあアリーナMM公演
2023年11月25日(土)19:00開演予定
>> 詳細はこちら！
【いのりまち限定特典】
いのりまちにて配信チケットをご購入いただいた方に、
「Inori Minase LIVE TOUR 2023 SCRAP ART」10月29日(日)ぴあアリーナMM公演の生写真をお届けします♪
【チケット販売期間】
10月30日(月)10:00～12月3日(日)18:00
【チケット購入方法】
ファンクラブページ「チケット」内、「配信チケット購入ページ」のボタンより
チケットぴあのサイトにアクセスし、案内に従ってご購入ください。
※チケットの購入には、チケットぴあの会員登録(無料)が必要です。
【ご注意】
※チケットの購入には会員期限内である必要があります。
※日本国内からのみ視聴可能です。
※チケットの販売は12月3日(日)18:00に終了いたします。
※チケットの購入は、12月2日(土)21:00以降はクレジットカード決済のみとなります。
※ファンクラブページに二重にログインしていたり、ポップアップブロックの設定により、チケット購入ページが表示されない場合がございます。ご注意ください。
♪入会をご検討の方へ
チケットの販売期間内に、ファンクラブページより【クレジットカード決済・コンビニ／ペイジー支払】にてご入会(入金完了まで)いただきますとチケットの購入が可能です！
>> ご入会はこちらから！
【ご注意】
※Loppi／ローソンチケット、郵便振込からのお手続きは期日が異なります。
下記期日を過ぎた場合、チケットをご購入いただけない可能性がございますのでご注意ください。
・Loppi／ローソンチケット：11月26日(日)
・郵便振込：11月26日(月)
※ファンクラブで入金の確認がとれるまでに数日かかる場合がございます。お時間に余裕を持ってお手続きください。"
https://www.inorimachi.com/fc_news/2023/1030100000.html,2023.10.30,「いのりまち町民集会2024」チケット申し込み受付開始のご案内,"「いのりまち町民集会2024 -ACOUSTIC LIVE Wonder Caravan！-」チケットの申し込み受付を開始いたしました！
>> 公演情報はこちら！
●申し込み詳細
《申込受付期間》
10月30日(月)10:00～11月13日(月)18:00
《当落発表》
11月21日(火)15:00予定
《入金期間》
11月21日(火)15:00～11月28日(火)23:59
《申込制限枚数》
1公演につき1枚限り
※複数公演お申し込みいただきました場合、複数公演当選する可能性がございます。
その際、当選された全てのチケットをご購入いただきます。
●申し込み方法
チケット販売サイト「TAPIRS TICKET」を利用した電子チケットによる受付です。
詳細は「
水瀬いのりオフィシャルファンクラブ『いのりまち』電子チケット利用案内
」をご確認ください。
《受付ページ》
ファンクラブページメニュー内「チケット」より、該当の受付バナーをクリックの上、画面の案内に従ってお手続きください。
※ファンクラブ会員限定のチケット受付となりますため、「TAPIRS TICKET」内「受付一覧」には受付ページは表示されません。
【ご注意】
※「
TAPIRS MEMBERS
」への会員登録が必要となります。
※チケットのお申込み・当落結果確認・ご入金・公演へのご参加は、各期間において会員期限内である必要があります。
※公演当日に会員期限が切れている場合、入場をお断りいたします。会員期限が2024/2/29・2024/3/31以前の方はご注意ください。
※受付ページ記載の注意事項を必ずご確認ください。ご了承いただきました上でのお手続きとなります。
※受付は先着順ではございません。申し込み者多数の場合、抽選にて当落を決定いたします。
※複数公演当選された場合、当選されたすべてのチケットをご購入いただきます。
※いかなる理由におきましても、申込受付期間終了後の申込み・キャンセル・変更はできません。
※本受付では、マッチングシステムを実施予定です。詳細につきましては改めてご案内いたします。
ご不明な点のある方は、必ず申込受付期間内にファンクラブまでお問い合わせください。
----------------------------
※※重要※※
イベントへの入場には、
【有効な顔写真付き身分証明書(※下記参照)・チケット】
が必要です。
いずれかをお持ちでない場合はご参加いただけませんのでご注意ください。
★本イベントにおける有効な顔写真付き身分証明書
○運転免許証(各都道府県公安委員会が発行するもの)
○パスポート
○マイナンバーカード
○顔写真付き住民基本台帳カード(住基カード)
○顔写真付き学生証(在学中のものに限る)
○顔写真付き保険証
○在留カード、外国人登録証明書、特別永住者証明書
○顔写真付き障害者手帳、養育手帳、療育手帳
※すべてにおいて、コピー・期限切れ・顔写真無しのものは無効。
※taspoや社員証、会員証、マイナンバー通知カード、公共料金請求書関連書類等は認められませんのでご注意ください。
※チケット表示氏名と一致するものに限ります。
※外国籍の方は【パスポート・在留カード・特別永住者証明書】のいずれかをお持ちください。
※発行に時間を要する場合もございますので、これから取得される方はお早めにお手続きください。
※顔写真付きマイナンバーカードは、年齢問わず無料で取得することができます。
>> マイナンバーカード総合サイト
----------------------------
♪入会をご検討の方へ
チケットの申込受付期間終了までに、ファンクラブページより【クレジットカード決済・コンビニ／ペイジー支払】にてご入会(入金完了まで)いただきますとチケットのお申し込みが可能です！
>> ご入会はこちらから！
【ご注意】
※Loppi／ローソンチケット、郵便振込からのお手続きは期日が異なります。
下記期日を過ぎた場合、チケットはお申し込みいただけません。ご注意ください。
・Loppi／ローソンチケット：11月5日(日)
・郵便振込：11月5日(日)
※チケットの申込受付は11月13日(月)18:00に終了しますので、時間に余裕を持ってお手続きください。"
https://www.inorimachi.com/fc_news/2023/1120150000.html,2023.11.20,"「まちの映画館～町内""生""放送～」放送決定！","「まちの映画館～町内""生""放送～」の次回放送が決定しました！
次回は、『「Inori Minase LIVE TOUR 2023 SCRAP ART」10月29日(日)神奈川ツアーファイナル公演 オンライン配信』後の実施を予定しております♪
ぜひ、オンライン配信とあわせてご視聴ください！
【まちの映画館～町内""生""放送～】
日時：2023年11月25日(土) 21:50頃
※オンライン生配信です。
※配信時間は変更になる可能性がございます。
※アーカイブは、12月3日(土)23:59までを予定しております。
●視聴方法
ファンクラブページ内
「まちの映画館」
よりご覧いただけます。
●注意事項
・動画配信・視聴にはタイムラグが生じる場合がございます。
・途中から視聴した場合はその時点からのライブ配信となり、時間を戻しての再生はできませんのでご了承ください。
・コメントがうまく送信されない場合がございます。その際はご視聴するブラウザやデバイスを変更してお試しください。
・ご視聴に関わるインターネット通信費用はお客様のご負担となります。
・動画配信となりデータ通信量が多くなることが想定されるため、安定したインターネット環境(Wi-Fi等)のご利用を推奨いたします。
・配信には機材・回線等、最善の準備を行い実施しますが、生配信である特性上、不慮の一時中断や乱れなどが起こる可能性がある点、ご了承ください。
・お客様のインターネット環境に伴う閲覧の不具合に関しては対応は一切できかねます。
・本配信は配信プラットフォーム「Vimeo」を使用します。ご視聴の推奨環境は
こちら
よりご確認ください。
・日本国外からご視聴の際は、
「Vimeo」の視聴対応地域
にご注意ください。
・本配信の撮影、録音及び録画は一切禁止させていただきます。
また、無断転載、複製、加工、再配布する行為もご遠慮ください(ウェブサイト・SNSを含む)。"
https://www.inorimachi.com/fc_news/2023/1121150000.html,2023.11.21,「いのりまち町民集会2024」チケット当落結果のご案内,"「いのりまち町民集会2024 -ACOUSTIC LIVE Wonder Caravan！-」チケットをお申し込みいただきました方へ、当落結果のご案内を開始いたしました。
《当落確認・入金期間》
11月21日(火)15:00～11月28日(火)23:59
●当落結果について
チケット販売サイト「TAPIRS TICKET」内「チケット申込み履歴」よりご確認いただけます。
※ファンクラブページメニュー内「チケット」より、該当の受付バナーをクリックいただくとログインが可能です。
また、チケット受付サイト「
TAPIRS MEMBERS
」にご登録いただいたメールアドレス宛に『抽選結果のお知らせ』メールをお送りしております。
●お支払いについて
詳細につきましては下記ページの「支払いについて」よりご確認ください。
https://ticket.re-tapirs.com/mp/faq
【ご注意】
※公演終了後まで「TAPIRS MEMBERS」の会員登録は削除されないようお願いいたします。
※チケットのお申込み・当落結果確認・ご入金・公演へのご参加は、各期間において会員期限内である必要があります。
※公演当日に会員期限が切れている場合、入場をお断りいたします。会員期限が2024/2/29・2024/3/31以前の方はご注意ください。
※ファンクラブページ内では当落結果は確認できません。ご注意ください。
※いかなる理由におきましても、当選されたチケットのキャンセル・変更はできません。
※複数公演当選された場合、当選されたすべてのチケットをご購入いただきます。
※当落結果メール未着によるチケット代の未入金等には対応をいたしかねます。
※入金に不備・不明な点がある場合、選択した決済方法以外での入金や支払期限後の入金はすべて手数料を差し引き返金いたします。
その際、当選は無効となりチケットのご用意はできかねます。
※当選確定後、入金期間内にチケット代金の入金がない場合、今後ファンクラブで取り扱うオリジナルグッズ・チケット等の購入をお断りいたします。
----------------------------
※※重要※※
イベントへの入場には、
【有効な顔写真付き身分証明書(※下記参照)・チケット】
が必要です。
いずれかをお持ちでない場合はご参加いただけませんのでご注意ください。
★本イベントにおける有効な顔写真付き身分証明書
○運転免許証(各都道府県公安委員会が発行するもの)
○パスポート
○マイナンバーカード
○顔写真付き住民基本台帳カード(住基カード)
○顔写真付き学生証(在学中のものに限る)
○顔写真付き保険証
○在留カード、外国人登録証明書、特別永住者証明書
○顔写真付き障害者手帳、養育手帳、療育手帳
※すべてにおいて、コピー・期限切れ・顔写真無しのものは無効。
※taspoや社員証、会員証、マイナンバー通知カード、公共料金請求書関連書類等は認められませんのでご注意ください。
※チケット表示氏名と一致するものに限ります。
※外国籍の方は【パスポート・在留カード・特別永住者証明書】のいずれかをお持ちください。
※発行に時間を要する場合もございますので、これから取得される方はお早めにお手続きください。
※顔写真付きマイナンバーカードは、年齢問わず無料で取得することができます。
>> マイナンバーカード総合サイト
----------------------------
【お問い合わせ先】
●チケット受付～発券に関するお問い合わせ先
チケットインフォメーション：
お問い合わせフォーム
※申し込み方法・当落確認・支払い方法・チケット発券に関するお問い合わせはこちらです。
※お問い合わせの際は公演名欄に『水瀬いのりファンクラブイベント』とご入力ください。
●ファンクラブ会員ページログイン・その他に関するお問い合わせ先
水瀬いのりオフィシャルファンクラブ「いのりまち」
MAIL：
contact@inorimachi.com
※お名前のないメールにはお返事いたしかねます。（会員の方は会員番号もご明記ください）
※メールでのお問い合わせは、返信までに最大1週間ほどお時間がかかります。
※お問い合わせの前にファンクラブからのメールを受信できるよう、下記メールアドレスの受信設定をお願いいたします。
・contact@inorimachi.com
・mail@inorimachi.com"
https://www.inorimachi.com/fc_news/2023/1121150001.html,2023.11.21,「いのりまち町民集会2024」アンケート＆おたより募集！,"「いのりまち町民集会2024 -ACOUSTIC LIVE Wonder Caravan！-」
ファンクラブ初のアコースティックライブ開催に向けて、事前アンケートを実施いたします！
町長に聞いてみたいことやおたよりも募集中です♪
●募集内容
〈アンケート〉
アコースティックアレンジで聴きたい曲
町長の楽曲より1曲をお選びいただき、ご回答ください。
みなさんの声がセットリストに反映されるかも......!?
〈おたより募集〉
町長に聞いてみたいことや相談してみたいお悩みごとなど......
ご自由にお送りください♪
●投稿方法
ファンクラブページログイン後、メニューに表示される「アンケート」よりご投稿ください。
●募集締切
11月28日(火)18:00まで
【ご注意】
※回答内容、おたよりはライブ内、また後日ファンクラブページ内で使用する可能性がございます。その際、一部内容を編集させていただく場合がございます。
※ファンクラブライブへの参加に関わらず、すべての会員様がご回答いただけます。
※回答はお一人様1回までとなります。"
https://www.inorimachi.com/fc_news/2023/1122150000.html,2023.11.22,ファンクラブページ更新！,"「いのりまち」ファンクラブページを更新いたしました！
●まちの映画館
ファンクラブページ内
「まちの映画館」
を更新しました！
「おしえて！町長」の出張版と題して、会報23号で募集したみなさまからのご質問に町長が答えます！
●まちの新聞
ファンクラブページ内
「まちの新聞」
で
「『Inori Minase LIVE TOUR 2023 SCRAP ART』リハーサル編」
を公開しました！
いのりバンドのみなさんとリハーサルに励む町長の姿をお届けします！
ぜひご覧ください♪"
https://www.inorimachi.com/fc_news/2023/1127150000.html,2023.11.27,「いのりまち町民集会2024」特設ページ公開！,"「いのりまち町民集会2024 -ACOUSTIC LIVE Wonder Caravan！-」の特設ページを公開しました！
ファンクラブ限定ライブに関する情報はこちらをチェック☆
「いのりまち町民集会2024 -ACOUSTIC LIVE Wonder Caravan！-」特設ページ"
https://www.inorimachi.com/fc_news/2023/1128150000.html,2023.11.28,「水瀬いのり MELODY FLAG」公開録音イベント ファンクラブカウンター設置のお知らせ,"「水瀬いのり MELODY FLAG」公開録音イベントの会場におきまして、ファンクラブカウンターを設置いたします。
〈設置場所〉
グッズ販売エリア付近
〈対応時間〉
グッズ販売開始時刻～終演後
※開演中の受付はいたしません。
〈受付内容〉
●入会
会場にてご入会いただいた方には会報誌を先着でプレゼント！
初年度会費：￥5,500(入会金￥1,100＋年会費￥4,400)
●継続
会員期限が【2024年3月31日】までの方を対象に、会場にて継続手続きの受付を行います！
継続年会費：￥4,400(2年目以降)
お手続きいただいた方には、継続特典をその場でお渡しします！
会場でのお手続きは手数料がかかりません。
ぜひこの機会をご利用ください♪"
https://www.inorimachi.com/fc_news/2023/1128150001.html,2023.11.28,ファンクラブ会報「いのりまちだより」24号発行決定！,"ファンクラブ会報
「いのりまちだより」24号
の発行が決定しました！
24号の発送は12月下旬を予定しております。
今回は『Inori Minase LIVE TOUR 2023 SCRAP ART』を大特集！
その他、会報内新コーナーや町民さんと町長の交流コーナーなど、
ここでしか見られない情報が満載の会報です♪
住所変更を希望される方は
【12月11日(月)15:00まで】
に
ファンクラブページログイン後、「まち役場」よりお手続きください。
住所変更がない方も、今一度ご登録内容のご確認をお願いいたします。
----------
「Inori Minase LIVE TOUR 2023 SCRAP ART」いのりまち限定特典付き配信チケットをご購入の方には
特典の同封を予定しております。
----------
※会報24号は、12月31日(日)までにご入会(入金完了まで)くださった方にお送りします。
※変更手続きがなく発送物未着のお問い合わせをいただいた場合、対応をいたしかねます。
※発送完了後は、まちの回覧板にてお知らせします。"
https://www.inorimachi.com/fc_news/2023/1130150000.html,2023.11.30,まちの新聞「『Inori Minase LIVE TOUR 2023 SCRAP ART』オープニング映像撮影編」更新！,"ファンクラブページ内
「まちの新聞」
で
「『Inori Minase LIVE TOUR 2023 SCRAP ART』オープニング映像撮影編」
を公開しました！
12月3日(日)23:59までアーカイブ配信中の
「『Inori Minase LIVE TOUR 2023 SCRAP ART』10月29日(日)ぴあアリーナMM公演 オンライン配信」とあわせてぜひご覧ください！
オンライン配信の詳細は
こちら
！
☆《ファンクラブ限定》特典付きチケットも発売中！"
https://www.inorimachi.com/fc_news/2023/1215150000.html,2023.12.15,いのりまち 冬季休業のお知らせ,"冬季休業に伴い、下記期間のメール対応、並びに宅配便の受け取りを休業させていただきます。
■2023年12月29日(金)～2024年1月3日(水)
期間中にいただきましたお問い合わせにつきましては、
2024年1月4日(木)より順次お返事いたします。
ご利用の皆様にはご不便をおかけいたしますが、
ご理解、ご協力の程、何卒よろしくお願い申し上げます。"
https://www.inorimachi.com/fc_news/2023/1215190000.html,2023.12.15,「KING SUPER LIVE 2024」オフィシャルファンクラブ先行のお知らせ,"「KING SUPER LIVE 2024」への水瀬いのりの出演が決定しました！
「水瀬いのりオフィシャルファンクラブいのりまち先行」を実施いたします。
【公演概要】
《日時》
Day1：2024年5月11日(土)14:00開場/16:00開演
Day2：2024年5月12日(日)12:00開場/14:00開演
《会場》
Ｋアリーナ横浜
〒220-0012
神奈川県横浜市西区みなとみらい6丁目2−14
《出演者》
Day1
愛美、蒼井翔太、麻倉あきら、angela、上坂すみれ、内田雄馬、岡咲美保、奥井雅美、
カノエラナ、國府田マリ子、saji、椎名へきる、Suara、高橋洋子、田村ゆかり、七海ひろき、
保志総一朗、堀江由衣、水樹奈々、水瀬いのり、宮野真守、森口博子、米倉千尋(五十音順/敬称略)
Day2
愛美、蒼井翔太、angela、上坂すみれ、内田雄馬、岡咲美保、カノエラナ、saji、七人のカリスマ声優、
高橋洋子、千葉翔也、七海ひろき、HACHI、保志総一朗、堀江由衣、水樹奈々、
水瀬いのり、宮野真守、森口博子、RISE(Extreme Hearts)(五十音順/敬称略)
《チケット代》
全席指定¥13,000(税込)
※一部着席指定の座席が含まれます。
※ファンクラブ先行購入特典：オリジナル電子チケット券面
【オフィシャルファンクラブいのりまち先行】
受付期間：2023年12月15日(金)19:00～2024年1月10日(水)23:59
当落発表：2024年1月18日(木)18:00頃
入金期間：当落発表後～2024年1月22日(月)23:59
発券開始：各公演3日前
枚数制限：お一人様4枚まで
申込方法：ファンクラブページ「チケット」内、該当バナーより
チケットぴあのサイトにアクセスし、案内に従ってご購入ください。
※ファンクラブ先行の特典はオリジナル電子チケット券面のみで、チケット確保の優先および座席の優遇はございません。
※同日公演に複数申し込みをされた場合、全て当選する可能性がございます。
※申し込みにはチケットぴあ会員登録(無料)が必要となります。
※3歳以上のお子様はチケットが必要となります。
※出演者変更に伴う払い戻しは致しかねます。
※車いすエリアご希望の方は、チケットをご購入後、【問い合わせ】までご連絡をお願いいたします。同伴者もチケットが必要となります。
【特設サイト】
https://kingsuperlive.jp/
【問い合わせ】
ホットスタッフ・プロモーション
TEL：050-5211-6077(平日12:00～18:00)
----------------------------
♪入会をご検討の方へ
チケットの申込受付期間終了までに、ファンクラブページより【クレジットカード決済・コンビニ／ペイジー支払】にてご入会(入金完了まで)いただきますとチケットのお申し込みが可能です！
>> ご入会はこちらから！
【ご注意】
※Loppi／ローソンチケット、郵便振込からのお手続きは期日が異なります。
下記期日を過ぎた場合、チケットはお申し込みいただけません。ご注意ください。
・Loppi／ローソンチケット：12月31日(日)
・郵便振込：12月31日(日)
※チケット申込受付期間は2024年1月10日(日)23:59に終了します。時間に余裕を持ってお手続きください。"
https://www.inorimachi.com/fc_news/2023/1218150000.html,2023.12.18,まちの新聞「『Inori Minase LIVE TOUR 2023 SCRAP ART』幕間映像撮影レポート編」更新！,"ファンクラブページ内
「まちの新聞」
で
「『Inori Minase LIVE TOUR 2023 SCRAP ART』幕間映像撮影レポート編」
を公開しました！
ぜひチェックしてみてください♪"
https://www.inorimachi.com/fc_news/2023/1219150000.html,2023.12.19,まちの新聞「『Inori Minase LIVE TOUR 2023 SCRAP ART』公演ダイジェスト編」更新！,"ファンクラブページ内
「まちの新聞」
で
「『Inori Minase LIVE TOUR 2023 SCRAP ART』公演ダイジェスト編」
を公開しました！
これまで公開してきた映像編などとも合わせてぜひご覧ください☆"
https://www.inorimachi.com/fc_news/2023/1222150000.html,2023.12.22,まちの新聞「『水瀬いのり 卓上カレンダー2024』撮影レポート編」更新！,"ファンクラブページ内
「まちの新聞」
で
「『水瀬いのり 卓上カレンダー2024』撮影レポート編」
を公開しました！
----------
※12月22日 その4～7 更新しました！
----------
「水瀬いのり 卓上カレンダー2024」撮影当日の様子をレポート！
ぜひチェックしてみてください♪"
https://www.inorimachi.com/fc_news/2023/1226150000.html,2023.12.26,ファンクラブ会報「いのりまちだより」24号発送開始のお知らせ,"ファンクラブ会報「いのりまちだより」24号の発送を、12月26日(火)に開始いたしました！
2024年1月9日(火)
になりましてもお手元に届かない場合は、
下記期間内にファンクラブまでお問い合わせください。
■未着問い合わせ期間
2024年1月9日(火)～1月23日(火)
※こちらの問い合わせ期間は12月11日(月)までにご入会・ご継続いただいた方を対象としております。
12月12日(火)以降にご入会・ご継続いただいた方は発送完了メール記載の未着問い合わせ期間をご確認ください。
■お問い合わせ先
MAIL：contact@inorimachi.com
件名：会報24号未着
本文：会員番号・氏名・住所・お問い合わせの詳細
※未着問い合わせ期間以降にご連絡をいただきましても対応いたしかねますのでご注意ください。
※12月末までにご入会いただいた方を対象に発送いたします。
※初回発送は、12月11日(月)までにご入会手続きを完了された方が対象です。
※12月12日(火)以降にご入会いただいた方へは、1月中旬より順次発送いたします。
※会報投稿は【12月27日(水)12:00】より受付を開始いたします。"
https://www.inorimachi.com/fc_news/2023/1226150001.html,2023.12.26,まちの新聞「『いのりまち町民集会2024』グッズ紹介編」更新！,"ファンクラブページ内
「まちの新聞」
で
「『いのりまち町民集会2024 -ACOUSTIC LIVE Wonder Caravan！-』グッズ紹介編」
を掲載しました！
今回ならではのグッズたちをご紹介します♪
ぜひご覧ください！"
https://www.inorimachi.com/fc_news/2023/1226150002.html,2023.12.26,「いのりまち町民集会2024」グッズラインナップ公開！,"「いのりまち町民集会2024 -ACOUSTIC LIVE Wonder Caravan！-」のグッズラインナップを公開しました！
12月27日(水)15:00より通信販売の申し込み受付を開始いたします。
●通信販売
《受付期間》
2023年12月27日(水)15:00～2024年1月8日(月)23:59
《発送時期》
2024年1月下旬
※2024年2月4日(日)埼玉公演前までのお届けを予定しておりますが、今後の社会情勢等の影響やお住まいの地域・天候・配送状況等により、
お届けが遅れる場合がございます。何卒ご理解いただきますようお願い申し上げます。
《取扱商品》
全アイテム
※「水瀬いのり 卓上カレンダー2024」、『「水瀬いのり MELODY FLAG」公開録音イベント』グッズ、「いのりまち会員限定グッズ」が同時にご購入いただけます。
《申し込み方法》
ファンクラブページ内「グッズ」より、ご希望のアイテムをショッピングカートに入れ、決済方法を選択し代金をご入金ください。
「いのりまち町民集会2024 -ACOUSTIC LIVE Wonder Caravan！-」特設ページ"
https://www.inorimachi.com/fc_news/2023/1226150003.html,2023.12.26,「いのりまち町民集会2024」愛知公演の事後配信が決定！,"「いのりまち町民集会2024 -ACOUSTIC LIVE Wonder Caravan！-」愛知公演の事後配信が決定いたしました！
●配信詳細
《配信公演》
3月2日(土) 愛知　Niterra日本特殊陶業市民会館 フォレストホール
《日程》
2024年3月22日(金)19:00開演予定
《アーカイブ期間》
配信終了後～4月7日(日)23:59
《チケット販売期間》
2024年3月4日(月)15:00～4月7日(日)20:00
《チケット料金》
¥3,900(税込)
●チケット購入方法
ファンクラブページ「
チケット
」内、「配信チケット購入ページ」のボタンより
チケットぴあのサイトにアクセスし、案内に従ってご購入ください。
※チケットの購入には、チケットぴあの会員登録(無料)が必要です。
【海外からの視聴について】
海外から視聴される方は、ファンクラブページ「チケット」下部の【For Overseas Customers】のボタンからチケットぴあのサイトにアクセスし、表示に従って情報を入力・ご購入ください。
「いのりまち町民集会2024 -ACOUSTIC LIVE Wonder Caravan！-」特設ページ"
https://www.inorimachi.com/fc_news/2023/1226150004.html,2023.12.26,「いのりまち町民集会2024」マッチングシステム受付のご案内,"「いのりまち町民集会2024 -ACOUSTIC LIVE Wonder Caravan！-」では、マッチングシステムを実施いたします。
----------------------------
〈マッチングシステムとは〉
チケットをご購入いただいた後に、やむを得ない理由によりライブへの参加が不可能になってしまった場合のみ、チケットを定価で譲渡できるよう仲介するシステムです。
※譲渡希望と購入希望が合致した場合にのみ成立となります。
譲渡不成立の場合、払い戻しはいたしかねますので、ご了承ください。また、譲渡者を指定することはできません。
※ご当選時のお支払いは「クレジットカード」のみとなります。
----------------------------
>> 公演情報はこちら！
●申し込み詳細
《申込受付期間》
2024年1月5日(金)15:00～1月9日(火)17:00
《当落発表》
2024年1月17日(水)15:00予定
●申し込み対象
■譲渡希望
「いのりまち町民集会2024 -ACOUSTIC LIVE Wonder Caravan！-」チケット先行受付にて【対象公演】のチケットを購入された方
※譲渡希望登録の際には、下記が必要になります。
・会員番号(半角数字5桁)
・いのりまちから後日発行される、『「いのりまち町民集会2024」マッチング専用パスワード』
(マッチング専用パスワードは、後日ファンクラブ登録のメールアドレス宛にメールにてご案内いたします。
メールが未着の方は、ファンクラブページ「まち役場」内、「お知らせメール一覧」にて控えをご確認ください)
■購入希望
申し込み受付期限までにご入会された会員期限内の方
(新規ご入会をご希望の方は下部の対象入金日をあわせてご確認ください)
※下記内容に該当する方は『水瀬いのりオフィシャルファンクラブ会員マッチングシステム』にてチケット購入はできませんので、予めご了承ください。
・同一公演のチケットが当選(購入)した方
・同一公演の譲渡希望を出した方
●申し込み方法
チケット販売サイト「TAPIRS TICKET」を利用した電子チケットによる受付です。
詳細は「
水瀬いのりオフィシャルファンクラブ『いのりまち』電子チケット利用案内
」をご確認ください。
《受付ページ》
ファンクラブページメニュー内「チケット」より、該当の受付バナーをクリックの上、画面の案内に従ってお手続きください。
※ファンクラブ会員限定のチケット受付となりますため、「TAPIRS TICKET」内「受付一覧」には受付ページは表示されません。
【ご注意】
※「
TAPIRS MEMBERS
」への会員登録が必要となります。
※受付ページは、お申し込み受付期間になりましたらログインいただけます。
※チケットのお申込み・当落結果確認・ご入金・公演へのご参加は、各期間において会員期限内である必要があります。
※公演当日に会員期限が切れている場合、入場をお断りいたします。会員期限が2024/2/29以前の方はご注意ください。
※受付ページ記載の注意事項を必ずご確認ください。ご了承いただきました上でのお手続きとなります。
※必ず譲渡・購入ができるものではありませんので、予めご了承ください。
※受付開始・終了間際は、アクセスが集中し繋がりにくくなる場合もございます。時間に余裕をもってお手続きください。
※いかなる理由におきましても、申込受付期間終了後の申し込み・キャンセル・変更はできません。
ご不明な点のある方は、必ず申込受付期間内にファンクラブまでお問い合わせください。
----------------------------
※※重要※※
イベントへの入場には、
【有効な顔写真付き身分証明書(※下記参照)・チケット】
が必要です。
いずれかをお持ちでない場合はご参加いただけませんのでご注意ください。
★本イベントにおける有効な顔写真付き身分証明書
○運転免許証(各都道府県公安委員会が発行するもの)
○パスポート
○マイナンバーカード
○顔写真付き住民基本台帳カード(住基カード)
○顔写真付き学生証(在学中のものに限る)
○顔写真付き保険証
○在留カード、外国人登録証明書、特別永住者証明書
○顔写真付き障害者手帳、養育手帳、療育手帳
※すべてにおいて、コピー・期限切れ・顔写真無しのものは無効。
※taspoや社員証、会員証、マイナンバー通知カード、公共料金請求書関連書類等は認められませんのでご注意ください。
※チケット表示氏名と一致するものに限ります。
※外国籍の方は【パスポート・在留カード・特別永住者証明書】のいずれかをお持ちください。
※発行に時間を要する場合もございますので、これから取得される方はお早めにお手続きください。
※顔写真付きマイナンバーカードは、年齢問わず無料で取得することができます。
>> マイナンバーカード総合サイト
----------------------------
♪入会をご検討の方へ
チケットの申込受付期間終了までに、ファンクラブページより【クレジットカード決済・コンビニ／ペイジー支払】にてご入会(入金完了まで)いただきますとチケットのお申し込みが可能です！
>> ご入会はこちらから！
【ご注意】
※Loppi／ローソンチケット、郵便振込からのお手続きは期日が異なります。
下記期日を過ぎた場合、チケットはお申し込みいただけません。ご注意ください。
・Loppi／ローソンチケット、郵便振込：12月24日(日)
※チケット申込受付期間をよくお確かめの上、時間に余裕を持ってお手続きください。
----------------------------
【お問い合わせ先】
●チケット受付～発券に関するお問い合わせ先
チケットインフォメーション：
お問い合わせフォーム
※お問い合わせの際は公演名欄に『水瀬いのりファンクラブイベント』とご入力ください。
※冬季休業：2023年12月29日(金)～2024年1月4日(木)
●ファンクラブ会員ページログイン・その他に関するお問い合わせ先
水瀬いのりオフィシャルファンクラブ「いのりまち」
MAIL：
contact@inorimachi.com
※お名前のないメールにはお返事いたしかねます。（会員の方は会員番号もご明記ください）
※メールでのお問い合わせは、返信までに最大1週間ほどお時間がかかります。
※お問い合せの前にファンクラブからのメールを受信できるよう、下記メールアドレスの受信設定をお願いいたします。
・contact@inorimachi.com
・mail@inorimachi.com"
https://www.inorimachi.com/fc_news/2023/1227120000.html,2023.12.27,ファンクラブ会報「いのりまちだより」投稿受付開始！,"ファンクラブ会報「いのりまちだより」25号の投稿受付を開始いたしました！
町長へのメッセージやライブ、アニメ、イベント、会報の感想、イラストやコーナーへの投稿などなど、みなさんのおたよりをお送りください♪
【ファンクラブページからの投稿】
ファンクラブページログイン後、「ポスト」からご投稿ください。
投稿締切：2024年1月30日(火)18:00
【郵便での投稿】
〒160-0023
東京都新宿区西新宿1-19-6 山手新宿ビル11F
水瀬いのりオフィシャルファンクラブ「いのりまち」○○○(各コーナー名)係
投稿締切：2024年1月30日(火)必着
たくさんの投稿、お待ちしております♪"
https://www.inorimachi.com/fc_news/2023/1227150000.html,2023.12.27,まちの新聞「『いのりまち町民集会2024』グッズ撮影編」更新！,"ファンクラブページ内
「まちの新聞」
で
「『いのりまち町民集会2024 -ACOUSTIC LIVE Wonder Caravan！-』グッズ撮影編」
を公開しました！
「いのりまち町民集会2024 -ACOUSTIC LIVE Wonder Caravan！-」グッズ撮影当日の様子をレポート！
グッズラインナップとあわせてぜひご覧ください☆"
https://www.inorimachi.com/fc_news/2023/1228150000.html,2023.12.28,まちの新聞「ゆくまちくるまち 2023」更新！,"ファンクラブページ内
「まちの新聞」
で
「ゆくまちくるまち 2023」
を公開しました！
2023年のいのりまちのできごとを振り返ってみました！
今年も大変お世話になりました。よいお年をお迎えください♪"
https://www.inorimachi.com/fc_news/2024/0101100000.html,2024.01.01,年賀状発送のお知らせ,"年賀状を発送いたしました！
1月15日(月)
になりましてもお手元に届かない場合は、
下記期間内にファンクラブまでお問い合わせください。
■未着問い合わせ期間
1月15日(月)～1月29日(月)
■お問い合わせ先
MAIL：contact@inorimachi.com
件名：年賀状未着
本文：会員番号・氏名・住所・お問い合わせの詳細
※未着問い合わせ期間以降にご連絡をいただきましても対応いたしかねますのでご注意ください。
※1月28日(日)までにご入会いただいた方を対象に発送いたします。
※初回発送は、12月11日(月)の時点で2024年1月31日以降の会員期限をお持ちの方が対象です。
※12月28日(木)以降にご入会・ご継続いただいた方へは順次発送いたします。"
https://www.inorimachi.com/fc_news/2024/0101100001.html,2024.01.01,ファンクラブページ更新！,"「いのりまち」ファンクラブページを更新いたしました！
●TOP画像更新！
2024年、町長が一緒に撮影した○○とは......!?
ぜひ
ログイン
してみてくださいね！
●まちの映画館「新年のごあいさつ from町長」更新！
ファンクラブページ内
「まちの映画館」
を更新しました！
町長から町民さんへ新年のごあいさつです♪
●「まちうけ」画像更新！
ファンクラブページ
「まちうけ」
の画像を更新しました♪
期間限定での配信です！
町民さんはダウンロードをお忘れなく！
※画像の無断転載、複製、加工、または再配布する行為はご遠慮ください(ウェブサイト・SNSを含む)。"
https://www.inorimachi.com/fc_news/2024/0105150000.html,2024.01.05,「いのりまち町民集会2024」マッチングシステム受付開始のご案内,"「いのりまち町民集会2024 -ACOUSTIC LIVE Wonder Caravan！-」マッチングシステムの受付を開始いたしました。
>> 公演情報はこちら！
----------------------------
〈マッチングシステムとは〉
チケットをご購入いただいた後に、やむを得ない理由によりライブへの参加が不可能になってしまった場合のみ、チケットを定価で譲渡できるよう仲介するシステムです。
※譲渡希望と購入希望が合致した場合にのみ成立となります。
譲渡不成立の場合、払い戻しはいたしかねますので、ご了承ください。また、譲渡者を指定することはできません。
※ご当選時のお支払いは「クレジットカード」のみとなります。
----------------------------
●申し込み詳細
《申込受付期間》
2024年1月5日(金)15:00～1月9日(火)17:00
《当落発表》
2024年1月17日(水)15:00予定
●申し込み対象
■譲渡希望
「いのりまち町民集会2024 -ACOUSTIC LIVE Wonder Caravan！-」チケット先行受付にて【対象公演】のチケットを購入された方
■購入希望
申し込み受付期限までにご入会された会員期限内の方
(新規ご入会をご希望の方は下部の対象入金日をあわせてご確認ください)
※下記内容に該当する方は『水瀬いのりオフィシャルファンクラブ会員マッチングシステム』にてチケット購入はできませんので、予めご了承ください。
・同一公演のチケットが当選(購入)した方
・同一公演の譲渡希望を出した方
●申し込み方法
《受付ページ》
ファンクラブページメニュー内「チケット」より、該当の受付バナーをクリックの上、画面の案内に従ってお手続きください。
※ファンクラブ会員限定のチケット受付となりますため、「TAPIRS TICKET」内「受付一覧」には受付ページは表示されません。
※譲渡希望と購入希望でログイン情報が異なります。
■譲渡希望
譲渡希望時に必要なログインパスワード
①会員番号(半角数字5桁)
②いのりまち発行の『「いのりまち町民集会2024」マッチング専用パスワード』
(マッチング専用パスワードは、ファンクラブ登録のメールアドレス宛にメールにて12月27日(水)正午よりご案内しております。メールが未着の方は、ファンクラブページ「まち役場」内、「お知らせメール一覧」にて控えをご確認ください)
■購入希望
チケット販売サイト「TAPIRS TICKET」を利用した電子チケットによる受付です。
詳細は「
水瀬いのりオフィシャルファンクラブ『いのりまち』電子チケット利用案内
」をご確認ください。
【ご注意】
※「
TAPIRS MEMBERS
」への会員登録が必要となります。
※チケットのお申込み・当落結果確認・ご入金・公演へのご参加は、各期間において会員期限内である必要があります。
※公演当日に会員期限が切れている場合、入場をお断りいたします。会員期限が2024/2/29以前の方はご注意ください。
※受付ページ記載の注意事項を必ずご確認ください。ご了承いただきました上でのお手続きとなります。
※必ず譲渡・購入ができるものではありませんので、予めご了承ください。
※受付開始・終了間際は、アクセスが集中し繋がりにくくなる場合もございます。時間に余裕をもってお手続きください。
※いかなる理由におきましても、申込受付期間終了後の申し込み・キャンセル・変更はできません。
ご不明な点のある方は、必ず申込受付期間内にファンクラブまでお問い合わせください。
----------------------------
※※重要※※
イベントへの入場には、
【有効な顔写真付き身分証明書(※下記参照)・チケット】
が必要です。
いずれかをお持ちでない場合はご参加いただけませんのでご注意ください。
★本イベントにおける有効な顔写真付き身分証明書
○運転免許証(各都道府県公安委員会が発行するもの)
○パスポート
○マイナンバーカード
○顔写真付き住民基本台帳カード(住基カード)
○顔写真付き学生証(在学中のものに限る)
○顔写真付き保険証
○在留カード、外国人登録証明書、特別永住者証明書
○顔写真付き障害者手帳、養育手帳、療育手帳
※すべてにおいて、コピー・期限切れ・顔写真無しのものは無効。
※taspoや社員証、会員証、マイナンバー通知カード、公共料金請求書関連書類等は認められませんのでご注意ください。
※チケット表示氏名と一致するものに限ります。
※外国籍の方は【パスポート・在留カード・特別永住者証明書】のいずれかをお持ちください。
※発行に時間を要する場合もございますので、これから取得される方はお早めにお手続きください。
※顔写真付きマイナンバーカードは、年齢問わず無料で取得することができます。
>> マイナンバーカード総合サイト
----------------------------
♪入会をご検討の方へ
チケットの申込受付期間終了までに、ファンクラブページより【クレジットカード決済・コンビニ／ペイジー支払】にてご入会(入金完了まで)いただきますとチケットのお申し込みが可能です！
>> ご入会はこちらから！
【ご注意】
※Loppi／ローソンチケット、郵便振込からのお手続きは期日が異なります。
下記期日を過ぎた場合、チケットはお申し込みいただけません。ご注意ください。
・Loppi／ローソンチケット、郵便振込：12月24日(日)
※チケット申込受付期間をよくお確かめの上、時間に余裕を持ってお手続きください。
----------------------------
【お問い合わせ先】
●チケット受付～発券に関するお問い合わせ先
チケットインフォメーション：
お問い合わせフォーム
※お問い合わせの際は公演名欄に『水瀬いのりファンクラブイベント』とご入力ください。
●ファンクラブ会員ページログイン・その他に関するお問い合わせ先
水瀬いのりオフィシャルファンクラブ「いのりまち」
MAIL：
contact@inorimachi.com
※お名前のないメールにはお返事いたしかねます。（会員の方は会員番号もご明記ください）
※メールでのお問い合わせは、返信までに最大1週間ほどお時間がかかります。
※お問い合せの前にファンクラブからのメールを受信できるよう、下記メールアドレスの受信設定をお願いいたします。
・contact@inorimachi.com
・mail@inorimachi.com"
https://www.inorimachi.com/fc_news/2024/0110150000.html,2024.01.10,「いのりまち町民集会2024」グッズ通信販売　発送に関するお知らせ,"「いのりまち町民集会2024 -ACOUSTIC LIVE Wonder Caravan！-」グッズ通信販売につきまして、
1月下旬より発送開始を予定しております。
住所変更を希望される方は
【1月12日(金)12:00】
までに、
ファンクラブページ
「まち役場」
内『会員情報』より変更のお手続きをお願いいたします。
※「水瀬いのり 卓上カレンダー2024」、『「水瀬いのり MELODY FLAG」公開録音イベント』グッズを購入された方も対象です。
-------------------
建物名や部屋番号の記入漏れは、未着の原因となります。
変更がない方も、登録情報に不備がないか今一度ご確認くださいますようお願いいたします。
-------------------"
https://www.inorimachi.com/fc_news/2024/0117150000.html,2024.01.17,「いのりまち町民集会2024」マッチングシステム当落結果のご案内,"「いのりまち町民集会2024 -ACOUSTIC LIVE Wonder Caravan！-」マッチングシステムにてチケットをお申し込みいただきました方へ、当落結果のご案内を開始いたしました。
《当落発表》
2024年1月17日(水)15:00
●当落結果について
----------------------------------------------
■購入のお申し込みをされた方
チケット販売サイト「TAPIRS TICKET」内「チケット申込み履歴」よりご確認いただけます。
※ファンクラブページメニュー内「チケット」より、該当の受付バナーをクリックいただくとログインが可能です。
また、チケット受付サイト「
TAPIRS MEMBERS
」にご登録いただいたメールアドレス宛に『抽選結果のお知らせ』メールをお送りしております。
----------------------------------------------
■譲渡のお申し込みをされた方
当落結果確認期間内にマッチング用マイページ「申込み詳細」にて当落結果を必ずご確認ください。
譲渡希望登録サイトのログインパスワード
①会員番号(半角数字5桁)
②いのりまち発行の『「いのりまち町民集会2024」マッチング専用パスワード』
(マッチング専用パスワードは、ファンクラブ登録のメールアドレス宛にメールにて12月27日(水)正午よりご案内しております。
メールが未着の方は、ファンクラブページ「まち役場」内、「お知らせメール一覧」にて控えをご確認ください)
※受付期間内に【譲渡希望登録】された方を対象に厳正なる抽選の上、譲渡成立の場合、ご返金させていただきます。
※譲渡成立となった時点でチケットは【購入希望者】のものとなります。譲渡成立後のキャンセルはできません。予めご了承ください。
※譲渡成立の場合、下記の手順に沿って返金の手続きを行ってください。
※譲渡不成立の場合、チケットは変わらず元のご購入者様のものとなりチケットを発券させていただきますので、チケット代金の返金もございません。予めご了承ください。
●譲渡成立時の返金方法
譲渡成立した場合のみ、公演終了後にマッチングシステム利用料を差し引いた金額をご返金させていただきます。
《返金手続き期間》
2024年3月中旬～6月中旬頃まで
《返金方法》
返金手続き期間になりましたら、譲渡成立された方へ、譲渡希望登録時にご登録いただいたメールアドレス宛に返金手続き開始のメールが送信されます。
期限までにマッチング用マイページより返金手続きを行ってください。
返金手続きの流れは
こちら
をご確認ください。
※チケット購入時の各種手数料は返金の対象外となりますので、予めご了承ください。
※マッチングシステム利用料は、チケット1枚につき330円(税込)です。
※返金手続きは、GMOペイメントゲートウェイの返金システムを使用させていただきます。事前に「@gmo-pg.com」からのメールを受信できるように設定してください。
----------------------------------------------
【ご注意】
※公演終了後まで「TAPIRS MEMBERS」の会員登録は削除されないようお願いいたします。
※チケットのお申込み・当落結果確認・ご入金・公演へのご参加は、各期間において会員期限内である必要があります。
※公演当日に会員期限が切れている場合、入場をお断りいたします。会員期限が2024/2/29以前の方はご注意ください。
※ファンクラブページ内では当落結果は確認できません。ご注意ください。
※いかなる理由におきましても、当選されたチケットのキャンセル・変更はできません。
※複数公演当選された場合、当選されたすべてのチケットをご購入いただきます。
※当選確定後、入金期間内にチケット代金の入金がない場合、今後ファンクラブで取り扱うオリジナルグッズ・チケット等の購入をお断りいたします。
----------------------------
※※重要※※
イベントへの入場には、
【有効な顔写真付き身分証明書(※下記参照)・チケット】
が必要です。
いずれかをお持ちでない場合はご参加いただけませんのでご注意ください。
★本イベントにおける有効な顔写真付き身分証明書
○運転免許証(各都道府県公安委員会が発行するもの)
○パスポート
○マイナンバーカード
○顔写真付き住民基本台帳カード(住基カード)
○顔写真付き学生証(在学中のものに限る)
○顔写真付き保険証
○在留カード、外国人登録証明書、特別永住者証明書
○顔写真付き障害者手帳、養育手帳、療育手帳
※すべてにおいて、コピー・期限切れ・顔写真無しのものは無効。
※taspoや社員証、会員証、マイナンバー通知カード、公共料金請求書関連書類等は認められませんのでご注意ください。
※チケット表示氏名と一致するものに限ります。
※外国籍の方は【パスポート・在留カード・特別永住者証明書】のいずれかをお持ちください。
※発行に時間を要する場合もございますので、これから取得される方はお早めにお手続きください。
※顔写真付きマイナンバーカードは、年齢問わず無料で取得することができます。
>> マイナンバーカード総合サイト
----------------------------
【お問い合わせ先】
●マッチングシステム【購入】チケット受付～発券に関するお問い合わせ先
チケットインフォメーション：
お問い合わせフォーム
●マッチングシステム【譲渡】登録方法・当落確認・返金方法に関するお問い合わせ先
チケットインフォメーション：
お問い合わせフォーム
※マッチングシステム【購入】【譲渡】お問い合わせの際は公演名欄に『水瀬いのりファンクラブイベント』とご入力ください。
●ファンクラブ会員ページログイン・その他に関するお問い合わせ先
水瀬いのりオフィシャルファンクラブ「いのりまち」
MAIL：
contact@inorimachi.com
※お名前のないメールにはお返事いたしかねます。（会員の方は会員番号もご明記ください）
※メールでのお問い合わせは、返信までに最大1週間ほどお時間がかかります。
※お問い合せの前にファンクラブからのメールを受信できるよう、下記メールアドレスの受信設定をお願いいたします。
・contact@inorimachi.com
・mail@inorimachi.com"
https://www.inorimachi.com/fc_news/2024/0118180000.html,2024.01.18,「いのりまち町民集会2024」機材席解放につきチケット若干枚数販売決定！,"「いのりまち町民集会2024 -ACOUSTIC LIVE Wonder Caravan！-」に関しまして、機材席の開放に伴い、各公演若干枚数のチケットの販売を行います。
>> 公演情報はこちら！
●申し込み詳細
《申込受付期間》
2024年1月19日(金)15:00～1月22日(月)17:00
《当落発表》
2024年1月26日(金)15:00予定
●申し込み対象
申し込み受付期限までにご入会された会員期限内の方
(新規ご入会をご希望の方は下部の対象入金日をあわせてご確認ください)
※下記内容に該当する方はチケット購入はできませんので、予めご了承ください。
・同一公演のチケットが当選(購入)した方
●申し込み方法
チケット販売サイト「TAPIRS TICKET」を利用した電子チケットによる受付です。
詳細は「
水瀬いのりオフィシャルファンクラブ『いのりまち』電子チケット利用案内
」をご確認ください。
《受付ページ》
ファンクラブページメニュー内「チケット」より、該当の受付バナーをクリックの上、画面の案内に従ってお手続きください。
※ファンクラブ会員限定のチケット受付となりますため、「TAPIRS TICKET」内「受付一覧」には受付ページは表示されません。
【ご注意】
※「
TAPIRS MEMBERS
」への会員登録が必要となります。
※チケットのお申込み・当落結果確認・ご入金・公演へのご参加は、各期間において会員期限内である必要があります。
※公演当日に会員期限が切れている場合、入場をお断りいたします。会員期限が2024/2/29以前の方はご注意ください。
※受付ページ記載の注意事項を必ずご確認ください。ご了承いただきました上でのお手続きとなります。
※本受付でのお取り扱いは後方のお席となります。
※受付は先着順ではございません。申し込み者多数の場合、抽選にて当落を決定いたします。
※複数公演当選された場合、当選されたすべてのチケットをご購入いただきます。
※いかなる理由におきましても、申込受付期間終了後の申込み・キャンセル・変更はできません。
ご不明な点のある方は、必ず申込受付期間内にファンクラブまでお問い合わせください。
----------------------------
※※重要※※
イベントへの入場には、
【有効な顔写真付き身分証明書(※下記参照)・チケット】
が必要です。
いずれかをお持ちでない場合はご参加いただけませんのでご注意ください。
★本イベントにおける有効な顔写真付き身分証明書
○運転免許証(各都道府県公安委員会が発行するもの)
○パスポート
○マイナンバーカード
○顔写真付き住民基本台帳カード(住基カード)
○顔写真付き学生証(在学中のものに限る)
○顔写真付き保険証
○在留カード、外国人登録証明書、特別永住者証明書
○顔写真付き障害者手帳、養育手帳、療育手帳
※すべてにおいて、コピー・期限切れ・顔写真無しのものは無効。
※taspoや社員証、会員証、マイナンバー通知カード、公共料金請求書関連書類等は認められませんのでご注意ください。
※チケット表示氏名と一致するものに限ります。
※外国籍の方は【パスポート・在留カード・特別永住者証明書】のいずれかをお持ちください。
※発行に時間を要する場合もございますので、これから取得される方はお早めにお手続きください。
※顔写真付きマイナンバーカードは、年齢問わず無料で取得することができます。
>> マイナンバーカード総合サイト
----------------------------
♪入会をご検討の方へ
チケットの申込受付期間終了までに、ファンクラブページより【クレジットカード決済・コンビニ／ペイジー支払】にてご入会(入金完了まで)いただきますとチケットのお申し込みが可能です！
>> ご入会はこちらから！
【ご注意】
※Loppi／ローソンチケット、郵便振込からのお手続きではチケットはお申し込みいただけません。ご注意ください。
----------------------------
【お問い合わせ先】
●チケット受付～発券に関するお問い合わせ先
チケットインフォメーション：
お問い合わせフォーム
※お問い合わせの際は公演名欄に『水瀬いのりファンクラブイベント』とご入力ください。
●ファンクラブ会員ページログイン・その他に関するお問い合わせ先
水瀬いのりオフィシャルファンクラブ「いのりまち」
MAIL：
contact@inorimachi.com
※お名前のないメールにはお返事いたしかねます。（会員の方は会員番号もご明記ください）
※メールでのお問い合わせは、返信までに最大1週間ほどお時間がかかります。
※お問い合せの前にファンクラブからのメールを受信できるよう、下記メールアドレスの受信設定をお願いいたします。
・contact@inorimachi.com
・mail@inorimachi.com"
https://www.inorimachi.com/fc_news/2024/0119150000.html,2024.01.19,「いのりまち町民集会2024」機材解放席の追加受付開始のご案内,"「いのりまち町民集会2024 -ACOUSTIC LIVE Wonder Caravan！-」機材席の開放に伴うチケット追加受付を開始いたしました。
>> 公演情報はこちら！
●申し込み詳細
《申込受付期間》
2024年1月19日(金)15:00～1月22日(月)17:00
《当落発表》
2024年1月26日(金)15:00予定
●申し込み対象
申し込み受付期限までにご入会された会員期限内の方
(新規ご入会をご希望の方は下部の対象入金日をあわせてご確認ください)
※下記内容に該当する方はチケット購入はできませんので、予めご了承ください。
・同一公演のチケットが当選(購入)した方
●申し込み方法
チケット販売サイト「TAPIRS TICKET」を利用した電子チケットによる受付です。
詳細は「
水瀬いのりオフィシャルファンクラブ『いのりまち』電子チケット利用案内
」をご確認ください。
《受付ページ》
ファンクラブページメニュー内「チケット」より、該当の受付バナーをクリックの上、画面の案内に従ってお手続きください。
※ファンクラブ会員限定のチケット受付となりますため、「TAPIRS TICKET」内「受付一覧」には受付ページは表示されません。
【ご注意】
※「
TAPIRS MEMBERS
」への会員登録が必要となります。
※チケットのお申込み・当落結果確認・ご入金・公演へのご参加は、各期間において会員期限内である必要があります。
※公演当日に会員期限が切れている場合、入場をお断りいたします。会員期限が2024/2/29以前の方はご注意ください。
※受付ページ記載の注意事項を必ずご確認ください。ご了承いただきました上でのお手続きとなります。
※本受付でのお取り扱いは後方のお席となります。
※受付は先着順ではございません。申し込み者多数の場合、抽選にて当落を決定いたします。
※複数公演当選された場合、当選されたすべてのチケットをご購入いただきます。
※いかなる理由におきましても、申込受付期間終了後の申込み・キャンセル・変更はできません。
ご不明な点のある方は、必ず申込受付期間内にファンクラブまでお問い合わせください。
----------------------------
※※重要※※
イベントへの入場には、
【有効な顔写真付き身分証明書(※下記参照)・チケット】
が必要です。
いずれかをお持ちでない場合はご参加いただけませんのでご注意ください。
★本イベントにおける有効な顔写真付き身分証明書
○運転免許証(各都道府県公安委員会が発行するもの)
○パスポート
○マイナンバーカード
○顔写真付き住民基本台帳カード(住基カード)
○顔写真付き学生証(在学中のものに限る)
○顔写真付き保険証
○在留カード、外国人登録証明書、特別永住者証明書
○顔写真付き障害者手帳、養育手帳、療育手帳
※すべてにおいて、コピー・期限切れ・顔写真無しのものは無効。
※taspoや社員証、会員証、マイナンバー通知カード、公共料金請求書関連書類等は認められませんのでご注意ください。
※チケット表示氏名と一致するものに限ります。
※外国籍の方は【パスポート・在留カード・特別永住者証明書】のいずれかをお持ちください。
※発行に時間を要する場合もございますので、これから取得される方はお早めにお手続きください。
※顔写真付きマイナンバーカードは、年齢問わず無料で取得することができます。
>> マイナンバーカード総合サイト
----------------------------
♪入会をご検討の方へ
チケットの申込受付期間終了までに、ファンクラブページより【クレジットカード決済・コンビニ／ペイジー支払】にてご入会(入金完了まで)いただきますとチケットのお申し込みが可能です！
>> ご入会はこちらから！
【ご注意】
※Loppi／ローソンチケット、郵便振込からのお手続きではチケットはお申し込みいただけません。ご注意ください。
----------------------------
【お問い合わせ先】
●チケット受付～発券に関するお問い合わせ先
チケットインフォメーション：
お問い合わせフォーム
※お問い合わせの際は公演名欄に『水瀬いのりファンクラブイベント』とご入力ください。
●ファンクラブ会員ページログイン・その他に関するお問い合わせ先
水瀬いのりオフィシャルファンクラブ「いのりまち」
MAIL：
contact@inorimachi.com
※お名前のないメールにはお返事いたしかねます。（会員の方は会員番号もご明記ください）
※メールでのお問い合わせは、返信までに最大1週間ほどお時間がかかります。
※お問い合せの前にファンクラブからのメールを受信できるよう、下記メールアドレスの受信設定をお願いいたします。
・contact@inorimachi.com
・mail@inorimachi.com"
https://www.inorimachi.com/fc_news/2024/0122150000.html,2024.01.22,「いのりまち町民集会2024」ファンクラブカウンター設置のお知らせ,"「いのりまち町民集会2024 -ACOUSTIC LIVE Wonder Caravan！-」の各会場におきまして、
ファンクラブカウンターを設置いたします。
こちらにて「いのりまち」継続手続きの受付を行います。
【会員証】をお持ちの上、カウンターまでお越しください。
【設置場所】
グッズ販売エリア付近
【対応時間】
グッズ販売開始時刻～終演後
【対　　象】
会員期限が2024年1月31日～2024年8月31日までの方
【年 会 費】
\4,400
※開演中の受付はいたしません。
※会員証をお持ちの方は、事前に裏面記入欄に氏名をご記入の上ご来場ください。
※会員証をお持ちでない場合、ファンクラブページログイン後の画面の提示も有効です。
お手続きいただいた方には、継続特典をその場でお渡しします！
ぜひお立ち寄りください♪"
https://www.inorimachi.com/fc_news/2024/0122150001.html,2024.01.22,「いのりまち町民集会2024」グッズの2次通信販売・当日販売のお知らせ,"「いのりまち町民集会2024 -ACOUSTIC LIVE Wonder Caravan！-」につきまして、グッズの2次通信販売とイベント会場にて当日グッズ販売を実施いたします。
【2次通信販売】
●受付期間
2024年2月4日(日)20:00〜2024年2月18日(日)23:59
●発送時期
2月中旬より順次発送
●申し込み方法
ファンクラブページ内
「グッズ」
より、ご希望のアイテムをショッピングカートに入れ、決済方法を選択し代金をご入金ください。
●取扱商品
・「水瀬いのり 卓上カレンダー2024」を同時にご購入いただけます。
・通信販売では、限定アイテム『バンダナ』の「通信販売限定カラー」のみお取扱いいたします。
《注意事項》
※通信販売と当日販売とでは、取扱商品が異なる可能性がございます。あらかじめご了承ください。
※商品によっては受付期間内であっても販売終了する場合がございます。
※一度受付を終了した商品でも、状況により予告なく販売を再開させていただく場合がございます。
※購入手続き完了後のキャンセル及び注文内容変更、また不良品以外の返品・交換は対応いたしかねます。あらかじめご了承ください。
【当日販売】
●取扱商品
・『水瀬いのり 卓上カレンダー2024』をお取扱いいたします。
・限定アイテム『バンダナ』は「該当会場カラー」のみお取扱いいたします。「通信販売限定カラー」ならびに「別会場カラー」はお取扱いがございません。
《注意事項》
※公演チケットをお持ちでないファンクラブ会員様も「当日販売」をご利用いただけます。必ずご本人様の「会員証」もしくは「チケット」いずれかをご持参ください。(会員証をお持ちでない場合、ファンクラブページログイン後の画面の提示も有効です)
※開場準備等により、ご案内できないお時間帯がございますので、あらかじめご了承ください。
※混雑状況により、販売エリアへの入場人数を制限する場合もございます。
※グッズをお買い求めの際は、その場で、個数・合計金額・商品の不備等をご確認ください。後日の交換対応は原則としていたしかねますので、あらかじめご了承ください。
※買占めと思われる商品数をお買い求めのお客様には、スタッフより購入数量制限のお声掛けをさせていただく場合がございます。たくさんのお客様にお買い求めいただくため、ご協力をお願いいたします。
※イベント前日、及び当日の会場や会場周辺での徹夜、早朝からの座り込みはご遠慮ください。 会場周辺の方のご迷惑になるとともに、お客様の安全を守る為、徹夜行為は一切禁止させていただきます。
※待機列での場所取り・割り込みや、周囲の方のご迷惑になるような行為はご遠慮ください。また、会場係員の誘導には必ず従ってください。
★会員証について
会員証をお持ちの方は、事前に裏面記入欄に氏名をご記入の上ご来場ください。
会員証をお持ちでない場合、ファンクラブページログイン後の画面の提示も有効です。
「いのりまち町民集会2024-ACOUSTIC LIVE Wonder Caravan！-」特設ページ"
https://www.inorimachi.com/fc_news/2024/0122170000.html,2024.01.22,「いのりまち町民集会2024」グッズ通信販売　商品のお届けにつきまして,"「いのりまち町民集会2024 -ACOUSTIC LIVE Wonder Caravan！-」グッズ通信販売の発送を、
1月22日(月)に開始いたしました！
商品の発送は順次行っております。
発送された方へは、発送完了メールにてお知らせいたします。
----------
※1月25日(木) すべての方への発送が完了いたしました！
----------
宅配伝票番号は【通信販売　発送完了のお知らせ】メール、
またはファンクラブページ内「グッズ」の購入履歴よりご確認いただけます。
不備・不良等お気づきの点がございましたら、
商品到着から8日以内にファンクラブまでお問い合わせください。"
https://www.inorimachi.com/fc_news/2024/0125150000.html,2024.01.25,まちの新聞「『いのりまちだより』24号 まちのひろば出張版」更新！,"ファンクラブページ内
「まちの新聞」
で
「『いのりまちだより』24号 まちのひろば出張版」
を公開しました！
みなさんからいただいたおたよりをご紹介！
ぜひチェックしてみてください♪"
https://www.inorimachi.com/fc_news/2024/0126150000.html,2024.01.26,「いのりまち町民集会2024」追加受付　当落結果のご案内,"「いのりまち町民集会2024 -ACOUSTIC LIVE Wonder Caravan！-」機材席の開放に伴うチケット追加受付をお申し込みいただきました方へ、当落結果のご案内を開始いたしました。
《当落発表》
2024年1月26日(金)15:00
●当落結果について
チケット販売サイト「TAPIRS TICKET」内「チケット申込み履歴」よりご確認いただけます。
※ファンクラブページメニュー内「チケット」より、該当の受付バナーをクリックいただくとログインが可能です。
また、チケット受付サイト「
TAPIRS MEMBERS
」にご登録いただいたメールアドレス宛に『抽選結果のお知らせ』メールをお送りしております。
【ご注意】
※公演終了後まで「TAPIRS MEMBERS」の会員登録は削除されないようお願いいたします。
※チケットのお申込み・当落結果確認・ご入金・公演へのご参加は、各期間において会員期限内である必要があります。
※公演当日に会員期限が切れている場合、入場をお断りいたします。会員期限が2024/2/29以前の方はご注意ください。
※ファンクラブページ内では当落結果は確認できません。ご注意ください。
※いかなる理由におきましても、当選されたチケットのキャンセル・変更はできません。
※複数公演当選された場合、当選されたすべてのチケットをご購入いただきます。
※当選確定後、入金期間内にチケット代金の入金がない場合、今後ファンクラブで取り扱うオリジナルグッズ・チケット等の購入をお断りいたします。
----------------------------
※※重要※※
イベントへの入場には、
【有効な顔写真付き身分証明書(※下記参照)・チケット】
が必要です。
いずれかをお持ちでない場合はご参加いただけませんのでご注意ください。
★本イベントにおける有効な顔写真付き身分証明書
○運転免許証(各都道府県公安委員会が発行するもの)
○パスポート
○マイナンバーカード
○顔写真付き住民基本台帳カード(住基カード)
○顔写真付き学生証(在学中のものに限る)
○顔写真付き保険証
○在留カード、外国人登録証明書、特別永住者証明書
○顔写真付き障害者手帳、養育手帳、療育手帳
※すべてにおいて、コピー・期限切れ・顔写真無しのものは無効。
※taspoや社員証、会員証、マイナンバー通知カード、公共料金請求書関連書類等は認められませんのでご注意ください。
※チケット表示氏名と一致するものに限ります。
※外国籍の方は【パスポート・在留カード・特別永住者証明書】のいずれかをお持ちください。
※発行に時間を要する場合もございますので、これから取得される方はお早めにお手続きください。
※顔写真付きマイナンバーカードは、年齢問わず無料で取得することができます。
>> マイナンバーカード総合サイト
----------------------------
【お問い合わせ先】
●チケット受付～発券に関するお問い合わせ先
チケットインフォメーション：
お問い合わせフォーム
※お問い合わせの際は公演名欄に『水瀬いのりファンクラブイベント』とご入力ください。
●ファンクラブ会員ページログイン・その他に関するお問い合わせ先
水瀬いのりオフィシャルファンクラブ「いのりまち」
MAIL：
contact@inorimachi.com
※お名前のないメールにはお返事いたしかねます。（会員の方は会員番号もご明記ください）
※メールでのお問い合わせは、返信までに最大1週間ほどお時間がかかります。
※お問い合せの前にファンクラブからのメールを受信できるよう、下記メールアドレスの受信設定をお願いいたします。
・contact@inorimachi.com
・mail@inorimachi.com"
https://www.inorimachi.com/fc_news/2024/0131150000.html,2024.01.31,「いのりまち町民集会2024」埼玉公演電子チケット発券開始のご案内,"「いのりまち町民集会2024 -ACOUSTIC LIVE Wonder Caravan！-」埼玉公演電子チケットの発券を開始いたしました。
●チケット受け取り方法
電子チケット(MOALA Ticket)
●電子チケット(MOALA Ticket)の表示方法
①
チケット申込み履歴
にログインし、対象公演の注文番号をクリックいただき、申込み詳細画面に表示されるURLより電子チケットを表示してください。
②電子チケットを表示すると氏名登録画面が表示されますので、申込み者様の氏名を登録してください。
その他ご不明点は「TAPIRS TICKET」内、
FAQ
をご確認ください。
※チケットとあわせて、ファンクラブ指定の有効な顔写真付き公的身分証明書を必ずお持ちください。チケットと顔写真付き身分証明書の氏名に相違がある場合、ご入場をお断りいたします。
※入場時にはチケットを表示して入場口でご提示いただきます。
会場周辺やお客様のご契約回線の通信状況等によってはチケットの表示に時間がかかる可能性がありますので、事前にチケットをブラウザ上に表示した状態でお越しいただくようお願いいたします。
スクリーンショットではご利用いただけませんのでご注意ください。
※ご入場時にも通信が必要となりますので、必ず通信ができるスマートフォン端末をご利用ください。
※開演直前はご入場口が混み合います。お時間に余裕を持ってご入場いただきますようご協力をお願いいたします。
※チケットの表示にはチケットサイトへのログインが必要になります。ログインIDは発券開始メールが到着しているメールアドレス、パスワードはご自身で設定されたものになります。もし、当日会場にてログイン出来ない場合でも、パスワード再発行操作などはご自身でお手続きしていただくことになりますので、予めご確認くださいますようにお願いいたします。
●いのりまちの会員期限が切れている方
電子チケットが無効となっております。
公演当日にいのりまちの会員でない場合はご入場いただく事ができませんので、公演への参加を希望される方は必ず公演当日までに新規ご入会の上、当日、会場の本人確認ブースまでお時間に余裕を持ってお越しください。
※会員期限終了後、1ヶ月は猶予期間として継続手続きが可能です。
例）2024/1/31期限の方　→　2024/2/29まで継続としてお手続きいただけます。
----------------------------
※※重要※※
イベントへの入場には、
【有効な顔写真付き身分証明書(※下記参照)・チケット】
が必要です。
いずれかをお持ちでない場合はご参加いただけませんのでご注意ください。
★本イベントにおける有効な顔写真付き身分証明書
○運転免許証(各都道府県公安委員会が発行するもの)
○パスポート
○マイナンバーカード
○顔写真付き住民基本台帳カード(住基カード)
○顔写真付き学生証(在学中のものに限る)
○顔写真付き保険証
○在留カード、外国人登録証明書、特別永住者証明書
○顔写真付き障害者手帳、養育手帳、療育手帳
※すべてにおいて、コピー・期限切れ・顔写真無しのものは無効。
※taspoや社員証、会員証、マイナンバー通知カード、公共料金請求書関連書類等は認められませんのでご注意ください。
※チケット表示氏名と一致するものに限ります。
※外国籍の方は【パスポート・在留カード・特別永住者証明書】のいずれかをお持ちください。
※発行に時間を要する場合もございますので、これから取得される方はお早めにお手続きください。
※顔写真付きマイナンバーカードは、年齢問わず無料で取得することができます。
>> マイナンバーカード総合サイト
----------------------------
■TAPIRS TICKET
https://ticket.re-tapirs.com/
チケット申込み履歴
https://ticket.re-tapirs.com/mypage
FAQ（よくあるお問合せ）
https://ticket.re-tapirs.com/info/faq
----------------------------
【お問い合わせ先】
●チケット受付～発券に関するお問い合わせ先
チケットインフォメーション：
お問い合わせフォーム
※※申し込み方法・当落確認・支払い方法・チケット発券に関するお問い合わせはこちらです。
※お問い合わせの際は公演名欄に『水瀬いのりファンクラブイベント』とご入力ください。
●ファンクラブ会員ページログイン・その他に関するお問い合わせ先
水瀬いのりオフィシャルファンクラブ「いのりまち」
MAIL：
contact@inorimachi.com
※お名前のないメールにはお返事いたしかねます。（会員の方は会員番号もご明記ください）
※メールでのお問い合わせは、返信までに最大1週間ほどお時間がかかります。
※お問い合せの前にファンクラブからのメールを受信できるよう、下記メールアドレスの受信設定をお願いいたします。
・contact@inorimachi.com
・mail@inorimachi.com"
https://www.inorimachi.com/fc_news/2024/0131150001.html,2024.01.31,「いのりまち町民集会2024」ご来場のみなさまへ　公演に関するご案内,"「いのりまち町民集会2024 -ACOUSTIC LIVE Wonder Caravan！-」に関しまして当日のご案内をさせていただきます。
ご来場いただくお客様におかれましては、以下の事項をご一読いただき、お越しくださいますようお願い申し上げます。
●変更点
【本人確認につきまして】
入場時の混雑緩和のため、事前本人確認の実施にてご案内しておりましたが、
会場の立地等の関係により、
「ご入場時の本人確認実施」
に変更させていただくことといたしました。
本人確認の際のご案内は下記をご確認ください。
【会場内でのお願い】
・公演中は着席スタイルにてお楽しみくださいますようお願いいたします。
●ご入場時の本人確認につきまして
本イベントへの入場には、「有効な顔写真付き身分証明書（※下記参照）」「チケット」の2点が必要です。
ご入場時には、スタッフへ見えるようご提示をお願いいたします。
いずれかをお持ちでない場合はご参加いただけませんのでご注意ください。
※本人確認には時間を要します。当日はお時間に余裕を持ってご来場ください。
※本公演は「TAPIRS TICKET」を利用した電子チケットとなります。チケットをご提示いただく際、スクリーンショットの画像は無効となりますのでご注意ください。端末の充電切れによりご提示いただけない場合もご入場いただけません。
----------------------------
※※重要※※
イベントへの入場には、
【有効な顔写真付き身分証明書(※下記参照)・チケット】
が必要です。
いずれかをお持ちでない場合はご参加いただけませんのでご注意ください。
★本イベントにおける有効な顔写真付き身分証明書
○運転免許証(各都道府県公安委員会が発行するもの)
○パスポート
○マイナンバーカード
○顔写真付き住民基本台帳カード(住基カード)
○顔写真付き学生証(在学中のものに限る)
○顔写真付き保険証
○在留カード、外国人登録証明書、特別永住者証明書
○顔写真付き障害者手帳、養育手帳、療育手帳
※すべてにおいて、コピー・期限切れ・顔写真無しのものは無効。
※taspoや社員証、会員証、マイナンバー通知カード、公共料金請求書関連書類等は認められませんのでご注意ください。
※チケット表示氏名と一致するものに限ります。
※外国籍の方は【パスポート・在留カード・特別永住者証明書】のいずれかをお持ちください。
※発行に時間を要する場合もございますので、これから取得される方はお早めにお手続きください。
※顔写真付きマイナンバーカードは、年齢問わず無料で取得することができます。
>> マイナンバーカード総合サイト
----------------------------
●会場内でのお願い
・ご入場の際、持ち込み禁止物検査のため、お手荷物のチェックをさせていただきます。ご理解・ご協力をお願いいたします。
・録音・録画・撮影機材および危険物等は会場内に持ち込みできません。また、携帯電話・スマートフォンでの録音・録画・撮影も固くお断りいたします。なお、機材の持ち込み、録音・録画・撮影行為が確認された場合、記録内容を消去のうえご退場いただきます。
・会場内での飲食・喫煙は指定された場所でお願いいたします。
・会場の規定により、一部着席指定席を設けております。予めご了承ください。
・他のお客様へのご迷惑になる行為や、ライブに支障を来すような下記の行為は禁止させていただきます。
-ステージに向かってプレゼントやペンライトなど、物を投げる行為。
-通路にはみ出したり、ご自身の座席を離れての観覧。
-ステージへ押し寄せたり、上がる行為。
-両手を激しく振る・広げる・回転させる・上半身をそらすなどのいわゆるオタ芸と称される過激な応援行為。
-演奏中に歌詞と関係のないコールを叫ぶ行為。
-咲きクラップなど、他のお客様の観覧を妨げるような手拍子(特に曲が静かになっているときに大きな音を鳴らす行為)。
-市販製品を改造(光量を増やしたり、サイズを大きくするなど)した、ペンライト・サイリウムなどを使用する行為。
-ペンライト・サイリウムを頭の上で高速で回転させるなど、周囲のお客様の迷惑　　になるような使用行為。
-その他、周りのお客様の視界を遮るような行為。
これらの行為が確認された場合、またはスタッフが他のお客様のご迷惑になっていると判断した場合、係員・スタッフより厳重注意、またはご退場をお願いする場合もございます。ご退場となった場合、チケットやグッズ・旅費などの払い戻しは一切いたしません。
その他、当日のご案内に関しましては、「いのりまち町民集会2024 -ACOUSTIC LIVE Wonder Caravan！-」特設ページをご確認ください。
「いのりまち町民集会2024 -ACOUSTIC LIVE Wonder Caravan！-」特設ページ"
https://www.inorimachi.com/fc_news/2024/0201150000.html,2024.02.01,まちの新聞「『いのりまち町民集会2024』グッズ紹介 町長編」更新！,"ファンクラブページ内
「まちの新聞」
で
「『いのりまち町民集会2024』グッズ紹介 町長編」
を公開しました！
いよいよ今週末から『いのりまち町民集会2024 -ACOUSTIC LIVE Wonder Caravan！-』がスタート！
グッズの2次通信販売・当日販売の詳細
も決定しました♪
ぜひあわせてご覧ください！"
https://www.inorimachi.com/fc_news/2024/0204200000.html,2024.02.04,「いのりまち町民集会2024」グッズ2次通信販売受付開始！,"「いのりまち町民集会2024 -ACOUSTIC LIVE Wonder Caravan！-」グッズの2次通信販売申し込み受付を開始しました！
>> グッズラインナップはこちら！
●申し込み方法
ファンクラブページ内
「グッズ」
より、ご希望のアイテムをショッピングカートに入れ、決済方法を選択し代金をご入金ください。
●申込み受付期間
2024年2月4日(日)20:00～2024年2月18日(日)23:59
●発送時期
2月中旬より順次発送
●取扱商品
・「水瀬いのり 卓上カレンダー2024」を同時にご購入いただけます。
・通信販売では、限定アイテム『バンダナ』の「通信販売限定カラー」のみお取扱いいたします。
《注意事項》
※通信販売と当日販売とでは、取扱商品が異なる可能性がございます。あらかじめご了承ください。
※商品によっては受付期間内であっても販売終了する場合がございます。
※一度受付を終了した商品でも、状況により予告なく販売を再開させていただく場合がございます。
※購入手続き完了後のキャンセル及び注文内容変更、また不良品以外の返品・交換は対応いたしかねます。あらかじめご了承ください。"
https://www.inorimachi.com/fc_news/2024/0207150000.html,2024.02.07,「いのりまち町民集会2024」滋賀公演電子チケット発券開始のご案内,"「いのりまち町民集会2024 -ACOUSTIC LIVE Wonder Caravan！-」滋賀公演電子チケットの発券を開始いたしました。
●チケット受け取り方法
電子チケット(MOALA Ticket)
●電子チケット(MOALA Ticket)の表示方法
①
チケット申込み履歴
にログインし、対象公演の注文番号をクリックいただき、申込み詳細画面に表示されるURLより電子チケットを表示してください。
②電子チケットを表示すると氏名登録画面が表示されますので、申込み者様の氏名を登録してください。
その他ご不明点は「TAPIRS TICKET」内、
FAQ
をご確認ください。
※チケットとあわせて、ファンクラブ指定の有効な顔写真付き公的身分証明書を必ずお持ちください。チケットと顔写真付き身分証明書の氏名に相違がある場合、ご入場をお断りいたします。
※入場時にはチケットを表示して入場口でご提示いただきます。
会場周辺やお客様のご契約回線の通信状況等によってはチケットの表示に時間がかかる可能性がありますので、事前にチケットをブラウザ上に表示した状態でお越しいただくようお願いいたします。
スクリーンショットではご利用いただけませんのでご注意ください。
※ご入場時にも通信が必要となりますので、必ず通信ができるスマートフォン端末をご利用ください。
※開演直前はご入場口が混み合います。お時間に余裕を持ってご入場いただきますようご協力をお願いいたします。
※チケットの表示にはチケットサイトへのログインが必要になります。ログインIDは発券開始メールが到着しているメールアドレス、パスワードはご自身で設定されたものになります。もし、当日会場にてログイン出来ない場合でも、パスワード再発行操作などはご自身でお手続きしていただくことになりますので、予めご確認くださいますようにお願いいたします。
●いのりまちの会員期限が切れている方
電子チケットが無効となっております。
公演当日にいのりまちの会員でない場合はご入場いただく事ができませんので、公演への参加を希望される方は必ず公演当日までに新規ご入会の上、当日、会場の本人確認ブースまでお時間に余裕を持ってお越しください。
※会員期限終了後、1ヶ月は猶予期間として継続手続きが可能です。
例）2024/1/31期限の方　→　2024/2/29まで継続としてお手続きいただけます。
----------------------------
※※重要※※
イベントへの入場には、
【有効な顔写真付き身分証明書(※下記参照)・チケット】
が必要です。
いずれかをお持ちでない場合はご参加いただけませんのでご注意ください。
★本イベントにおける有効な顔写真付き身分証明書
○運転免許証(各都道府県公安委員会が発行するもの)
○パスポート
○マイナンバーカード
○顔写真付き住民基本台帳カード(住基カード)
○顔写真付き学生証(在学中のものに限る)
○顔写真付き保険証
○在留カード、外国人登録証明書、特別永住者証明書
○顔写真付き障害者手帳、養育手帳、療育手帳
※すべてにおいて、コピー・期限切れ・顔写真無しのものは無効。
※taspoや社員証、会員証、マイナンバー通知カード、公共料金請求書関連書類等は認められませんのでご注意ください。
※チケット表示氏名と一致するものに限ります。
※外国籍の方は【パスポート・在留カード・特別永住者証明書】のいずれかをお持ちください。
※発行に時間を要する場合もございますので、これから取得される方はお早めにお手続きください。
※顔写真付きマイナンバーカードは、年齢問わず無料で取得することができます。
>> マイナンバーカード総合サイト
----------------------------
■TAPIRS TICKET
https://ticket.re-tapirs.com/
チケット申込み履歴
https://ticket.re-tapirs.com/mypage
FAQ（よくあるお問合せ）
https://ticket.re-tapirs.com/info/faq
----------------------------
【お問い合わせ先】
●チケット受付～発券に関するお問い合わせ先
チケットインフォメーション：
お問い合わせフォーム
※※申し込み方法・当落確認・支払い方法・チケット発券に関するお問い合わせはこちらです。
※お問い合わせの際は公演名欄に『水瀬いのりファンクラブイベント』とご入力ください。
●ファンクラブ会員ページログイン・その他に関するお問い合わせ先
水瀬いのりオフィシャルファンクラブ「いのりまち」
MAIL：
contact@inorimachi.com
※お名前のないメールにはお返事いたしかねます。（会員の方は会員番号もご明記ください）
※メールでのお問い合わせは、返信までに最大1週間ほどお時間がかかります。
※お問い合せの前にファンクラブからのメールを受信できるよう、下記メールアドレスの受信設定をお願いいたします。
・contact@inorimachi.com
・mail@inorimachi.com"
https://www.inorimachi.com/fc_news/2024/0222150000.html,2024.02.22,ファンクラブ会報「いのりまちだより」25号発行決定！,"ファンクラブ会報
「いのりまちだより」25号
の発行が決定しました！
25号の発送は3月下旬を予定しております。
今回は『「水瀬いのり MELODY FLAG」公開録音イベント』を大特集！
その他、LIVE Blu-ray『Inori Minase LIVE TOUR SCRAP ART』のジャケット撮影レポートやイベントレポート、
町民さんと町長の交流コーナーなど、ここでしか見られない情報が満載の会報です♪
住所変更を希望される方は
【3月5日(火)15:00まで】
に
ファンクラブページログイン後、「まち役場」よりお手続きください。
住所変更がない方も、今一度ご登録内容のご確認をお願いいたします。
※会報25号は、3月31日(日)までにご入会(入金完了まで)くださった方にお送りします。
※変更手続きがなく発送物未着のお問い合わせをいただいた場合、対応をいたしかねます。
※発送完了後は、まちの回覧板にてお知らせします。"
https://www.inorimachi.com/fc_news/2024/0222150001.html,2024.02.22,ファンクラブ会報「いのりまちだより」町民集会の感想を大募集！,"ファンクラブ会報「いのりまちだより」25号発行決定を受け、通常の投稿募集に先駆けて
開催中の『いのりまち町民集会2024 -ACOUSTIC LIVE Wonder Caravan！-』に関するおたよりを大募集！
町長へのメッセージや、町民集会の感想、イラストなどなどお待ちしております♪
【ファンクラブページからの投稿】
ファンクラブページログイン後「アンケート」からご投稿ください。
投稿締切：4月30日(火)18:00
【郵便での投稿】
〒160-0023
東京都新宿区西新宿1-19-6 山手新宿ビル11F
水瀬いのりオフィシャルファンクラブ「いのりまち」まちのひろば係
投稿締切：4月30日(火)必着"
https://www.inorimachi.com/fc_news/2024/0228150000.html,2024.02.28,「いのりまち町民集会2024」愛知公演電子チケット発券開始のご案内,"「いのりまち町民集会2024 -ACOUSTIC LIVE Wonder Caravan！-」愛知公演電子チケットの発券を開始いたしました。
●チケット受け取り方法
電子チケット(MOALA Ticket)
●電子チケット(MOALA Ticket)の表示方法
①
チケット申込み履歴
にログインし、対象公演の注文番号をクリックいただき、申込み詳細画面に表示されるURLより電子チケットを表示してください。
②電子チケットを表示すると氏名登録画面が表示されますので、申込み者様の氏名を登録してください。
その他ご不明点は「TAPIRS TICKET」内、
FAQ
をご確認ください。
※チケットとあわせて、ファンクラブ指定の有効な顔写真付き公的身分証明書を必ずお持ちください。チケットと顔写真付き身分証明書の氏名に相違がある場合、ご入場をお断りいたします。
※入場時にはチケットを表示して入場口でご提示いただきます。
会場周辺やお客様のご契約回線の通信状況等によってはチケットの表示に時間がかかる可能性がありますので、事前にチケットをブラウザ上に表示した状態でお越しいただくようお願いいたします。
スクリーンショットではご利用いただけませんのでご注意ください。
※ご入場時にも通信が必要となりますので、必ず通信ができるスマートフォン端末をご利用ください。
※開演直前はご入場口が混み合います。お時間に余裕を持ってご入場いただきますようご協力をお願いいたします。
※チケットの表示にはチケットサイトへのログインが必要になります。ログインIDは発券開始メールが到着しているメールアドレス、パスワードはご自身で設定されたものになります。もし、当日会場にてログイン出来ない場合でも、パスワード再発行操作などはご自身でお手続きしていただくことになりますので、予めご確認くださいますようにお願いいたします。
●いのりまちの会員期限が切れている方
電子チケットが無効となっております。
公演当日にいのりまちの会員でない場合はご入場いただく事ができませんので、公演への参加を希望される方は必ず公演当日までに新規ご入会の上、当日、会場の本人確認ブースまでお時間に余裕を持ってお越しください。
※会員期限終了後、1ヶ月は猶予期間として継続手続きが可能です。
例）2024/1/31期限の方　→　2024/2/29まで継続としてお手続きいただけます。
----------------------------
※※重要※※
イベントへの入場には、
【有効な顔写真付き身分証明書(※下記参照)・チケット】
が必要です。
いずれかをお持ちでない場合はご参加いただけませんのでご注意ください。
★本イベントにおける有効な顔写真付き身分証明書
○運転免許証(各都道府県公安委員会が発行するもの)
○パスポート
○マイナンバーカード
○顔写真付き住民基本台帳カード(住基カード)
○顔写真付き学生証(在学中のものに限る)
○顔写真付き保険証
○在留カード、外国人登録証明書、特別永住者証明書
○顔写真付き障害者手帳、養育手帳、療育手帳
※すべてにおいて、コピー・期限切れ・顔写真無しのものは無効。
※taspoや社員証、会員証、マイナンバー通知カード、公共料金請求書関連書類等は認められませんのでご注意ください。
※チケット表示氏名と一致するものに限ります。
※外国籍の方は【パスポート・在留カード・特別永住者証明書】のいずれかをお持ちください。
※発行に時間を要する場合もございますので、これから取得される方はお早めにお手続きください。
※顔写真付きマイナンバーカードは、年齢問わず無料で取得することができます。
>> マイナンバーカード総合サイト
----------------------------
■TAPIRS TICKET
https://ticket.re-tapirs.com/
チケット申込み履歴
https://ticket.re-tapirs.com/mypage
FAQ（よくあるお問合せ）
https://ticket.re-tapirs.com/info/faq
----------------------------
【お問い合わせ先】
●チケット受付～発券に関するお問い合わせ先
チケットインフォメーション：
お問い合わせフォーム
※※申し込み方法・当落確認・支払い方法・チケット発券に関するお問い合わせはこちらです。
※お問い合わせの際は公演名欄に『水瀬いのりファンクラブイベント』とご入力ください。
●ファンクラブ会員ページログイン・その他に関するお問い合わせ先
水瀬いのりオフィシャルファンクラブ「いのりまち」
MAIL：
contact@inorimachi.com
※お名前のないメールにはお返事いたしかねます。（会員の方は会員番号もご明記ください）
※メールでのお問い合わせは、返信までに最大1週間ほどお時間がかかります。
※お問い合せの前にファンクラブからのメールを受信できるよう、下記メールアドレスの受信設定をお願いいたします。
・contact@inorimachi.com
・mail@inorimachi.com"
https://www.inorimachi.com/fc_news/2024/0301150000.html,2024.03.01,まちの新聞「LIVE Blu-ray『Inori Minase LIVE TOUR SCRAP ART』ジャケット撮影編」更新！,"ファンクラブページ内
「まちの新聞」
で
「LIVE Blu-ray『Inori Minase LIVE TOUR SCRAP ART』ジャケット撮影編」
を公開しました！
3月6日(水)に発売される、LIVE Blu-ray『Inori Minase LIVE TOUR SCRAP ART』のジャケット撮影の様子をお届けします！
ぜひご覧ください！"
https://www.inorimachi.com/fc_news/2024/0304150000.html,2024.03.04,「いのりまち町民集会2024」グッズ事後通信販売のお知らせ,"「いのりまち町民集会2024 -ACOUSTIC LIVE Wonder Caravan！-」のグッズ事後通信販売が決定いたしました！
>> グッズラインナップはこちら！
●申し込み方法
ファンクラブページ内
「グッズ」
より、ご希望のアイテムをショッピングカートに入れ、決済方法を選択し代金をご入金ください。
●申し込み受付期間
3月22日(金)15:00〜4月7日(日)23:59
●発送予定日
5月中旬
●取扱いアイテム
・「水瀬いのり 卓上カレンダー2024」を同時にご購入いただけます。
・通信販売では、限定アイテム『バンダナ』の「通信販売限定カラー」のみお取扱いいたします。
《注意事項》
※商品によっては受付期間内であっても販売終了する場合がございます。
※一度受付を終了した商品でも、状況により予告なく販売を再開させていただく場合がございます。
※購入手続き完了後のキャンセル及び注文内容変更、また不良品以外の返品・交換は対応いたしかねます。あらかじめご了承ください。"
https://www.inorimachi.com/fc_news/2024/0304150001.html,2024.03.04,「いのりまち町民集会2024」愛知公演　事後配信チケット販売開始のご案内,"「いのりまち町民集会2024 -ACOUSTIC LIVE Wonder Caravan！-」愛知公演の事後配信チケットの販売を開始いたしました！
>> 詳細はこちら！
●配信日程
《配信公演》
3月2日(土) 愛知　Niterra日本特殊陶業市民会館 フォレストホール
《配信期間》
3月22日(金)19:00～4月7日(日)23:59
《チケット販売期間》
4月7日(日)20:00まで
●チケット購入方法
ファンクラブページ
「チケット」
内、「配信チケット購入ページ」のボタンより
チケットぴあのサイトにアクセスし、案内に従ってご購入ください。
※チケットの購入には、チケットぴあの会員登録(無料)が必要です。
【海外からの視聴について】
海外から視聴される方は、ファンクラブページ
「チケット」
内、【For Overseas Customers】のボタンより
チケットぴあのサイトにアクセスし、表示に従って情報を入力・ご購入ください。
【ご注意】
※チケットの購入には会員期限内である必要があります。
※チケットの購入は、4月6日(土)21:00以降はクレジットカード決済のみとなります。
※ファンクラブページに二重にログインしていたり、ポップアップブロックの設定により、チケット購入ページが表示されない場合がございます。ご注意ください。
♪入会をご検討の方へ
チケットの販売期間内に、ファンクラブページより【クレジットカード決済・コンビニ／ペイジー支払】にてご入会(入金完了まで)いただきますとチケットの購入が可能です！
>> ご入会はこちらから！
【ご注意】
※Loppi／ローソンチケット、郵便振込からのお手続きは期日が異なります。
下記期日を過ぎた場合、チケットをご購入いただけない可能性がございますのでご注意ください。
・Loppi／ローソンチケット：3月31日(日)
・郵便振込：3月31日(月)
※ファンクラブで入金の確認がとれるまでに数日かかる場合がございます。お時間に余裕を持ってお手続きください。
「いのりまち町民集会2024 -ACOUSTIC LIVE Wonder Caravan！-」特設ページ"
https://www.inorimachi.com/fc_news/2024/0311150000.html,2024.03.11,まちの映画館「『いのりまち町民集会2024』終演後コメント」更新！,"ファンクラブページ内
「まちの映画館」
を更新しました！
「いのりまち町民集会2024 -ACOUSTIC LIVE Wonder Caravan！-」愛知公演の終演後に、町長よりメッセージをいただきました♪
ぜひチェックしてくださいね☆"
https://www.inorimachi.com/fc_news/2024/0314150000.html,2024.03.14,まちの新聞「『水瀬いのり MELODY FLAG』公開録音イベント　ダイジェスト編」更新！,"ファンクラブページ内
「まちの新聞」
で
「『水瀬いのり MELODY FLAG』公開録音イベント　ダイジェスト編」
を公開しました！
2023年12月2日(土)に行われた初の公開録音の様子をダイジェストでお届けします！ぜひご覧ください！"
https://www.inorimachi.com/fc_news/2024/0321150000.html,2024.03.21,まちの新聞「『いのりまち町民集会2024』リハーサルレポート編」更新！,"ファンクラブページ内
「まちの新聞」
で
「『いのりまち町民集会2024』リハーサルレポート編」
を公開しました！
「いのりまち町民集会2024 -ACOUSTIC LIVE Wonder Caravan！-」リハーサルの模様をお届けします！
オンライン事後配信と併せてぜひお楽しみください♪"
https://www.inorimachi.com/fc_news/2024/0321180000.html,2024.03.21,"「まちの映画館～町内""生""放送～」放送決定！","「まちの映画館～町内""生""放送～」の次回放送が決定しました！
次回は、「いのりまち町民集会2024 -ACOUSTIC LIVE Wonder Caravan！-」アーカイブ配信期間中に実施！
初めてアコースティックライブを行った感想など、ファンクラブツアーの振り返りも♪
ぜひ、オンライン配信とあわせてご視聴ください！
▶配信チケットの販売詳細は
こちら
！
【まちの映画館～町内""生""放送～】
日時：2024年3月27日(水) 19:00頃
※オンライン生配信です。
※配信時間は変更になる可能性がございます。
※アーカイブは、4月8日(月)23:59までを予定しております。
●視聴方法
ファンクラブページ内
「まちの映画館」
よりご覧いただけます。
●注意事項
・動画配信・視聴にはタイムラグが生じる場合がございます。
・途中から視聴した場合はその時点からのライブ配信となり、時間を戻しての再生はできませんのでご了承ください。
・コメントがうまく送信されない場合がございます。その際はご視聴するブラウザやデバイスを変更してお試しください。
・ご視聴に関わるインターネット通信費用はお客様のご負担となります。
・動画配信となりデータ通信量が多くなることが想定されるため、安定したインターネット環境(Wi-Fi等)のご利用を推奨いたします。
・配信には機材・回線等、最善の準備を行い実施しますが、生配信である特性上、不慮の一時中断や乱れなどが起こる可能性がある点、ご了承ください。
・お客様のインターネット環境に伴う閲覧の不具合に関しては対応は一切できかねます。
・本配信は配信プラットフォーム「Vimeo」を使用します。ご視聴の推奨環境は
こちら
よりご確認ください。
・日本国外からご視聴の際は、
「Vimeo」の視聴対応地域
にご注意ください。
・本配信の撮影、録音及び録画は一切禁止させていただきます。
また、無断転載、複製、加工、再配布する行為もご遠慮ください(ウェブサイト・SNSを含む)。"
https://www.inorimachi.com/fc_news/2024/0322150000.html,2024.03.22,「いのりまち町民集会2024」グッズ事後通信販売受付開始！,"「いのりまち町民集会2024 -ACOUSTIC LIVE Wonder Caravan！-」グッズの事後通信販売申し込み受付を開始しました！
>> グッズラインナップはこちら！
●申し込み方法
ファンクラブページ内
「グッズ」
より、ご希望のアイテムをショッピングカートに入れ、決済方法を選択し代金をご入金ください。
●申込み受付期間
2024年3月22日(金)15:00～4月7日(日)23:59
●発送時期
5月中旬予定
●取扱商品
・「水瀬いのり 卓上カレンダー2024」を同時にご購入いただけます。
・通信販売では、限定アイテム『バンダナ』の「通信販売限定カラー」のみお取扱いいたします。
《注意事項》
※商品によっては受付期間内であっても販売終了する場合がございます。
※一度受付を終了した商品でも、状況により予告なく販売を再開させていただく場合がございます。
※購入手続き完了後のキャンセル及び注文内容変更、また不良品以外の返品・交換は対応いたしかねます。あらかじめご了承ください。"
https://www.inorimachi.com/fc_news/2024/0327150000.html,2024.03.27,ファンクラブ会報「いのりまちだより」25号発送開始のお知らせ,"ファンクラブ会報「いのりまちだより」25号の発送を、3月27日(水)に開始いたしました！
4月10日(水)
になりましてもお手元に届かない場合は、
下記期間内にファンクラブまでお問い合わせください。
■未着問い合わせ期間
2024年4月10日(水)～4月24日(水)
※こちらの問い合わせ期間は3月15日(金)までにご入会・ご継続いただいた方を対象としております。
3月16日(土)以降にご入会・ご継続いただいた方は発送完了メール記載の未着問い合わせ期間をご確認ください。
■お問い合わせ先
MAIL：contact@inorimachi.com
件名：会報25号未着
本文：会員番号・氏名・住所・お問い合わせの詳細
※未着問い合わせ期間以降にご連絡をいただきましても対応いたしかねますのでご注意ください。
※3月末までにご入会いただいた方を対象に発送いたします。
※初回発送は、3月15日(金)までにご入会手続きを完了された方が対象です。
※3月16日(土)以降にご入会いただいた方へは、4月中旬より順次発送いたします。
※会報投稿は【3月27日(水)15:00】より「ポスト」にて受付中です。
※「いのりまち町民集会2024」の感想投稿を同期間にて「アンケート」でも受付中です。あわせてご利用ください。"
https://www.inorimachi.com/fc_news/2024/0327150001.html,2024.03.27,ファンクラブ会報「いのりまちだより」投稿受付開始！,"ファンクラブ会報「いのりまちだより」26号の投稿受付を開始いたしました！
町長へのメッセージやライブ、アニメ、イベント、会報の感想、イラストやコーナーへの投稿などなど、みなさんのおたよりをお送りください♪
【ファンクラブページからの投稿】
ファンクラブページログイン後、「ポスト」からご投稿ください。
投稿締切：2024年4月30日(火)18:00
【郵便での投稿】
〒160-0023
東京都新宿区西新宿1-19-6 山手新宿ビル11F
水瀬いのりオフィシャルファンクラブ「いのりまち」○○○(各コーナー名)係
投稿締切：2024年4月30日(火)必着
たくさんの投稿、お待ちしております♪
※「いのりまち町民集会2024」の感想投稿を同期間にて「アンケート」で受付中です。あわせてご利用ください。"
https://www.inorimachi.com/fc_news/2024/0329150000.html,2024.03.29,まちの映画館「『いのりまち町民集会2024』開演前　円陣」更新！,"ファンクラブページ内
「まちの映画館」
を更新しました！
「いのりまち町民集会2024 -ACOUSTIC LIVE Wonder Caravan！-」愛知公演のアーカイブ期間終了まで残り約1週間となりました！
ここで特別に、開演前のチームいのりの円陣の様子を大公開♪
既にご覧になった方も、これからご覧になる方も、ぜひ円陣の様子をご覧の上、改めて本編をお楽しみください☆
配信に関する詳細は
こちら
！"
https://www.inorimachi.com/fc_news/2024/0416150000.html,2024.04.16,「いのりまち町民集会2024」グッズ事後通信販売　発送に関するお知らせ,"「いのりまち町民集会2024 -ACOUSTIC LIVE Wonder Caravan！-」グッズ事後通信販売につきまして、
5月中旬頃の発送を予定しております。
住所変更を希望される方は
【4月23日(火)12:00】
までに、
ファンクラブページ
「まち役場」
内『会員情報』より変更のお手続きをお願いいたします。
※「水瀬いのり 卓上カレンダー2024」を購入された方も対象です。
-------------------
建物名や部屋番号の記入漏れは、未着の原因となります。
変更がない方も、登録情報に不備がないか今一度ご確認くださいますようお願いいたします。
-------------------"
https://www.inorimachi.com/fc_news/2024/0425150000.html,2024.04.25,まちの新聞「『いのりまちだより』25号 まちのひろば出張版」更新！,"ファンクラブページ内
「まちの新聞」
で
「『いのりまちだより』25号 まちのひろば出張版」
を公開しました！
みなさんからいただいたおたよりをご紹介！
ぜひチェックしてみてください♪"
https://www.inorimachi.com/fc_news/2024/0508150000.html,2024.05.08,「Inori Minase LIVE TOUR 2024」会員先行優先予約のご案内,"「Inori Minase LIVE TOUR 2024」のファンクラブ会員チケット先行優先予約が決定いたしました！
>> 公演情報はこちら！
●申し込み詳細
《申込受付期間》
6月4日(火)15:00～6月13日(木)17:00
《申込制限枚数》
各公演2枚まで
《当落発表》
6月21日(金)15:00予定
《入金期間》
6月21日(金)15:00～6月28日(金)23:59
●申し込み方法
チケット販売サイト「TAPIRS TICKET」を利用した電子チケットによる受付です。
詳細は「
水瀬いのりオフィシャルファンクラブ『いのりまち』電子チケット利用案内
」をご確認ください。
《受付ページ》
ファンクラブページメニュー内「チケット」より、該当の受付バナーをクリックの上、画面の案内に従ってお手続きください。
※ファンクラブ会員限定のチケット受付となりますため、「TAPIRS TICKET」内「受付一覧」には受付ページは表示されません。
【ご注意】
※「
TAPIRS MEMBERS
」への会員登録が必要となります。
※受付ページ記載の注意事項を必ずご確認ください。ご了承いただきました上でのお手続きとなります。
※受付は先着順ではございません。申し込み者多数の場合、抽選にて当落を決定いたします。
※複数公演当選された場合、当選されたすべてのチケットをご購入いただきます。
※受付開始・終了間際は、アクセスが集中し繋がりにくくなる場合もございます。時間に余裕をもってお手続きください。
※いかなる理由におきましても、申込受付期間終了後の申し込み・キャンセル・変更はできません。
ご不明な点のある方は、必ず申込受付期間内にファンクラブまでお問い合わせください。
※チケットの申し込み・当落結果確認・ご入金には、各期間において会員期限内である必要があります。
当ファンクラブでは、会員期限終了後、1ヶ月は猶予期間として継続手続きが可能です。
例）2024/5/31期限の方　→　2024/6/30まで継続としてお手続きいただけます。
※本受付では、マッチングシステムを実施予定です。詳細につきましては改めてご案内いたします。
なお、マッチングシステムとはチケットをご購入いただいた後に、やむを得ない理由によりライブへの参加が不可能になってしまった場合のみ、
チケットを定価で譲渡できるよう仲介するシステムです。
----------------------------
♪入会をご検討の方へ
チケットの申込受付期間終了までに、ファンクラブページより【クレジットカード決済・コンビニ／ペイジー支払】にてご入会(入金完了まで)いただきますとチケットのお申し込みが可能です！
>> ご入会はこちらから！
【ご注意】
※Loppi／ローソンチケット、郵便振込からのお手続きは期日が異なります。
下記期日を過ぎた場合、チケットはお申し込みいただけません。ご注意ください。
・Loppi／ローソンチケット：6月9日(日)
・郵便振込：6月9日(日)
※チケット申込受付期間は6月13日(木)17:00に終了します。時間に余裕を持ってお手続きください。
【お問い合わせ先】
●チケット受付～発券に関するお問い合わせ先
チケットインフォメーション：
お問い合わせフォーム
※お問い合わせの際は公演名欄に『水瀬いのりツアー2024』とご入力ください。
●ファンクラブ会員ページログイン・その他に関するお問い合わせ先
水瀬いのりオフィシャルファンクラブ「いのりまち」
MAIL：
contact@inorimachi.com
※お名前のないメールにはお返事いたしかねます。（会員の方は会員番号もご明記ください）
※メールでのお問い合わせは、返信までに最大1週間ほどお時間がかかります。
※お問い合せの前にファンクラブからのメールを受信できるよう、下記メールアドレスの受信設定をお願いいたします。
・contact@inorimachi.com
・mail@inorimachi.com"
https://www.inorimachi.com/fc_news/2024/0520150000.html,2024.05.20,"「まちの映画館～町内""生""放送～」放送決定！","「まちの映画館～町内""生""放送～」の次回放送が決定しました！
【まちの映画館～町内""生""放送～】
日時：2024年5月24日(金) 20:00頃
※オンライン生配信です。
※配信時間は変更になる可能性がございます。また、前後する可能性もございますのでご了承ください。
※アーカイブは、6月7日(金)23:59までを予定しております。
●視聴方法
ファンクラブページ内
「まちの映画館」
よりご覧いただけます。
●注意事項
・動画配信・視聴にはタイムラグが生じる場合がございます。
・途中から視聴した場合はその時点からのライブ配信となり、時間を戻しての再生はできませんのでご了承ください。
・コメントがうまく送信されない場合がございます。その際はご視聴するブラウザやデバイスを変更してお試しください。
・ご視聴に関わるインターネット通信費用はお客様のご負担となります。
・動画配信となりデータ通信量が多くなることが想定されるため、安定したインターネット環境(Wi-Fi等)のご利用を推奨いたします。
・配信には機材・回線等、最善の準備を行い実施しますが、生配信である特性上、不慮の一時中断や乱れなどが起こる可能性がある点、ご了承ください。
・お客様のインターネット環境に伴う閲覧の不具合に関しては対応は一切できかねます。
・本配信は配信プラットフォーム「Vimeo」を使用します。ご視聴の推奨環境は
こちら
よりご確認ください。
・日本国外からご視聴の際は、
「Vimeo」の視聴対応地域
にご注意ください。
・本配信の撮影、録音及び録画は一切禁止させていただきます。
また、無断転載、複製、加工、再配布する行為もご遠慮ください(ウェブサイト・SNSを含む)。"
https://www.inorimachi.com/fc_news/2024/0527150000.html,2024.05.27,まちの新聞「『いのりまち町民集会2024』ライブレポート編」更新！,"ファンクラブページ内
「まちの新聞」
で
「『いのりまち町民集会2024』ライブレポート編」
を公開しました！----------
※5月28日 その4～6 更新しました！
※5月29日 その7～9 更新しました！
----------
「いのりまち町民集会2024 -ACOUSTIC LIVE Wonder Caravan！-」当日の模様をお届けします！
初めて行ったコースティックライブの様子をぜひお楽しみください♪"
https://www.inorimachi.com/fc_news/2024/0527150001.html,2024.05.27,ファンクラブ会報「いのりまちだより」26号発行決定！,"ファンクラブ会報
「いのりまちだより」26号
の発行が決定しました！
26号の発送は6月下旬を予定しております。
今回は『いのりまち町民集会2024 -ACOUSTIC LIVE Wonder Caravan！-』を大特集！
その他、イベントレポート、町民さんと町長の交流コーナーなど、
ここでしか見られない情報が満載の会報です♪
住所変更を希望される方は
【6月7日(金)12:00まで】
に
ファンクラブページログイン後、「まち役場」よりお手続きください。
住所変更がない方も、今一度ご登録内容のご確認をお願いいたします。
※会報26号は、6月30日(日)までにご入会(入金完了まで)くださった方にお送りします。
※変更手続きがなく発送物未着のお問い合わせをいただいた場合、対応をいたしかねます。
※発送完了後は、まちの回覧板にてお知らせします。"
https://www.inorimachi.com/fc_news/2024/0604150000.html,2024.06.04,「Inori Minase LIVE TOUR 2024 heart bookmark」会員先行優先予約受付開始のご案内,"「Inori Minase LIVE TOUR 2024 heart bookmark」のファンクラブ会員チケット先行優先予約の受付を開始いたしました！
>> 公演情報はこちら！
●申し込み詳細
《申込受付期間》
6月4日(火)15:00～6月13日(木)17:00
《申込制限枚数》
各公演2枚まで
《当落発表》
6月21日(金)15:00予定
《入金期間》
6月21日(金)15:00～6月28日(金)23:59
●申し込み方法
チケット販売サイト「TAPIRS TICKET」を利用した電子チケットによる受付です。
詳細は「
水瀬いのりオフィシャルファンクラブ『いのりまち』電子チケット利用案内
」をご確認ください。
《受付ページ》
ファンクラブページメニュー内「チケット」より、該当の受付バナーをクリックの上、画面の案内に従ってお手続きください。
※ファンクラブ会員限定のチケット受付となりますため、「TAPIRS TICKET」内「受付一覧」には受付ページは表示されません。
【ご注意】
※「
TAPIRS MEMBERS
」への会員登録が必要となります。
※受付ページ記載の注意事項を必ずご確認ください。ご了承いただきました上でのお手続きとなります。
※受付は先着順ではございません。申し込み者多数の場合、抽選にて当落を決定いたします。
※複数公演当選された場合、当選されたすべてのチケットをご購入いただきます。
※受付開始・終了間際は、アクセスが集中し繋がりにくくなる場合もございます。時間に余裕をもってお手続きください。
※いかなる理由におきましても、申込受付期間終了後の申し込み・キャンセル・変更はできません。
ご不明な点のある方は、必ず申込受付期間内にファンクラブまでお問い合わせください。
※チケットの申し込み・当落結果確認・ご入金には、各期間において会員期限内である必要があります。
当ファンクラブでは、会員期限終了後、1ヶ月は猶予期間として継続手続きが可能です。
例）2024/5/31期限の方　→　2024/6/30まで継続としてお手続きいただけます。
※本受付では、マッチングシステムを実施予定です。詳細につきましては改めてご案内いたします。
なお、マッチングシステムとはチケットをご購入いただいた後に、やむを得ない理由によりライブへの参加が不可能になってしまった場合のみ、
チケットを定価で譲渡できるよう仲介するシステムです。
----------------------------
♪入会をご検討の方へ
チケットの申込受付期間終了までに、ファンクラブページより【クレジットカード決済・コンビニ／ペイジー支払】にてご入会(入金完了まで)いただきますとチケットのお申し込みが可能です！
>> ご入会はこちらから！
【ご注意】
※Loppi／ローソンチケット、郵便振込からのお手続きは期日が異なります。
下記期日を過ぎた場合、チケットはお申し込みいただけません。ご注意ください。
・Loppi／ローソンチケット：6月9日(日)
・郵便振込：6月9日(日)
※チケット申込受付期間は6月13日(木)17:00に終了します。時間に余裕を持ってお手続きください。
【お問い合わせ先】
●チケット受付～発券に関するお問い合わせ先
チケットインフォメーション：
お問い合わせフォーム
※申し込み方法・当落確認・支払い方法・チケット発券に関するお問い合わせはこちらです。
※お問い合わせの際は公演名欄に『水瀬いのりツアー2024』とご入力ください。
●ファンクラブ会員ページログイン・その他に関するお問い合わせ先
水瀬いのりオフィシャルファンクラブ「いのりまち」
MAIL：
contact@inorimachi.com
※お名前のないメールにはお返事いたしかねます。（会員の方は会員番号もご明記ください）
※メールでのお問い合わせは、返信までに最大1週間ほどお時間がかかります。
※お問い合せの前にファンクラブからのメールを受信できるよう、下記メールアドレスの受信設定をお願いいたします。
・contact@inorimachi.com
・mail@inorimachi.com"
https://www.inorimachi.com/fc_news/2024/0610150000.html,2024.06.10,まちの映画館「『おしえて！町長』～いのりまち町民集会2024編～」更新！,"ファンクラブページ内
「まちの映画館」
を更新しました！
「いのりまち町民集会2024 -ACOUSTIC LIVE Wonder Caravan！-」で募集していた質問に町長が回答！
多くのご質問をお寄せいただきありがとうございました！
ぜひご覧ください☆"
https://www.inorimachi.com/fc_news/2024/0613120000.html,2024.06.13,"「まちの映画館～町内""生""放送～」放送決定！　※6/20更新","「まちの映画館～町内""生""放送～」の次回放送が決定しました！
【まちの映画館～町内""生""放送～】
日時：2024年6月20日(木) 19:00すぎ頃
※オンライン生配信です。
※配信時間は変更になる可能性がございます。また、前後する可能性もございますのでご了承ください。
※アーカイブは、6月30日(日)23:59までを予定しております。
●視聴方法
ファンクラブページ内
「まちの映画館」
よりご覧いただけます。
●注意事項
・動画配信・視聴にはタイムラグが生じる場合がございます。
・途中から視聴した場合はその時点からのライブ配信となり、時間を戻しての再生はできませんのでご了承ください。
・コメントがうまく送信されない場合がございます。その際はご視聴するブラウザやデバイスを変更してお試しください。
・ご視聴に関わるインターネット通信費用はお客様のご負担となります。
・動画配信となりデータ通信量が多くなることが想定されるため、安定したインターネット環境(Wi-Fi等)のご利用を推奨いたします。
・配信には機材・回線等、最善の準備を行い実施しますが、生配信である特性上、不慮の一時中断や乱れなどが起こる可能性がある点、ご了承ください。
・お客様のインターネット環境に伴う閲覧の不具合に関しては対応は一切できかねます。
・本配信は配信プラットフォーム「Vimeo」を使用します。ご視聴の推奨環境は
こちら
よりご確認ください。
・日本国外からご視聴の際は、
「Vimeo」の視聴対応地域
にご注意ください。
・本配信の撮影、録音及び録画は一切禁止させていただきます。
また、無断転載、複製、加工、再配布する行為もご遠慮ください(ウェブサイト・SNSを含む)。"
https://www.inorimachi.com/fc_news/2024/0621150000.html,2024.06.21,「Inori Minase LIVE TOUR 2024 heart bookmark」会員先行優先予約当落結果のご案内,"「Inori Minase LIVE TOUR 2024 heart bookmark」ファンクラブ会員チケット先行優先予約にお申し込みいただきました方へ、
当落結果のご案内を開始いたしました。
《当落確認・入金期間》
6月28日(金)23:59まで
●当落結果について
チケット販売サイト「TAPIRS TICKET」内「チケット申込み履歴」よりご確認いただけます。
※ファンクラブページメニュー内「チケット」より、該当の受付バナーをクリックいただくとログインが可能です。
また、チケット受付サイト「
TAPIRS MEMBERS
」にご登録いただいたメールアドレス宛に『抽選結果のお知らせ』メールをお送りしております。
●お支払いについて
詳細につきましては下記ページの「支払いについて」よりご確認ください。
https://ticket.re-tapirs.com/mp/faq
【ご注意】
・チケットのお申し込み・当落結果確認・ご入金には、各期間において会員期限内である必要があります。
・公演終了後まで「TAPIRS MEMBERS」の会員登録は削除されないようお願いいたします。
・ファンクラブページ内では当落結果は確認できません。ご注意ください。
・いかなる理由におきましても、当選されたチケットのキャンセル・変更はできません。
・複数公演当選された場合、当選されたすべてのチケットをご購入いただきます。
・当落結果メール未着によるチケット代の未入金等には対応をいたしかねます。
・入金に不備・不明な点がある場合、選択した決済方法以外での入金や支払期限後の入金はすべて手数料を差し引き返金いたします。
その際、当選は無効となりチケットのご用意はできかねます。
・当選確定後、入金期間内にチケット代金の入金がない場合、今後ファンクラブで取り扱うオリジナルグッズ・チケット等の購入をお断りいたします。
【お問い合わせ先】
●チケット受付～発券に関するお問い合わせ先
チケットインフォメーション：
お問い合わせフォーム
※申し込み方法・当落確認・支払い方法・チケット発券に関するお問い合わせはこちらです。
※お問い合わせの際は公演名欄に『水瀬いのりツアー2024』とご入力ください。
※夏季休業：2024年8月9日(金)～8月18日(日)
●ファンクラブ会員ページログイン・その他に関するお問い合わせ先
水瀬いのりオフィシャルファンクラブ「いのりまち」
MAIL：
contact@inorimachi.com
※お名前のないメールにはお返事いたしかねます。（会員の方は会員番号もご明記ください）
※メールでのお問い合わせは、返信までに最大1週間ほどお時間がかかります。
※お問い合わせの前にファンクラブからのメールを受信できるよう、下記メールアドレスの受信設定をお願いいたします。
・contact@inorimachi.com
・mail@inorimachi.com"
https://www.inorimachi.com/fc_news/2024/0626150000.html,2024.06.26,ファンクラブ会報「いのりまちだより」投稿受付開始！,"ファンクラブ会報「いのりまちだより」27号の投稿受付を開始いたしました！
町長へのメッセージやライブ、アニメ、イベント、会報の感想、イラストやコーナーへの投稿などなど、みなさんのおたよりをお送りください♪
【ファンクラブページからの投稿】
ファンクラブページログイン後、「ポスト」からご投稿ください。
投稿締切：2024年9月2日(月)18:00
【郵便での投稿】
〒160-0023
東京都新宿区西新宿1-19-6 山手新宿ビル11F
水瀬いのりオフィシャルファンクラブ「いのりまち」○○○(各コーナー名)係
投稿締切：2024年9月2日(月)必着
たくさんの投稿、お待ちしております♪"
https://www.inorimachi.com/fc_news/2024/0626150001.html,2024.06.26,ファンクラブ会報「いのりまちだより」26号発送開始のお知らせ,"ファンクラブ会報「いのりまちだより」26号の発送を、6月26日(水)に開始いたしました！
7月10日(水)
になりましてもお手元に届かない場合は、
下記期間内にファンクラブまでお問い合わせください。
■未着問い合わせ期間
2024年7月10日(水)～7月24日(水)
※こちらの問い合わせ期間は6月7日(金)までにご入会・ご継続いただいた方を対象としております。
6月8日(土)以降にご入会・ご継続いただいた方は発送完了メール記載の未着問い合わせ期間をご確認ください。
■お問い合わせ先
MAIL：contact@inorimachi.com
件名：会報26号未着
本文：会員番号・氏名・住所・お問い合わせの詳細
----------
「いのりまち町民集会2024」配信チケットをご購入の方には
特典を同封しております。
----------
※未着問い合わせ期間以降にご連絡をいただきましても対応いたしかねますのでご注意ください。
※6月末までにご入会いただいた方を対象に発送いたします。
※初回発送は、6月7日(金)までにご入会手続きを完了された方が対象です。
※6月8日(土)以降にご入会いただいた方へは、7月中旬より順次発送いたします。
※会報投稿は【6月26日(水)15:00】より「ポスト」にて受付中です。"
https://www.inorimachi.com/fc_news/2024/0701150000.html,2024.07.01,「Inori Minase LIVE TOUR 2024 heart bookmark」会員先行優先予約2次受付のご案内,"「Inori Minase LIVE TOUR 2024 heart bookmark」〈兵庫・千葉公演〉のファンクラブ会員チケット先行優先予約2次受付が決定いたしました！
>> 公演情報はこちら！
●申し込み詳細
《申込受付期間》
7月9日(火)15:00～7月18日(木)17:00
《申込制限枚数》
各公演2枚まで
《当落発表》
7月26日(金)15:00予定
《入金期間》
7月26日(金)15:00～7月31日(水)23:59
●申し込み方法
チケット販売サイト「TAPIRS TICKET」を利用した電子チケットによる受付です。
詳細は「
水瀬いのりオフィシャルファンクラブ『いのりまち』電子チケット利用案内
」をご確認ください。
《受付ページ》
ファンクラブページメニュー内「チケット」より、該当の受付バナーをクリックの上、画面の案内に従ってお手続きください。
※ファンクラブ会員限定のチケット受付となりますため、「TAPIRS TICKET」内「受付一覧」には受付ページは表示されません。
【ご注意】
※「
TAPIRS MEMBERS
」への会員登録が必要となります。
※受付ページ記載の注意事項を必ずご確認ください。ご了承いただきました上でのお手続きとなります。
※同一公演のチケットが当選(購入)した方は本受付にてチケット購入はできませんので、予めご了承ください。
※受付は先着順ではございません。申し込み者多数の場合、抽選にて当落を決定いたします。
※複数公演当選された場合、当選されたすべてのチケットをご購入いただきます。その際、それぞれお支払いのお手続きが必要となります。
※受付開始・終了間際は、アクセスが集中し繋がりにくくなる場合もございます。時間に余裕をもってお手続きください。
※いかなる理由におきましても、申込受付期間終了後の申込み・キャンセル・変更はできません。
ご不明な点のある方は、必ず申込受付期間内にファンクラブまでお問い合わせください。
※チケットの申し込み・当落結果確認・ご入金には、各期間において会員期限内である必要があります。
当ファンクラブでは、会員期限終了後、1ヶ月は猶予期間として継続手続きが可能です。
例）2024/6/30期限の方　→　2024/7/31まで継続としてお手続きいただけます。
----------------------------
♪入会をご検討の方へ
チケットの申込受付期間終了までに、ファンクラブページより【クレジットカード決済・コンビニ／ペイジー支払】にてご入会(入金完了まで)いただきますとチケットのお申し込みが可能です！
>> ご入会はこちらから！
【ご注意】
※Loppi／ローソンチケット、郵便振込からのお手続きは期日が異なります。
下記期日を過ぎた場合、チケットはお申し込みいただけません。ご注意ください。
・Loppi／ローソンチケット：7月14日(日)
・郵便振込：7月14日(日)
※チケット申込受付期間は7月18日(木)17:00に終了します。時間に余裕を持ってお手続きください。
【お問い合わせ先】
●チケット受付～発券に関するお問い合わせ先
チケットインフォメーション：
お問い合わせフォーム
※お問い合わせの際は公演名欄に『水瀬いのりツアー2024』とご入力ください。
※夏季休業：2024年8月9日(金)～8月18日(日)
●ファンクラブ会員ページログイン・その他に関するお問い合わせ先
水瀬いのりオフィシャルファンクラブ「いのりまち」
MAIL：
contact@inorimachi.com
※お名前のないメールにはお返事いたしかねます。（会員の方は会員番号もご明記ください）
※メールでのお問い合わせは、返信までに最大1週間ほどお時間がかかります。
※お問い合せの前にファンクラブからのメールを受信できるよう、下記メールアドレスの受信設定をお願いいたします。
・contact@inorimachi.com
・mail@inorimachi.com"
https://www.inorimachi.com/fc_news/2024/0709150000.html,2024.07.09,「Inori Minase LIVE TOUR 2024 heart bookmark」会員先行優先予約2次受付開始のご案内,"「Inori Minase LIVE TOUR 2024 heart bookmark」〈兵庫・千葉公演〉のファンクラブ会員チケット先行優先予約2次受付を開始いたしました！
>> 公演情報はこちら！
●申し込み詳細
《申込受付期間》
7月9日(火)15:00～7月18日(木)17:00
《申込制限枚数》
各公演2枚まで
《当落発表》
7月26日(金)15:00予定
《入金期間》
7月26日(金)15:00～7月31日(水)23:59
●申し込み方法
チケット販売サイト「TAPIRS TICKET」を利用した電子チケットによる受付です。
詳細は「
水瀬いのりオフィシャルファンクラブ『いのりまち』電子チケット利用案内
」をご確認ください。
《受付ページ》
ファンクラブページメニュー内「チケット」より、該当の受付バナーをクリックの上、画面の案内に従ってお手続きください。
※ファンクラブ会員限定のチケット受付となりますため、「TAPIRS TICKET」内「受付一覧」には受付ページは表示されません。
【ご注意】
※「
TAPIRS MEMBERS
」への会員登録が必要となります。
※受付ページ記載の注意事項を必ずご確認ください。ご了承いただきました上でのお手続きとなります。
※同一公演のチケットが当選(購入)した方は本受付にてチケット購入はできませんので、予めご了承ください。
※受付は先着順ではございません。申し込み者多数の場合、抽選にて当落を決定いたします。
※複数公演当選された場合、当選されたすべてのチケットをご購入いただきます。その際、それぞれお支払いのお手続きが必要となります。
※受付開始・終了間際は、アクセスが集中し繋がりにくくなる場合もございます。時間に余裕をもってお手続きください。
※いかなる理由におきましても、申込受付期間終了後の申込み・キャンセル・変更はできません。
ご不明な点のある方は、必ず申込受付期間内にファンクラブまでお問い合わせください。
※チケットの申し込み・当落結果確認・ご入金には、各期間において会員期限内である必要があります。
当ファンクラブでは、会員期限終了後、1ヶ月は猶予期間として継続手続きが可能です。
例）2024/6/30期限の方　→　2024/7/31まで継続としてお手続きいただけます。
----------------------------
♪入会をご検討の方へ
チケットの申込受付期間終了までに、ファンクラブページより【クレジットカード決済・コンビニ／ペイジー支払】にてご入会(入金完了まで)いただきますとチケットのお申し込みが可能です！
>> ご入会はこちらから！
【ご注意】
※Loppi／ローソンチケット、郵便振込からのお手続きは期日が異なります。
下記期日を過ぎた場合、チケットはお申し込みいただけません。ご注意ください。
・Loppi／ローソンチケット：7月14日(日)
・郵便振込：7月14日(日)
※チケット申込受付期間は7月18日(木)17:00に終了します。時間に余裕を持ってお手続きください。
【お問い合わせ先】
●チケット受付～発券に関するお問い合わせ先
チケットインフォメーション：
お問い合わせフォーム
※申し込み方法・当落確認・支払い方法・チケット発券に関するお問い合わせはこちらです。
※お問い合わせの際は公演名欄に『水瀬いのりツアー2024』とご入力ください。
※夏季休業：2024年8月9日(金)～8月18日(日)
●ファンクラブ会員ページログイン・その他に関するお問い合わせ先
水瀬いのりオフィシャルファンクラブ「いのりまち」
MAIL：
contact@inorimachi.com
※お名前のないメールにはお返事いたしかねます。（会員の方は会員番号もご明記ください）
※メールでのお問い合わせは、返信までに最大1週間ほどお時間がかかります。
※お問い合せの前にファンクラブからのメールを受信できるよう、下記メールアドレスの受信設定をお願いいたします。
・contact@inorimachi.com
・mail@inorimachi.com"
https://www.inorimachi.com/fc_news/2024/0726150000.html,2024.07.26,「Inori Minase LIVE TOUR 2024 heart bookmark」会員先行優先予約2次受付 当落結果のご案内,"「Inori Minase LIVE TOUR 2024 heart bookmark」〈兵庫・千葉公演〉のファンクラブ会員チケット先行優先予約2次受付にお申し込みいただきました方へ、
当落結果のご案内を開始いたしました。
《当落確認・入金期間》
7月31日(水)23:59まで
●当落結果について
チケット販売サイト「TAPIRS TICKET」内「チケット申込み履歴」よりご確認いただけます。
※ファンクラブページメニュー内「チケット」より、該当の受付バナーをクリックいただくとログインが可能です。
また、チケット受付サイト「
TAPIRS MEMBERS
」にご登録いただいたメールアドレス宛に『抽選結果のお知らせ』メールをお送りしております。
●お支払いについて
詳細につきましては下記ページの「支払いについて」よりご確認ください。
https://ticket.re-tapirs.com/mp/faq
【ご注意】
・チケットのお申し込み・当落結果確認・ご入金には、各期間において会員期限内である必要があります。
・公演終了後まで「TAPIRS MEMBERS」の会員登録は削除されないようお願いいたします。
・ファンクラブページ内では当落結果は確認できません。ご注意ください。
・いかなる理由におきましても、当選されたチケットのキャンセル・変更はできません。
・複数公演当選された場合、当選されたすべてのチケットをご購入いただきます。
・当落結果メール未着によるチケット代の未入金等には対応をいたしかねます。
・入金に不備・不明な点がある場合、選択した決済方法以外での入金や支払期限後の入金はすべて手数料を差し引き返金いたします。
その際、当選は無効となりチケットのご用意はできかねます。
・当選確定後、入金期間内にチケット代金の入金がない場合、今後ファンクラブで取り扱うオリジナルグッズ・チケット等の購入をお断りいたします。
【お問い合わせ先】
●チケット受付～発券に関するお問い合わせ先
チケットインフォメーション：
お問い合わせフォーム
※申し込み方法・当落確認・支払い方法・チケット発券に関するお問い合わせはこちらです。
※お問い合わせの際は公演名欄に『水瀬いのりツアー2024』とご入力ください。
※夏季休業：2024年8月9日(金)～8月18日(日)
●ファンクラブ会員ページログイン・その他に関するお問い合わせ先
水瀬いのりオフィシャルファンクラブ「いのりまち」
MAIL：
contact@inorimachi.com
※お名前のないメールにはお返事いたしかねます。（会員の方は会員番号もご明記ください）
※メールでのお問い合わせは、返信までに最大1週間ほどお時間がかかります。
※お問い合わせの前にファンクラブからのメールを受信できるよう、下記メールアドレスの受信設定をお願いいたします。
・contact@inorimachi.com
・mail@inorimachi.com"
https://www.inorimachi.com/fc_news/2024/0730150000.html,2024.07.30,いのりまち 夏季休業のお知らせ,"夏季休業に伴い、下記期間のメール対応、並びに宅配便の受け取りを休業させていただきます。
■2024年8月13日(火)～8月16日(金)
期間中にいただきましたお問い合わせにつきましては、
8月19日(月)より順次お返事いたします。
ご利用の皆様にはご不便をおかけいたしますが、
ご理解、ご協力の程、何卒よろしくお願い申し上げます。"
https://www.inorimachi.com/fc_news/2024/0730150001.html,2024.07.30,まちの映画館「『heart bookmark』ビジュアル公開！」更新！,"ファンクラブページ内
「まちの映画館」
を更新しました！
1stハーフアルバム「heart bookmark」＆
「Inori Minase LIVE TOUR 2024 heart bookmark」グッズ撮影をフランスで行ってきました！
さらに、「Inori Minase LIVE TOUR 2024 heart bookmark」特設サイトは本日公開！
町長からのコメントとあわせてぜひご覧ください☆
■1stハーフアルバム「heart bookmark」詳細はこちら
https://www.inoriminase.com/discography/?id=61
■「Inori Minase LIVE TOUR 2024 heart bookmark」特設サイトはこちら
https://www.inoriminase.com/special/2024/hb/"
https://www.inorimachi.com/fc_news/2024/0730150002.html,2024.07.30,「Inori Minase LIVE TOUR 2024 heart bookmark」会員先行優先予約マッチングシステム受付のご案内,"「Inori Minase LIVE TOUR 2024 heart bookmark」ファンクラブ会員チケット先行優先予約では、マッチングシステムを実施いたします。
----------------------------
〈マッチングシステムとは〉
チケットをご購入いただいた後に、やむを得ない理由によりライブへの参加が不可能になってしまった場合のみ、チケットを定価で譲渡できるよう仲介するシステムです。
※譲渡希望と購入希望が合致した場合にのみ成立となります。
譲渡不成立の場合、払い戻しはいたしかねますので、ご了承ください。また、譲渡者を指定することはできません。
※ご当選時のお支払いは「クレジットカード」のみとなります。
----------------------------
>> 公演情報はこちら！
●申し込み詳細
【A区分：兵庫・広島公演】
《申込受付期間》
8月16日(金)15:00～8月20日(火)17:00
《当落発表》
8月27日(火)15:00予定
【B区分：愛知・福岡・北海道公演】
《申込受付期間》
8月30日(金)15:00～9月4日(水)17:00
《当落発表》
9月12日(木)15:00予定
【C区分：千葉公演】
《申込受付期間》
9月27日(金)15:00～10月1日(火)17:00
《当落発表》
10月9日(水)15:00予定
●申し込み対象
■譲渡希望
「Inori Minase LIVE TOUR 2024 heart bookmark」会員先行優先予約にて【対象公演】のチケットを購入された方
※譲渡希望登録の際には、下記が必要になります。
・会員番号(半角数字5桁)
・いのりまちから後日発行される、『「Inori Minase LIVE TOUR 2024 heart bookmark」マッチング専用パスワード』
(マッチング専用パスワードは、8月9日(金)12:00にファンクラブ登録のメールアドレス宛にメールにてご案内しております。
メールが未着の方は、ファンクラブページ「まち役場」内、「お知らせメール一覧」にて控えをご確認ください)
■購入希望
申し込み受付期限までにご入会された会員期限内の方
(新規ご入会をご希望の方は下部の対象入金日をあわせてご確認ください)
※下記内容に該当する方は『水瀬いのりオフィシャルファンクラブ会員マッチングシステム』にてチケット購入はできませんので、予めご了承ください。
・同一公演のチケットが当選(購入)した方
・同一公演の譲渡希望を出した方
●申し込み方法
チケット販売サイト「TAPIRS TICKET」を利用した電子チケットによる受付です。
詳細は「
水瀬いのりオフィシャルファンクラブ『いのりまち』電子チケット利用案内
」をご確認ください。
《受付ページ》
ファンクラブページメニュー内「チケット」より、該当の受付バナーをクリックの上、画面の案内に従ってお手続きください。
※ファンクラブ会員限定のチケット受付となりますため、「TAPIRS TICKET」内「受付一覧」には受付ページは表示されません。
【ご注意】
※「
TAPIRS MEMBERS
」への会員登録が必要となります。
※受付ページは、お申し込み受付期間になりましたらログインいただけます。
※受付ページ記載の注意事項を必ずご確認ください。ご了承いただきました上でのお手続きとなります。
※必ず譲渡・購入ができるものではありませんので、予めご了承ください。
※受付開始・終了間際は、アクセスが集中し繋がりにくくなる場合もございます。時間に余裕をもってお手続きください。
※いかなる理由におきましても、申込受付期間終了後の申し込み・キャンセル・変更はできません。
ご不明な点のある方は、必ず申込受付期間内にファンクラブまでお問い合わせください。
※チケットの申し込み・当落結果確認・ご入金には、各期間において会員期限内である必要があります。
当ファンクラブでは、会員期限終了後、1ヶ月は猶予期間として継続手続きが可能です。
例）2024/7/31期限の方　→　2024/8/31まで継続としてお手続きいただけます。
----------------------------
♪入会をご検討の方へ
チケットの申込受付期間終了までに、ファンクラブページより【クレジットカード決済・コンビニ／ペイジー支払】にてご入会(入金完了まで)いただきますとチケットのお申し込みが可能です！
>> ご入会はこちらから！
【ご注意】
※Loppi／ローソンチケット、郵便振込からのお手続きは期日が異なります。
下記期日を過ぎた場合、チケットはお申し込みいただけません。ご注意ください。
・Loppi／ローソンチケット、郵便振込：【A区分】8月4日(日) 、【B区分】8月25日(日)、【C区分】9月22日(日)
※チケット申込受付期間をよくお確かめの上、時間に余裕を持ってお手続きください。
----------------------------
【お問い合わせ先】
●チケット受付～発券に関するお問い合わせ先
チケットインフォメーション：
お問い合わせフォーム
※申し込み方法・当落確認・支払い方法・チケット発券に関するお問い合わせはこちらです。
※お問い合わせの際は公演名欄に『水瀬いのりツアー2024』とご入力ください。
※夏季休業：2024年8月9日(金)～8月18日(日)
●ファンクラブ会員ページログイン・その他に関するお問い合わせ先
水瀬いのりオフィシャルファンクラブ「いのりまち」
MAIL：
contact@inorimachi.com
※お名前のないメールにはお返事いたしかねます。（会員の方は会員番号もご明記ください）
※メールでのお問い合わせは、返信までに最大1週間ほどお時間がかかります。
※お問い合せの前にファンクラブからのメールを受信できるよう、下記メールアドレスの受信設定をお願いいたします。
・contact@inorimachi.com
・mail@inorimachi.com
※夏季休業：2024年8月13日(火)～8月16日(金)"
https://www.inorimachi.com/fc_news/2024/0731150000.html,2024.07.31,まちの新聞「『いのりまちだより』26号 出張版」更新！,"ファンクラブページ内
「まちの新聞」
で
『いのりまちだより』26号「まちのひろば出張版」＆「町長からの挑戦状！出張版」
を公開しました！
みなさんからいただいたおたよりをご紹介！
ぜひチェックしてみてください♪"
https://www.inorimachi.com/fc_news/2024/0814210000.html,2024.08.14,"「まちの映画館～町内""生""放送～」放送決定！　※8/20更新","「まちの映画館～町内""生""放送～」の次回放送が決定しました！
次回は、同日21:00解禁のオリジナルハーフアルバム『heart bookmark』
リード曲「フラーグム」MUSIC VIDEO YouTubeプレミア公開直前に実施予定！
町長と同時視聴が出来ちゃうかも...!?
ぜひお楽しみに！
【まちの映画館～町内""生""放送～】
日時：2024年8月20日(火) 20:00頃
※オンライン生配信です。
※配信時間は変更になる可能性がございます。また、前後する可能性もございますのでご了承ください。
※アーカイブは、9月13日(金)23:59までを予定しております。
※MUSIC VIDEO YouTubeプレミア公開の映像は「まちの映画館」内での表示はございません。必要な場合には複数の端末、画面のご用意をお願いいたします。
●視聴方法
ファンクラブページ内
「まちの映画館」
よりご覧いただけます。
●注意事項
・動画配信・視聴にはタイムラグが生じる場合がございます。
・途中から視聴した場合はその時点からのライブ配信となり、時間を戻しての再生はできませんのでご了承ください。
・コメントがうまく送信されない場合がございます。その際はご視聴するブラウザやデバイスを変更してお試しください。
・ご視聴に関わるインターネット通信費用はお客様のご負担となります。
・動画配信となりデータ通信量が多くなることが想定されるため、安定したインターネット環境(Wi-Fi等)のご利用を推奨いたします。
・配信には機材・回線等、最善の準備を行い実施しますが、生配信である特性上、不慮の一時中断や乱れなどが起こる可能性がある点、ご了承ください。
・お客様のインターネット環境に伴う閲覧の不具合に関しては対応は一切できかねます。
・本配信は配信プラットフォーム「Vimeo」を使用します。ご視聴の推奨環境は
こちら
よりご確認ください。
・日本国外からご視聴の際は、
「Vimeo」の視聴対応地域
にご注意ください。
・本配信の撮影、録音及び録画は一切禁止させていただきます。
また、無断転載、複製、加工、再配布する行為もご遠慮ください(ウェブサイト・SNSを含む)。"
https://www.inorimachi.com/fc_news/2024/0816150000.html,2024.08.16,「Inori Minase LIVE TOUR 2024 heart bookmark」会員先行優先予約マッチングシステム【A区分：兵庫・広島公演】受付開始のご案内,"「Inori Minase LIVE TOUR 2024 heart bookmark」会員先行優先予約マッチングシステム【A区分：兵庫・広島公演】受付を開始いたしました。
>> 公演情報はこちら！
----------------------------
〈マッチングシステムとは〉
チケットをご購入いただいた後に、やむを得ない理由によりライブへの参加が不可能になってしまった場合のみ、チケットを定価で譲渡できるよう仲介するシステムです。
※譲渡希望と購入希望が合致した場合にのみ成立となります。
譲渡不成立の場合、チケットは変わらず元のご購入者様のものとなり、払い戻しはいたしかねますので、ご了承ください。
また、譲渡者を指定することはできません。
----------------------------
●申し込み詳細
【A区分：兵庫・広島公演】
《申込受付期間》
8月16日(金)15:00～8月20日(火)17:00
《当落発表》
8月27日(火)15:00予定
●申し込み対象
■譲渡希望
「Inori Minase LIVE TOUR 2024 heart bookmark」会員先行優先予約(2次受付含む)にて【兵庫・広島公演】のチケットを購入された方
※2枚でご購入の方が1枚のみ譲渡登録を行うことはできません。譲渡する場合は2枚まとめての譲渡登録となります。
■購入希望
申し込み受付期限までにご入会された会員期限内の方
(新規ご入会をご希望の方は下部の対象入金日をあわせてご確認ください)
※下記内容に該当する方は『水瀬いのりオフィシャルファンクラブ会員マッチングシステム』にてチケット購入はできませんので、予めご了承ください。
・同一公演のチケットが当選(購入)した方
・同一公演の譲渡希望を出した方
●申し込み方法
《受付ページ》
ファンクラブページメニュー内「チケット」より、該当の受付バナーをクリックの上、画面の案内に従ってお手続きください。
※ファンクラブ会員限定のチケット受付となりますため、「TAPIRS TICKET」内「受付一覧」には受付ページは表示されません。
※譲渡希望と購入希望でログイン情報が異なります。
■譲渡希望
譲渡希望時に必要なログインパスワード
①会員番号(半角数字5桁)
②いのりまち発行の『「Inori Minase LIVE TOUR 2024 heart bookmark」マッチング専用パスワード』
(マッチング専用パスワードは、ファンクラブ登録のメールアドレス宛にメールにて8月9日(金)正午よりご案内しております。
メールが未着の方は、ファンクラブページ「まち役場」内、「お知らせメール一覧」にて控えをご確認ください)
■購入希望
チケット販売サイト「TAPIRS TICKET」を利用した電子チケットによる受付です。
詳細は「
水瀬いのりオフィシャルファンクラブ『いのりまち』電子チケット利用案内
」をご確認ください。
【ご注意】
※「
TAPIRS MEMBERS
」への会員登録が必要となります。
※受付ページ記載の注意事項を必ずご確認ください。ご了承いただきました上でのお手続きとなります。
※必ず譲渡・購入ができるものではありませんので、予めご了承ください。
※受付開始・終了間際は、アクセスが集中し繋がりにくくなる場合もございます。時間に余裕をもってお手続きください。
※いかなる理由におきましても、申込受付期間終了後の申し込み・キャンセル・変更はできません。
ご不明な点のある方は、必ず申込受付期間内にファンクラブまでお問い合わせください。
※チケットの申し込み・当落結果確認・ご入金には、各期間において会員期限内である必要があります。
当ファンクラブでは、会員期限終了後、1ヶ月は猶予期間として継続手続きが可能です。
例）2024/7/31期限の方　→　2024/8/31まで継続としてお手続きいただけます。
●マッチングシステム利用料・支払い方法
■マッチングシステム利用料
チケット1枚につき、330円（税込）
■チケット代金支払い方法
クレジットカードのみ
※ご当選時に自動的に決済されます。
※ご登録情報の誤りや、利用限度額の不足など、何らかの理由により抽選時に決済不備となった場合は""落選""となります。申し込み受付期間終了までに、クレジットカードの有効期限、利用可能な金額を必ずお確かめください。
----------------------------
♪入会をご検討の方へ
チケットの申込受付期間終了までに、ファンクラブページより【クレジットカード決済・コンビニ／ペイジー支払】にてご入会(入金完了まで)いただきますとチケットのお申し込みが可能です！
>> ご入会はこちらから！
【ご注意】
※Loppi／ローソンチケット、郵便振込からのお手続きは期日が異なります。
下記期日を過ぎた場合、チケットはお申し込みいただけません。ご注意ください。
・Loppi／ローソンチケット、郵便振込：【A区分】8月4日(日)
※チケット申込受付期間をよくお確かめの上、時間に余裕を持ってお手続きください。
----------------------------
【お問い合わせ先】
●マッチングシステム【譲渡】登録方法・当落確認・返金方法に関するお問い合わせ先
チケットインフォメーション：
お問い合わせフォーム
●マッチングシステム【購入】チケット受付～発券に関するお問い合わせ先
チケットインフォメーション：
お問い合わせフォーム
※お問い合わせの際は公演名欄に『水瀬いのりツアー2024』とご入力ください。
※夏季休業：2024年8月9日(金)～8月18日(日)
●ファンクラブ会員ページログイン・その他に関するお問い合わせ先
水瀬いのりオフィシャルファンクラブ「いのりまち」
MAIL：
contact@inorimachi.com
※お名前のないメールにはお返事いたしかねます。（会員の方は会員番号もご明記ください）
※メールでのお問い合わせは、返信までに最大1週間ほどお時間がかかります。
※お問い合せの前にファンクラブからのメールを受信できるよう、下記メールアドレスの受信設定をお願いいたします。
・contact@inorimachi.com
・mail@inorimachi.com
※夏季休業：2024年8月13日(火)～8月16日(金)"
https://www.inorimachi.com/fc_news/2024/0822150000.html,2024.08.22,まちの新聞「1st HALF ALBUM『heart bookmark』「フラーグム」MUSIC VIDEO撮影編」更新！,"ファンクラブページ内
「まちの新聞」
で
「1st HALF ALBUM『heart bookmark』『「フラーグム」MUSIC VIDEO撮影編」
を公開しました！----------
※8月23日 その3～4 更新しました！
----------
公開中の『フラーグム』MUSIC VIDEOとあわせてぜひご覧ください♪"
https://www.inorimachi.com/fc_news/2024/0827150000.html,2024.08.27,「Inori Minase LIVE TOUR 2024 heart bookmark」会員先行優先予約マッチングシステム【A区分：兵庫・広島公演】当落結果のご案内,"「Inori Minase LIVE TOUR 2024 heart bookmark」会員先行優先予約マッチングシステム【A区分：兵庫・広島公演】にお申し込みいただきました方へ、当落結果のご案内を開始いたしました。
《当落発表》
8月27日(火)15:00
●当落結果について
----------------------------------------------
■購入のお申し込みをされた方
チケット販売サイト「TAPIRS TICKET」内「チケット申込み履歴」よりご確認いただけます。
※ファンクラブページメニュー内「チケット」より、該当の受付バナーをクリックいただくとログインが可能です。
また、チケット受付サイト「
TAPIRS MEMBERS
」にご登録いただいたメールアドレス宛に『抽選結果のお知らせ』メールをお送りしております。
----------------------------------------------
■譲渡のお申し込みをされた方
当落結果確認期間内にマッチング用マイページ「申込み詳細」にて当落結果を必ずご確認ください。
マッチング用マイページは
こちら
譲渡希望登録サイトのログインパスワード
①会員番号(半角数字5桁)
②いのりまち発行の『「Inori Minase LIVE TOUR 2024 heart bookmark」マッチング専用パスワード』
(マッチング専用パスワードは、ファンクラブ登録のメールアドレス宛にメールにて8月9日(金)正午よりご案内しております。
メールが未着の方は、ファンクラブページ「まち役場」内、「お知らせメール一覧」にて控えをご確認ください)
※受付期間内に【譲渡希望登録】された方を対象に厳正なる抽選の上、譲渡成立の場合、ご返金させていただきます。
※譲渡成立となった時点でチケットは【購入希望者】のものとなります。譲渡成立後のキャンセルはできません。予めご了承ください。
※譲渡成立の場合、下記の手順に沿って返金の手続きを行ってください。
※譲渡不成立の場合、チケットは変わらず元のご購入者様のものとなりチケットを発券させていただきますので、チケット代金の返金もございません。予めご了承ください。
●譲渡成立時の返金方法
譲渡成立した場合のみ、公演終了後にマッチングシステム利用料を差し引いた金額をご返金させていただきます。
《返金手続き期間》
【A区分：兵庫・広島公演】：2024年10月中旬～2025年1月上旬頃まで
《返金方法》
返金手続き期間になりましたら、譲渡成立された方へ、譲渡希望登録時にご登録いただいたメールアドレス宛に返金手続き開始のメールが送信されます。
期限までにマッチング用マイページより返金手続きを行ってください。
返金手続きの流れは
こちら
をご確認ください。
※チケット購入時の各種手数料は返金の対象外となりますので、予めご了承ください。
※マッチングシステム利用料は、チケット1枚につき330円(税込)です。
※返金手続きは、GMOペイメントゲートウェイの返金システムを使用させていただきます。事前に「@gmo-pg.com」からのメールを受信できるように設定してください。
----------------------------------------------
【ご注意】
・チケットのお申し込み・当落結果確認・ご入金には、各期間において会員期限内である必要があります。
・公演終了後まで「TAPIRS MEMBERS」の会員登録は削除されないようお願いいたします。
・ファンクラブページ内では当落結果は確認できません。ご注意ください。
・いかなる理由におきましても、当選されたチケットのキャンセル・変更はできません。
・複数公演当選された場合、当選されたすべてのチケットをご購入いただきます。
・当選確定後、入金期間内にチケット代金の入金がない場合、当選は無効となりチケットのご用意は出来かねます。また、今後ファンクラブで取り扱うオリジナルグッズ・チケット等の購入をお断りいたします。
【お問い合わせ先】
●マッチングシステム【購入】チケット受付～発券に関するお問い合わせ先
チケットインフォメーション：
お問い合わせフォーム
●マッチングシステム【譲渡】登録方法・当落確認・返金方法に関するお問い合わせ先
チケットインフォメーション：
お問い合わせフォーム
※マッチングシステム【購入】【譲渡】お問い合わせの際は公演名欄に『水瀬いのりツアー2024』とご入力ください。
●ファンクラブ会員ページログイン・その他に関するお問い合わせ先
水瀬いのりオフィシャルファンクラブ「いのりまち」
MAIL：
contact@inorimachi.com
※お名前のないメールにはお返事いたしかねます。（会員の方は会員番号もご明記ください）
※メールでのお問い合わせは、返信までに最大1週間ほどお時間がかかります。
※お問い合せの前にファンクラブからのメールを受信できるよう、下記メールアドレスの受信設定をお願いいたします。
・contact@inorimachi.com
・mail@inorimachi.com"
https://www.inorimachi.com/fc_news/2024/0830150000.html,2024.08.30,ファンクラブ会報「いのりまちだより」27号発行決定！,"ファンクラブ会報
「いのりまちだより」27号
の発行が決定しました！
27号の発送は9月下旬を予定しております。
今回はハーフアルバム『heart bookmar』＆
『Inori Minase LIVE TOUR 2024 heart bookmark』グッズのフランスでの撮影模様を大特集！
その他、撮影レポートや町民さんと町長の交流コーナーなど、
ここでしか見られない情報が満載の会報です♪
住所変更を希望される方は
【9月9日(月)15:00まで】
に
ファンクラブページログイン後、「まち役場」よりお手続きください。
住所変更がない方も、今一度ご登録内容のご確認をお願いいたします。
※会報27号は、9月30日(月)までにご入会(入金完了まで)くださった方にお送りします。
※変更手続きがなく発送物未着のお問い合わせをいただいた場合、対応をいたしかねます。
※発送完了後は、まちの回覧板にてお知らせします。"
https://www.inorimachi.com/fc_news/2024/0830150001.html,2024.08.30,「Inori Minase LIVE TOUR 2024 heart bookmark」会員先行優先予約マッチングシステム【B区分：愛知・福岡・北海道公演】受付開始のご案内,"「Inori Minase LIVE TOUR 2024 heart bookmark」会員先行優先予約マッチングシステム【B区分：愛知・福岡・北海道公演】受付を開始いたしました。
>> 公演情報はこちら！
----------------------------
〈マッチングシステムとは〉
チケットをご購入いただいた後に、やむを得ない理由によりライブへの参加が不可能になってしまった場合のみ、チケットを定価で譲渡できるよう仲介するシステムです。
※譲渡希望と購入希望が合致した場合にのみ成立となります。
譲渡不成立の場合、チケットは変わらず元のご購入者様のものとなり、払い戻しはいたしかねますので、ご了承ください。
また、譲渡者を指定することはできません。
----------------------------
●申し込み詳細
【B区分：愛知・福岡・北海道公演】
《申込受付期間》
8月30日(金)15:00～9月4日(水)17:00
《当落発表》
9月12日(木)15:00予定
●申し込み対象
■譲渡希望
「Inori Minase LIVE TOUR 2024 heart bookmark」会員先行優先予約(2次受付含む)にて【愛知・福岡・北海道公演】のチケットを購入された方
※2枚でご購入の方が1枚のみ譲渡登録を行うことはできません。譲渡する場合は2枚まとめての譲渡登録となります。
■購入希望
申し込み受付期限までにご入会された会員期限内の方
(新規ご入会をご希望の方は下部の対象入金日をあわせてご確認ください)
※下記内容に該当する方は『水瀬いのりオフィシャルファンクラブ会員マッチングシステム』にてチケット購入はできませんので、予めご了承ください。
・同一公演のチケットが当選(購入)した方
・同一公演の譲渡希望を出した方
●申し込み方法
《受付ページ》
ファンクラブページメニュー内「チケット」より、該当の受付バナーをクリックの上、画面の案内に従ってお手続きください。
※ファンクラブ会員限定のチケット受付となりますため、「TAPIRS TICKET」内「受付一覧」には受付ページは表示されません。
※譲渡希望と購入希望でログイン情報が異なります。
■譲渡希望
譲渡希望時に必要なログインパスワード
①会員番号(半角数字5桁)
②いのりまち発行の『「Inori Minase LIVE TOUR 2024 heart bookmark」マッチング専用パスワード』
(マッチング専用パスワードは、ファンクラブ登録のメールアドレス宛にメールにて8月9日(金)正午よりご案内しております。
メールが未着の方は、ファンクラブページ「まち役場」内、「お知らせメール一覧」にて控えをご確認ください)
■購入希望
チケット販売サイト「TAPIRS TICKET」を利用した電子チケットによる受付です。
詳細は「
水瀬いのりオフィシャルファンクラブ『いのりまち』電子チケット利用案内
」をご確認ください。
【ご注意】
※「
TAPIRS MEMBERS
」への会員登録が必要となります。
※受付ページ記載の注意事項を必ずご確認ください。ご了承いただきました上でのお手続きとなります。
※必ず譲渡・購入ができるものではありませんので、予めご了承ください。
※受付開始・終了間際は、アクセスが集中し繋がりにくくなる場合もございます。時間に余裕をもってお手続きください。
※いかなる理由におきましても、申込受付期間終了後の申し込み・キャンセル・変更はできません。
ご不明な点のある方は、必ず申込受付期間内にファンクラブまでお問い合わせください。
※チケットの申し込み・当落結果確認・ご入金には、各期間において会員期限内である必要があります。
当ファンクラブでは、会員期限終了後、1ヶ月は猶予期間として継続手続きが可能です。
例）2024/8/31期限の方　→　2024/9/30まで継続としてお手続きいただけます。
●マッチングシステム利用料・支払い方法
■マッチングシステム利用料
チケット1枚につき、330円（税込）
■チケット代金支払い方法
クレジットカードのみ
※ご当選時に自動的に決済されます。
※ご登録情報の誤りや、利用限度額の不足など、何らかの理由により抽選時に決済不備となった場合は""落選""となります。申し込み受付期間終了までに、クレジットカードの有効期限、利用可能な金額を必ずお確かめください。
----------------------------
♪入会をご検討の方へ
チケットの申込受付期間終了までに、ファンクラブページより【クレジットカード決済・コンビニ／ペイジー支払】にてご入会(入金完了まで)いただきますとチケットのお申し込みが可能です！
>> ご入会はこちらから！
【ご注意】
※Loppi／ローソンチケット、郵便振込からのお手続きは期日が異なります。
下記期日を過ぎた場合、チケットはお申し込みいただけません。ご注意ください。
・Loppi／ローソンチケット、郵便振込：【B区分】8月25日(日)
※チケット申込受付期間をよくお確かめの上、時間に余裕を持ってお手続きください。
----------------------------
【お問い合わせ先】
●マッチングシステム【購入】チケット受付～発券に関するお問い合わせ先
チケットインフォメーション：
お問い合わせフォーム
●マッチングシステム【譲渡】登録方法・当落確認・返金方法に関するお問い合わせ先
チケットインフォメーション：
お問い合わせフォーム
※マッチングシステム【購入】【譲渡】お問い合わせの際は公演名欄に『水瀬いのりツアー2024』とご入力ください。
●ファンクラブ会員ページログイン・その他に関するお問い合わせ先
水瀬いのりオフィシャルファンクラブ「いのりまち」
MAIL：
contact@inorimachi.com
※お名前のないメールにはお返事いたしかねます。（会員の方は会員番号もご明記ください）
※メールでのお問い合わせは、返信までに最大1週間ほどお時間がかかります。
※お問い合せの前にファンクラブからのメールを受信できるよう、下記メールアドレスの受信設定をお願いいたします。
・contact@inorimachi.com
・mail@inorimachi.com"
https://www.inorimachi.com/fc_news/2024/0902150000.html,2024.09.02,"「まちの映画館～町内""生""放送～」放送決定！　※9/3更新","「まちの映画館～町内""生""放送～」の次回放送が決定しました！
【まちの映画館～町内""生""放送～】
日時：2024年9月3日(火) 21:00頃
※オンライン生配信です。
※配信時間は変更になる可能性がございます。また、前後する可能性もございますのでご了承ください。
※アーカイブは9月30日(月)23:59までを予定しております。
●視聴方法
ファンクラブページ内
「まちの映画館」
よりご覧いただけます。
●注意事項
・動画配信・視聴にはタイムラグが生じる場合がございます。
・途中から視聴した場合はその時点からのライブ配信となり、時間を戻しての再生はできませんのでご了承ください。
・コメントがうまく送信されない場合がございます。その際はご視聴するブラウザやデバイスを変更してお試しください。
・ご視聴に関わるインターネット通信費用はお客様のご負担となります。
・動画配信となりデータ通信量が多くなることが想定されるため、安定したインターネット環境(Wi-Fi等)のご利用を推奨いたします。
・配信には機材・回線等、最善の準備を行い実施しますが、生配信である特性上、不慮の一時中断や乱れなどが起こる可能性がある点、ご了承ください。
・お客様のインターネット環境に伴う閲覧の不具合に関しては対応は一切できかねます。
・本配信は配信プラットフォーム「Vimeo」を使用します。ご視聴の推奨環境は
こちら
よりご確認ください。
・日本国外からご視聴の際は、
「Vimeo」の視聴対応地域
にご注意ください。
・本配信の撮影、録音及び録画は一切禁止させていただきます。
また、無断転載、複製、加工、再配布する行為もご遠慮ください(ウェブサイト・SNSを含む)。"
https://www.inorimachi.com/fc_news/2024/0905140000.html,2024.09.05,まちの新聞「『heart bookmark』フランス・パリ撮影レポート編」更新！　※11/14更新,"ファンクラブページ内
「まちの新聞」
で
「『heart bookmark』フランス・パリ撮影レポート編」
を公開しました！
----------
※9月11日 その3～4 更新しました！
※9月18日 その5～6 更新しました！
※9月26日 その7～8 更新しました！
※10月1日 その9～10 更新しました！
※10月10日 その11～12 更新しました！
※10月17日 その13～14 更新しました！
※10月24日 その15～16 更新しました！
※11月1日 その17～18 更新しました！
※11月14日 その19 更新しました！
----------
1st HALF ALBUM「heart bookmark」＆
「Inori Minase LIVE TOUR 2024 heart bookmark」グッズ撮影レポートです！
ぜひご覧ください♪"
https://www.inorimachi.com/fc_news/2024/0906150000.html,2024.09.06,ファンクラブカウンター設置&お友達紹介特典のお知らせ,"「Inori Minase LIVE TOUR 2024 heart bookmark」の各会場におきまして、ファンクラブカウンターを設置いたします。
また、会場にてお友達をいのりまちにご紹介いただいた方への特典が決定いたしました！
〈設置場所〉
グッズ販売エリア付近
〈対応時間〉
グッズ販売開始時刻～終演後
※開演中の受付はいたしません。
〈受付内容〉
●入会
初年度会費：￥5,500(入会金￥1,100＋年会費￥4,400)
会場にてご入会いただいた方には会報誌を先着でプレゼント！
●継続
継続年会費：￥4,400(2年目以降)
対　象　者：会員期限【2025年5月31日】までの方
お手続きいただいた方には、継続特典をその場でお渡しします！
●お友達紹介特典
「いのりまち」会員の方で、新規入会希望の方をご紹介いただくと、
紹介者(既会員)、入会者それぞれに「オリジナルブロマイド」をプレゼント！
ご希望の場合は、ご紹介者とご入会者がご一緒にファンクラブカウンターへお越しください。
※ご紹介者とご入会者は、必ずご一緒にファンクラブカウンターへお越しください。
※既に有効会員資格をお持ちの方の二重入会は、会員規約にて禁止させていただいております。
各特典は先着順となります。後日発送となる場合もありますので、あらかじめご了承ください。
会場でのお手続きは手数料がかかりません。
ぜひこの機会をご利用ください♪"
https://www.inorimachi.com/fc_news/2024/0911150000.html,2024.09.11,ファンクラブページ更新！,"「いのりまち」ファンクラブページを更新いたしました！
●TOP画像
ファンクラブページTOP画像がリニューアル♪♪
ぜひ
ログイン
してみてくださいね！
●まちの映画館
ファンクラブページ内
「まちの映画館」
を更新しました！
TOP画像撮影の様子を町長にお話ししてもらいました☆
●「まちうけ」画像
ファンクラブページ
「まちうけ」
の画像を更新しました♪
期間限定での配信です！
町民さんはダウンロードをお忘れなく！
※画像の無断転載、複製、加工、または再配布する行為はご遠慮ください(ウェブサイト・SNSを含む)。"
https://www.inorimachi.com/fc_news/2024/0912150000.html,2024.09.12,「Inori Minase LIVE TOUR 2024 heart bookmark」兵庫公演電子チケット発券開始のご案内,"ファンクラブ会員チケット先行優先予約(2次受付含む)、並びにマッチングシステムにてチケットをご購入されました方へ、
「Inori Minase LIVE TOUR 2024 heart bookmark」兵庫公演電子チケットの発券を開始いたしました。
●チケット受け取り方法
電子チケット(MOALA Ticket)
●電子チケット（MOALA Ticket）の表示方法
①
チケット申込み履歴
にログインし、対象公演の注文番号をクリックいただき、申込み詳細画面に表示されるURLより電子チケットを表示してください。
②電子チケットを表示すると氏名登録画面が表示されますので、申込み者様の氏名を登録してください。
③チケットの分配機能をご利用いただく際には、分配するチケットを選択し、「分配」ボタンをタップ後、分配相手の氏名を入力してください。
※分配相手の氏名は、必ずしも本名やフルネームのご入力である必要はございませんが、ご入力いただいた氏名は分配相手のチケットに表示されます。
※ご自身分のチケットを他の方に分配することはできません。
その他ご不明点は「TAPIRS TICKET」内、
FAQ
をご確認ください。
※入場時にはチケットを表示して入場口でご提示いただきます。
会場周辺やお客様のご契約回線の通信状況等によってはチケットの表示に時間がかかる可能性がありますので、事前にチケットをブラウザ上に表示した状態でお越しいただくようお願いいたします。
スクリーンショットではご利用いただけませんのでご注意ください。
※ご入場時にも通信が必要となりますので、必ず通信ができるスマートフォン端末をご利用ください。
※開演直前はご入場口が混み合います。お時間に余裕を持ってご入場いただきますようご協力をお願いいたします。
※チケットの表示にはチケットサイトへのログインが必要になります。
ログインIDは発券開始メールが到着しているメールアドレス、パスワードはご自身で設定されたものになります。もし、当日会場にてログイン出来ない場合でも、パスワード再発行操作などはご自身でお手続きしていただくことになりますので、予めご確認くださいますようにお願いいたします。
※電子チケットで複数枚ご購入の方は、同時入場であれば購入者のスマートフォン端末のみで入場可能です。
また、同時入場が難しい場合は同行者のスマートフォンにチケットを分配して別々にご入場ください。
※電子チケット1(MOALA Ticket)のご利用推奨環境は、下記ページ内「チケットのお受け取り・当日の入場について」よりご確認ください。
https://ticket.re-tapirs.com/mp/inorimachi_tapirsticketinfo/
※電子チケットに表示される氏名と本人確認書類記載の氏名が異なる場合、ご入場をお断りする場合がございます。
必ずご確認くださいますようお願いいたします。
--------------
■TAPIRS TICKET
https://ticket.re-tapirs.com/
チケット申込み履歴
https://ticket.re-tapirs.com/mypage
FAQ（よくあるお問合せ）
https://ticket.re-tapirs.com/info/faq
--------------
【お問い合わせ先】
●チケット受付～発券に関するお問い合わせ先
チケットインフォメーション：
お問い合わせフォーム
※申し込み方法・当落確認・支払い方法・チケット発券に関するお問い合わせはこちらです。
※お問い合わせの際は公演名欄に『水瀬いのりツアー2024』とご入力ください。
●ファンクラブ会員ページログイン・その他に関するお問い合わせ先
水瀬いのりオフィシャルファンクラブ「いのりまち」
MAIL：
contact@inorimachi.com
※お名前のないメールにはお返事いたしかねます。（会員の方は会員番号もご明記ください）
※メールでのお問い合わせは、返信までに最大1週間ほどお時間がかかります。
※お問い合せの前にファンクラブからのメールを受信できるよう、下記メールアドレスの受信設定をお願いいたします。
・contact@inorimachi.com
・mail@inorimachi.com"
https://www.inorimachi.com/fc_news/2024/0912150001.html,2024.09.12,「Inori Minase LIVE TOUR 2024 heart bookmark」会員先行優先予約マッチングシステム【B区分：愛知・福岡・北海道公演】当落結果のご案内,"「Inori Minase LIVE TOUR 2024 heart bookmark」会員先行優先予約マッチングシステム【B区分：愛知・福岡・北海道公演】にお申し込みいただきました方へ、当落結果のご案内を開始いたしました。
《当落発表》
9月12日(木)15:00
●当落結果について
----------------------------------------------
■購入のお申し込みをされた方
チケット販売サイト「TAPIRS TICKET」内「チケット申込み履歴」よりご確認いただけます。
※ファンクラブページメニュー内「チケット」より、該当の受付バナーをクリックいただくとログインが可能です。
また、チケット受付サイト「
TAPIRS MEMBERS
」にご登録いただいたメールアドレス宛に『抽選結果のお知らせ』メールをお送りしております。
----------------------------------------------
■譲渡のお申し込みをされた方
当落結果確認期間内にマッチング用マイページ「申込み詳細」にて当落結果を必ずご確認ください。
マッチング用マイページは
こちら
譲渡希望登録サイトのログインパスワード
①会員番号(半角数字5桁)
②いのりまち発行の『「Inori Minase LIVE TOUR 2024 heart bookmark」マッチング専用パスワード』
(マッチング専用パスワードは、ファンクラブ登録のメールアドレス宛にメールにて8月9日(金)正午よりご案内しております。
メールが未着の方は、ファンクラブページ「まち役場」内、「お知らせメール一覧」にて控えをご確認ください)
※受付期間内に【譲渡希望登録】された方を対象に厳正なる抽選の上、譲渡成立の場合、ご返金させていただきます。
※譲渡成立となった時点でチケットは【購入希望者】のものとなります。譲渡成立後のキャンセルはできません。予めご了承ください。
※譲渡成立の場合、下記の手順に沿って返金の手続きを行ってください。
※譲渡不成立の場合、チケットは変わらず元のご購入者様のものとなりチケットを発券させていただきますので、チケット代金の返金もございません。予めご了承ください。
●譲渡成立時の返金方法
譲渡成立した場合のみ、公演終了後にマッチングシステム利用料を差し引いた金額をご返金させていただきます。
《返金手続き期間》
【B区分：愛知・福岡・北海道公演】：2024年11月上旬～2025年2月上旬まで
《返金方法》
返金手続き期間になりましたら、譲渡成立された方へ、譲渡希望登録時にご登録いただいたメールアドレス宛に返金手続き開始のメールが送信されます。
期限までにマッチング用マイページより返金手続きを行ってください。
返金手続きの流れは
こちら
をご確認ください。
※チケット購入時の各種手数料は返金の対象外となりますので、予めご了承ください。
※マッチングシステム利用料は、チケット1枚につき330円(税込)です。
※返金手続きは、GMOペイメントゲートウェイの返金システムを使用させていただきます。事前に「@gmo-pg.com」からのメールを受信できるように設定してください。
----------------------------------------------
【ご注意】
・チケットのお申し込み・当落結果確認・ご入金には、各期間において会員期限内である必要があります。
・公演終了後まで「TAPIRS MEMBERS」の会員登録は削除されないようお願いいたします。
・ファンクラブページ内では当落結果は確認できません。ご注意ください。
・いかなる理由におきましても、当選されたチケットのキャンセル・変更はできません。
・複数公演当選された場合、当選されたすべてのチケットをご購入いただきます。
・当選確定後、入金期間内にチケット代金の入金がない場合、当選は無効となりチケットのご用意は出来かねます。また、今後ファンクラブで取り扱うオリジナルグッズ・チケット等の購入をお断りいたします。
【お問い合わせ先】
●マッチングシステム【購入】チケット受付～発券に関するお問い合わせ先
チケットインフォメーション：
お問い合わせフォーム
●マッチングシステム【譲渡】登録方法・当落確認・返金方法に関するお問い合わせ先
チケットインフォメーション：
お問い合わせフォーム
※マッチングシステム【購入】【譲渡】お問い合わせの際は公演名欄に『水瀬いのりツアー2024』とご入力ください。
●ファンクラブ会員ページログイン・その他に関するお問い合わせ先
水瀬いのりオフィシャルファンクラブ「いのりまち」
MAIL：
contact@inorimachi.com
※お名前のないメールにはお返事いたしかねます。（会員の方は会員番号もご明記ください）
※メールでのお問い合わせは、返信までに最大1週間ほどお時間がかかります。
※お問い合せの前にファンクラブからのメールを受信できるよう、下記メールアドレスの受信設定をお願いいたします。
・contact@inorimachi.com
・mail@inorimachi.com"
https://www.inorimachi.com/fc_news/2024/0918150000.html,2024.09.18,「Inori Minase LIVE TOUR 2024 heart bookmark」広島公演電子チケット発券開始のご案内,"ファンクラブ会員チケット先行優先予約(2次受付含む)、並びにマッチングシステムにてチケットをご購入されました方へ、
「Inori Minase LIVE TOUR 2024 heart bookmark」広島公演電子チケットの発券を開始いたしました。
●チケット受け取り方法
電子チケット(MOALA Ticket)
●電子チケット（MOALA Ticket）の表示方法
①
チケット申込み履歴
にログインし、対象公演の注文番号をクリックいただき、申込み詳細画面に表示されるURLより電子チケットを表示してください。
②電子チケットを表示すると氏名登録画面が表示されますので、申込み者様の氏名を登録してください。
③チケットの分配機能をご利用いただく際には、分配するチケットを選択し、「分配」ボタンをタップ後、分配相手の氏名を入力してください。
※分配相手の氏名は、必ずしも本名やフルネームのご入力である必要はございませんが、ご入力いただいた氏名は分配相手のチケットに表示されます。
※ご自身分のチケットを他の方に分配することはできません。
その他ご不明点は「TAPIRS TICKET」内、
FAQ
をご確認ください。
※入場時にはチケットを表示して入場口でご提示いただきます。
会場周辺やお客様のご契約回線の通信状況等によってはチケットの表示に時間がかかる可能性がありますので、事前にチケットをブラウザ上に表示した状態でお越しいただくようお願いいたします。
スクリーンショットではご利用いただけませんのでご注意ください。
※ご入場時にも通信が必要となりますので、必ず通信ができるスマートフォン端末をご利用ください。
※開演直前はご入場口が混み合います。お時間に余裕を持ってご入場いただきますようご協力をお願いいたします。
※チケットの表示にはチケットサイトへのログインが必要になります。
ログインIDは発券開始メールが到着しているメールアドレス、パスワードはご自身で設定されたものになります。もし、当日会場にてログイン出来ない場合でも、パスワード再発行操作などはご自身でお手続きしていただくことになりますので、予めご確認くださいますようにお願いいたします。
※電子チケットで複数枚ご購入の方は、同時入場であれば購入者のスマートフォン端末のみで入場可能です。
また、同時入場が難しい場合は同行者のスマートフォンにチケットを分配して別々にご入場ください。
※電子チケット1(MOALA Ticket)のご利用推奨環境は、下記ページ内「チケットのお受け取り・当日の入場について」よりご確認ください。
https://ticket.re-tapirs.com/mp/inorimachi_tapirsticketinfo/
※電子チケットに表示される氏名と本人確認書類記載の氏名が異なる場合、ご入場をお断りする場合がございます。
必ずご確認くださいますようお願いいたします。
--------------
■TAPIRS TICKET
https://ticket.re-tapirs.com/
チケット申込み履歴
https://ticket.re-tapirs.com/mypage
FAQ（よくあるお問合せ）
https://ticket.re-tapirs.com/info/faq
--------------
【お問い合わせ先】
●チケット受付～発券に関するお問い合わせ先
チケットインフォメーション：
お問い合わせフォーム
※申し込み方法・当落確認・支払い方法・チケット発券に関するお問い合わせはこちらです。
※お問い合わせの際は公演名欄に『水瀬いのりツアー2024』とご入力ください。
●ファンクラブ会員ページログイン・その他に関するお問い合わせ先
水瀬いのりオフィシャルファンクラブ「いのりまち」
MAIL：
contact@inorimachi.com
※お名前のないメールにはお返事いたしかねます。（会員の方は会員番号もご明記ください）
※メールでのお問い合わせは、返信までに最大1週間ほどお時間がかかります。
※お問い合せの前にファンクラブからのメールを受信できるよう、下記メールアドレスの受信設定をお願いいたします。
・contact@inorimachi.com
・mail@inorimachi.com"
https://www.inorimachi.com/fc_news/2024/0926150000.html,2024.09.26,ファンクラブ会報「いのりまちだより」27号発送開始のお知らせ,"ファンクラブ会報「いのりまちだより」27号の発送を、9月26日(木)に開始いたしました！
10月10日(木)
になりましてもお手元に届かない場合は、
下記期間内にファンクラブまでお問い合わせください。
■未着問い合わせ期間
2024年10月10日(木)～10月24日(木)
※こちらの問い合わせ期間は9月9日(月)までにご入会・ご継続いただいた方を対象としております。
9月10日(火)以降にご入会・ご継続いただいた方は発送完了メール記載の未着問い合わせ期間をご確認ください。
■お問い合わせ先
MAIL：contact@inorimachi.com
件名：会報27号未着
本文：会員番号・氏名・住所・お問い合わせの詳細
※未着問い合わせ期間以降にご連絡をいただきましても対応いたしかねますのでご注意ください。
※9月末までにご入会いただいた方を対象に発送いたします。
※初回発送は、9月9日(月)までにご入会手続きを完了された方が対象です。
※9月10日(火)以降にご入会いただいた方へは、10月中旬より順次発送いたします。
※会報投稿は【9月26日(木)15:00】より「ポスト」にて受付中です。"
https://www.inorimachi.com/fc_news/2024/0927150000.html,2024.09.27,「Inori Minase LIVE TOUR 2024 heart bookmark」会員先行優先予約マッチングシステム【C区分：千葉公演】受付開始のご案内,"「Inori Minase LIVE TOUR 2024 heart bookmark」会員先行優先予約マッチングシステム【C区分：千葉公演】受付を開始いたしました。
>> 公演情報はこちら！
----------------------------
〈マッチングシステムとは〉
チケットをご購入いただいた後に、やむを得ない理由によりライブへの参加が不可能になってしまった場合のみ、チケットを定価で譲渡できるよう仲介するシステムです。
※譲渡希望と購入希望が合致した場合にのみ成立となります。
譲渡不成立の場合、チケットは変わらず元のご購入者様のものとなり、払い戻しはいたしかねますので、ご了承ください。
また、譲渡者を指定することはできません。
----------------------------
●申し込み詳細
【C区分：千葉公演】
《申込受付期間》
9月27日(金)15:00～10月1日(火)17:00
《当落発表》
10月9日(水)15:00予定
●申し込み対象
■譲渡希望
「Inori Minase LIVE TOUR 2024 heart bookmark」会員先行優先予約(2次受付含む)にて【千葉公演】のチケットを購入された方
※2枚でご購入の方が1枚のみ譲渡登録を行うことはできません。譲渡する場合は2枚まとめての譲渡登録となります。
■購入希望
申し込み受付期限までにご入会された会員期限内の方
(新規ご入会をご希望の方は下部の対象入金日をあわせてご確認ください)
※下記内容に該当する方は『水瀬いのりオフィシャルファンクラブ会員マッチングシステム』にてチケット購入はできませんので、予めご了承ください。
・同一公演のチケットが当選(購入)した方
・同一公演の譲渡希望を出した方
●申し込み方法
《受付ページ》
ファンクラブページメニュー内「チケット」より、該当の受付バナーをクリックの上、画面の案内に従ってお手続きください。
※ファンクラブ会員限定のチケット受付となりますため、「TAPIRS TICKET」内「受付一覧」には受付ページは表示されません。
※譲渡希望と購入希望でログイン情報が異なります。
■譲渡希望
譲渡希望時に必要なログインパスワード
①会員番号(半角数字5桁)
②いのりまち発行の『「Inori Minase LIVE TOUR 2024 heart bookmark」マッチング専用パスワード』
(マッチング専用パスワードは、ファンクラブ登録のメールアドレス宛にメールにて8月9日(金)正午よりご案内しております。
メールが未着の方は、ファンクラブページ「まち役場」内、「お知らせメール一覧」にて控えをご確認ください)
■購入希望
チケット販売サイト「TAPIRS TICKET」を利用した電子チケットによる受付です。
詳細は「
水瀬いのりオフィシャルファンクラブ『いのりまち』電子チケット利用案内
」をご確認ください。
【ご注意】
※「
TAPIRS MEMBERS
」への会員登録が必要となります。
※受付ページ記載の注意事項を必ずご確認ください。ご了承いただきました上でのお手続きとなります。
※必ず譲渡・購入ができるものではありませんので、予めご了承ください。
※受付開始・終了間際は、アクセスが集中し繋がりにくくなる場合もございます。時間に余裕をもってお手続きください。
※いかなる理由におきましても、申込受付期間終了後の申し込み・キャンセル・変更はできません。
ご不明な点のある方は、必ず申込受付期間内にファンクラブまでお問い合わせください。
※チケットの申し込み・当落結果確認・ご入金には、各期間において会員期限内である必要があります。
当ファンクラブでは、会員期限終了後、1ヶ月は猶予期間として継続手続きが可能です。
例）2024/9/30期限の方　→　2024/10/31まで継続としてお手続きいただけます。
●マッチングシステム利用料・支払い方法
■マッチングシステム利用料
チケット1枚につき、330円（税込）
■チケット代金支払い方法
クレジットカードのみ
※ご当選時に自動的に決済されます。
※ご登録情報の誤りや、利用限度額の不足など、何らかの理由により抽選時に決済不備となった場合は""落選""となります。申し込み受付期間終了までに、クレジットカードの有効期限、利用可能な金額を必ずお確かめください。
----------------------------
♪入会をご検討の方へ
チケットの申込受付期間終了までに、ファンクラブページより【クレジットカード決済・コンビニ／ペイジー支払】にてご入会(入金完了まで)いただきますとチケットのお申し込みが可能です！
>> ご入会はこちらから！
【ご注意】
※Loppi／ローソンチケット、郵便振込からのお手続きは期日が異なります。
下記期日を過ぎた場合、チケットはお申し込みいただけません。ご注意ください。
・Loppi／ローソンチケット、郵便振込：【C区分】9月22日(日)
※チケット申込受付期間をよくお確かめの上、時間に余裕を持ってお手続きください。
----------------------------
【お問い合わせ先】
●マッチングシステム【購入】チケット受付～発券に関するお問い合わせ先
チケットインフォメーション：
お問い合わせフォーム
●マッチングシステム【譲渡】登録方法・当落確認・返金方法に関するお問い合わせ先
チケットインフォメーション：
お問い合わせフォーム
※マッチングシステム【購入】【譲渡】お問い合わせの際は公演名欄に『水瀬いのりツアー2024』とご入力ください。
●ファンクラブ会員ページログイン・その他に関するお問い合わせ先
水瀬いのりオフィシャルファンクラブ「いのりまち」
MAIL：
contact@inorimachi.com
※お名前のないメールにはお返事いたしかねます。（会員の方は会員番号もご明記ください）
※メールでのお問い合わせは、返信までに最大1週間ほどお時間がかかります。
※お問い合せの前にファンクラブからのメールを受信できるよう、下記メールアドレスの受信設定をお願いいたします。
・contact@inorimachi.com
・mail@inorimachi.com"
https://www.inorimachi.com/fc_news/2024/1001150000.html,2024.10.01,まちの映画館「『heart bookmark』Fanclub off shot」更新！,"ファンクラブページ内
「まちの映画館」
を更新しました！
ハーフアルバム「heart bookmark」＆
「Inori Minase LIVE TOUR 2024 heart bookmark」グッズ撮影
inフランスでの撮影の様子をムービーでもご紹介！
まちの新聞とあわせてぜひご覧ください☆"
https://www.inorimachi.com/fc_news/2024/1002150000.html,2024.10.02,「Inori Minase LIVE TOUR 2024 heart bookmark」愛知公演電子チケット発券開始のご案内,"ファンクラブ会員チケット先行優先予約(2次受付含む)、並びにマッチングシステムにてチケットをご購入されました方へ、
「Inori Minase LIVE TOUR 2024 heart bookmark」愛知公演電子チケットの発券を開始いたしました。
●チケット受け取り方法
電子チケット(MOALA Ticket)
●電子チケット（MOALA Ticket）の表示方法
①
チケット申込み履歴
にログインし、対象公演の注文番号をクリックいただき、申込み詳細画面に表示されるURLより電子チケットを表示してください。
②電子チケットを表示すると氏名登録画面が表示されますので、申込み者様の氏名を登録してください。
③チケットの分配機能をご利用いただく際には、分配するチケットを選択し、「分配」ボタンをタップ後、分配相手の氏名を入力してください。
※分配相手の氏名は、必ずしも本名やフルネームのご入力である必要はございませんが、ご入力いただいた氏名は分配相手のチケットに表示されます。
※ご自身分のチケットを他の方に分配することはできません。
その他ご不明点は「TAPIRS TICKET」内、
FAQ
をご確認ください。
※入場時にはチケットを表示して入場口でご提示いただきます。
会場周辺やお客様のご契約回線の通信状況等によってはチケットの表示に時間がかかる可能性がありますので、事前にチケットをブラウザ上に表示した状態でお越しいただくようお願いいたします。
スクリーンショットではご利用いただけませんのでご注意ください。
※ご入場時にも通信が必要となりますので、必ず通信ができるスマートフォン端末をご利用ください。
※開演直前はご入場口が混み合います。お時間に余裕を持ってご入場いただきますようご協力をお願いいたします。
※チケットの表示にはチケットサイトへのログインが必要になります。
ログインIDは発券開始メールが到着しているメールアドレス、パスワードはご自身で設定されたものになります。もし、当日会場にてログイン出来ない場合でも、パスワード再発行操作などはご自身でお手続きしていただくことになりますので、予めご確認くださいますようにお願いいたします。
※電子チケットで複数枚ご購入の方は、同時入場であれば購入者のスマートフォン端末のみで入場可能です。
また、同時入場が難しい場合は同行者のスマートフォンにチケットを分配して別々にご入場ください。
※電子チケット1(MOALA Ticket)のご利用推奨環境は、下記ページ内「チケットのお受け取り・当日の入場について」よりご確認ください。
https://ticket.re-tapirs.com/mp/inorimachi_tapirsticketinfo/
※電子チケットに表示される氏名と本人確認書類記載の氏名が異なる場合、ご入場をお断りする場合がございます。
必ずご確認くださいますようお願いいたします。
--------------
■TAPIRS TICKET
https://ticket.re-tapirs.com/
チケット申込み履歴
https://ticket.re-tapirs.com/mypage
FAQ（よくあるお問合せ）
https://ticket.re-tapirs.com/info/faq
--------------
【お問い合わせ先】
●チケット受付～発券に関するお問い合わせ先
チケットインフォメーション：
お問い合わせフォーム
※申し込み方法・当落確認・支払い方法・チケット発券に関するお問い合わせはこちらです。
※お問い合わせの際は公演名欄に『水瀬いのりツアー2024』とご入力ください。
●ファンクラブ会員ページログイン・その他に関するお問い合わせ先
水瀬いのりオフィシャルファンクラブ「いのりまち」
MAIL：
contact@inorimachi.com
※お名前のないメールにはお返事いたしかねます。（会員の方は会員番号もご明記ください）
※メールでのお問い合わせは、返信までに最大1週間ほどお時間がかかります。
※お問い合せの前にファンクラブからのメールを受信できるよう、下記メールアドレスの受信設定をお願いいたします。
・contact@inorimachi.com
・mail@inorimachi.com"
https://www.inorimachi.com/fc_news/2024/1009150000.html,2024.10.09,「Inori Minase LIVE TOUR 2024 heart bookmark」福岡公演電子チケット発券開始のご案内,"ファンクラブ会員チケット先行優先予約(2次受付含む)、並びにマッチングシステムにてチケットをご購入されました方へ、
「Inori Minase LIVE TOUR 2024 heart bookmark」福岡公演電子チケットの発券を開始いたしました。
●チケット受け取り方法
電子チケット(MOALA Ticket)
●電子チケット（MOALA Ticket）の表示方法
①
チケット申込み履歴
にログインし、対象公演の注文番号をクリックいただき、申込み詳細画面に表示されるURLより電子チケットを表示してください。
②電子チケットを表示すると氏名登録画面が表示されますので、申込み者様の氏名を登録してください。
③チケットの分配機能をご利用いただく際には、分配するチケットを選択し、「分配」ボタンをタップ後、分配相手の氏名を入力してください。
※分配相手の氏名は、必ずしも本名やフルネームのご入力である必要はございませんが、ご入力いただいた氏名は分配相手のチケットに表示されます。
※ご自身分のチケットを他の方に分配することはできません。
その他ご不明点は「TAPIRS TICKET」内、
FAQ
をご確認ください。
※入場時にはチケットを表示して入場口でご提示いただきます。
会場周辺やお客様のご契約回線の通信状況等によってはチケットの表示に時間がかかる可能性がありますので、事前にチケットをブラウザ上に表示した状態でお越しいただくようお願いいたします。
スクリーンショットではご利用いただけませんのでご注意ください。
※ご入場時にも通信が必要となりますので、必ず通信ができるスマートフォン端末をご利用ください。
※開演直前はご入場口が混み合います。お時間に余裕を持ってご入場いただきますようご協力をお願いいたします。
※チケットの表示にはチケットサイトへのログインが必要になります。
ログインIDは発券開始メールが到着しているメールアドレス、パスワードはご自身で設定されたものになります。もし、当日会場にてログイン出来ない場合でも、パスワード再発行操作などはご自身でお手続きしていただくことになりますので、予めご確認くださいますようにお願いいたします。
※電子チケットで複数枚ご購入の方は、同時入場であれば購入者のスマートフォン端末のみで入場可能です。
また、同時入場が難しい場合は同行者のスマートフォンにチケットを分配して別々にご入場ください。
※電子チケット1(MOALA Ticket)のご利用推奨環境は、下記ページ内「チケットのお受け取り・当日の入場について」よりご確認ください。
https://ticket.re-tapirs.com/mp/inorimachi_tapirsticketinfo/
※電子チケットに表示される氏名と本人確認書類記載の氏名が異なる場合、ご入場をお断りする場合がございます。
必ずご確認くださいますようお願いいたします。
--------------
■TAPIRS TICKET
https://ticket.re-tapirs.com/
チケット申込み履歴
https://ticket.re-tapirs.com/mypage
FAQ（よくあるお問合せ）
https://ticket.re-tapirs.com/info/faq
--------------
【お問い合わせ先】
●チケット受付～発券に関するお問い合わせ先
チケットインフォメーション：
お問い合わせフォーム
※申し込み方法・当落確認・支払い方法・チケット発券に関するお問い合わせはこちらです。
※お問い合わせの際は公演名欄に『水瀬いのりツアー2024』とご入力ください。
●ファンクラブ会員ページログイン・その他に関するお問い合わせ先
水瀬いのりオフィシャルファンクラブ「いのりまち」
MAIL：
contact@inorimachi.com
※お名前のないメールにはお返事いたしかねます。（会員の方は会員番号もご明記ください）
※メールでのお問い合わせは、返信までに最大1週間ほどお時間がかかります。
※お問い合せの前にファンクラブからのメールを受信できるよう、下記メールアドレスの受信設定をお願いいたします。
・contact@inorimachi.com
・mail@inorimachi.com"
https://www.inorimachi.com/fc_news/2024/1009150001.html,2024.10.09,「Inori Minase LIVE TOUR 2024 heart bookmark」会員先行優先予約マッチングシステム【C区分：千葉公演】当落結果のご案内,"「Inori Minase LIVE TOUR 2024 heart bookmark」会員先行優先予約マッチングシステム【C区分：千葉公演】にお申し込みいただきました方へ、当落結果のご案内を開始いたしました。
《当落発表》
10月9日(水)15:00
●当落結果について
----------------------------------------------
■購入のお申し込みをされた方
チケット販売サイト「TAPIRS TICKET」内「チケット申込み履歴」よりご確認いただけます。
※ファンクラブページメニュー内「チケット」より、該当の受付バナーをクリックいただくとログインが可能です。
また、チケット受付サイト「
TAPIRS MEMBERS
」にご登録いただいたメールアドレス宛に『抽選結果のお知らせ』メールをお送りしております。
----------------------------------------------
■譲渡のお申し込みをされた方
当落結果確認期間内にマッチング用マイページ「申込み詳細」にて当落結果を必ずご確認ください。
マッチング用マイページは
こちら
譲渡希望登録サイトのログインパスワード
①会員番号(半角数字5桁)
②いのりまち発行の『「Inori Minase LIVE TOUR 2024 heart bookmark」マッチング専用パスワード』
(マッチング専用パスワードは、ファンクラブ登録のメールアドレス宛にメールにて8月9日(金)正午よりご案内しております。
メールが未着の方は、ファンクラブページ「まち役場」内、「お知らせメール一覧」にて控えをご確認ください)
※受付期間内に【譲渡希望登録】された方を対象に厳正なる抽選の上、譲渡成立の場合、ご返金させていただきます。
※譲渡成立となった時点でチケットは【購入希望者】のものとなります。譲渡成立後のキャンセルはできません。予めご了承ください。
※譲渡成立の場合、下記の手順に沿って返金の手続きを行ってください。
※譲渡不成立の場合、チケットは変わらず元のご購入者様のものとなりチケットを発券させていただきますので、チケット代金の返金もございません。予めご了承ください。
●譲渡成立時の返金方法
譲渡成立した場合のみ、公演終了後にマッチングシステム利用料を差し引いた金額をご返金させていただきます。
《返金手続き期間》
【C区分：千葉公演】：2024年11月下旬～2025年2月下旬まで
《返金方法》
返金手続き期間になりましたら、譲渡成立された方へ、譲渡希望登録時にご登録いただいたメールアドレス宛に返金手続き開始のメールが送信されます。
期限までにマッチング用マイページより返金手続きを行ってください。
返金手続きの流れは
こちら
をご確認ください。
※チケット購入時の各種手数料は返金の対象外となりますので、予めご了承ください。
※マッチングシステム利用料は、チケット1枚につき330円(税込)です。
※返金手続きは、GMOペイメントゲートウェイの返金システムを使用させていただきます。事前に「@gmo-pg.com」からのメールを受信できるように設定してください。
----------------------------------------------
【ご注意】
・チケットのお申し込み・当落結果確認・ご入金には、各期間において会員期限内である必要があります。
・公演終了後まで「TAPIRS MEMBERS」の会員登録は削除されないようお願いいたします。
・ファンクラブページ内では当落結果は確認できません。ご注意ください。
・いかなる理由におきましても、当選されたチケットのキャンセル・変更はできません。
・複数公演当選された場合、当選されたすべてのチケットをご購入いただきます。
・当選確定後、入金期間内にチケット代金の入金がない場合、当選は無効となりチケットのご用意は出来かねます。また、今後ファンクラブで取り扱うオリジナルグッズ・チケット等の購入をお断りいたします。
【お問い合わせ先】
●マッチングシステム【購入】チケット受付～発券に関するお問い合わせ先
チケットインフォメーション：
お問い合わせフォーム
●マッチングシステム【譲渡】登録方法・当落確認・返金方法に関するお問い合わせ先
チケットインフォメーション：
お問い合わせフォーム
※マッチングシステム【購入】【譲渡】お問い合わせの際は公演名欄に『水瀬いのりツアー2024』とご入力ください。
●ファンクラブ会員ページログイン・その他に関するお問い合わせ先
水瀬いのりオフィシャルファンクラブ「いのりまち」
MAIL：
contact@inorimachi.com
※お名前のないメールにはお返事いたしかねます。（会員の方は会員番号もご明記ください）
※メールでのお問い合わせは、返信までに最大1週間ほどお時間がかかります。
※お問い合せの前にファンクラブからのメールを受信できるよう、下記メールアドレスの受信設定をお願いいたします。
・contact@inorimachi.com
・mail@inorimachi.com"
https://www.inorimachi.com/fc_news/2024/1016150000.html,2024.10.16,「Inori Minase LIVE TOUR 2024 heart bookmark」北海道公演電子チケット発券開始のご案内,"ファンクラブ会員チケット先行優先予約(2次受付含む)、並びにマッチングシステムにてチケットをご購入されました方へ、
「Inori Minase LIVE TOUR 2024 heart bookmark」北海道公演電子チケットの発券を開始いたしました。
●チケット受け取り方法
電子チケット(MOALA Ticket)
●電子チケット（MOALA Ticket）の表示方法
①
チケット申込み履歴
にログインし、対象公演の注文番号をクリックいただき、申込み詳細画面に表示されるURLより電子チケットを表示してください。
②電子チケットを表示すると氏名登録画面が表示されますので、申込み者様の氏名を登録してください。
③チケットの分配機能をご利用いただく際には、分配するチケットを選択し、「分配」ボタンをタップ後、分配相手の氏名を入力してください。
※分配相手の氏名は、必ずしも本名やフルネームのご入力である必要はございませんが、ご入力いただいた氏名は分配相手のチケットに表示されます。
※ご自身分のチケットを他の方に分配することはできません。
その他ご不明点は「TAPIRS TICKET」内、
FAQ
をご確認ください。
※入場時にはチケットを表示して入場口でご提示いただきます。
会場周辺やお客様のご契約回線の通信状況等によってはチケットの表示に時間がかかる可能性がありますので、事前にチケットをブラウザ上に表示した状態でお越しいただくようお願いいたします。
スクリーンショットではご利用いただけませんのでご注意ください。
※ご入場時にも通信が必要となりますので、必ず通信ができるスマートフォン端末をご利用ください。
※開演直前はご入場口が混み合います。お時間に余裕を持ってご入場いただきますようご協力をお願いいたします。
※チケットの表示にはチケットサイトへのログインが必要になります。
ログインIDは発券開始メールが到着しているメールアドレス、パスワードはご自身で設定されたものになります。もし、当日会場にてログイン出来ない場合でも、パスワード再発行操作などはご自身でお手続きしていただくことになりますので、予めご確認くださいますようにお願いいたします。
※電子チケットで複数枚ご購入の方は、同時入場であれば購入者のスマートフォン端末のみで入場可能です。
また、同時入場が難しい場合は同行者のスマートフォンにチケットを分配して別々にご入場ください。
※電子チケット1(MOALA Ticket)のご利用推奨環境は、下記ページ内「チケットのお受け取り・当日の入場について」よりご確認ください。
https://ticket.re-tapirs.com/mp/inorimachi_tapirsticketinfo/
※電子チケットに表示される氏名と本人確認書類記載の氏名が異なる場合、ご入場をお断りする場合がございます。
必ずご確認くださいますようお願いいたします。
--------------
■TAPIRS TICKET
https://ticket.re-tapirs.com/
チケット申込み履歴
https://ticket.re-tapirs.com/mypage
FAQ（よくあるお問合せ）
https://ticket.re-tapirs.com/info/faq
--------------
【お問い合わせ先】
●チケット受付～発券に関するお問い合わせ先
チケットインフォメーション：
お問い合わせフォーム
※申し込み方法・当落確認・支払い方法・チケット発券に関するお問い合わせはこちらです。
※お問い合わせの際は公演名欄に『水瀬いのりツアー2024』とご入力ください。
●ファンクラブ会員ページログイン・その他に関するお問い合わせ先
水瀬いのりオフィシャルファンクラブ「いのりまち」
MAIL：
contact@inorimachi.com
※お名前のないメールにはお返事いたしかねます。（会員の方は会員番号もご明記ください）
※メールでのお問い合わせは、返信までに最大1週間ほどお時間がかかります。
※お問い合せの前にファンクラブからのメールを受信できるよう、下記メールアドレスの受信設定をお願いいたします。
・contact@inorimachi.com
・mail@inorimachi.com"
https://www.inorimachi.com/fc_news/2024/1018150000.html,2024.10.18,まちの新聞「『いのりまちだより』27号 出張版」更新！,"ファンクラブページ内
「まちの新聞」
で
『いのりまちだより』27号「まちのひろば出張版」＆「町長からの挑戦状！出張版」
を公開しました！
みなさんからいただいたおたよりをご紹介！
ぜひチェックしてみてください♪"
https://www.inorimachi.com/fc_news/2024/1030150000.html,2024.10.30,「Inori Minase LIVE TOUR 2024 heart bookmark」千葉公演電子チケット発券開始のご案内,"ファンクラブ会員チケット先行優先予約(2次受付含む)、並びにマッチングシステムにてチケットをご購入されました方へ、
「Inori Minase LIVE TOUR 2024 heart bookmark」千葉公演電子チケットの発券を開始いたしました。
●チケット受け取り方法
電子チケット(MOALA Ticket)
●電子チケット（MOALA Ticket）の表示方法
①
チケット申込み履歴
にログインし、対象公演の注文番号をクリックいただき、申込み詳細画面に表示されるURLより電子チケットを表示してください。
②電子チケットを表示すると氏名登録画面が表示されますので、申込み者様の氏名を登録してください。
③チケットの分配機能をご利用いただく際には、分配するチケットを選択し、「分配」ボタンをタップ後、分配相手の氏名を入力してください。
※分配相手の氏名は、必ずしも本名やフルネームのご入力である必要はございませんが、ご入力いただいた氏名は分配相手のチケットに表示されます。
※ご自身分のチケットを他の方に分配することはできません。
その他ご不明点は「TAPIRS TICKET」内、
FAQ
をご確認ください。
※入場時にはチケットを表示して入場口でご提示いただきます。
会場周辺やお客様のご契約回線の通信状況等によってはチケットの表示に時間がかかる可能性がありますので、事前にチケットをブラウザ上に表示した状態でお越しいただくようお願いいたします。
スクリーンショットではご利用いただけませんのでご注意ください。
※ご入場時にも通信が必要となりますので、必ず通信ができるスマートフォン端末をご利用ください。
※開演直前はご入場口が混み合います。お時間に余裕を持ってご入場いただきますようご協力をお願いいたします。
※チケットの表示にはチケットサイトへのログインが必要になります。
ログインIDは発券開始メールが到着しているメールアドレス、パスワードはご自身で設定されたものになります。もし、当日会場にてログイン出来ない場合でも、パスワード再発行操作などはご自身でお手続きしていただくことになりますので、予めご確認くださいますようにお願いいたします。
※電子チケットで複数枚ご購入の方は、同時入場であれば購入者のスマートフォン端末のみで入場可能です。
また、同時入場が難しい場合は同行者のスマートフォンにチケットを分配して別々にご入場ください。
※電子チケット1(MOALA Ticket)のご利用推奨環境は、下記ページ内「チケットのお受け取り・当日の入場について」よりご確認ください。
https://ticket.re-tapirs.com/mp/inorimachi_tapirsticketinfo/
※電子チケットに表示される氏名と本人確認書類記載の氏名が異なる場合、ご入場をお断りする場合がございます。
必ずご確認くださいますようお願いいたします。
--------------
■TAPIRS TICKET
https://ticket.re-tapirs.com/
チケット申込み履歴
https://ticket.re-tapirs.com/mypage
FAQ（よくあるお問合せ）
https://ticket.re-tapirs.com/info/faq
--------------
【お問い合わせ先】
●チケット受付～発券に関するお問い合わせ先
チケットインフォメーション：
お問い合わせフォーム
※申し込み方法・当落確認・支払い方法・チケット発券に関するお問い合わせはこちらです。
※お問い合わせの際は公演名欄に『水瀬いのりツアー2024』とご入力ください。
●ファンクラブ会員ページログイン・その他に関するお問い合わせ先
水瀬いのりオフィシャルファンクラブ「いのりまち」
MAIL：
contact@inorimachi.com
※お名前のないメールにはお返事いたしかねます。（会員の方は会員番号もご明記ください）
※メールでのお問い合わせは、返信までに最大1週間ほどお時間がかかります。
※お問い合せの前にファンクラブからのメールを受信できるよう、下記メールアドレスの受信設定をお願いいたします。
・contact@inorimachi.com
・mail@inorimachi.com"
https://www.inorimachi.com/fc_news/2024/1114150000.html,2024.11.14,まちの映画館「『heart bookmark』Fanclub off shot vol.2」更新！,"ファンクラブページ内
「まちの映画館」
を更新しました！
ハーフアルバム「heart bookmark」＆
「Inori Minase LIVE TOUR 2024 heart bookmark」グッズ撮影
inフランスでの撮影後編の様子をムービーでご紹介！
まちの新聞とあわせてぜひご覧ください☆"
https://www.inorimachi.com/fc_news/2024/1125150000.html,2024.11.25,"「まちの映画館～町内""生""放送～」放送決定！　※12/2更新","「まちの映画館～町内""生""放送～」の次回放送が決定しました！
次回は、町長のお誕生日当日に実施！
町民のみなさんで一緒に町長をお祝いしましょう♪♪
さらに、『Inori Minase LIVE TOUR 2024 heart bookmark』11月3日(日) LaLa arena TOKYO-BAY公演、
アーカイブ配信の一部同時視聴会決定！
町長とライブの想い出を振り返っていきましょう☆
＞＞いのりまち限定特典付きチケット購入はこちら！
【まちの映画館～町内""生""放送～】
日時：2024年12月2日(月) 21:00頃
※オンライン生配信です。
※配信時間は変更になる可能性がございます。また、前後する可能性もございますのでご了承ください。
※本放送のアーカイブ期間は12月16日(月)23:59までを予定しております。
※ライブのアーカイブ配信の映像は「まちの映画館」内での表示はございません。必要な場合には複数の端末、画面のご用意をお願いいたします。
※チケットの購入には、チケットぴあの会員登録(無料)が必要です。
そのほか、チケット購入に関する詳細は「
まちの回覧板
」をご確認ください。
●視聴方法
ファンクラブページ内
「まちの映画館」
よりご覧いただけます。
●注意事項
・動画配信・視聴にはタイムラグが生じる場合がございます。
・途中から視聴した場合はその時点からのライブ配信となり、時間を戻しての再生はできませんのでご了承ください。
・コメントがうまく送信されない場合がございます。その際はご視聴するブラウザやデバイスを変更してお試しください。
・ご視聴に関わるインターネット通信費用はお客様のご負担となります。
・動画配信となりデータ通信量が多くなることが想定されるため、安定したインターネット環境(Wi-Fi等)のご利用を推奨いたします。
・配信には機材・回線等、最善の準備を行い実施しますが、生配信である特性上、不慮の一時中断や乱れなどが起こる可能性がある点、ご了承ください。
・お客様のインターネット環境に伴う閲覧の不具合に関しては対応は一切できかねます。
・本配信は配信プラットフォーム「Vimeo」を使用します。ご視聴の推奨環境は
こちら
よりご確認ください。
・日本国外からご視聴の際は、
「Vimeo」の視聴対応地域
にご注意ください。
・本配信の撮影、録音及び録画は一切禁止させていただきます。
また、無断転載、複製、加工、再配布する行為もご遠慮ください(ウェブサイト・SNSを含む)。"
https://www.inorimachi.com/fc_news/2024/1128150000.html,2024.11.28,まちの新聞「『Inori Minase LIVE TOUR 2024 heart bookmark』リハーサルレポート」更新！,"ファンクラブページ内
「まちの新聞」
で
「『Inori Minase LIVE TOUR 2024 heart bookmark』リハーサルレポート」
を公開しました！
11月29日(金)19:00開演予定の
「『Inori Minase LIVE TOUR 2024 heart bookmark』
11月3日(日) LaLa arena TOKYO-BAY公演 オンライン配信」に向けてぜひご覧ください！
オンライン配信の詳細は
こちら
！
☆《ファンクラブ限定》特典付きチケットも発売中！"
https://www.inorimachi.com/fc_news/2024/1202220000.html,2024.12.02,「いのりまち町民集会2025」会場・日程決定！,"「いのりまち町民集会2025」の会場・日程が決定しました！
2025年も、3都市を巡って開催します♪
「いのりまち町民集会2025」
会場：【埼玉】ソニックシティ 大ホール
日程：2025年7月6日(日)
会場：【大阪】箕面市立文化芸能劇場
日程：2025年7月12日(土)
会場：【宮城】仙台サンプラザホール
日程：2025年7月20日(日)
その他詳細は決まり次第ファンクラブページ『まちの回覧板』にてご案内いたします！"
https://www.inorimachi.com/fc_news/2024/1220150000.html,2024.12.20,いのりまち 冬季休業のお知らせ,"冬季休業に伴い、下記期間のメール対応、並びに宅配便の受け取りを休業させていただきます。
■2024年12月30日(月)～2025年1月3日(金)
期間中にいただきましたお問い合わせにつきましては、
2025年1月6日(月)より順次お返事いたします。
ご利用の皆様にはご不便をおかけいたしますが、
ご理解、ご協力の程、何卒よろしくお願い申し上げます。"
https://www.inorimachi.com/fc_news/2024/1220150001.html,2024.12.20,まちの新聞「2025年カレンダー撮影～表紙編～」更新！,"ファンクラブページ内
「まちの新聞」
で
「2025年カレンダー撮影～表紙編～」
を公開しました！
水瀬いのり「カレンダー2025」撮影当日の様子をレポート！
カレンダーと合わせて季節ごとの更新を予定しています。
ぜひチェックしてみてください♪"
https://www.inorimachi.com/fc_news/2024/1220150002.html,2024.12.20,"「まちの映画館～町内""生""放送～」放送決定！　※1/7更新","「まちの映画館～町内""生""放送～」の次回放送が決定しました！
次回は新春の開催！！
新しい年を、町長と一緒に迎えませんか♪
2025年も町長と楽しくまちづくりをしていきましょう！
【まちの映画館～町内""生""放送～】
日時：2025年1月7日(火) 20:00頃
※オンライン生配信です。
※配信時間は変更になる可能性がございます。また、前後する可能性もございますのでご了承ください。
※アーカイブは1月19日(日)23:59までを予定しております。
●視聴方法
ファンクラブページ内
「まちの映画館」
よりご覧いただけます。
●注意事項
・動画配信・視聴にはタイムラグが生じる場合がございます。
・途中から視聴した場合はその時点からのライブ配信となり、時間を戻しての再生はできませんのでご了承ください。
・コメントがうまく送信されない場合がございます。その際はご視聴するブラウザやデバイスを変更してお試しください。
・ご視聴に関わるインターネット通信費用はお客様のご負担となります。
・動画配信となりデータ通信量が多くなることが想定されるため、安定したインターネット環境(Wi-Fi等)のご利用を推奨いたします。
・配信には機材・回線等、最善の準備を行い実施しますが、生配信である特性上、不慮の一時中断や乱れなどが起こる可能性がある点、ご了承ください。
・お客様のインターネット環境に伴う閲覧の不具合に関しては対応は一切できかねます。
・本配信は配信プラットフォーム「Vimeo」を使用します。ご視聴の推奨環境は
こちら
よりご確認ください。
・日本国外からご視聴の際は、
「Vimeo」の視聴対応地域
にご注意ください。
・本配信の撮影、録音及び録画は一切禁止させていただきます。
また、無断転載、複製、加工、再配布する行為もご遠慮ください(ウェブサイト・SNSを含む)。"
https://www.inorimachi.com/fc_news/2024/1225170000.html,2024.12.25,ファンクラブ会報「いのりまちだより」投稿受付開始！,"ファンクラブ会報「いのりまちだより」29号の投稿受付を開始いたしました！
町長へのメッセージやライブ、アニメ、イベント、会報の感想、イラストやコーナーへの投稿などなど、みなさんのおたよりをお送りください♪
【ファンクラブページからの投稿】
ファンクラブページログイン後、「ポスト」からご投稿ください。
投稿締切：2025年2月6日(木)18:00
【郵便での投稿】
〒160-0023
東京都新宿区西新宿1-19-6 山手新宿ビル11F
水瀬いのりオフィシャルファンクラブ「いのりまち」○○○(各コーナー名)係
投稿締切：2025年2月6日(木)必着
たくさんの投稿、お待ちしております♪"
https://www.inorimachi.com/fc_news/2024/1227150000.html,2024.12.27,まちの新聞「ゆくまちくるまち 2024」更新！,"ファンクラブページ内
「まちの新聞」
で
「ゆくまちくるまち 2024」
を公開しました！
2024年のいのりまちのできごとを振り返ってみました！
今年も大変お世話になりました。よいお年をお迎えください♪"
https://www.inorimachi.com/fc_news/2025/0101120000.html,2025.01.01,年賀状発送のお知らせ,"年賀状を発送いたしました！
1月15日(水)
になりましてもお手元に届かない場合は、
下記期間内にファンクラブまでお問い合わせください。
■未着問い合わせ期間
1月15日(水)～1月29日(水)
■お問い合わせ先
MAIL：contact@inorimachi.com
件名：年賀状未着
本文：会員番号・氏名・住所・お問い合わせの詳細
※未着問い合わせ期間以降にご連絡をいただきましても対応いたしかねますのでご注意ください。
※1月31日(金)までにご入会いただいた方を対象に発送いたします。
※初回発送は、12月19日(木)の時点で2025年1月31日以降の会員期限をお持ちの方が対象です。
※12月20日(金)以降にご入会・ご継続いただいた方へは順次発送いたします。"
https://www.inorimachi.com/fc_news/2025/0101120001.html,2025.01.01,ファンクラブページ更新！,"「いのりまち」ファンクラブページを更新いたしました！
●TOP画像更新！
2025年は巳年ということで、ミステリアスなへびつかいに変身☆
ぜひ
ログイン
してみてくださいね！
●まちの映画館「新年のごあいさつ from町長」更新！
ファンクラブページ内
「まちの映画館」
を更新しました！
町長から町民さんへ新年のごあいさつです♪
●「まちうけ」画像更新！
ファンクラブページ
「まちうけ」
の画像を更新しました♪
期間限定での配信です！
町民さんはダウンロードをお忘れなく！
※画像の無断転載、複製、加工、または再配布する行為はご遠慮ください(ウェブサイト・SNSを含む)。"
https://www.inorimachi.com/fc_news/2025/0110150000.html,2025.01.10,まちの新聞「『いのりまちだより』28号 出張版」更新！,"ファンクラブページ内
「まちの新聞」
で
『いのりまちだより』28号「まちのひろば＆みんなのお家のくらりちゃん出張版」、「町長からの挑戦状！出張版」
を公開しました！
みなさんからいただいたおたよりをご紹介！
ぜひチェックしてみてください♪"
https://www.inorimachi.com/fc_news/2025/0123150000.html,2025.01.23,まちの新聞「『いのりまち年賀状2025』撮影レポート編」更新！,"ファンクラブページ内
「まちの新聞」
で
「『いのりまち年賀状2025』撮影レポート編」
を公開しました！
巳年仕様のファンクラブページTOPとあわせてお楽しみください♪
「まちうけ」画像などは期間限定での配信となりますので町民さんはダウンロードをお忘れなく！"
https://www.inorimachi.com/fc_news/2025/0129150000.html,2025.01.29,アーティストデビュー10周年記念☆いのりまち企画始動！,"アーティストデビュー10周年を記念して、いのりまちにて以下企画を実施いたします！
町長のアニバーサリーイヤーを一緒に楽しみましょう♪♪
【実施企画】
その１☆新規入会＆既会員応募者プレゼントキャンペーン！
その２☆ファンクラブページ新コンテンツ追加！
【詳細】
----------------------------
☆その１☆新規入会＆既会員応募者プレゼントキャンペーン！
対象期間内に新規入会された方、また既会員の方でご応募いただいた方の中から、
毎月10名、計100名の方に「直筆サイン入りのファンクラブオリジナルブロマイド」をプレゼントいたします！
《対象者》
○新規入会の方：
2025年2月1日～2025年11月30日までに
ご入会
いただいた方(入金完了まで)
○既会員の方：
ファンクラブページログイン後「アンケート(またはポスト)」よりご応募いただいた方
※各受付期間は「まちの回覧板」をご確認ください。
《特典》
直筆サイン入りのファンクラブオリジナルブロマイド
※特典は入会特典とは別送とさせていただきます。
※写真の絵柄並びに当選者の発表は、プレゼントの発送をもってかえさせていただきます。
----------------------------
☆その２☆ファンクラブページ新コンテンツ追加！
ファンクラブページにて、新コンテンツが追加！
『まちの写真館』
町長の写真をアップしていくページです♪
会報「いのりまちだより」や「まちの新聞」でお届けしたものとはまた違う町長の姿が見られちゃうかも!?
さらに！
『過去ライブ音源 デジタルリリース』と連動し、
ライブ全8タイトルに関連した写真を配信期間の8月まで毎月アップ予定☆
本日早速「Inori Minase 1st LIVE Ready Steady Go!」ライブのアザーカットをあげていますので、ぜひご覧ください♪
もちろん、その他の写真もアップしていく予定ですのでぜひお楽しみに！
----------------------------"
https://www.inorimachi.com/fc_news/2025/0205150000.html,2025.02.05,まちの新聞「2025年カレンダー撮影～1月＆2月編～」更新！,"ファンクラブページ内
「まちの新聞」
で
「2025年カレンダー撮影～1月＆2月編～」
を公開しました！撮影当日の様子をレポート！ぜひチェックしてみてください♪"
https://www.inorimachi.com/fc_news/2025/0214150000.html,2025.02.14,ファンクラブページメンテナンスのお知らせ,"以下の日程で「いのりまち」ファンクラブページ内システムメンテナンスを実施いたします。
期間中は一部閲覧できないページがございますので、ご注意ください。
■メンテナンス期間
2024年2月17日(月)10:00～12:00予定
ご不便をお掛けいたしますが、何卒ご理解いただきますようお願い申し上げます。"
https://www.inorimachi.com/fc_news/2025/0218150000.html,2025.02.18,まちの写真館「Inori Minase LIVE TOUR 2018 BLUE COMPASS」更新！,"ファンクラブページ内
「まちの写真館」
で
「Inori Minase LIVE TOUR 2018 BLUE COMPASS」ライブ写真
を公開しました！
LIVE ALBUM「Inori Minase LIVE TOUR 2018 BLUE COMPASS」
とあわせて、ぜひチェックしてみてください♪"
https://www.inorimachi.com/fc_news/2025/0218150001.html,2025.02.18,"「まちの映画館～町内""生""放送～」放送決定！　※2/26更新","「まちの映画館～町内""生""放送～」の次回放送が決定しました！
【まちの映画館～町内""生""放送～】
日時：2025年2月26日(水) 18:00すぎ頃
※オンライン生配信です。
※配信時間は変更になる可能性がございます。また、前後する可能性もございますのでご了承ください。
※アーカイブは3月11日(火)23:59までを予定しております。
●視聴方法
ファンクラブページ内
「まちの映画館」
よりご覧いただけます。
●注意事項
・動画配信・視聴にはタイムラグが生じる場合がございます。
・途中から視聴した場合はその時点からのライブ配信となり、時間を戻しての再生はできませんのでご了承ください。
・コメントがうまく送信されない場合がございます。その際はご視聴するブラウザやデバイスを変更してお試しください。
・同じ内容のコメントを続けて投稿するのはお控えください。
・ご視聴に関わるインターネット通信費用はお客様のご負担となります。
・動画配信となりデータ通信量が多くなることが想定されるため、安定したインターネット環境(Wi-Fi等)のご利用を推奨いたします。
・配信には機材・回線等、最善の準備を行い実施しますが、生配信である特性上、不慮の一時中断や乱れなどが起こる可能性がある点、ご了承ください。
・お客様のインターネット環境に伴う閲覧の不具合に関しては対応は一切できかねます。
・本配信は配信プラットフォーム「Vimeo」を使用します。ご視聴の推奨環境は
こちら
よりご確認ください。
・日本国外からご視聴の際は、
「Vimeo」の視聴対応地域
にご注意ください。
・本配信の撮影、録音及び録画は一切禁止させていただきます。
また、無断転載、複製、加工、再配布する行為もご遠慮ください(ウェブサイト・SNSを含む)。"
https://www.inorimachi.com/fc_news/2025/0225150000.html,2025.02.25,まちの新聞「『Inori Minase LIVE TOUR 2024 heart bookmark』公演ダイジェスト編」更新！　※2/27更新,"ファンクラブページ内
「まちの新聞」
で
「『Inori Minase LIVE TOUR 2024 heart bookmark』公演ダイジェスト編」
を公開しました！
----------
※2月26日 その3～4 更新しました！
※2月27日 その5～6 更新しました！
----------
ぜひご覧ください☆"
https://www.inorimachi.com/fc_news/2025/0225150001.html,2025.02.25,ファンクラブ会報「いのりまちだより」29号発行決定！,"ファンクラブ会報
「いのりまちだより」29号
の発行が決定しました！
29号の発送は3月下旬を予定しております。
今回は『Inori Minase LIVE TOUR 2024 heart bookmark』特集第2弾！
千葉公演2DAYSの模様から、映像撮影の様子をお届けします☆
その他、イベントレポート、町民さんと町長の交流コーナーなど、
ここでしか見られない情報が満載の会報です♪
住所変更を希望される方は
【3月10日(月)12:00まで】
に
ファンクラブページログイン後、「まち役場」よりお手続きください。
住所変更がない方も、今一度ご登録内容のご確認をお願いいたします。
----------
●「Inori Minase LIVE TOUR 2024 heart bookmark」いのりまち限定特典付き配信チケットをご購入の方へ
特典の同封を予定しております。
----------
●2025年1月1日(水)～3月9日(日)までにご継続された方へ
継続特典の同封を予定しております。
※3月10日(月)以降にご継続手続きをされた方への継続特典のお届けは、
次回会報誌と同封しての発送を予定しており、最大で3ヶ月ほどお時間をいただく場合がございます。
----------
※会報29号は、3月31日(月)までにご入会(入金完了まで)くださった方にお送りします。
※変更手続きがなく発送物未着のお問い合わせをいただいた場合、対応をいたしかねます。
※発送完了後は、まちの回覧板にてお知らせします。"
https://www.inorimachi.com/fc_news/2025/0305150000.html,2025.03.05,まちの新聞「LIVE Blu-ray『Inori Minase LIVE TOUR heart bookmark』ジャケット撮影編」更新！,"ファンクラブページ内
「まちの新聞」
で
「LIVE Blu-ray『Inori Minase LIVE TOUR heart bookmark』ジャケット撮影編」
を公開しました！
しおり町長がとってもかわいい撮影の様子を、ぜひご覧ください！"
https://www.inorimachi.com/fc_news/2025/0310150000.html,2025.03.10,「いのりまち町民集会2025」チケット申し込み受付開始のご案内,"「いのりまち町民集会2025 -ACOUSTIC LIVE シネマチックダイアリー-」チケットの申し込み受付を開始いたしました！
>> 公演情報はこちら！
●申し込み詳細
《申込受付期間》
3月10日(月)15:00～3月24日(月)17:00
《当落発表》
4月10日(木)15:00予定
《入金期間》
4月10日(木)15:00～4月14日(月)23:59
《申込制限枚数》
1公演につき1枚
----------------------------
※※重要※※
イベントへの入場には、
【有効な顔写真付き身分証明書(※下記参照)・チケット】
が必要です。
いずれかをお持ちでない場合はご参加いただけませんのでご注意ください。
★本イベントにおける有効な顔写真付き身分証明書
○ 運転免許証（各都道府県公安委員会が発行するもの）
○ マイナンバーカード
○ パスポート
○ 在留カード / 特別永住者証明書（外国人登録証明書）
○ 障害者手帳
○ 学生証
○ 住民基本台帳カード *有効期限内・記載事項に変更のない場合に限る
※ 全てにおいて、コピー不可・有効期限切れ不可・顔写真無し不可
※ ファンクラブ登録氏名と一致するものに限ります
（「崎」や「高」等、旧漢字・新漢字等の違いは可）
※ 社員証・taspoは不可
※ 外国籍の方は＜パスポート・在留カード・特別永住者証明書（外国人登録証明書）＞のいずれかをお持ちください
※ マイナンバーカードは年齢問わず、取得できます
>> マイナンバーカード総合サイト
※ マイナンバーカードの申請から発行までには、お時間がかかる場合がございます。
発行が間に合わない場合は、必ず別の有効な顔写真付き身分証明書をご用意ください。
----------------------------
●申し込み方法
チケット販売サイト「TAPIRS TICKET」を利用した電子チケットによる受付です。
ファンクラブページ「チケット」内、該当の受付バナーより画面の案内に従ってお手続きください。
詳細は
「水瀬いのりオフィシャルファンクラブ『いのりまち』電子チケット利用案内」
をご確認ください。
【ご注意】
※
「TAPIRS MEMBERS」
への会員登録が必要となります。
TAPIRS MEMBERSの会員情報は、いのりまちの会員情報と同一の内容でご登録をお願いいたします。また、会員登録済みの方も、ご登録の内容が最新の情報と一致しているかご確認をお願いいたします。TAPIRS MEMBERSの会員情報といのりまちの会員情報の内容が一致しない場合は落選となる場合がありますので、ご注意ください。
※チケットのお申込み・当落結果確認・ご入金・公演へのご参加は、各期間において会員期限内である必要があります。
※公演当日に会員期限が切れている場合、入場をお断りいたします。会員期限が2025/6/30以前の方はご注意ください。
※受付ページ記載の注意事項を必ずご確認ください。ご了承いただきました上でのお手続きとなります。
※受付は先着順ではございません。申し込み者多数の場合、抽選にて当落を決定いたします。
※複数公演当選された場合、当選されたすべてのチケットをご購入いただきます。
※いかなる理由におきましても、申込受付期間終了後の申込み・キャンセル・変更はできません。
ご不明な点のある方は、必ず申込受付期間内にファンクラブまでお問い合わせください。
※本受付では、チケットリセールシステムを実施予定です。詳細につきましては改めてご案内いたします。
●同行者登録について
本受付では、お申し込み時に同行者(いのりまち会員限定)をご登録いただくことが可能です。
ご利用希望の方は、事前に
「同行者登録についての案内ページ」
にて手順をご確認ください。
※申込者・同行者ともに【いのりまち】と【TAPIRS MEMBERS】への登録が必要です。いずれか1名でも会員情報が一致しない場合、落選となります。必ず同一の情報をご登録ください。また、すでに会員登録済みの方も、情報が一致しているか今一度ご確認をお願いいたします。
※同行者のご登録は各公演3名までとなります。連席を希望する場合は、＜2～4枚＞を選択し、いのりまち会員様を指定してお申し込みください。
※複数公演お申し込みの場合、公演ごとに連席の相手をご指定いただけます。
※いのりまち会員以外の方との連席はできません。受付終了後、いのりまち登録情報との照合を行います。
※申込者・同行者に関わらず、同一公演に対して重複するお申し込みはできません（代表者1名のみがお申し込みいただくことが可能です）。
※複数枚でお申し込みいただいた場合、申込者がまとめてお支払いいただく形式となります。
※申し込み受付期間終了後の変更、キャンセルはできません。
※申し込みの際に同行者登録を行わなかった場合、連席でのお席のご用意はできかねますのでご注意ください。
※当選された際のチケット代、手数料は申込者様に枚数分まとめてお支払いいただきます。
※同行者として申し込みが完了した場合、申込完了メールが配信されます。同行者はチケット申込履歴には表示されませんので、予めご了承ください。
※同行者設定、及びお申し込み時の同行者登録のご不明点につきましては、ファンクラブにお問い合わせいただきましても回答がいたしかねます。受付開始後に受付サイトをご確認いただいてから、「TAPIRS TICKET」ご利用に関するお問い合わせ先にお問い合わせください。
♪入会をご検討の方へ
チケットの申込受付期間終了までに、ファンクラブページより【クレジットカード決済・コンビニ／ペイジー支払】にてご入会(入金完了まで)いただきますとチケットのお申し込みが可能です！
>> ご入会はこちらから！
【ご注意】
※Loppi／ローソンチケット、郵便振込からのお手続きは期日が異なります。
下記期日を過ぎた場合、チケットはお申し込みいただけません。ご注意ください。
・Loppi／ローソンチケット(ご入会のみ)：3月16日(日)
・郵便振込：3月16日(日)
※チケットの申込受付は3月24日(月)17:00に終了しますので、時間に余裕を持ってお手続きください。
【お問い合わせ先】
●「TAPIRS TICKET」に関するお問い合わせ先
チケットインフォメーション
お問い合わせフォーム
※申し込み方法・同行者登録・ 当落確認・支払い方法・チケット発券に関するお問い合わせ先になります。
※お問い合わせの際は公演名欄に『水瀬いのりファンクラブイベント2025』とご入力ください。
●ファンクラブ会員ページログイン・その他に関するお問い合わせ先
水瀬いのりオフィシャルファンクラブ「いのりまち」
MAIL：
contact@inorimachi.com
※お名前のないメールにはお返事いたしかねます。（会員の方は会員番号もご明記ください）
※メールでのお問い合わせは、返信までに最大1週間ほどお時間がかかります。
※お問い合せの前にファンクラブからのメールを受信できるよう、下記メールアドレスの受信設定をお願いいたします。
・contact@inorimachi.com
・mail@inorimachi.com"
https://www.inorimachi.com/fc_news/2025/0314150000.html,2025.03.14,まちの新聞「『Inori Minase LIVE TOUR heart bookmark』映像撮影編」更新！,"ファンクラブページ内
「まちの新聞」
で
「『Inori Minase LIVE TOUR heart bookmark』映像撮影編」
を更新しました！
ライブのオープニングとショートムービー、LIVE Blu-rayエンドロール撮影の模様をお届けします！
ぜひチェックしてみてください♪"
https://www.inorimachi.com/fc_news/2025/0321150000.html,2025.03.21,まちの写真館「Inori Minase LIVE TOUR 2019 Catch the Rainbow！」更新！,"ファンクラブページ内
「まちの写真館」
で
「Inori Minase LIVE TOUR 2019 Catch the Rainbow！」ライブ写真
を公開しました！
LIVE ALBUM「Inori Minase LIVE TOUR 2019 Catch The Rainbow！」
とあわせて、ぜひチェックしてみてください♪"
https://www.inorimachi.com/fc_news/2025/0321150001.html,2025.03.21,"「まちの映画館～町内""生""放送～」放送決定！※4/4更新","「まちの映画館～町内""生""放送～」の次回放送が決定しました！
【まちの映画館～町内""生""放送～】
日時：2025年4月4日(金) 20:00頃
※オンライン生配信です。
※配信時間は変更になる可能性がございます。また、前後する可能性もございますのでご了承ください。
※アーカイブは4月30日(水)23:59までを予定しております。
●視聴方法
ファンクラブページ内
「まちの映画館」
よりご覧いただけます。
●注意事項
・動画配信・視聴にはタイムラグが生じる場合がございます。
・途中から視聴した場合はその時点からのライブ配信となり、時間を戻しての再生はできませんのでご了承ください。
・コメントがうまく送信されない場合がございます。その際はご視聴するブラウザやデバイスを変更してお試しください。
・同じ内容のコメントを続けて投稿するのはお控えください。
・ご視聴に関わるインターネット通信費用はお客様のご負担となります。
・動画配信となりデータ通信量が多くなることが想定されるため、安定したインターネット環境(Wi-Fi等)のご利用を推奨いたします。
・配信には機材・回線等、最善の準備を行い実施しますが、生配信である特性上、不慮の一時中断や乱れなどが起こる可能性がある点、ご了承ください。
・お客様のインターネット環境に伴う閲覧の不具合に関しては対応は一切できかねます。
・本配信は配信プラットフォーム「Vimeo」を使用します。ご視聴の推奨環境は
こちら
よりご確認ください。
・日本国外からご視聴の際は、
「Vimeo」の視聴対応地域
にご注意ください。
・本配信の撮影、録音及び録画は一切禁止させていただきます。
また、無断転載、複製、加工、再配布する行為もご遠慮ください(ウェブサイト・SNSを含む)。"
https://www.inorimachi.com/fc_news/2025/0327150000.html,2025.03.27,ファンクラブ会報「いのりまちだより」投稿受付開始！,"ファンクラブ会報「いのりまちだより」30号の投稿受付を開始いたしました！
町長へのメッセージやライブ、アニメ、イベント、会報の感想、イラストやコーナーへの投稿などなど、みなさんのおたよりをお送りください♪
【ファンクラブページからの投稿】
ファンクラブページログイン後、「ポスト」からご投稿ください。
投稿締切：2025年5月7日(水)18:00
【郵便での投稿】
〒160-0023
東京都新宿区西新宿1-19-6 山手新宿ビル11F
水瀬いのりオフィシャルファンクラブ「いのりまち」○○○(各コーナー名)係
投稿締切：2025年5月7日(水)必着
たくさんの投稿、お待ちしております♪"
https://www.inorimachi.com/fc_news/2025/0327150001.html,2025.03.27,ファンクラブ会報「いのりまちだより」29号発送開始のお知らせ,"ファンクラブ会報「いのりまちだより」29号の発送を、3月27日(木)に開始いたしました！
4月10日(木)
になりましてもお手元に届かない場合は、
下記期間内にファンクラブまでお問い合わせください。
■未着問い合わせ期間
2025年4月10日(木)～4月24日(木)
※こちらの問い合わせ期間は3月16日(日)までにご入会・ご継続いただいた方を対象としております。
3月17日(月)以降にご入会・ご継続いただいた方は発送完了メール記載の未着問い合わせ期間をご確認ください。
■お問い合わせ先
MAIL：contact@inorimachi.com
件名：会報29号未着
本文：会員番号・氏名・住所・お問い合わせの詳細
----------
●「Inori Minase LIVE TOUR 2024 heart bookmark」いのりまち限定特典付き配信チケットをご購入の方へ
特典を同封しております。
----------
●2025年1月1日(水)～3月9日(日)までにご継続された方へ
継続特典を同封しております。
※3月10日(月)以降にご継続手続きをされた方への継続特典のお届けは、
次回会報誌と同封しての発送を予定しております。
----------
※未着問い合わせ期間以降にご連絡をいただきましても対応いたしかねますのでご注意ください。
※3月末までにご入会いただいた方を対象に発送いたします。
※初回発送は、3月16日(日)までにご入会手続きを完了された方が対象です。
※3月17日(月)以降にご入会いただいた方へは、4月中旬より順次発送いたします。
※会報投稿は【3月27日(木)15:00】より「ポスト」にて受付中です。"
https://www.inorimachi.com/fc_news/2025/0410150000.html,2025.04.10,「いのりまち町民集会2025」チケット当落結果のご案内,"「いのりまち町民集会2025 -ACOUSTIC LIVE シネマチックダイアリー-」チケットをお申し込みいただきました方へ、当落結果のご案内を開始いたしました。
●当落確認・入金期間
4月10日(木)15:00～4月14日(月)23:59
●当落結果について
チケット販売サイト「TAPIRS TICKET」内
「チケット申込み履歴」
よりご確認いただけます。
また、チケット受付サイト「TAPIRS MEMBERS」にご登録いただいたメールアドレス宛に『抽選結果のお知らせ』メールをお送りしております。
※ファンクラブページメニュー内「チケット」より、該当の受付バナーをクリックいただくことでもログインが可能です。
●お支払いについて
詳細につきましては下記ページの「支払いについて」よりご確認ください。
https://faq.tks.re-tapirs.com/hc/ja/categories/9612413336591-TAPIRS-TICKET
【ご注意】
※公演終了後まで「TAPIRS MEMBERS」の会員登録は削除されないようお願いいたします。
※チケットのお申込み・当落結果確認・ご入金・公演へのご参加は、各期間において会員期限内である必要があります。
※公演当日に会員期限が切れている場合、入場をお断りいたします。会員期限が2025/7/31以前の方はご注意ください。
※ファンクラブページ内では当落結果は確認できません。ご注意ください。
※いかなる理由におきましても、当選されたチケットのキャンセル・変更はできません。
※複数公演当選された場合、当選されたすべてのチケットをご購入いただきます。
※当落結果メール未着によるチケット代の未入金等には対応をいたしかねます。
※入金に不備・不明な点がある場合、選択した決済方法以外での入金や支払期限後の入金はすべて手数料を差し引き返金いたします。その際、当選は無効となりチケットのご用意はできかねます。※当選確定後、入金期間内にチケット代金の入金がない場合、今後ファンクラブで取り扱うオリジナルグッズ・チケット等の購入をお断りいたします。
〈同行者登録をご利用の方〉
※当選された際のチケット代、手数料は申込者様に枚数分まとめてお支払いいただきます。
※同行者として申し込みが完了した場合、申込完了メールが配信されます。同行者はチケット申込履歴には表示されませんので、予めご了承ください。
※同行者設定、及びお申し込み時の同行者登録のご不明点につきましては、ファンクラブにお問い合わせいただきましても回答がいたしかねます。「TAPIRS TICKET」ご利用に関するお問い合わせ先にお問い合わせください。
※※重要※※
イベントへの入場には、
【有効な顔写真付き身分証明書(※下記参照)・チケット】
が必要です。
いずれかをお持ちでない場合はご参加いただけませんのでご注意ください。
★本イベントにおける有効な顔写真付き身分証明書
○ 運転免許証（各都道府県公安委員会が発行するもの）
○ マイナンバーカード
○ パスポート
○ 在留カード / 特別永住者証明書（外国人登録証明書）
○ 障害者手帳
○ 学生証
○ 住民基本台帳カード *有効期限内・記載事項に変更のない場合に限る
※ 全てにおいて、コピー不可・有効期限切れ不可・顔写真無し不可
※ ファンクラブ登録氏名と一致するものに限ります
（「崎」や「高」等、旧漢字・新漢字等の違いは可）
※ 社員証・taspoは不可
※ 外国籍の方は＜パスポート・在留カード・特別永住者証明書（外国人登録証明書）＞のいずれかをお持ちください
※ マイナンバーカードは年齢問わず、取得できます
>> マイナンバーカード総合サイト
※ マイナンバーカードの申請から発行までには、お時間がかかる場合がございます。
発行が間に合わない場合は、必ず別の有効な顔写真付き身分証明書をご用意ください。
【お問い合わせ先】
●「TAPIRS TICKET」に関するお問い合わせ先
チケットインフォメーション
お問い合わせフォーム
※申し込み方法・同行者登録・ 当落確認・支払い方法・チケット発券に関するお問い合わせ先になります。
※お問い合わせの際は公演名欄に『水瀬いのりファンクラブイベント2025』とご入力ください。
●ファンクラブ会員ページログイン・その他に関するお問い合わせ先
水瀬いのりオフィシャルファンクラブ「いのりまち」
MAIL：
contact@inorimachi.com
※お名前のないメールにはお返事いたしかねます。（会員の方は会員番号もご明記ください）
※メールでのお問い合わせは、返信までに最大1週間ほどお時間がかかります。
※お問い合せの前にファンクラブからのメールを受信できるよう、下記メールアドレスの受信設定をお願いいたします。
・contact@inorimachi.com
・mail@inorimachi.com"
https://www.inorimachi.com/fc_news/2025/0411150000.html,2025.04.11,まちの新聞「『いのりまちだより』29号 出張版」更新！,"ファンクラブページ内
「まちの新聞」
で
『いのりまちだより』29号「まちのひろば＆みんなのお家のくらりちゃん出張版」、「町長からの挑戦状！出張版」
を公開しました！
みなさんからいただいたおたよりをご紹介！
ぜひチェックしてみてください♪"
https://www.inorimachi.com/fc_news/2025/0414150000.html,2025.04.14,まちの写真館「Inori Minase 5th ANNIVERSARY LIVE Starry Wishes」更新！,"ファンクラブページ内
「まちの写真館」
で
「Inori Minase 5th ANNIVERSARY LIVE Starry Wishes」ライブ写真
を公開しました！
LIVE ALBUM「Inori Minase 5th ANNIVERSARY LIVE Starry Wishes」
とあわせて、ぜひチェックしてみてください♪"
https://www.inorimachi.com/fc_news/2025/0423150000.html,2025.04.23,まちの新聞「2025年カレンダー撮影～3月＆4月編～」更新！,"ファンクラブページ内
「まちの新聞」
で
「2025年カレンダー撮影～3月＆4月編～」
を公開しました！撮影当日の様子をレポート！ぜひチェックしてみてください♪"
https://www.inorimachi.com/fc_news/2025/0425150000.html,2025.04.25,"「まちの映画館～町内""生""放送～」放送決定！　※5/12更新","「まちの映画館～町内""生""放送～」の次回放送が決定しました！
【まちの映画館～町内""生""放送～】
日時：2025年5月12日(月) 21:00頃
※オンライン生配信です。
※配信時間は変更になる可能性がございます。また、前後する可能性もございますのでご了承ください。
※アーカイブは5月30日(金)23:59までを予定しております。
●視聴方法
ファンクラブページ内
「まちの映画館」
よりご覧いただけます。
●注意事項
・動画配信・視聴にはタイムラグが生じる場合がございます。
・途中から視聴した場合はその時点からのライブ配信となり、時間を戻しての再生はできませんのでご了承ください。
・コメントがうまく送信されない場合がございます。その際はご視聴するブラウザやデバイスを変更してお試しください。
・同じ内容のコメントを続けて投稿するのはお控えください。
・ご視聴に関わるインターネット通信費用はお客様のご負担となります。
・動画配信となりデータ通信量が多くなることが想定されるため、安定したインターネット環境(Wi-Fi等)のご利用を推奨いたします。
・配信には機材・回線等、最善の準備を行い実施しますが、生配信である特性上、不慮の一時中断や乱れなどが起こる可能性がある点、ご了承ください。
・お客様のインターネット環境に伴う閲覧の不具合に関しては対応は一切できかねます。
・本配信は配信プラットフォーム「Vimeo」を使用します。ご視聴の推奨環境は
こちら
よりご確認ください。
・日本国外からご視聴の際は、
「Vimeo」の視聴対応地域
にご注意ください。
・本配信の撮影、録音及び録画は一切禁止させていただきます。
また、無断転載、複製、加工、再配布する行為もご遠慮ください(ウェブサイト・SNSを含む)。"
https://www.inorimachi.com/fc_news/2025/0509150000.html,2025.05.09,まちの写真館「Inori Minase LIVE TOUR 2021 HELLO HORIZON」更新！,"ファンクラブページ内
「まちの写真館」
で
「Inori Minase LIVE TOUR 2021 HELLO HORIZON」ライブ写真
を公開しました！
LIVE ALBUM「Inori Minase LIVE TOUR 2021 HELLO HORIZON」
とあわせて、ぜひチェックしてみてください♪"
https://www.inorimachi.com/fc_news/2025/0509180000.html,2025.05.09,クレジットカード本人認証サービス「3Dセキュア 2.0」導入のお知らせ,"この度、水瀬いのりオフィシャルファンクラブ「いのりまち」では、会員様により安心・安全にご利用いただくため、クレジットカード決済に本人認証サービス「3Dセキュア 2.0」を導入いたします。
【導入開始日時】
2025年5月14日(水)13:00 (予定)
※導入にあたり＜5月14日(水)9:00～13:00＞にシステムメンテナンスを実施いたします。システムメンテナンス中はファンクラブページにアクセスいただけません。ご不便をおかけいたしますが、あらかじめご了承ください。
【注意事項】
※今後ファンクラブページでの決済に「3Dセキュア 2.0」非対応のクレジットカードはご利用いただけません。対応状況については、ご利用のカード発行会社へご確認ください。
※既会員様の自動継続は本人認証の対象外ですが、クレジットカードの利用状況によっては自動継続ができず、再決済が必要となる場合があります。その際は、「3Dセキュア 2.0」対応カードの情報を入力のうえ、再決済をお願いいたします。
※本人認証の方法や認証画面の操作方法は、カード発行会社により異なります。 詳細はカード発行会社へお問い合わせください。
※本人認証が完了しても、ご利用状況により与信が通らない場合があります。
--------------------------------------
▽本人認証サービス「3Dセキュア 2.0」とは？
インターネット上でのクレジットカード決済をより安全に行うためのサービスです。
カード利用者の決済情報をもとにリスク判定を行い、通常は追加認証なしで完了し、高リスクと判断された取引のみワンタイムパスワード等の追加認証が行われます。
▽対象カードブランド
VISA / Master / JCB / DinersClub / AMERICAN EXPRESS / Discover
▽ご利用イメージ
お支払い方法で「クレジットカード」を選択した場合、確定時にカード会社の判定が行われ、リスクが高いと判断された場合、本人認証画面が表示されます。
本人認証画面でワンタイムパスワードや指紋認証などの本人確認を行います。認証されるとクレジットカードの与信処理へ進み、与信が通るとお支払いが完了です。
(リスクが低いと判断された場合は、本人認証画面が表示されず、そのまま与信後にお支払い完了となります)
【お問い合わせ】
水瀬いのりオフィシャルファンクラブ「いのりまち」
MAIL：
contact@inorimachi.com
※お名前のないメールにはお返事いたしかねます。（会員の方は会員番号もご明記ください）
※メールでのお問い合わせは、返信までに最大1週間ほどお時間がかかります。
※お問い合せの前にファンクラブからのメールを受信できるよう、下記メールアドレスの受信設定をお願いいたします。
・contact@inorimachi.com
・mail@inorimachi.com"
https://www.inorimachi.com/fc_news/2025/0515150000.html,2025.05.15,「いのりまちだよりファイル - Part 2 -」販売終了のお知らせ,"誠に勝手ながら、いのりまち会員限定グッズ「いのりまちだよりファイル - Part 2 -」の販売を終了させていただきます。
【対象商品】
いのりまちだよりファイル - Part 2 -
【販売期間】
～2025年5月30日(金)23:59まで
【購入方法】
ファンクラブページ内
「グッズ」
より、アイテムをショッピングカートに入れ、決済方法を選択し代金をご入金ください。
《注意事項》
※受付期間内であっても、販売上限数に達した場合受付を終了いたします。
※一度受付を終了した場合でも、状況により予告なく販売を再開させていただく場合がございます。
※購入手続き完了後のキャンセル及び注文内容変更、また不良品以外の返品・交換は対応いたしかねます。あらかじめご了承ください。"
https://www.inorimachi.com/fc_news/2025/0515150001.html,2025.05.15,「いのりまち町民集会2025」リセール受付のご案内,"「いのりまち町民集会2025 -ACOUSTIC LIVE シネマチックダイアリー-」では、チケットリセール受付を行います。
>> 公演情報はこちら！
----------------------------
〈リセールサービスとは〉
チケットリセールサービスは、チケット購入後にご来場いただけなくなった方（出品者）とチケット購入をご希望の方（申込者）を対象に、
自動抽選によるマッチングを行うシステムです。
▼ご利用前に「リセールサービスについてのご案内」をご確認ください。
https://tks.re-tapirs.com/guide/resale
----------------------------
●リセール受付期間(抽選)
埼玉公演：2025年6月2日(月)12:00～6月9日(月)11:00
大阪公演：2025年6月12日(木)12:00～6月18日(水)11:00
宮城公演：2025年6月20日(金)12:00～6月26日(木)11:00
●購入について
ファンクラブページ「チケット」内、該当の受付バナーより画面の案内に従ってお手続きください。
※購入ページは受付期間になりましたら、ファンクラブページ「チケット」内に表示されます。
※同行者の登録はできません。各公演、1人1枚でのお申し込みのみとなります。
※お支払い方法はクレジットカードのみです。
※TAPIRS MEMBERSの会員情報は、いのりまちの会員情報と同一の内容でご登録をお願いいたします。
また、会員登録済みの方も、ご登録の内容が最新の情報と一致しているかご確認をお願いいたします。
TAPIRS MEMBERSの会員情報といのりまちの会員情報の内容が一致しない場合は当日ご入場いただけない場合がありますので、ご注意ください。
●出品について
受付開始になりましたら
「TAPIRS TICKET」申込履歴
より行えます。
※申込者・同行者どちらのチケットを出品する場合も、申込者のみ出品操作が可能です。出品の際には必ず出品するチケットの氏名を選択して出品してください。
※今まで発行しておりました「マッチング専用パスワード」は不要となります。
※※重要※※
イベントへの入場には、
【有効な顔写真付き身分証明書(※下記参照)・チケット】
が必要です。
いずれかをお持ちでない場合はご参加いただけませんのでご注意ください。
★本イベントにおける有効な顔写真付き身分証明書
○ 運転免許証（各都道府県公安委員会が発行するもの）
○ マイナンバーカード
○ パスポート
○ 在留カード / 特別永住者証明書（外国人登録証明書）
○ 障害者手帳
○ 学生証
○ 住民基本台帳カード *有効期限内・記載事項に変更のない場合に限る
※ 全てにおいて、コピー不可・有効期限切れ不可・顔写真無し不可
※ ファンクラブ登録氏名と一致するものに限ります
（「崎」や「高」等、旧漢字・新漢字等の違いは可）
※ 社員証・taspoは不可
※ 外国籍の方は＜パスポート・在留カード・特別永住者証明書（外国人登録証明書）＞のいずれかをお持ちください
※ マイナンバーカードは年齢問わず、取得できます
>> マイナンバーカード総合サイト
※ マイナンバーカードの申請から発行までには、お時間がかかる場合がございます。
発行が間に合わない場合は、必ず別の有効な顔写真付き身分証明書をご用意ください。
♪入会をご検討の方へ
リセールの受付期間終了までに、ファンクラブページより【クレジットカード決済・コンビニ／ペイジー支払】にてご入会(入金完了まで)いただきますとチケットのお申し込みが可能です！
>> ご入会はこちらから！
【ご注意】
※Loppi／ローソンチケット、郵便振込からのお手続きは確認ができるまでに数日要しますのでご注意ください。
※チケット申込受付期間をよくお確かめの上、時間に余裕を持ってお手続きください。
【お問い合わせ先】
●「TAPIRS TICKET」に関するお問い合わせ先
チケットインフォメーション：
お問い合わせフォーム
※申し込み方法・同行者登録・ 当落確認・支払い方法・チケット発券に関するお問い合わせ先になります。
※お問い合わせの際は公演名欄に『水瀬いのりファンクラブイベント2025』とご入力ください。
●ファンクラブ会員ページログイン・その他に関するお問い合わせ先
水瀬いのりオフィシャルファンクラブ「いのりまち」
MAIL：
contact@inorimachi.com
※お名前のないメールにはお返事いたしかねます。（会員の方は会員番号もご明記ください）
※メールでのお問い合わせは、返信までに最大1週間ほどお時間がかかります。
※お問い合せの前にファンクラブからのメールを受信できるよう、下記メールアドレスの受信設定をお願いいたします。
・contact@inorimachi.com
・mail@inorimachi.com"
https://www.inorimachi.com/fc_news/2025/0515150002.html,2025.05.15,「いのりまち町民集会2025」グッズラインナップ公開！,"「いのりまち町民集会2025 -ACOUSTIC LIVE シネマチックダイアリー-」のグッズラインナップを公開しました！
5月16日(金)15:00より通信販売の申し込み受付を開始いたします。
●通信販売
《受付期間》
2025年5月16日(金)15:00～5月30日(金)23:59
《発送時期》
2025年6月下旬
※2025年7月6日(日)埼玉公演前までのお届けを予定しておりますが、今後の社会情勢等の影響やお住まいの地域・天候・配送状況等により、お届けが遅れる場合がございます。何卒ご理解いただきますようお願い申し上げます。
《取扱商品》
全アイテム
※受付期間中、『くらりライトチャーム』と『くらりマスコットチャーム』が同時にご購入いただけます。
《申し込み方法》
ファンクラブページ内「グッズ」より、ご希望のアイテムをショッピングカートに入れ、決済方法を選択し代金をご入金ください。
「いのりまち町民集会2025 -ACOUSTIC LIVE シネマチックダイアリー-」特設ページ"
https://www.inorimachi.com/fc_news/2025/0516150000.html,2025.05.16,「いのりまち町民集会2025」おたより募集！,"「いのりまち町民集会2025 -ACOUSTIC LIVE シネマチックダイアリー-」の開催に向けて、
町民さんからのおたよりを募集いたします！
町長やいのりバンドに聞いてみたいことや町長に伝えたいこと、いのりまちへの要望などなんでも構いません！
たくさんのおたよりお待ちしております♪
●投稿方法
ファンクラブページログイン後、メニューに表示される「アンケート」よりご投稿ください。
●受付期間
5月16日(金)15:00～7月16日(水)18:00まで
【ご注意】
※おたよりは公演内、また後日ファンクラブページ内で使用する可能性がございます。その際、一部内容を編集させていただく場合がございます。※ファンクラブライブへの参加に関わらず、すべての会員様がご回答いただけます。※投稿しない項目は空欄のままお送りください。
※ペンネームの記載がない場合、イニシャルでのご紹介とさせていただきます。
※絵文字はご利用になれません。
※回答後の確認・修正はできませんのでご注意ください。
※回答はお一人様1回までとなります。"
https://www.inorimachi.com/fc_news/2025/0516150001.html,2025.05.16,「いのりまち町民集会2025」事後配信チケット販売開始！,"「いのりまち町民集会2025」事後配信チケット販売開始！
●配信詳細
《配信公演》
7月20日(日) 宮城　仙台サンプラザホール
《配信日時》
8月8日(金) 19:00開演予定
《アーカイブ期間》
配信終了後～8月24日(日)23:59
《チケット販売期間》
5月16日(金)15時～8月24(日)20:00
《チケット料金》
¥3,900(税込)
●チケット購入方法
ファンクラブページ「
チケット
」内、「配信チケット購入ページ」のボタンよりチケットぴあのサイトにアクセスし、案内に従ってご購入ください。
※チケットの購入には、チケットぴあの会員登録(無料)が必要です。
【海外からの視聴について】
海外から視聴される方は、ファンクラブページ「チケット」下部の【For Overseas Customers】のボタンからチケットぴあのサイトにアクセスし、表示に従って情報を入力・ご購入ください。
「いのりまち町民集会2025 -ACOUSTIC LIVE シネマチックダイアリー-」特設ページ"
https://www.inorimachi.com/fc_news/2025/0516150002.html,2025.05.16,「いのりまち町民集会2025」グッズ通信販売受付開始！,"「いのりまち町民集会2025 -ACOUSTIC LIVE シネマチックダイアリー-」グッズの通信販売申込み受付を開始しました！
>> グッズラインナップはこちら！
●申し込み方法
ファンクラブページ内
「グッズ」
より、ご希望のアイテムをショッピングカートに入れ、決済方法を選択し代金をご入金ください。
●申込み受付期間
5月16日(金)15:00～5月30日(金)23:59
●発送時期
6月下旬
※7月6日(日)埼玉公演前までのお届けを予定しておりますが、今後の社会情勢等の影響やお住まいの地域・天候・配送状況等により、お届けが遅れる場合がございます。何卒ご理解いただきますようお願い申し上げます。
●取扱商品
全アイテム
※受付期間中に限り、『
INORI MINASE OFFICIAL GOODS ONLINE SHOP
』で通年販売中の「くらりマスコットチャーム」と「くらりライトチャーム」をご購入いただけます。
※通信販売と当日販売とでは、取扱商品が異なる可能性がございます。
※商品によっては受付期間内であっても販売終了する場合がございます。
※通信販売では、「公演別クリアカード」のお取扱いはございません。
※一度受付を終了した商品でも、状況により予告なく販売を再開させていただく場合がございます。
※購入手続き完了後のキャンセル及び注文内容変更、また不良品以外の返品・交換は対応いたしかねます。あらかじめご了承ください。"
https://www.inorimachi.com/fc_news/2025/0520150000.html,2025.05.20,まちの新聞「2025年カレンダー撮影～5月＆6月編～」更新！,"ファンクラブページ内
「まちの新聞」
で
「2025年カレンダー撮影～5月＆6月編～」
を公開しました！撮影当日の様子をレポート！ぜひチェックしてみてください♪"
https://www.inorimachi.com/fc_news/2025/0523180000.html,2025.05.23,ファンクラブ会報「いのりまちだより」30号発行決定！,"ファンクラブ会報
「いのりまちだより」30号
の発行が決定しました！
30号の発送は6月下旬を予定しております。
今回は「いのりまち町民集会2025」グッズ撮影＆『Inori Minase MUSIC CLIP BOX 2』ジャケット撮影を特集！
その他、イベントレポートや町民さんと町長の交流コーナーなど、ここでしか見られない情報が満載の会報です♪
住所変更を希望される方は
【6月4日(水)12:00まで】
に
ファンクラブページログイン後、「まち役場」よりお手続きください。
住所変更がない方も、今一度ご登録内容のご確認をお願いいたします。
----------
●2025年3月10日(月)～6月3日(火)までにご継続された方へ
継続特典の同封を予定しております。
※6月4日(水)以降にご継続手続きをされた方への継続特典のお届けは、
次回会報誌と同封しての発送を予定しており、最大で3ヶ月ほどお時間をいただく場合がございます。
----------
※会報30号は、6月30日(月)までにご入会(入金完了まで)くださった方にお送りします。
※変更手続きがなく発送物未着のお問い合わせをいただいた場合、対応をいたしかねます。
※発送完了後は、まちの回覧板にてお知らせします。"
https://www.inorimachi.com/fc_news/2025/0528150000.html,2025.05.28,まちの新聞「『いのりまち町民集会2025』グッズ紹介編」更新！,"ファンクラブページ内
「まちの新聞」
で
「『いのりまち町民集会2025 -ACOUSTIC LIVE シネマチックダイアリー-』グッズ紹介編」
を公開しました！
通信販売受付中となっているグッズをご紹介♪
ぜひご覧ください！"
https://www.inorimachi.com/fc_news/2025/0529150000.html,2025.05.29,まちの新聞「『いのりまち町民集会2025』グッズ撮影編」更新！,"ファンクラブページ内
「まちの新聞」
で
「『いのりまち町民集会2025 -ACOUSTIC LIVE シネマチックダイアリー-』グッズ撮影編」
を更新しました！
「シネマチックダイアリー」にちなみ、""ヒロイン""と""監督""をテーマに行われたグッズ撮影の様子をお届けします！
ぜひチェックしてみてください♪"
https://www.inorimachi.com/fc_news/2025/0530150000.html,2025.05.30,「いのりまち町民集会2025」グッズ通信販売　発送に関するお知らせ,"「いのりまち町民集会2025 -ACOUSTIC LIVE シネマチックダイアリー-」グッズ通信販売につきまして、
6月下旬より発送開始を予定しております。
住所変更を希望される方は
【6月3日(火)12:00】
までに、
ファンクラブページ
「まち役場」
内『会員情報』より変更のお手続きをお願いいたします。
※『くらりライトチャーム』、『くらりマスコットチャーム』を購入された方も対象です。
-------------------
建物名や部屋番号の記入漏れは、未着の原因となります。
変更がない方も、登録情報に不備がないか今一度ご確認くださいますようお願いいたします。
-------------------"
https://www.inorimachi.com/fc_news/2025/0602120000.html,2025.06.02,「いのりまち町民集会2025」埼玉公演リセール受付開始のご案内,"「いのりまち町民集会2025 -ACOUSTIC LIVE シネマチックダイアリー-」埼玉公演のチケットリセール受付を開始いたしました。
>> 公演情報はこちら！
----------------------------
〈リセールサービスとは〉
チケットリセールサービスは、チケット購入後にご来場いただけなくなった方（出品者）とチケット購入をご希望の方（申込者）を対象に、
自動抽選によるマッチングを行うシステムです。
▼ご利用前に「リセールサービスについてのご案内」をご確認ください。
https://tks.re-tapirs.com/guide/resale
----------------------------
●リセール受付期間(抽選)
埼玉公演：2025年6月2日(月)12:00～6月9日(月)11:00
大阪公演：2025年6月12日(木)12:00～6月18日(水)11:00
宮城公演：2025年6月20日(金)12:00～6月26日(木)11:00
●購入について
ファンクラブページ
「チケット」
内、「いのりまちチケット受付ページ」のバナーより画面の案内に従ってお手続きください。
※同行者の登録はできません。各公演、1人1枚でのお申し込みのみとなります。
※お支払い方法はクレジットカードのみです。
※TAPIRS MEMBERSの会員情報は、いのりまちの会員情報と同一の内容でご登録をお願いいたします。
また、会員登録済みの方も、ご登録の内容が最新の情報と一致しているかご確認をお願いいたします。
TAPIRS MEMBERSの会員情報といのりまちの会員情報の内容が一致しない場合は当日ご入場いただけない場合がありますので、ご注意ください。
●出品について
受付開始になりましたら
「TAPIRS TICKET」申込履歴
より行えます。
※申込者・同行者どちらのチケットを出品する場合も、申込者のみ出品操作が可能です。出品の際には必ず出品するチケットの氏名を選択して出品してください。
※今まで発行しておりました「マッチング専用パスワード」は不要となります。
※※重要※※
イベントへの入場には、
【有効な顔写真付き身分証明書(※下記参照)・チケット】
が必要です。
いずれかをお持ちでない場合はご参加いただけませんのでご注意ください。
★本イベントにおける有効な顔写真付き身分証明書
○ 運転免許証（各都道府県公安委員会が発行するもの）
○ マイナンバーカード
○ パスポート
○ 在留カード / 特別永住者証明書（外国人登録証明書）
○ 障害者手帳
○ 学生証
○ 住民基本台帳カード *有効期限内・記載事項に変更のない場合に限る
※ 全てにおいて、コピー不可・有効期限切れ不可・顔写真無し不可
※ チケット表示氏名と一致するものに限ります
（「崎」や「高」等、旧漢字・新漢字等の違いは可）
※ 社員証・taspoは不可
※ 外国籍の方は＜パスポート・在留カード・特別永住者証明書（外国人登録証明書）＞のいずれかをお持ちください
※ マイナンバーカードは年齢問わず、取得できます
>> マイナンバーカード総合サイト
※ マイナンバーカードの申請から発行までには、お時間がかかる場合がございます。
発行が間に合わない場合は、必ず別の有効な顔写真付き身分証明書をご用意ください。
♪入会をご検討の方へ
リセールの受付期間終了までに、ファンクラブページより【クレジットカード決済・コンビニ／ペイジー支払】にてご入会(入金完了まで)いただきますとチケットのお申し込みが可能です！
>> ご入会はこちらから！
【ご注意】
※Loppi／ローソンチケット、郵便振込からのお手続きは確認ができるまでに数日要しますのでご注意ください。
※チケット申込受付期間をよくお確かめの上、時間に余裕を持ってお手続きください。
【お問い合わせ先】
●「TAPIRS TICKET」に関するお問い合わせ先
チケットインフォメーション：
お問い合わせフォーム
※申し込み方法・同行者登録・ 当落確認・支払い方法・チケット発券に関するお問い合わせ先になります。
※お問い合わせの際は公演名欄に『水瀬いのりファンクラブイベント2025』とご入力ください。
●ファンクラブ会員ページログイン・その他に関するお問い合わせ先
水瀬いのりオフィシャルファンクラブ「いのりまち」
MAIL：
contact@inorimachi.com
※お名前のないメールにはお返事いたしかねます。（会員の方は会員番号もご明記ください）
※メールでのお問い合わせは、返信までに最大1週間ほどお時間がかかります。
※お問い合せの前にファンクラブからのメールを受信できるよう、下記メールアドレスの受信設定をお願いいたします。
・contact@inorimachi.com
・mail@inorimachi.com"
https://www.inorimachi.com/fc_news/2025/0606150000.html,2025.06.06,まちの写真館「Inori Minase LIVE TOUR 2022 glow」更新！,"ファンクラブページ内
「まちの写真館」
で
「Inori Minase LIVE TOUR 2022 glow」ライブ写真
を公開しました！
LIVE ALBUM「Inori Minase LIVE TOUR 2022 glow」
とあわせて、ぜひチェックしてみてください♪"
https://www.inorimachi.com/fc_news/2025/0611150000.html,2025.06.11,まちの新聞「『Inori Minase MUSIC CLIP BOX 2』ジャケット撮影編」更新！,"ファンクラブページ内
「まちの新聞」
で
「『Inori Minase MUSIC CLIP BOX 2』ジャケット撮影編」
を公開しました！
配達員さんとなった町長のジャケット撮影の様子をご紹介！
ぜひチェックしてみてください。"
https://www.inorimachi.com/fc_news/2025/0612120000.html,2025.06.12,"「まちの映画館～町内""生""放送～」放送決定！　※6/20更新","「まちの映画館～町内""生""放送～」の次回放送が決定しました！
【まちの映画館～町内""生""放送～】
日時：2025年6月20日(金) 20:00頃
※オンライン生配信です。
※配信時間は変更になる可能性がございます。また、前後する可能性もございますのでご了承ください。
※アーカイブは7月21日(月・祝)23:59までを予定しております。
●視聴方法
ファンクラブページ内
「まちの映画館」
よりご覧いただけます。
●注意事項
・動画配信・視聴にはタイムラグが生じる場合がございます。
・途中から視聴した場合はその時点からのライブ配信となり、時間を戻しての再生はできませんのでご了承ください。
・コメントがうまく送信されない場合がございます。その際はご視聴するブラウザやデバイスを変更してお試しください。
・同じ内容のコメントを続けて投稿するのはお控えください。
・ご視聴に関わるインターネット通信費用はお客様のご負担となります。
・動画配信となりデータ通信量が多くなることが想定されるため、安定したインターネット環境(Wi-Fi等)のご利用を推奨いたします。
・配信には機材・回線等、最善の準備を行い実施しますが、生配信である特性上、不慮の一時中断や乱れなどが起こる可能性がある点、ご了承ください。
・お客様のインターネット環境に伴う閲覧の不具合に関しては対応は一切できかねます。
・本配信は配信プラットフォーム「Vimeo」を使用します。ご視聴の推奨環境は
こちら
よりご確認ください。
・日本国外からご視聴の際は、
「Vimeo」の視聴対応地域
にご注意ください。
・本配信の撮影、録音及び録画は一切禁止させていただきます。
また、無断転載、複製、加工、再配布する行為もご遠慮ください(ウェブサイト・SNSを含む)。"
https://www.inorimachi.com/fc_news/2025/0612120001.html,2025.06.12,「いのりまち町民集会2025」大阪公演リセール受付開始のご案内,"「いのりまち町民集会2025 -ACOUSTIC LIVE シネマチックダイアリー-」宮城公演のチケットリセール受付を開始いたしました。
>> 公演情報はこちら！
----------------------------
〈リセールサービスとは〉
チケットリセールサービスは、チケット購入後にご来場いただけなくなった方（出品者）とチケット購入をご希望の方（申込者）を対象に、
自動抽選によるマッチングを行うシステムです。
▼ご利用前に「リセールサービスについてのご案内」をご確認ください。
https://tks.re-tapirs.com/guide/resale
----------------------------
●リセール受付期間(抽選)
大阪公演：2025年6月12日(木)12:00～6月18日(水)11:00
宮城公演：2025年6月20日(金)12:00～6月26日(木)11:00
●購入について
ファンクラブページ
「チケット」
内、「いのりまちチケット受付ページ」のバナーより画面の案内に従ってお手続きください。
※同行者の登録はできません。各公演、1人1枚でのお申し込みのみとなります。
※お支払い方法はクレジットカードのみです。
※TAPIRS MEMBERSの会員情報は、いのりまちの会員情報と同一の内容でご登録をお願いいたします。
また、会員登録済みの方も、ご登録の内容が最新の情報と一致しているかご確認をお願いいたします。
TAPIRS MEMBERSの会員情報といのりまちの会員情報の内容が一致しない場合は当日ご入場いただけない場合がありますので、ご注意ください。
●出品について
受付開始になりましたら
「TAPIRS TICKET」申込履歴
より行えます。
※申込者・同行者どちらのチケットを出品する場合も、申込者のみ出品操作が可能です。出品の際には必ず出品するチケットの氏名を選択して出品してください。
※今まで発行しておりました「マッチング専用パスワード」は不要となります。
※※重要※※
イベントへの入場には、
【有効な顔写真付き身分証明書(※下記参照)・チケット】
が必要です。
いずれかをお持ちでない場合はご参加いただけませんのでご注意ください。
★本イベントにおける有効な顔写真付き身分証明書
○ 運転免許証（各都道府県公安委員会が発行するもの）
○ マイナンバーカード
○ パスポート
○ 在留カード / 特別永住者証明書（外国人登録証明書）
○ 障害者手帳
○ 学生証
○ 住民基本台帳カード *有効期限内・記載事項に変更のない場合に限る
※ 全てにおいて、コピー不可・有効期限切れ不可・顔写真無し不可
※ チケット表示氏名と一致するものに限ります
（「崎」や「高」等、旧漢字・新漢字等の違いは可）
※ 社員証・taspoは不可
※ 外国籍の方は＜パスポート・在留カード・特別永住者証明書（外国人登録証明書）＞のいずれかをお持ちください
※ マイナンバーカードは年齢問わず、取得できます
>> マイナンバーカード総合サイト
※ マイナンバーカードの申請から発行までには、お時間がかかる場合がございます。
発行が間に合わない場合は、必ず別の有効な顔写真付き身分証明書をご用意ください。
♪入会をご検討の方へ
リセールの受付期間終了までに、ファンクラブページより【クレジットカード決済・コンビニ／ペイジー支払】にてご入会(入金完了まで)いただきますとチケットのお申し込みが可能です！
>> ご入会はこちらから！
【ご注意】
※Loppi／ローソンチケット、郵便振込からのお手続きは確認ができるまでに数日要しますのでご注意ください。
※チケット申込受付期間をよくお確かめの上、時間に余裕を持ってお手続きください。
【お問い合わせ先】
●「TAPIRS TICKET」に関するお問い合わせ先
チケットインフォメーション：
お問い合わせフォーム
※申し込み方法・同行者登録・ 当落確認・支払い方法・チケット発券に関するお問い合わせ先になります。
※お問い合わせの際は公演名欄に『水瀬いのりファンクラブイベント2025』とご入力ください。
●ファンクラブ会員ページログイン・その他に関するお問い合わせ先
水瀬いのりオフィシャルファンクラブ「いのりまち」
MAIL：
contact@inorimachi.com
※お名前のないメールにはお返事いたしかねます。（会員の方は会員番号もご明記ください）
※メールでのお問い合わせは、返信までに最大1週間ほどお時間がかかります。
※お問い合せの前にファンクラブからのメールを受信できるよう、下記メールアドレスの受信設定をお願いいたします。
・contact@inorimachi.com
・mail@inorimachi.com"
https://www.inorimachi.com/fc_news/2025/0616150000.html,2025.06.16,「いのりまち町民集会2025」にご来場のみなさまへ,"「いのりまち町民集会2025 -ACOUSTIC LIVE シネマチックダイアリー-」のチケットは、全て電子チケット(MOALA Ticket)でのお受け取りとなります。
チケットにはご購入者様の会員番号・氏名が表示されます。
【6月25日(水)まで】に、
「TAPIRS MEMBERS」
に登録されている氏名に誤りがないことをご確認くださいますようお願いいたします。
登録名はログイン後、メニュー内「アカウント情報」→「個人情報の変更」よりご確認いただけます。
※名字のみ
「TAPIRS MEMBERS」
よりご自身での変更が可能です。
※ご登録の名前にご入力の誤りがあり変更が必要な場合は、
こちら
よりお問い合せください。（ご家族も含め別人への名義変更は一切できません）
※電子チケットに表示される氏名と本人確認書類記載の氏名が異なる場合、ご入場をお断りする場合がございます。
必ずご確認くださいますようお願いいたします。
※※重要※※
イベントへの入場には、
【有効な顔写真付き身分証明書(※下記参照)・チケット】
が必要です。
いずれかをお持ちでない場合はご参加いただけませんのでご注意ください。
★本イベントにおける有効な顔写真付き身分証明書
○運転免許証(各都道府県公安委員会が発行するもの)
○パスポート
○マイナンバーカード
○顔写真付き住民基本台帳カード(住基カード)
○顔写真付き学生証(在学中のものに限る)
○顔写真付き保険証
○在留カード、外国人登録証明書、特別永住者証明書
○顔写真付き障害者手帳、養育手帳、療育手帳
※すべてにおいて、コピー・期限切れ・顔写真無しのものは無効。
※taspoや社員証、会員証、マイナンバー通知カード、公共料金請求書関連書類等は認められませんのでご注意ください。
※チケット表示氏名と一致するものに限ります。
※外国籍の方は【パスポート・在留カード・特別永住者証明書】のいずれかをお持ちください。
※発行に時間を要する場合もございますので、これから取得される方はお早めにお手続きください。
※顔写真付きマイナンバーカードは、年齢問わず無料で取得することができます。
>> マイナンバーカード総合サイト
その他、公演に関するご案内は特設ページをご確認ください。
「いのりまち町民集会2025 -ACOUSTIC LIVE シネマチックダイアリー-」特設ページ"
https://www.inorimachi.com/fc_news/2025/0620120000.html,2025.06.20,「いのりまち町民集会2025」宮城公演リセール受付開始のご案内,"「いのりまち町民集会2025 -ACOUSTIC LIVE シネマチックダイアリー-」宮城公演のチケットリセール受付を開始いたしました。
>> 公演情報はこちら！
----------------------------
〈リセールサービスとは〉
チケットリセールサービスは、チケット購入後にご来場いただけなくなった方（出品者）とチケット購入をご希望の方（申込者）を対象に、
自動抽選によるマッチングを行うシステムです。
▼ご利用前に「リセールサービスについてのご案内」をご確認ください。
https://tks.re-tapirs.com/guide/resale
----------------------------
●リセール受付期間(抽選)
宮城公演：2025年6月20日(金)12:00～6月26日(木)11:00
●購入について
ファンクラブページ
「チケット」
内、「いのりまちチケット受付ページ」のバナーより画面の案内に従ってお手続きください。
※同行者の登録はできません。各公演、1人1枚でのお申し込みのみとなります。
※お支払い方法はクレジットカードのみです。
※TAPIRS MEMBERSの会員情報は、いのりまちの会員情報と同一の内容でご登録をお願いいたします。
また、会員登録済みの方も、ご登録の内容が最新の情報と一致しているかご確認をお願いいたします。
TAPIRS MEMBERSの会員情報といのりまちの会員情報の内容が一致しない場合は当日ご入場いただけない場合がありますので、ご注意ください。
●出品について
受付開始になりましたら
「TAPIRS TICKET」申込履歴
より行えます。
※申込者・同行者どちらのチケットを出品する場合も、申込者のみ出品操作が可能です。出品の際には必ず出品するチケットの氏名を選択して出品してください。
※今まで発行しておりました「マッチング専用パスワード」は不要となります。
※※重要※※
イベントへの入場には、
【有効な顔写真付き身分証明書(※下記参照)・チケット】
が必要です。
いずれかをお持ちでない場合はご参加いただけませんのでご注意ください。
★本イベントにおける有効な顔写真付き身分証明書
○ 運転免許証（各都道府県公安委員会が発行するもの）
○ マイナンバーカード
○ パスポート
○ 在留カード / 特別永住者証明書（外国人登録証明書）
○ 障害者手帳
○ 学生証
○ 住民基本台帳カード *有効期限内・記載事項に変更のない場合に限る
※ 全てにおいて、コピー不可・有効期限切れ不可・顔写真無し不可
※ チケット表示氏名と一致するものに限ります
（「崎」や「高」等、旧漢字・新漢字等の違いは可）
※ 社員証・taspoは不可
※ 外国籍の方は＜パスポート・在留カード・特別永住者証明書（外国人登録証明書）＞のいずれかをお持ちください
※ マイナンバーカードは年齢問わず、取得できます
>> マイナンバーカード総合サイト
※ マイナンバーカードの申請から発行までには、お時間がかかる場合がございます。
発行が間に合わない場合は、必ず別の有効な顔写真付き身分証明書をご用意ください。
♪入会をご検討の方へ
リセールの受付期間終了までに、ファンクラブページより【クレジットカード決済・コンビニ／ペイジー支払】にてご入会(入金完了まで)いただきますとチケットのお申し込みが可能です！
>> ご入会はこちらから！
【ご注意】
※Loppi／ローソンチケット、郵便振込からのお手続きは確認ができるまでに数日要しますのでご注意ください。
※チケット申込受付期間をよくお確かめの上、時間に余裕を持ってお手続きください。
【お問い合わせ先】
●「TAPIRS TICKET」に関するお問い合わせ先
チケットインフォメーション：
お問い合わせフォーム
※申し込み方法・同行者登録・ 当落確認・支払い方法・チケット発券に関するお問い合わせ先になります。
※お問い合わせの際は公演名欄に『水瀬いのりファンクラブイベント2025』とご入力ください。
●ファンクラブ会員ページログイン・その他に関するお問い合わせ先
水瀬いのりオフィシャルファンクラブ「いのりまち」
MAIL：
contact@inorimachi.com
※お名前のないメールにはお返事いたしかねます。（会員の方は会員番号もご明記ください）
※メールでのお問い合わせは、返信までに最大1週間ほどお時間がかかります。
※お問い合せの前にファンクラブからのメールを受信できるよう、下記メールアドレスの受信設定をお願いいたします。
・contact@inorimachi.com
・mail@inorimachi.com"
https://www.inorimachi.com/fc_news/2025/0620170000.html,2025.06.20,「いのりまち町民集会2025」グッズ通信販売　商品のお届けにつきまして,"「いのりまち町民集会2025 -ACOUSTIC LIVE シネマチックダイアリー-」グッズ通信販売の発送を、
6月20日(金)に開始いたしました！
商品の発送は順次行っております。
発送された方へは、発送完了メールにてお知らせいたします。
----------
※6月26日(木) すべての方への発送が完了いたしました！
----------
宅配伝票番号は【通信販売　発送完了のお知らせ】メール、
またはファンクラブページ内「グッズ」の購入履歴よりご確認いただけます。
不備・不良等お気づきの点がございましたら、商品到着から8日以内にファンクラブまでお問い合わせください。"
https://www.inorimachi.com/fc_news/2025/0620210000.html,2025.06.20,「Inori Minase 10th ANNIVERSARY LIVE TOUR Travel Record」会員先行優先予約のご案内,"「Inori Minase 10th ANNIVERSARY LIVE TOUR Travel Record」のファンクラブ会員チケット先行優先予約が決定いたしました！
>> 公演情報はこちら！
●申し込み詳細
《申込受付期間》
7月7日(月)15:00～7月21日(月・祝)17:00
《申込制限枚数》
各公演2枚まで
《当落発表》
7月31日(木)15:00予定
《入金期間》
7月31日(木)15:00～8月5日(火)23:59
●申し込み方法
チケット販売サイト「TAPIRS TICKET」を利用した電子チケットによる受付です。
詳細は「
水瀬いのりオフィシャルファンクラブ『いのりまち』電子チケット利用案内
」をご確認ください。
《受付ページ》
ファンクラブページメニュー内「チケット」より、該当の受付バナーをクリックの上、画面の案内に従ってお手続きください。
※ファンクラブ会員限定のチケット受付となりますため、「TAPIRS TICKET」内「受付一覧」には受付ページは表示されません。
【ご注意】
※「
TAPIRS MEMBERS
」への会員登録が必要となります。
TAPIRS MEMBERSの会員情報は、いのりまちの会員情報と同一の内容でご登録をお願いいたします。また、会員登録済みの方も、ご登録の内容が最新の情報と一致しているかご確認をお願いいたします。TAPIRS MEMBERSの会員情報といのりまちの会員情報の内容が一致しない場合は落選となる場合がありますので、ご注意ください。
※チケットのお申込み・当落結果確認・ご入金・公演へのご参加は、各期間において会員期限内である必要があります。
※受付ページ記載の注意事項を必ずご確認ください。ご了承いただきました上でのお手続きとなります。
※受付は先着順ではございません。申し込み者多数の場合、抽選にて当落を決定いたします。
※複数公演当選された場合、当選されたすべてのチケットをご購入いただきます。
※受付開始・終了間際は、アクセスが集中し繋がりにくくなる場合もございます。時間に余裕をもってお手続きください。
※いかなる理由におきましても、申込受付期間終了後の申込み・キャンセル・変更はできません。
ご不明な点のある方は、必ず申込受付期間内にファンクラブまでお問い合わせください。
※本受付では、チケットリセールシステムを実施予定です。詳細につきましては改めてご案内いたします。
----------------------------
♪入会をご検討の方へ
チケットの申込受付期間終了までに、ファンクラブページより【クレジットカード決済・コンビニ／ペイジー支払】にてご入会(入金完了まで)いただきますとチケットのお申し込みが可能です！
さらに、7月21日(月・祝)までにご入会いただいた方には会報誌を先着でプレゼント☆
>> ご入会はこちらから！
【ご注意】
※Loppi／ローソンチケット、郵便振込からのお手続きは期日が異なります。
下記期日を過ぎた場合、チケットはお申し込みいただけません。ご注意ください。
・Loppi／ローソンチケット：7月13日(日)
・郵便振込：7月13日(日)
※チケット申込受付期間は7月21日(月・祝)17:00に終了します。時間に余裕を持ってお手続きください。
【お問い合わせ先】
●「TAPIRS TICKET」に関するお問い合わせ先
チケットインフォメーション
お問い合わせフォーム
※申し込み方法・ 当落確認・支払い方法・チケット発券に関するお問い合わせ先になります。
※お問い合わせの際は公演名欄に『水瀬いのりツアー2025』とご入力ください。
●ファンクラブ会員ページログイン・その他に関するお問い合わせ先
水瀬いのりオフィシャルファンクラブ「いのりまち」
MAIL：
contact@inorimachi.com
※お名前のないメールにはお返事いたしかねます。（会員の方は会員番号もご明記ください）
※メールでのお問い合わせは、返信までに最大1週間ほどお時間がかかります。
※お問い合せの前にファンクラブからのメールを受信できるよう、下記メールアドレスの受信設定をお願いいたします。
・contact@inorimachi.com
・mail@inorimachi.com"
https://www.inorimachi.com/fc_news/2025/0623150000.html,2025.06.23,「いのりまち町民集会2025」ファンクラブカウンター設置のお知らせ,"「いのりまち町民集会2025 -ACOUSTIC LIVE シネマチックダイアリー-」の各会場におきまして、
ファンクラブカウンターを設置いたします。
こちらにて「いのりまち」継続手続きの受付を行います。
【会員証】をお持ちの上、カウンターまでお越しください。
【設置場所】
グッズ販売エリア付近
【対応時間】
グッズ販売開始時刻～終演後
【対　　象】
2025年11月30日までの方
【年 会 費】
\4,400
※開演中の受付はいたしません。
※会員証をお持ちの方は、事前に裏面記入欄に氏名をご記入の上ご来場ください。
※会員証をお持ちでない場合、ファンクラブページログイン後の画面の提示も有効です。
お手続きいただいた方には、継続特典をその場でお渡しします！
ぜひお立ち寄りください♪"
https://www.inorimachi.com/fc_news/2025/0623150001.html,2025.06.23,「いのりまち町民集会2025」グッズの2次通信販売・当日販売のお知らせ,"「いのりまち町民集会2025 -ACOUSTIC LIVE シネマチックダイアリー-」につきまして、グッズの2次通信販売とイベント会場にて当日グッズ販売を実施いたします。
【2次通信販売】
●受付期間
2025年7月7日(月)15:00～2025年7月21日(月・祝)23:59
●発送時期
7月中旬より順次発送
（決済完了から7～10日程度で発送予定）
●申し込み方法
ファンクラブページ内
「グッズ」
より、ご希望のアイテムをショッピングカートに入れ、決済方法を選択し代金をご入金ください。
●取扱商品
・受付期間中に限り、『
INORI MINASE OFFICIAL GOODS ONLINE SHOP
』で通年販売中の「くらりマスコットチャーム」と「くらりライトチャーム」をご購入いただけます。
・通信販売では、「公演別クリアカード」のお取扱いはございません。
《注意事項》
※通信販売と当日販売とでは、取扱商品が異なる可能性がございます。
※商品によっては受付期間内であっても販売終了する場合がございます。
※表示価格は全て消費税込みです。
※商品の画像は実際の色味やデザインとは異なる場合がございます。
※一度受付を終了した商品でも、状況により予告なく販売を再開させていただく場合がございます。
※購入手続き完了後のキャンセル及び注文内容変更、また不良品以外の返品・交換は対応いたしかねます。あらかじめご了承ください。
※今後の社会情勢等の影響によりお届けが遅れる可能性がございます。何卒ご理解いただきますようお願い申し上げます。
【当日販売】
●取扱商品
・当日販売でも『くらりライトチャーム』と『くらりマスコットチャーム』をお取扱いいたします。
《注意事項》
※公演チケットをお持ちでないファンクラブ会員様も「当日販売」をご利用いただけます。必ずご本人様の「会員証」もしくは「チケット」いずれかをご持参ください。(会員証をお持ちでない場合、ファンクラブページログイン後の画面の提示も有効です)
※開場準備等により、ご案内できないお時間帯がございますので、あらかじめご了承ください。
※混雑状況により、販売エリアへの入場人数を制限する場合もございます。
※グッズをお買い求めの際は、その場で、個数・合計金額・商品の不備等をご確認ください。後日の交換対応は原則としていたしかねますので、あらかじめご了承ください。
※買占めと思われる商品数をお買い求めのお客様には、スタッフより購入数量制限のお声掛けをさせていただく場合がございます。たくさんのお客様にお買い求めいただくため、ご協力をお願いいたします。
※イベント前日、及び当日の会場や会場周辺での徹夜、早朝からの座り込みはご遠慮ください。 会場周辺の方のご迷惑になるとともに、お客様の安全を守る為、徹夜行為は一切禁止させていただきます。
※待機列での場所取り・割り込みや、周囲の方のご迷惑になるような行為はご遠慮ください。また、会場係員の誘導には必ず従ってください。
※好天の日は会場外で気温が非常に高くなりますので、 熱中症対策などご自身の体調管理には 十分お気を付けください。
★会員証について
会員証をお持ちの方は、事前に裏面記入欄に氏名をご記入の上ご来場ください。
会員証をお持ちでない場合、ファンクラブページログイン後の画面の提示も有効です。
「いのりまち町民集会2025 -ACOUSTIC LIVE シネマチックダイアリー-」特設ページ"
https://www.inorimachi.com/fc_news/2025/0625170000.html,2025.06.25,ファンクラブ会報「いのりまちだより」投稿受付開始！,"ファンクラブ会報「いのりまちだより」31号の投稿受付を開始いたしました！
町長へのメッセージやライブ、アニメ、イベント、会報の感想、イラストやコーナーへの投稿などなど、みなさんのおたよりをお送りください♪
【ファンクラブページからの投稿】
ファンクラブページログイン後、「ポスト」からご投稿ください。
投稿締切：2025年7月29日(火)18:00
【郵便での投稿】
〒160-0023
東京都新宿区西新宿1-19-6 山手新宿ビル11F
水瀬いのりオフィシャルファンクラブ「いのりまち」○○○(各コーナー名)係
投稿締切：2025年7月29日(火)必着
たくさんの投稿、お待ちしております♪"
https://www.inorimachi.com/fc_news/2025/0625170001.html,2025.06.25,ファンクラブ会報「いのりまちだより」30号発送開始のお知らせ,"ファンクラブ会報「いのりまちだより」30号の発送を、6月25日(水)に開始いたしました！
7月9日(水)
になりましてもお手元に届かない場合は、
下記期間内にファンクラブまでお問い合わせください。
■未着問い合わせ期間
2025年7月9日(水)～7月23日(水)
※こちらの問い合わせ期間は6月17日(火)までにご入会・ご継続いただいた方を対象としております。
6月18日(水)以降にご入会・ご継続いただいた方は発送完了メール記載の未着問い合わせ期間をご確認ください。
■お問い合わせ先
MAIL：contact@inorimachi.com
件名：会報30号未着
本文：会員番号・氏名・住所・お問い合わせの詳細
----------
●2025年3月10日(月)～6月3日(火)までにご継続された方へ
継続特典の同封を予定しております。
※6月4日(水)以降にご継続手続きをされた方への継続特典のお届けは、
次回会報誌と同封しての発送を予定しており、最大で3ヶ月ほどお時間をいただく場合がございます。
----------
※未着問い合わせ期間以降にご連絡をいただきましても対応いたしかねますのでご注意ください。
※初回発送は、6月17日(火)までにご入会手続きを完了された方が対象です。
※6月18日(水)以降にご入会いただいた方へは、7月中旬より順次発送いたします。
※6月末までにご入会いただいた方を対象に発送いたします。
さらに、7月21日(月・祝)までにご入会いただいた方にも会報30号を先着でプレゼント！
※先着順での配布になります。予定数に達し次第、終了いたします。予めご了承ください。
※会報投稿は【6月25日(水)17:00】より「ポスト」にて受付中です。"
https://www.inorimachi.com/fc_news/2025/0625170002.html,2025.06.25,ファンクラブページ更新！,"「いのりまち」ファンクラブページを更新いたしました！
●TOP画像
ファンクラブページTOP画像がリニューアル♪♪
ぜひ
ログイン
してみてくださいね！
●「まちうけ」画像
ファンクラブページ
「まちうけ」
の画像を更新しました♪
期間限定での配信です！
町民さんはダウンロードをお忘れなく！
※画像の無断転載、複製、加工、または再配布する行為はご遠慮ください(ウェブサイト・SNSを含む)。"
https://www.inorimachi.com/fc_news/2025/0630150000.html,2025.06.30,まちの新聞「『いのりまち町民集会2025』グッズ紹介 町長編」更新！,"ファンクラブページ内
「まちの新聞」
で
「『いのりまち町民集会2025』グッズ紹介 町長編」
を公開しました！
いよいよ今週末から『いのりまち町民集会2025 -ACOUSTIC LIVE シネマチックダイアリー-』がスタート！
グッズの2次通信販売・当日販売の詳細
も決定しました♪
ぜひあわせてご覧ください！"
https://www.inorimachi.com/fc_news/2025/0702120000.html,2025.07.02,「いのりまち町民集会2025」埼玉公演電子チケット発券開始のご案内,"「いのりまち町民集会2025 -ACOUSTIC LIVE シネマチックダイアリー-」埼玉公演電子チケットの発券を開始いたしました。
●電子チケット(MOALA Ticket)の表示方法
TAPIRS TICKET
にログインし、チケット一覧より対象公演を選択し、[チケットを表示する]よりMOALA Ticketを表示してください。
※同行者登録をされた方は、申込者・同行者それぞれご自身のマイページにログインしてチケットをご確認ください。
※チケットとあわせて、ファンクラブ指定の有効な顔写真付き公的身分証明書を必ずお持ちください。チケットと顔写真付き身分証明書の氏名に相違がある場合、ご入場をお断りいたします。
※入場の際にチケットをご提示いただきます。必ず通信ができるスマートフォン端末をご利用ください。会場周辺やお客様のご契約回線の通信状況等によってはチケットの表示に時間がかかる可能性がありますので、事前にチケットをブラウザ上に表示した状態でお越しいただくようお願いいたします。
※開演直前はご入場口が混み合います。お時間に余裕を持ってご入場いただきますようご協力をお願いいたします。
※チケットの表示にはチケットサイトへのログインが必要になります。ログインIDはチケット発券開始メールが到着しているメールアドレスとなります。ログイン出来ない場合には、ご自身でパスワード再設定のお手続きをいただきますようお願いいたします。
※その他ご不明点は「TAPIRS TICKET」内、
FAQ
をご確認ください。
●いのりまちの会員期限が切れている方
電子チケットが無効となっております。
公演当日にいのりまちの会員でない場合はご入場いただくことができません。
公演への参加を希望される方は必ず事前に継続、または新規入会のお手続きをいただきますようお願いいたします。
※会員期限終了後、1ヶ月は猶予期間として継続手続きが可能です。
例）2025/6/30期限の方　→　2025/7/31まで継続としてお手続きいただけます。
※※重要※※
イベントへの入場には、
【有効な顔写真付き身分証明書(※下記参照)・チケット】
が必要です。
いずれかをお持ちでない場合はご参加いただけませんのでご注意ください。
★本イベントにおける有効な顔写真付き身分証明書
○ 運転免許証（各都道府県公安委員会が発行するもの）
○ マイナンバーカード
○ パスポート
○ 在留カード / 特別永住者証明書（外国人登録証明書）
○ 障害者手帳
○ 学生証
○ 住民基本台帳カード *有効期限内・記載事項に変更のない場合に限る
※ 全てにおいて、コピー不可・有効期限切れ不可・顔写真無し不可
※ チケット表示氏名と一致するものに限ります
（「崎」や「高」等、旧漢字・新漢字等の違いは可）
※ 社員証・taspoは不可
※ 外国籍の方は＜パスポート・在留カード・特別永住者証明書（外国人登録証明書）＞のいずれかをお持ちください
※ マイナンバーカードは年齢問わず、取得できます
>> マイナンバーカード総合サイト
※ マイナンバーカードの申請から発行までには、お時間がかかる場合がございます。
発行が間に合わない場合は、必ず別の有効な顔写真付き身分証明書をご用意ください。
【お問い合わせ先】
●「TAPIRS TICKET」に関するお問い合わせ先
チケットインフォメーション：
お問い合わせフォーム
※申し込み方法・同行者登録・ 当落確認・支払い方法・チケット発券に関するお問い合わせ先になります。
※お問い合わせの際は公演名欄に『水瀬いのりファンクラブイベント2025』とご入力ください。
●ファンクラブ会員ページログイン・その他に関するお問い合わせ先
水瀬いのりオフィシャルファンクラブ「いのりまち」
MAIL：
contact@inorimachi.com
※お名前のないメールにはお返事いたしかねます。（会員の方は会員番号もご明記ください）
※メールでのお問い合わせは、返信までに最大1週間ほどお時間がかかります。
※お問い合せの前にファンクラブからのメールを受信できるよう、下記メールアドレスの受信設定をお願いいたします。
・contact@inorimachi.com
・mail@inorimachi.com"
https://www.inorimachi.com/fc_news/2025/0704150000.html,2025.07.04,「いのりまち町民集会2025」宮城公演 機材席開放につきチケット追加販売決定！,"「いのりまち町民集会2025 -ACOUSTIC LIVE シネマチックダイアリー-」宮城公演に関しまして、機材席の開放に伴いチケットの追加販売を行います。
>> 公演情報はこちら！
●販売期間
7月9日(水)15:00～
※先着順での受付です
※予定枚数に達し次第終了となります
●購入について
ファンクラブページ
「チケット」
内、「いのりまちチケット受付ページ」のバナーより画面の案内に従ってお手続きください。
※同行者の登録はできません。1人1枚でのお申し込みのみとなります。
※同一公演のチケットが当選(購入)されている方はご購入いただけません
※お支払い方法はクレジットカードのみです。
※TAPIRS MEMBERSの会員情報は、いのりまちの会員情報と同一の内容でご登録をお願いいたします。
また、会員登録済みの方も、ご登録の内容が最新の情報と一致しているかご確認をお願いいたします。
TAPIRS MEMBERSの会員情報といのりまちの会員情報の内容が一致しない場合は当日ご入場いただけない場合がありますのでご注意ください。
※※重要※※
イベントへの入場には、
【有効な顔写真付き身分証明書(※下記参照)・チケット】
が必要です。
いずれかをお持ちでない場合はご参加いただけませんのでご注意ください。
★本イベントにおける有効な顔写真付き身分証明書
○ 運転免許証（各都道府県公安委員会が発行するもの）
○ マイナンバーカード
○ パスポート
○ 在留カード / 特別永住者証明書（外国人登録証明書）
○ 障害者手帳
○ 学生証
○ 住民基本台帳カード *有効期限内・記載事項に変更のない場合に限る
※ 全てにおいて、コピー不可・有効期限切れ不可・顔写真無し不可
※ チケット表示氏名と一致するものに限ります
（「崎」や「高」等、旧漢字・新漢字等の違いは可）
※ 社員証・taspoは不可
※ 外国籍の方は＜パスポート・在留カード・特別永住者証明書（外国人登録証明書）＞のいずれかをお持ちください
※ マイナンバーカードは年齢問わず、取得できます
>> マイナンバーカード総合サイト
※ マイナンバーカードの申請から発行までには、お時間がかかる場合がございます。
発行が間に合わない場合は、必ず別の有効な顔写真付き身分証明書をご用意ください。
♪入会をご検討の方へ
ファンクラブページより【クレジットカード決済・コンビニ／ペイジー支払】にてご入会(入金完了まで)いただきますとチケットのご購入が可能です！
>> ご入会はこちらから！
【ご注意】
※Loppi／ローソンチケット、郵便振込からのお手続きは確認ができるまでに数日要しますのでご注意ください。
※チケット申込受付期間をよくお確かめの上、時間に余裕を持ってお手続きください。
【お問い合わせ先】
●「TAPIRS TICKET」に関するお問い合わせ先
チケットインフォメーション：
お問い合わせフォーム
※申し込み方法・同行者登録・ 当落確認・支払い方法・チケット発券に関するお問い合わせ先になります。
※お問い合わせの際は公演名欄に『水瀬いのりファンクラブイベント2025』とご入力ください。
●ファンクラブ会員ページログイン・その他に関するお問い合わせ先
水瀬いのりオフィシャルファンクラブ「いのりまち」
MAIL：
contact@inorimachi.com
※お名前のないメールにはお返事いたしかねます。（会員の方は会員番号もご明記ください）
※メールでのお問い合わせは、返信までに最大1週間ほどお時間がかかります。
※お問い合せの前にファンクラブからのメールを受信できるよう、下記メールアドレスの受信設定をお願いいたします。
・contact@inorimachi.com
・mail@inorimachi.com"
https://www.inorimachi.com/fc_news/2025/0707150000.html,2025.07.07,「いのりまち町民集会2025」グッズ2次通信販売受付開始！,"「いのりまち町民集会2025 -ACOUSTIC LIVE シネマチックダイアリー-」グッズの2次通信販売申し込み受付を開始しました！
>> グッズラインナップはこちら！
●申し込み方法
ファンクラブページ内
「グッズ」
より、ご希望のアイテムをショッピングカートに入れ、決済方法を選択し代金をご入金ください。
●申込み受付期間
2025年7月7日(月)15:00～2025年7月21日(月・祝)23:59
●発送時期
7月中旬より順次発送
（決済完了から7～10日程度で発送予定）
●取扱商品
全アイテム
・受付期間中に限り、『
INORI MINASE OFFICIAL GOODS ONLINE SHOP
』で通年販売中の「くらりマスコットチャーム」と「くらりライトチャーム」をご購入いただけます。
・通信販売では、「公演別クリアカード」のお取扱いはございません。
《注意事項》
※通信販売と当日販売とでは、取扱商品が異なる可能性がございます。
※商品によっては受付期間内であっても販売終了する場合がございます。
※表示価格は全て消費税込みです。
※商品の画像は実際の色味やデザインとは異なる場合がございます。
※一度受付を終了した商品でも、状況により予告なく販売を再開させていただく場合がございます。
※購入手続き完了後のキャンセル及び注文内容変更、また不良品以外の返品・交換は対応いたしかねます。あらかじめご了承ください。
※今後の社会情勢等の影響によりお届けが遅れる可能性がございます。何卒ご理解いただきますようお願い申し上げます。"
https://www.inorimachi.com/fc_news/2025/0707150001.html,2025.07.07,「Inori Minase 10th ANNIVERSARY LIVE TOUR Travel Record」会員先行優先予約受付開始のご案内,"「Inori Minase 10th ANNIVERSARY LIVE TOUR Travel Record」のファンクラブ会員チケット先行優先予約の受付を開始いたしました！
>> 公演情報はこちら！
●申し込み詳細
《申込受付期間》
7月7日(月)15:00～7月21日(月・祝)17:00
《申込制限枚数》
各公演2枚まで
《当落発表》
7月31日(木)15:00予定
《入金期間》
7月31日(木)15:00～8月5日(火)23:59
●申し込み方法
チケット販売サイト「TAPIRS TICKET」を利用した電子チケットによる受付です。
《受付ページ》
ファンクラブページメニュー「チケット」内、「いのりまちチケット受付ページ」のバナーより画面の案内に従ってお手続きください。
※ファンクラブ会員限定のチケット受付となりますため、「TAPIRS TICKET」内「受付一覧」には受付ページは表示されません。
【ご注意】
※「
TAPIRS MEMBERS
」への会員登録が必要となります。
TAPIRS MEMBERSの会員情報は、いのりまちの会員情報と同一の内容でご登録をお願いいたします。また、会員登録済みの方も、ご登録の内容が最新の情報と一致しているかご確認をお願いいたします。TAPIRS MEMBERSの会員情報といのりまちの会員情報の内容が一致しない場合は落選となる場合がありますので、ご注意ください。
※チケットのお申込み・当落結果確認・ご入金・公演へのご参加は、各期間において会員期限内である必要があります。
※受付ページ記載の注意事項を必ずご確認ください。ご了承いただきました上でのお手続きとなります。
※受付は先着順ではございません。申し込み者多数の場合、抽選にて当落を決定いたします。
※複数公演当選された場合、当選されたすべてのチケットをご購入いただきます。
※受付開始・終了間際は、アクセスが集中し繋がりにくくなる場合もございます。時間に余裕をもってお手続きください。
※いかなる理由におきましても、申込受付期間終了後の申込み・キャンセル・変更はできません。
ご不明な点のある方は、必ず申込受付期間内にファンクラブまでお問い合わせください。
※本受付では、チケットリセールシステムを実施予定です。詳細につきましては改めてご案内いたします。
----------------------------
♪入会をご検討の方へ
チケットの申込受付期間終了までに、ファンクラブページより【クレジットカード決済・コンビニ／ペイジー支払】にてご入会(入金完了まで)いただきますとチケットのお申し込みが可能です！
さらに、7月21日(月・祝)までにご入会いただいた方には会報誌を先着でプレゼント☆
>> ご入会はこちらから！
【ご注意】
※Loppi／ローソンチケット、郵便振込からのお手続きは期日が異なります。
下記期日を過ぎた場合、チケットはお申し込みいただけません。ご注意ください。
・Loppi／ローソンチケット：7月13日(日)
・郵便振込：7月13日(日)
※チケット申込受付期間は7月21日(月・祝)17:00に終了します。時間に余裕を持ってお手続きください。
【お問い合わせ先】
●「TAPIRS TICKET」に関するお問い合わせ先
チケットインフォメーション
お問い合わせフォーム
※申し込み方法・ 当落確認・支払い方法・チケット発券に関するお問い合わせ先になります。
※お問い合わせの際は公演名欄に『水瀬いのりツアー2025』とご入力ください。
●ファンクラブ会員ページログイン・その他に関するお問い合わせ先
水瀬いのりオフィシャルファンクラブ「いのりまち」
MAIL：
contact@inorimachi.com
※お名前のないメールにはお返事いたしかねます。（会員の方は会員番号もご明記ください）
※メールでのお問い合わせは、返信までに最大1週間ほどお時間がかかります。
※お問い合せの前にファンクラブからのメールを受信できるよう、下記メールアドレスの受信設定をお願いいたします。
・contact@inorimachi.com
・mail@inorimachi.com"
https://www.inorimachi.com/fc_news/2025/0709120000.html,2025.07.09,「いのりまち町民集会2025」大阪公演電子チケット発券開始のご案内,"「いのりまち町民集会2025 -ACOUSTIC LIVE シネマチックダイアリー-」大阪公演電子チケットの発券を開始いたしました。
●電子チケット(MOALA Ticket)の表示方法
TAPIRS TICKET
にログインし、チケット一覧より対象公演を選択し、[チケットを表示する]よりMOALA Ticketを表示してください。
※同行者登録をされた方は、申込者・同行者それぞれご自身のマイページにログインしてチケットをご確認ください。
※チケットとあわせて、ファンクラブ指定の有効な顔写真付き公的身分証明書を必ずお持ちください。チケットと顔写真付き身分証明書の氏名に相違がある場合、ご入場をお断りいたします。
※入場の際にチケットをご提示いただきます。必ず通信ができるスマートフォン端末をご利用ください。会場周辺やお客様のご契約回線の通信状況等によってはチケットの表示に時間がかかる可能性がありますので、事前にチケットをブラウザ上に表示した状態でお越しいただくようお願いいたします。
※開演直前はご入場口が混み合います。お時間に余裕を持ってご入場いただきますようご協力をお願いいたします。
※チケットの表示にはチケットサイトへのログインが必要になります。ログインIDはチケット発券開始メールが到着しているメールアドレスとなります。ログイン出来ない場合には、ご自身でパスワード再設定のお手続きをいただきますようお願いいたします。
※その他ご不明点は「TAPIRS TICKET」内、
FAQ
をご確認ください。
●いのりまちの会員期限が切れている方
電子チケットが無効となっております。
公演当日にいのりまちの会員でない場合はご入場いただくことができません。
公演への参加を希望される方は必ず事前に継続、または新規入会のお手続きをいただきますようお願いいたします。
※会員期限終了後、1ヶ月は猶予期間として継続手続きが可能です。
例）2025/6/30期限の方　→　2025/7/31まで継続としてお手続きいただけます。
※※重要※※
イベントへの入場には、
【有効な顔写真付き身分証明書(※下記参照)・チケット】
が必要です。
いずれかをお持ちでない場合はご参加いただけませんのでご注意ください。
★本イベントにおける有効な顔写真付き身分証明書
○ 運転免許証（各都道府県公安委員会が発行するもの）
○ マイナンバーカード
○ パスポート
○ 在留カード / 特別永住者証明書（外国人登録証明書）
○ 障害者手帳
○ 学生証
○ 住民基本台帳カード *有効期限内・記載事項に変更のない場合に限る
※ 全てにおいて、コピー不可・有効期限切れ不可・顔写真無し不可
※ チケット表示氏名と一致するものに限ります
（「崎」や「高」等、旧漢字・新漢字等の違いは可）
※ 社員証・taspoは不可
※ 外国籍の方は＜パスポート・在留カード・特別永住者証明書（外国人登録証明書）＞のいずれかをお持ちください
※ マイナンバーカードは年齢問わず、取得できます
>> マイナンバーカード総合サイト
※ マイナンバーカードの申請から発行までには、お時間がかかる場合がございます。
発行が間に合わない場合は、必ず別の有効な顔写真付き身分証明書をご用意ください。
【お問い合わせ先】
●「TAPIRS TICKET」に関するお問い合わせ先
チケットインフォメーション：
お問い合わせフォーム
※申し込み方法・同行者登録・ 当落確認・支払い方法・チケット発券に関するお問い合わせ先になります。
※お問い合わせの際は公演名欄に『水瀬いのりファンクラブイベント2025』とご入力ください。
●ファンクラブ会員ページログイン・その他に関するお問い合わせ先
水瀬いのりオフィシャルファンクラブ「いのりまち」
MAIL：
contact@inorimachi.com
※お名前のないメールにはお返事いたしかねます。（会員の方は会員番号もご明記ください）
※メールでのお問い合わせは、返信までに最大1週間ほどお時間がかかります。
※お問い合せの前にファンクラブからのメールを受信できるよう、下記メールアドレスの受信設定をお願いいたします。
・contact@inorimachi.com
・mail@inorimachi.com"
https://www.inorimachi.com/fc_news/2025/0709150000.html,2025.07.09,「いのりまち町民集会2025」宮城公演 チケット追加販売開始！,"「いのりまち町民集会2025 -ACOUSTIC LIVE シネマチックダイアリー-」宮城公演に関しまして、チケットの追加販売を開始いたしました！
>> 公演情報はこちら！
●販売期間
7月9日(水)15:00～
※先着順での受付です
※予定枚数に達し次第終了となります
●購入について
ファンクラブページ
「チケット」
内、「いのりまちチケット受付ページ」のバナーより画面の案内に従ってお手続きください。
※同行者の登録はできません。1人1枚でのお申し込みのみとなります。
※同一公演のチケットが当選(購入)されている方はご購入いただけません
※お支払い方法はクレジットカードのみです。
※TAPIRS MEMBERSの会員情報は、いのりまちの会員情報と同一の内容でご登録をお願いいたします。
また、会員登録済みの方も、ご登録の内容が最新の情報と一致しているかご確認をお願いいたします。
TAPIRS MEMBERSの会員情報といのりまちの会員情報の内容が一致しない場合は当日ご入場いただけない場合がありますのでご注意ください。
※※重要※※
イベントへの入場には、
【有効な顔写真付き身分証明書(※下記参照)・チケット】
が必要です。
いずれかをお持ちでない場合はご参加いただけませんのでご注意ください。
★本イベントにおける有効な顔写真付き身分証明書
○ 運転免許証（各都道府県公安委員会が発行するもの）
○ マイナンバーカード
○ パスポート
○ 在留カード / 特別永住者証明書（外国人登録証明書）
○ 障害者手帳
○ 学生証
○ 住民基本台帳カード *有効期限内・記載事項に変更のない場合に限る
※ 全てにおいて、コピー不可・有効期限切れ不可・顔写真無し不可
※ チケット表示氏名と一致するものに限ります
（「崎」や「高」等、旧漢字・新漢字等の違いは可）
※ 社員証・taspoは不可
※ 外国籍の方は＜パスポート・在留カード・特別永住者証明書（外国人登録証明書）＞のいずれかをお持ちください
※ マイナンバーカードは年齢問わず、取得できます
>> マイナンバーカード総合サイト
※ マイナンバーカードの申請から発行までには、お時間がかかる場合がございます。
発行が間に合わない場合は、必ず別の有効な顔写真付き身分証明書をご用意ください。
♪入会をご検討の方へ
ファンクラブページより【クレジットカード決済・コンビニ／ペイジー支払】にてご入会(入金完了まで)いただきますとチケットのご購入が可能です！
>> ご入会はこちらから！
【ご注意】
※Loppi／ローソンチケット、郵便振込からのお手続きは確認ができるまでに数日要しますのでご注意ください。
※チケット申込受付期間をよくお確かめの上、時間に余裕を持ってお手続きください。
【お問い合わせ先】
●「TAPIRS TICKET」に関するお問い合わせ先
チケットインフォメーション：
お問い合わせフォーム
※申し込み方法・同行者登録・ 当落確認・支払い方法・チケット発券に関するお問い合わせ先になります。
※お問い合わせの際は公演名欄に『水瀬いのりファンクラブイベント2025』とご入力ください。
●ファンクラブ会員ページログイン・その他に関するお問い合わせ先
水瀬いのりオフィシャルファンクラブ「いのりまち」
MAIL：
contact@inorimachi.com
※お名前のないメールにはお返事いたしかねます。（会員の方は会員番号もご明記ください）
※メールでのお問い合わせは、返信までに最大1週間ほどお時間がかかります。
※お問い合せの前にファンクラブからのメールを受信できるよう、下記メールアドレスの受信設定をお願いいたします。
・contact@inorimachi.com
・mail@inorimachi.com"
https://www.inorimachi.com/fc_news/2025/0710150000.html,2025.07.10,まちの新聞「『いのりまちだより』30号 出張版」更新！,"ファンクラブページ内
「まちの新聞」
で
『いのりまちだより』30号「まちのひろば＆みんなのお家のくらりちゃん出張版」、「町長からの挑戦状！出張版」
を公開しました！
みなさんからいただいたおたよりをご紹介！
ぜひチェックしてみてください♪"
https://www.inorimachi.com/fc_news/2025/0710150001.html,2025.07.10,まちの映画館「ファンクラブページ更新！」更新！,"ファンクラブページ内
「まちの映画館」
を更新しました！
6月にリニューアルしました、ファンクラブTOP画像撮影の様子を町長にお話ししてもらいました♪
TOP画像＆まちうけとあわせて、ぜひチェックしてみてください！"
https://www.inorimachi.com/fc_news/2025/0711150000.html,2025.07.11,まちの写真館「Inori Minase LIVE TOUR 2023 SCRAP ART」更新！,"ファンクラブページ内
「まちの写真館」
で
「Inori Minase LIVE TOUR 2023 SCRAP ART」ライブ写真
を公開しました！
LIVE ALBUM「Inori Minase LIVE TOUR 2023 SCRAP ART」
とあわせて、ぜひチェックしてみてください♪"
https://www.inorimachi.com/fc_news/2025/0716150000.html,2025.07.16,"「まちの映画館～町内""生""放送～」放送決定！　※7/28更新","「まちの映画館～町内""生""放送～」の次回放送が決定しました！
【まちの映画館～町内""生""放送～】
日時：2025年7月28日(月) 21:30頃
※オンライン生配信です。
※配信時間は変更になる可能性がございます。また、前後する可能性もございますのでご了承ください。
※アーカイブは8月24日(日)23:59までを予定しております。
●視聴方法
ファンクラブページ内
「まちの映画館」
よりご覧いただけます。
●注意事項
・動画配信・視聴にはタイムラグが生じる場合がございます。
・途中から視聴した場合はその時点からのライブ配信となり、時間を戻しての再生はできませんのでご了承ください。
・コメントがうまく送信されない場合がございます。その際はご視聴するブラウザやデバイスを変更してお試しください。
・同じ内容のコメントを続けて投稿するのはお控えください。
・ご視聴に関わるインターネット通信費用はお客様のご負担となります。
・動画配信となりデータ通信量が多くなることが想定されるため、安定したインターネット環境(Wi-Fi等)のご利用を推奨いたします。
・配信には機材・回線等、最善の準備を行い実施しますが、生配信である特性上、不慮の一時中断や乱れなどが起こる可能性がある点、ご了承ください。
・お客様のインターネット環境に伴う閲覧の不具合に関しては対応は一切できかねます。
・本配信は配信プラットフォーム「Vimeo」を使用します。ご視聴の推奨環境は
こちら
よりご確認ください。
・日本国外からご視聴の際は、
「Vimeo」の視聴対応地域
にご注意ください。
・本配信の撮影、録音及び録画は一切禁止させていただきます。
また、無断転載、複製、加工、再配布する行為もご遠慮ください(ウェブサイト・SNSを含む)。"
https://www.inorimachi.com/fc_news/2025/0717120000.html,2025.07.17,「いのりまち町民集会2025」宮城公演電子チケット発券開始のご案内,"「いのりまち町民集会2025 -ACOUSTIC LIVE シネマチックダイアリー-」宮城公演電子チケットの発券を開始いたしました。
●電子チケット(MOALA Ticket)の表示方法
TAPIRS TICKET
にログインし、チケット一覧より対象公演を選択し、[チケットを表示する]よりMOALA Ticketを表示してください。
※先着受付でご購入の方のみ、座席番号の表示が7/18(金)となる可能性がございます。発券開始予定日に座席番号をご確認いただくことはできませんのでご了承ください。
※同行者登録をされた方は、申込者・同行者それぞれご自身のマイページにログインしてチケットをご確認ください。
※チケットとあわせて、ファンクラブ指定の有効な顔写真付き公的身分証明書を必ずお持ちください。チケットと顔写真付き身分証明書の氏名に相違がある場合、ご入場をお断りいたします。
※入場の際にチケットをご提示いただきます。必ず通信ができるスマートフォン端末をご利用ください。会場周辺やお客様のご契約回線の通信状況等によってはチケットの表示に時間がかかる可能性がありますので、事前にチケットをブラウザ上に表示した状態でお越しいただくようお願いいたします。
※開演直前はご入場口が混み合います。お時間に余裕を持ってご入場いただきますようご協力をお願いいたします。
※チケットの表示にはチケットサイトへのログインが必要になります。ログインIDはチケット発券開始メールが到着しているメールアドレスとなります。ログイン出来ない場合には、ご自身でパスワード再設定のお手続きをいただきますようお願いいたします。
※その他ご不明点は「TAPIRS TICKET」内、
FAQ
をご確認ください。
●いのりまちの会員期限が切れている方
電子チケットが無効となっております。
公演当日にいのりまちの会員でない場合はご入場いただくことができません。
公演への参加を希望される方は必ず事前に継続、または新規入会のお手続きをいただきますようお願いいたします。
※会員期限終了後、1ヶ月は猶予期間として継続手続きが可能です。
例）2025/6/30期限の方　→　2025/7/31まで継続としてお手続きいただけます。
※※重要※※
イベントへの入場には、
【有効な顔写真付き身分証明書(※下記参照)・チケット】
が必要です。
いずれかをお持ちでない場合はご参加いただけませんのでご注意ください。
★本イベントにおける有効な顔写真付き身分証明書
○ 運転免許証（各都道府県公安委員会が発行するもの）
○ マイナンバーカード
○ パスポート
○ 在留カード / 特別永住者証明書（外国人登録証明書）
○ 障害者手帳
○ 学生証
○ 住民基本台帳カード *有効期限内・記載事項に変更のない場合に限る
※ 全てにおいて、コピー不可・有効期限切れ不可・顔写真無し不可
※ チケット表示氏名と一致するものに限ります
（「崎」や「高」等、旧漢字・新漢字等の違いは可）
※ 社員証・taspoは不可
※ 外国籍の方は＜パスポート・在留カード・特別永住者証明書（外国人登録証明書）＞のいずれかをお持ちください
※ マイナンバーカードは年齢問わず、取得できます
>> マイナンバーカード総合サイト
※ マイナンバーカードの申請から発行までには、お時間がかかる場合がございます。
発行が間に合わない場合は、必ず別の有効な顔写真付き身分証明書をご用意ください。
【お問い合わせ先】
●「TAPIRS TICKET」に関するお問い合わせ先
チケットインフォメーション：
お問い合わせフォーム
※申し込み方法・同行者登録・ 当落確認・支払い方法・チケット発券に関するお問い合わせ先になります。
※お問い合わせの際は公演名欄に『水瀬いのりファンクラブイベント2025』とご入力ください。
●ファンクラブ会員ページログイン・その他に関するお問い合わせ先
水瀬いのりオフィシャルファンクラブ「いのりまち」
MAIL：
contact@inorimachi.com
※お名前のないメールにはお返事いたしかねます。（会員の方は会員番号もご明記ください）
※メールでのお問い合わせは、返信までに最大1週間ほどお時間がかかります。
※お問い合せの前にファンクラブからのメールを受信できるよう、下記メールアドレスの受信設定をお願いいたします。
・contact@inorimachi.com
・mail@inorimachi.com"
https://www.inorimachi.com/fc_news/2025/0728150000.html,2025.07.28,まちの新聞「『いのりまち町民集会2025』リハーサルレポート編」更新！,"ファンクラブページ内
「まちの新聞」
で
「『いのりまち町民集会2025』リハーサルレポート編」
を公開しました！
8月8日(金)よりスタートする事後配信に先がけて、
「いのりまち町民集会2025 -ACOUSTIC LIVE シネマチックダイアリー-」リハーサル初日の模様をお届けします！
ぜひお楽しみください♪
** ┈┈┈┈┈┈┈┈┈┈┈**
「いのりまち町民集会2025 -ACOUSTIC LIVE シネマチックダイアリー-」
8月8日(金)19時事後配信スタート！
配信期間：8月8日(金)19:00～8月24日(日)23:59
チケット販売期間：8月24(日)20:00まで
** ┈┈┈┈┈┈┈┈┈┈┈**"
https://www.inorimachi.com/fc_news/2025/0731150000.html,2025.07.31,「Inori Minase 10th ANNIVERSARY LIVE TOUR Travel Record」会員先行優先予約当落結果のご案内,"「Inori Minase 10th ANNIVERSARY LIVE TOUR Travel Record」ファンクラブ会員チケット先行優先予約にお申し込みいただきました方へ、
当落結果のご案内を開始いたしました。
●当落確認・入金期間
7月31日(木)15:00～8月5日(火)23:59
●当落結果について
チケット販売サイト「TAPIRS TICKET」内
「チケット申込み履歴」
よりご確認いただけます。
また、チケット受付サイト「TAPIRS MEMBERS」にご登録いただいたメールアドレス宛に『抽選結果のお知らせ』メールをお送りしております。
※ファンクラブページメニュー内「チケット」より、該当の受付バナーをクリックいただくことでもログインが可能です。
●お支払いについて
詳細につきましては下記ページの「支払いについて」よりご確認ください。
https://faq.tks.re-tapirs.com/hc/ja/categories/9612413336591-TAPIRS-TICKET
【ご注意】
・チケットのお申し込み・当落結果確認・ご入金には、各期間において会員期限内である必要があります。
・公演終了後まで「TAPIRS MEMBERS」の会員登録は削除されないようお願いいたします。
・ファンクラブページ内では当落結果は確認できません。ご注意ください。
・いかなる理由におきましても、当選されたチケットのキャンセル・変更はできません。
・複数公演当選された場合、当選されたすべてのチケットをご購入いただきます。
・当落結果メール未着によるチケット代の未入金等には対応をいたしかねます。
・入金に不備・不明な点がある場合、選択した決済方法以外での入金や支払期限後の入金はすべて手数料を差し引き返金いたします。
その際、当選は無効となりチケットのご用意はできかねます。
・当選確定後、入金期間内にチケット代金の入金がない場合、今後ファンクラブで取り扱うオリジナルグッズ・チケット等の購入をお断りいたします。
【お問い合わせ先】
●「TAPIRS TICKET」に関するお問い合わせ先
チケットインフォメーション
お問い合わせフォーム
※申し込み方法・当落確認・支払い方法・チケット発券に関するお問い合わせ先になります。
※お問い合わせの際は公演名欄に『水瀬いのりツアー2025』とご入力ください。
●ファンクラブ会員ページログイン・その他に関するお問い合わせ先
水瀬いのりオフィシャルファンクラブ「いのりまち」
MAIL：
contact@inorimachi.com
※お名前のないメールにはお返事いたしかねます。（会員の方は会員番号もご明記ください）
※メールでのお問い合わせは、返信までに最大1週間ほどお時間がかかります。
※お問い合せの前にファンクラブからのメールを受信できるよう、下記メールアドレスの受信設定をお願いいたします。
・contact@inorimachi.com
・mail@inorimachi.com"
https://www.inorimachi.com/fc_news/2025/0801150000.html,2025.08.01,いのりまち 夏季休業のお知らせ,"夏季休業に伴い、下記期間のメール対応、並びに宅配便の受け取りを休業させていただきます。
■2025年8月12日(火)～8月15日(金)
期間中にいただきましたお問い合わせにつきましては、
8月18日(月)より順次お返事いたします。
ご利用の皆様にはご不便をおかけいたしますが、
ご理解、ご協力の程、何卒よろしくお願い申し上げます。"
https://www.inorimachi.com/fc_news/2025/0801150001.html,2025.08.01,〈兵庫・神奈川公演〉「Inori Minase 10th ANNIVERSARY LIVE TOUR Travel Record」会員先行優先予約2次受付のご案内,"「Inori Minase 10th ANNIVERSARY LIVE TOUR Travel Record」〈兵庫・神奈川公演〉のファンクラブ会員チケット先行優先予約2次受付が決定いたしました！
>> 公演情報はこちら！
●申し込み詳細
《申込受付期間》
8月7日(木)15:00～8月19日(火)17:00
《申込制限枚数》
各公演2枚まで
《当落発表》
8月28日(木)15:00予定
《入金期間》
8月28日(木)15:00～8月31日(日)23:59
●申し込み方法
チケット販売サイト
「TAPIRS TICKET」
を利用した電子チケットによる受付です。
《受付ページ》
ファンクラブページメニュー内「チケット」より、該当の受付バナーをクリックの上、画面の案内に従ってお手続きください。
※ファンクラブ会員限定のチケット受付となりますため、「TAPIRS TICKET」内「受付一覧」には受付ページは表示されません。
【ご注意】
※
「TAPIRS MEMBERS」
への会員登録が必要となります。
※受付ページ記載の注意事項を必ずご確認ください。ご了承いただきました上でのお手続きとなります。
※同一公演のチケットが当選(購入)した方は本受付にてチケット購入はできませんので、予めご了承ください。
※受付は先着順ではございません。申し込み者多数の場合、抽選にて当落を決定いたします。
※複数公演当選された場合、当選されたすべてのチケットをご購入いただきます。その際、それぞれお支払いのお手続きが必要となります。
※受付開始・終了間際は、アクセスが集中し繋がりにくくなる場合もございます。時間に余裕をもってお手続きください。
※いかなる理由におきましても、申込受付期間終了後の申込み・キャンセル・変更はできません。
ご不明な点のある方は、必ず申込受付期間内にファンクラブまでお問い合わせください。
※チケットの申し込み・当落結果確認・ご入金には、各期間において会員期限内である必要があります。
当ファンクラブでは、会員期限終了後、1ヶ月は猶予期間として継続手続きが可能です。
例）2025/7/31期限の方　→　2025/8/31まで継続としてお手続きいただけます。
----------------------------
♪入会をご検討の方へ
チケットの申込受付期間終了までに、ファンクラブページより【クレジットカード決済・コンビニ／ペイジー支払】にてご入会(入金完了まで)いただきますとチケットのお申し込みが可能です！
>> ご入会はこちらから！
【ご注意】
※Loppi／ローソンチケット、郵便振込からのお手続きは期日が異なります。
下記期日を過ぎた場合、チケットはお申し込みいただけません。ご注意ください。
・Loppi／ローソンチケット：8月17日(日)
・郵便振込：8月17日(日)
※チケット申込受付期間は8月19日(火)17:00に終了します。時間に余裕を持ってお手続きください。
【お問い合わせ先】
●チケット受付～発券に関するお問い合わせ先
チケットインフォメーション：
お問い合わせフォーム
※お問い合わせの際は公演名欄に『水瀬いのりツアー2025』とご入力ください。
※夏季休業：2025年8月13日(水)～8月17日(日)
●ファンクラブ会員ページログイン・その他に関するお問い合わせ先
水瀬いのりオフィシャルファンクラブ「いのりまち」
MAIL：
contact@inorimachi.com
※お名前のないメールにはお返事いたしかねます。（会員の方は会員番号もご明記ください）
※メールでのお問い合わせは、返信までに最大1週間ほどお時間がかかります。
※お問い合せの前にファンクラブからのメールを受信できるよう、下記メールアドレスの受信設定をお願いいたします。
・contact@inorimachi.com
・mail@inorimachi.com"
https://www.inorimachi.com/fc_news/2025/0804150000.html,2025.08.04,まちの新聞「2025年カレンダー撮影～7月＆8月編～」更新！,"ファンクラブページ内
「まちの新聞」
で
「2025年カレンダー撮影～7月＆8月編～」
を公開しました！撮影当日の様子をレポート！ぜひチェックしてみてください♪"
https://www.inorimachi.com/fc_news/2025/0807150000.html,2025.08.07,「いのりまちだよりファイル - Part 3 -」通年通信販売のお知らせ,"「いのりまち町民集会2025」グッズより、「いのりまちだよりファイル - Part 3 -」の通年販売を開始いたしました！
●価格
2,800円
●発送予定日
入金完了後、1か月前後で発送
●申し込み方法
ファンクラブページ内
「グッズ」
より、
ご希望のアイテムをショッピングカートに入れ、決済方法を選択し代金をご入金ください。
※別途、発送手数料+システム利用料がかかります。
※お申し込みが一定数に達した時点で受付を終了いたします。あらかじめご了承ください。"
https://www.inorimachi.com/fc_news/2025/0807150001.html,2025.08.07,〈兵庫・神奈川公演〉「Inori Minase 10th ANNIVERSARY LIVE TOUR Travel Record」会員先行優先予約2次受付開始のご案内,"「Inori Minase 10th ANNIVERSARY LIVE TOUR Travel Record」〈兵庫・神奈川公演〉のファンクラブ会員チケット先行優先予約2次受付を開始いたしました！
>> 公演情報はこちら！
●申し込み詳細
《申込受付期間》
8月7日(木)15:00～8月19日(火)17:00
《申込制限枚数》
各公演2枚まで
《当落発表》
8月28日(木)15:00予定
《入金期間》
8月28日(木)15:00～8月31日(日)23:59
●申し込み方法
チケット販売サイト
「TAPIRS TICKET」
を利用した電子チケットによる受付です。
《受付ページ》
ファンクラブページメニュー内「チケット」より、該当の受付バナーをクリックの上、画面の案内に従ってお手続きください。
※ファンクラブ会員限定のチケット受付となりますため、「TAPIRS TICKET」内「受付一覧」には受付ページは表示されません。
【ご注意】
※
「TAPIRS MEMBERS」
への会員登録が必要となります。
※受付ページ記載の注意事項を必ずご確認ください。ご了承いただきました上でのお手続きとなります。
※同一公演のチケットが当選(購入)した方は本受付にてチケット購入はできませんので、予めご了承ください。
※受付は先着順ではございません。申し込み者多数の場合、抽選にて当落を決定いたします。
※複数公演当選された場合、当選されたすべてのチケットをご購入いただきます。その際、それぞれお支払いのお手続きが必要となります。
※受付開始・終了間際は、アクセスが集中し繋がりにくくなる場合もございます。時間に余裕をもってお手続きください。
※いかなる理由におきましても、申込受付期間終了後の申込み・キャンセル・変更はできません。
ご不明な点のある方は、必ず申込受付期間内にファンクラブまでお問い合わせください。
※チケットの申し込み・当落結果確認・ご入金には、各期間において会員期限内である必要があります。
当ファンクラブでは、会員期限終了後、1ヶ月は猶予期間として継続手続きが可能です。
例）2025/7/31期限の方　→　2025/8/31まで継続としてお手続きいただけます。
----------------------------
♪入会をご検討の方へ
チケットの申込受付期間終了までに、ファンクラブページより【クレジットカード決済・コンビニ／ペイジー支払】にてご入会(入金完了まで)いただきますとチケットのお申し込みが可能です！
>> ご入会はこちらから！
【ご注意】
※Loppi／ローソンチケット、郵便振込からのお手続きは期日が異なります。
下記期日を過ぎた場合、チケットはお申し込みいただけません。ご注意ください。
・Loppi／ローソンチケット：8月17日(日)
・郵便振込：8月17日(日)
※チケット申込受付期間は8月19日(火)17:00に終了します。時間に余裕を持ってお手続きください。
【お問い合わせ先】
●チケット受付～発券に関するお問い合わせ先
チケットインフォメーション：
お問い合わせフォーム
※お問い合わせの際は公演名欄に『水瀬いのりツアー2025』とご入力ください。
※夏季休業：2025年8月13日(水)～8月17日(日)
●ファンクラブ会員ページログイン・その他に関するお問い合わせ先
水瀬いのりオフィシャルファンクラブ「いのりまち」
MAIL：
contact@inorimachi.com
※お名前のないメールにはお返事いたしかねます。（会員の方は会員番号もご明記ください）
※メールでのお問い合わせは、返信までに最大1週間ほどお時間がかかります。
※お問い合せの前にファンクラブからのメールを受信できるよう、下記メールアドレスの受信設定をお願いいたします。
・contact@inorimachi.com
・mail@inorimachi.com"
https://www.inorimachi.com/fc_news/2025/0808150000.html,2025.08.08,まちの写真館「Inori Minase LIVE TOUR 2024 heart bookmark」更新！,"ファンクラブページ内
「まちの写真館」
で
「Inori Minase LIVE TOUR 2024 heart bookmark」ライブ写真
を公開しました！
LIVE ALBUM「Inori Minase LIVE TOUR 2024 heart bookmark」
とあわせて、ぜひチェックしてみてください♪"
https://www.inorimachi.com/fc_news/2025/0819150000.html,2025.08.19,まちの新聞「『いのりまち町民集会2025』ライブレポート編」更新！　※8/21更新,"ファンクラブページ内
「まちの新聞」
で
「『いのりまち町民集会2025』ライブレポート編」
を公開しました！
----------
※8月21日 その5～8 更新しました！
----------
7月に開催されました「いのりまち町民集会2025 -ACOUSTIC LIVE シネマチックダイアリー-」各公演の様子を織り交ぜてお届けします！
ぜひ配信とあわせてお楽しみください☆
** ┈┈┈┈┈┈┈┈┈┈┈**
「いのりまち町民集会2025 -ACOUSTIC LIVE シネマチックダイアリー-」配信中！
配信期間：8月24日(日)23:59まで
チケット販売期間：8月24(日)20:00まで
** ┈┈┈┈┈┈┈┈┈┈┈**"
https://www.inorimachi.com/fc_news/2025/0828150000.html,2025.08.28,「Inori Minase 10th ANNIVERSARY LIVE TOUR Travel Record」会員先行優先予約2次受付 当落結果のご案内,"「Inori Minase 10th ANNIVERSARY LIVE TOUR Travel Record」ファンクラブ会員チケット先行優先予約2次受付にお申し込みいただきました方へ、当落結果のご案内を開始いたしました。
●当落確認・入金期間
8月28日(木)15:00～8月31日(日)23:59
●当落結果について
チケット販売サイト「TAPIRS TICKET」内
「チケット申込み履歴」
よりご確認いただけます。
また、チケット受付サイト「TAPIRS MEMBERS」にご登録いただいたメールアドレス宛に『抽選結果のお知らせ』メールをお送りしております。
※ファンクラブページメニュー内「チケット」より、該当の受付バナーをクリックいただくことでもログインが可能です。
●お支払いについて
詳細につきましては下記ページの「支払いについて」よりご確認ください。
https://faq.tks.re-tapirs.com/hc/ja/categories/9612413336591-TAPIRS-TICKET
【ご注意】
・チケットのお申し込み・当落結果確認・ご入金には、各期間において会員期限内である必要があります。
・公演終了後まで「TAPIRS MEMBERS」の会員登録は削除されないようお願いいたします。
・ファンクラブページ内では当落結果は確認できません。ご注意ください。
・いかなる理由におきましても、当選されたチケットのキャンセル・変更はできません。
・複数公演当選された場合、当選されたすべてのチケットをご購入いただきます。
・当落結果メール未着によるチケット代の未入金等には対応をいたしかねます。
・入金に不備・不明な点がある場合、選択した決済方法以外での入金や支払期限後の入金はすべて手数料を差し引き返金いたします。
その際、当選は無効となりチケットのご用意はできかねます。
・当選確定後、入金期間内にチケット代金の入金がない場合、今後ファンクラブで取り扱うオリジナルグッズ・チケット等の購入をお断りいたします。
【お問い合わせ先】
●「TAPIRS TICKET」に関するお問い合わせ先
チケットインフォメーション
お問い合わせフォーム
※申し込み方法・当落確認・支払い方法・チケット発券に関するお問い合わせ先になります。
※お問い合わせの際は公演名欄に『水瀬いのりツアー2025』とご入力ください。
●ファンクラブ会員ページログイン・その他に関するお問い合わせ先
水瀬いのりオフィシャルファンクラブ「いのりまち」
MAIL：
contact@inorimachi.com
※お名前のないメールにはお返事いたしかねます。（会員の方は会員番号もご明記ください）
※メールでのお問い合わせは、返信までに最大1週間ほどお時間がかかります。
※お問い合せの前にファンクラブからのメールを受信できるよう、下記メールアドレスの受信設定をお願いいたします。
・contact@inorimachi.com
・mail@inorimachi.com"
https://www.inorimachi.com/fc_news/2025/0829180000.html,2025.08.29,ファンクラブ会報「いのりまちだより」31号発行決定！,"ファンクラブ会報
「いのりまちだより」31号
の発行が決定しました！
31号の発送は9月下旬を予定しております。
今回は「いのりまち町民集会2025」特集や、ベストアルバム『Travel Record』・2ndハーフアルバム『Turquoise』の南フランスでのジャケット撮影の様子をお届けします！
その他、撮影レポートや町民さんと町長の交流コーナーなど、ここでしか見られない情報が満載の会報です♪
住所変更を希望される方は
【9月9日(火)12:00まで】
に
ファンクラブページログイン後、「まち役場」よりお手続きください。
住所変更がない方も、今一度ご登録内容のご確認をお願いいたします。
----------
●2025年6月4日(水)～9月8日(月)までにご継続された方へ
継続特典の同封を予定しております。
※9月9日(火)以降にご継続手続きをされた方への継続特典のお届けは、
次回会報誌と同封しての発送を予定しており、最大で3ヶ月ほどお時間をいただく場合がございます。
----------
※会報31号は、9月30日(火)までにご入会(入金完了まで)くださった方にお送りします。
※変更手続きがなく発送物未着のお問い合わせをいただいた場合、対応をいたしかねます。
※発送完了後は、まちの回覧板にてお知らせします。"
https://www.inorimachi.com/fc_news/2025/0829180001.html,2025.08.29,"「まちの映画館～町内""生""放送～」放送決定！　※9/3更新","「まちの映画館～町内""生""放送～」の次回放送が決定しました！
【まちの映画館～町内""生""放送～】
日時：2025年9月3日(水) 21:30頃
※オンライン生配信です。
※配信時間は変更になる可能性がございます。また、前後する可能性もございますのでご了承ください。
※アーカイブは9月30日(火)23:59までを予定しております。
●視聴方法
ファンクラブページ内
「まちの映画館」
よりご覧いただけます。
●注意事項
・動画配信・視聴にはタイムラグが生じる場合がございます。
・途中から視聴した場合はその時点からのライブ配信となり、時間を戻しての再生はできませんのでご了承ください。
・コメントがうまく送信されない場合がございます。その際はご視聴するブラウザやデバイスを変更してお試しください。
・同じ内容のコメントを続けて投稿するのはお控えください。
・ご視聴に関わるインターネット通信費用はお客様のご負担となります。
・動画配信となりデータ通信量が多くなることが想定されるため、安定したインターネット環境(Wi-Fi等)のご利用を推奨いたします。
・配信には機材・回線等、最善の準備を行い実施しますが、生配信である特性上、不慮の一時中断や乱れなどが起こる可能性がある点、ご了承ください。
・お客様のインターネット環境に伴う閲覧の不具合に関しては対応は一切できかねます。
・本配信は配信プラットフォーム「Vimeo」を使用します。ご視聴の推奨環境は
こちら
よりご確認ください。
・日本国外からご視聴の際は、
「Vimeo」の視聴対応地域
にご注意ください。
・本配信の撮影、録音及び録画は一切禁止させていただきます。
また、無断転載、複製、加工、再配布する行為もご遠慮ください(ウェブサイト・SNSを含む)。"
https://www.inorimachi.com/fc_news/2025/0904150000.html,2025.09.04,「Inori Minase 10th ANNIVERSARY LIVE TOUR Travel Record」リセール受付のご案内,"「Inori Minase 10th ANNIVERSARY LIVE TOUR Travel Record」では、チケットリセール受付を行います。
>> 公演情報はこちら！
----------------------------
〈リセールサービスとは〉
チケットリセールサービスは、チケット購入後にご来場いただけなくなった方（出品者）とチケット購入をご希望の方（申込者）を対象に、
自動抽選によるマッチングを行うシステムです。
▼ご利用前に「リセールサービスについてのご案内」をご確認ください。
https://tks.re-tapirs.com/guide/resale
----------------------------
●リセール受付期間(抽選)
兵庫公演：9月10日(水)12:00～9月16日(火)11:00
静岡公演：9月19日(金)12:00～9月24日(水)11:00
福岡公演：9月26日(金)12:00～10月1日(水)11:00
岡山公演：10月3日(金)12:00～10月8日(水)11:00
北海道公演：10月10日(金)12:00～10月15日(水)11:00
愛知、神奈川公演：10月24日(金)12:00～10月30日(木)11:00
●購入について
ファンクラブページ「チケット」内、該当の受付バナーより画面の案内に従ってお手続きください。
※購入ページは受付期間になりましたら、ファンクラブページ「チケット」内に表示されます。
※お支払い方法はクレジットカードのみです。
※TAPIRS MEMBERSの会員情報は、いのりまちの会員情報と同一の内容でご登録をお願いいたします。
また、会員登録済みの方も、ご登録の内容が最新の情報と一致しているかご確認をお願いいたします。
TAPIRS MEMBERSの会員情報といのりまちの会員情報の内容が一致しない場合は当日ご入場いただけない場合がありますので、ご注意ください。
●出品について
受付開始になりましたら
「TAPIRS TICKET」申込履歴
より行えます。
※今まで発行しておりました「マッチング専用パスワード」は不要となります。
♪入会をご検討の方へ
リセールの受付期間終了までに、ファンクラブページより【クレジットカード決済・コンビニ／ペイジー支払】にてご入会(入金完了まで)いただきますとチケットのお申し込みが可能です！
>> ご入会はこちらから！
【ご注意】
※Loppi／ローソンチケット、郵便振込からのお手続きは確認ができるまでに数日要しますのでご注意ください。
※チケット申込受付期間をよくお確かめの上、時間に余裕を持ってお手続きください。
【お問い合わせ先】
●「TAPIRS TICKET」に関するお問い合わせ先
チケットインフォメーション：
お問い合わせフォーム
※申し込み方法・ 当落確認・支払い方法・チケット発券に関するお問い合わせ先になります。
※お問い合わせの際は公演名欄に『水瀬いのりツアー2025』とご入力ください。
●ファンクラブ会員ページログイン・その他に関するお問い合わせ先
水瀬いのりオフィシャルファンクラブ「いのりまち」
MAIL：
contact@inorimachi.com
※お名前のないメールにはお返事いたしかねます。（会員の方は会員番号もご明記ください）
※メールでのお問い合わせは、返信までに最大1週間ほどお時間がかかります。
※お問い合せの前にファンクラブからのメールを受信できるよう、下記メールアドレスの受信設定をお願いいたします。
・contact@inorimachi.com
・mail@inorimachi.com"
https://www.inorimachi.com/fc_news/2025/0905150000.html,2025.09.05,まちの新聞「2nd HALF ALBUM『Turquoise』「夢のつづき」MUSIC VIDEO撮影編」更新！,"ファンクラブページ内
「まちの新聞」
で
「2nd HALF ALBUM『Turquoise』「夢のつづき」MUSIC VIDEO撮影編」
を公開しました！ミュージックビデオ撮影の様子をご紹介！「夢のつづき」MUSIC VIDEOとあわせてぜひご覧ください♪"
https://www.inorimachi.com/fc_news/2025/0910120000.html,2025.09.10,〈兵庫公演〉「Inori Minase 10th ANNIVERSARY LIVE TOUR Travel Record」リセール受付開始のご案内,"「Inori Minase 10th ANNIVERSARY LIVE TOUR Travel Record」会員先行優先予約、兵庫公演のチケットリセール受付を開始いたしました。
>> 公演情報はこちら！
----------------------------
〈リセールサービスとは〉
チケットリセールサービスは、チケット購入後にご来場いただけなくなった方（出品者）とチケット購入をご希望の方（申込者）を対象に、
自動抽選によるマッチングを行うシステムです。
▼ご利用前に「リセールサービスについてのご案内」をご確認ください。
https://tks.re-tapirs.com/guide/resale
----------------------------
●リセール受付期間(抽選)
兵庫公演：9月10日(水)12:00～9月16日(火)11:00
静岡公演：9月19日(金)12:00～9月24日(水)11:00
福岡公演：9月26日(金)12:00～10月1日(水)11:00
岡山公演：10月3日(金)12:00～10月8日(水)11:00
北海道公演：10月10日(金)12:00～10月15日(水)11:00
愛知、神奈川公演：10月24日(金)12:00～10月30日(木)11:00
●購入について
ファンクラブページ「チケット」内、該当の受付バナーより画面の案内に従ってお手続きください。
※購入ページは受付期間になりましたら、ファンクラブページ「チケット」内に表示されます。
※お支払い方法はクレジットカードのみです。
※TAPIRS MEMBERSの会員情報は、いのりまちの会員情報と同一の内容でご登録をお願いいたします。
また、会員登録済みの方も、ご登録の内容が最新の情報と一致しているかご確認をお願いいたします。
TAPIRS MEMBERSの会員情報といのりまちの会員情報の内容が一致しない場合は当日ご入場いただけない場合がありますので、ご注意ください。
●出品について
受付開始になりましたら
「TAPIRS TICKET」申込履歴
より行えます。
※今まで発行しておりました「マッチング専用パスワード」は不要となります。
♪入会をご検討の方へ
リセールの受付期間終了までに、ファンクラブページより【クレジットカード決済・コンビニ／ペイジー支払】にてご入会(入金完了まで)いただきますとチケットのお申し込みが可能です！
>> ご入会はこちらから！
【ご注意】
※Loppi／ローソンチケット、郵便振込からのお手続きは確認ができるまでに数日要しますのでご注意ください。
※チケット申込受付期間をよくお確かめの上、時間に余裕を持ってお手続きください。
【お問い合わせ先】
●「TAPIRS TICKET」に関するお問い合わせ先
チケットインフォメーション：
お問い合わせフォーム
※申し込み方法・ 当落確認・支払い方法・チケット発券に関するお問い合わせ先になります。
※お問い合わせの際は公演名欄に『水瀬いのりツアー2025』とご入力ください。
●ファンクラブ会員ページログイン・その他に関するお問い合わせ先
水瀬いのりオフィシャルファンクラブ「いのりまち」
MAIL：
contact@inorimachi.com
※お名前のないメールにはお返事いたしかねます。（会員の方は会員番号もご明記ください）
※メールでのお問い合わせは、返信までに最大1週間ほどお時間がかかります。
※お問い合せの前にファンクラブからのメールを受信できるよう、下記メールアドレスの受信設定をお願いいたします。
・contact@inorimachi.com
・mail@inorimachi.com"
https://www.inorimachi.com/fc_news/2025/0919120000.html,2025.09.19,〈静岡公演〉「Inori Minase 10th ANNIVERSARY LIVE TOUR Travel Record」リセール受付開始のご案内,"「Inori Minase 10th ANNIVERSARY LIVE TOUR Travel Record」会員先行優先予約、静岡公演のチケットリセール受付を開始いたしました。
>> 公演情報はこちら！
----------------------------
〈リセールサービスとは〉
チケットリセールサービスは、チケット購入後にご来場いただけなくなった方（出品者）とチケット購入をご希望の方（申込者）を対象に、
自動抽選によるマッチングを行うシステムです。
▼ご利用前に「リセールサービスについてのご案内」をご確認ください。
https://tks.re-tapirs.com/guide/resale
----------------------------
●リセール受付期間(抽選)
兵庫公演：9月10日(水)12:00～9月16日(火)11:00
受付終了
静岡公演：9月19日(金)12:00～9月24日(水)11:00
福岡公演：9月26日(金)12:00～10月1日(水)11:00
岡山公演：10月3日(金)12:00～10月8日(水)11:00
北海道公演：10月10日(金)12:00～10月15日(水)11:00
愛知、神奈川公演：10月24日(金)12:00～10月30日(木)11:00
●購入について
ファンクラブページ「チケット」内、該当の受付バナーより画面の案内に従ってお手続きください。
※購入ページは受付期間になりましたら、ファンクラブページ「チケット」内に表示されます。
※お支払い方法はクレジットカードのみです。
※TAPIRS MEMBERSの会員情報は、いのりまちの会員情報と同一の内容でご登録をお願いいたします。
また、会員登録済みの方も、ご登録の内容が最新の情報と一致しているかご確認をお願いいたします。
TAPIRS MEMBERSの会員情報といのりまちの会員情報の内容が一致しない場合は当日ご入場いただけない場合がありますので、ご注意ください。
●出品について
受付開始になりましたら
「TAPIRS TICKET」申込履歴
より行えます。
※今まで発行しておりました「マッチング専用パスワード」は不要となります。
♪入会をご検討の方へ
リセールの受付期間終了までに、ファンクラブページより【クレジットカード決済・コンビニ／ペイジー支払】にてご入会(入金完了まで)いただきますとチケットのお申し込みが可能です！
>> ご入会はこちらから！
【ご注意】
※Loppi／ローソンチケット、郵便振込からのお手続きは確認ができるまでに数日要しますのでご注意ください。
※チケット申込受付期間をよくお確かめの上、時間に余裕を持ってお手続きください。
【お問い合わせ先】
●「TAPIRS TICKET」に関するお問い合わせ先
チケットインフォメーション：
お問い合わせフォーム
※申し込み方法・ 当落確認・支払い方法・チケット発券に関するお問い合わせ先になります。
※お問い合わせの際は公演名欄に『水瀬いのりツアー2025』とご入力ください。
●ファンクラブ会員ページログイン・その他に関するお問い合わせ先
水瀬いのりオフィシャルファンクラブ「いのりまち」
MAIL：
contact@inorimachi.com
※お名前のないメールにはお返事いたしかねます。（会員の方は会員番号もご明記ください）
※メールでのお問い合わせは、返信までに最大1週間ほどお時間がかかります。
※お問い合せの前にファンクラブからのメールを受信できるよう、下記メールアドレスの受信設定をお願いいたします。
・contact@inorimachi.com
・mail@inorimachi.com"
https://www.inorimachi.com/fc_news/2025/0926120000.html,2025.09.26,〈福岡公演〉「Inori Minase 10th ANNIVERSARY LIVE TOUR Travel Record」リセール受付開始のご案内,"「Inori Minase 10th ANNIVERSARY LIVE TOUR Travel Record」会員先行優先予約、福岡公演のチケットリセール受付を開始いたしました。
>> 公演情報はこちら！
----------------------------
〈リセールサービスとは〉
チケットリセールサービスは、チケット購入後にご来場いただけなくなった方（出品者）とチケット購入をご希望の方（申込者）を対象に、
自動抽選によるマッチングを行うシステムです。
▼ご利用前に「リセールサービスについてのご案内」をご確認ください。
https://tks.re-tapirs.com/guide/resale
----------------------------
●リセール受付期間(抽選)
兵庫公演：9月10日(水)12:00～9月16日(火)11:00
受付終了
静岡公演：9月19日(金)12:00～9月24日(水)11:00
受付終了
福岡公演：9月26日(金)12:00～10月1日(水)11:00
岡山公演：10月3日(金)12:00～10月8日(水)11:00
北海道公演：10月10日(金)12:00～10月15日(水)11:00
愛知、神奈川公演：10月24日(金)12:00～10月30日(木)11:00
●購入について
ファンクラブページ「チケット」内、該当の受付バナーより画面の案内に従ってお手続きください。
※購入ページは受付期間になりましたら、ファンクラブページ「チケット」内に表示されます。
※お支払い方法はクレジットカードのみです。
※TAPIRS MEMBERSの会員情報は、いのりまちの会員情報と同一の内容でご登録をお願いいたします。
また、会員登録済みの方も、ご登録の内容が最新の情報と一致しているかご確認をお願いいたします。
TAPIRS MEMBERSの会員情報といのりまちの会員情報の内容が一致しない場合は当日ご入場いただけない場合がありますので、ご注意ください。
●出品について
受付開始になりましたら
「TAPIRS TICKET」申込履歴
より行えます。
※今まで発行しておりました「マッチング専用パスワード」は不要となります。
♪入会をご検討の方へ
リセールの受付期間終了までに、ファンクラブページより【クレジットカード決済・コンビニ／ペイジー支払】にてご入会(入金完了まで)いただきますとチケットのお申し込みが可能です！
>> ご入会はこちらから！
【ご注意】
※Loppi／ローソンチケット、郵便振込からのお手続きは確認ができるまでに数日要しますのでご注意ください。
※チケット申込受付期間をよくお確かめの上、時間に余裕を持ってお手続きください。
【お問い合わせ先】
●「TAPIRS TICKET」に関するお問い合わせ先
チケットインフォメーション：
お問い合わせフォーム
※申し込み方法・ 当落確認・支払い方法・チケット発券に関するお問い合わせ先になります。
※お問い合わせの際は公演名欄に『水瀬いのりツアー2025』とご入力ください。
●ファンクラブ会員ページログイン・その他に関するお問い合わせ先
水瀬いのりオフィシャルファンクラブ「いのりまち」
MAIL：
contact@inorimachi.com
※お名前のないメールにはお返事いたしかねます。（会員の方は会員番号もご明記ください）
※メールでのお問い合わせは、返信までに最大1週間ほどお時間がかかります。
※お問い合せの前にファンクラブからのメールを受信できるよう、下記メールアドレスの受信設定をお願いいたします。
・contact@inorimachi.com
・mail@inorimachi.com"
https://www.inorimachi.com/fc_news/2025/0929150000.html,2025.09.29,ファンクラブ会報「いのりまちだより」投稿受付開始！,"ファンクラブ会報「いのりまちだより」32号の投稿受付を開始いたしました！
町長へのメッセージやライブ、アニメ、イベント、会報の感想、イラストやコーナーへの投稿などなど、みなさんのおたよりをお送りください♪
【ファンクラブページからの投稿】
ファンクラブページログイン後、「ポスト」からご投稿ください。
投稿締切：2025年10月28日(火)18:00
【郵便での投稿】
〒160-0023
東京都新宿区西新宿1-19-6 山手新宿ビル11F
水瀬いのりオフィシャルファンクラブ「いのりまち」○○○(各コーナー名)係
投稿締切：2025年10月28日(火)必着
たくさんの投稿、お待ちしております♪"
https://www.inorimachi.com/fc_news/2025/0929150001.html,2025.09.29,ファンクラブ会報「いのりまちだより」31号発送開始のお知らせ,"ファンクラブ会報「いのりまちだより」31号の発送を、9月29日(月)に開始いたしました！
10月14日(火)
になりましてもお手元に届かない場合は、
下記期間内にファンクラブまでお問い合わせください。
■未着問い合わせ期間
2025年10月14日(火)～10月28日(火)
※こちらの問い合わせ期間は9月18日(木)までにご入会・ご継続いただいた方を対象としております。
9月19日(金)以降にご入会・ご継続いただいた方は発送完了メール記載の未着問い合わせ期間をご確認ください。
■お問い合わせ先
MAIL：contact@inorimachi.com
件名：会報31号未着
本文：会員番号・氏名・住所・お問い合わせの詳細
----------
●「いのりまち町民集会2025」配信チケットをご購入の方へ
特典を同封しております。
----------
●2025年6月4日(水)～9月8日(月)までにご継続された方へ
継続特典を同封しております。
※9月9日(火)以降にご継続手続きをされた方への継続特典のお届けは、
次回会報誌と同封しての発送を予定しており、最大で3ヶ月ほどお時間をいただく場合がございます。
----------
※未着問い合わせ期間以降にご連絡をいただきましても対応いたしかねますのでご注意ください。
※初回発送は、9月18日(木)までにご入会手続きを完了された方が対象です。
※9月19日(金)以降にご入会いただいた方へは、10月中旬より順次発送いたします。
※9月末までにご入会いただいた方を対象に発送いたします。
※会報投稿は【9月29日(月)15:00】より「ポスト」にて受付中です。"
https://www.inorimachi.com/fc_news/2025/0929150002.html,2025.09.29,まちの映画館「『いのりまち町民集会2025』リハーサル」更新！,"ファンクラブページ内
「まちの映画館」
を更新しました！
「いのりまち町民集会2025 -ACOUSTIC LIVE シネマチックダイアリー-」のリハーサルの様子を大公開♪
公演の模様を特集した会報誌「いのりまちだより31号」とぜひ合わせてお楽しみください☆"
https://www.inorimachi.com/fc_news/2025/1002150000.html,2025.10.02,"「まちの映画館～町内""生""放送～」放送決定！　※10/7更新","「まちの映画館～町内""生""放送～」の次回放送が決定しました！
【まちの映画館～町内""生""放送～】
日時：2025年10月7日(火) 20:30頃
※オンライン生配信です。
※配信時間は変更になる可能性がございます。また、前後する可能性もございますのでご了承ください。
※「入会＆既会員応募者プレゼントキャンペーン」の抽選はお休みとなります。次回以降、持ち越しての実施を予定しております。
※アーカイブは11月30日(日)23:59までを予定しております。
●視聴方法
ファンクラブページ内
「まちの映画館」
よりご覧いただけます。
●注意事項
・動画配信・視聴にはタイムラグが生じる場合がございます。
・途中から視聴した場合はその時点からのライブ配信となり、時間を戻しての再生はできませんのでご了承ください。
・コメントがうまく送信されない場合がございます。その際はご視聴するブラウザやデバイスを変更してお試しください。
・同じ内容のコメントを続けて投稿するのはお控えください。
・ご視聴に関わるインターネット通信費用はお客様のご負担となります。
・動画配信となりデータ通信量が多くなることが想定されるため、安定したインターネット環境(Wi-Fi等)のご利用を推奨いたします。
・配信には機材・回線等、最善の準備を行い実施しますが、生配信である特性上、不慮の一時中断や乱れなどが起こる可能性がある点、ご了承ください。
・お客様のインターネット環境に伴う閲覧の不具合に関しては対応は一切できかねます。
・本配信は配信プラットフォーム「Vimeo」を使用します。ご視聴の推奨環境は
こちら
よりご確認ください。
・日本国外からご視聴の際は、
「Vimeo」の視聴対応地域
にご注意ください。
・本配信の撮影、録音及び録画は一切禁止させていただきます。
また、無断転載、複製、加工、再配布する行為もご遠慮ください(ウェブサイト・SNSを含む)。"
https://www.inorimachi.com/fc_news/2025/1003120000.html,2025.10.03,〈岡山公演〉「Inori Minase 10th ANNIVERSARY LIVE TOUR Travel Record」リセール受付開始のご案内,"「Inori Minase 10th ANNIVERSARY LIVE TOUR Travel Record」会員先行優先予約、岡山公演のチケットリセール受付を開始いたしました。
>> 公演情報はこちら！
----------------------------
〈リセールサービスとは〉
チケットリセールサービスは、チケット購入後にご来場いただけなくなった方（出品者）とチケット購入をご希望の方（申込者）を対象に、
自動抽選によるマッチングを行うシステムです。
▼ご利用前に「リセールサービスについてのご案内」をご確認ください。
https://tks.re-tapirs.com/guide/resale
----------------------------
●リセール受付期間(抽選)
兵庫公演：9月10日(水)12:00～9月16日(火)11:00
受付終了
静岡公演：9月19日(金)12:00～9月24日(水)11:00
受付終了
福岡公演：9月26日(金)12:00～10月1日(水)11:00
受付終了
岡山公演：10月3日(金)12:00～10月8日(水)11:00
北海道公演：10月10日(金)12:00～10月15日(水)11:00
愛知、神奈川公演：10月24日(金)12:00～10月30日(木)11:00
●購入について
ファンクラブページ「チケット」内、該当の受付バナーより画面の案内に従ってお手続きください。
※購入ページは受付期間になりましたら、ファンクラブページ「チケット」内に表示されます。
※お支払い方法はクレジットカードのみです。
※TAPIRS MEMBERSの会員情報は、いのりまちの会員情報と同一の内容でご登録をお願いいたします。
また、会員登録済みの方も、ご登録の内容が最新の情報と一致しているかご確認をお願いいたします。
TAPIRS MEMBERSの会員情報といのりまちの会員情報の内容が一致しない場合は当日ご入場いただけない場合がありますので、ご注意ください。
●出品について
受付開始になりましたら
「TAPIRS TICKET」申込履歴
より行えます。
※今まで発行しておりました「マッチング専用パスワード」は不要となります。
♪入会をご検討の方へ
リセールの受付期間終了までに、ファンクラブページより【クレジットカード決済・コンビニ／ペイジー支払】にてご入会(入金完了まで)いただきますとチケットのお申し込みが可能です！
>> ご入会はこちらから！
【ご注意】
※Loppi／ローソンチケット、郵便振込からのお手続きは確認ができるまでに数日要しますのでご注意ください。
※チケット申込受付期間をよくお確かめの上、時間に余裕を持ってお手続きください。
【お問い合わせ先】
●「TAPIRS TICKET」に関するお問い合わせ先
チケットインフォメーション：
お問い合わせフォーム
※申し込み方法・ 当落確認・支払い方法・チケット発券に関するお問い合わせ先になります。
※お問い合わせの際は公演名欄に『水瀬いのりツアー2025』とご入力ください。
●ファンクラブ会員ページログイン・その他に関するお問い合わせ先
水瀬いのりオフィシャルファンクラブ「いのりまち」
MAIL：
contact@inorimachi.com
※お名前のないメールにはお返事いたしかねます。（会員の方は会員番号もご明記ください）
※メールでのお問い合わせは、返信までに最大1週間ほどお時間がかかります。
※お問い合せの前にファンクラブからのメールを受信できるよう、下記メールアドレスの受信設定をお願いいたします。
・contact@inorimachi.com
・mail@inorimachi.com"
https://www.inorimachi.com/fc_news/2025/1003150000.html,2025.10.03,ファンクラブカウンター設置&お友達紹介特典のお知らせ,"「Inori Minase 10th ANNIVERSARY LIVE TOUR Travel Record」の各会場におきまして、ファンクラブカウンターを設置いたします。
また、会場にてお友達をいのりまちにご紹介いただいた方への特典が決定いたしました！
〈設置場所〉
グッズ販売エリア付近
〈対応時間〉
グッズ販売開始時刻～終演後
※開始時刻は前後する場合がございます。
※開演中の受付はいたしません。
〈お支払方法〉
現金・クレジットカード・電子マネー・QRコード決済
※公演によっては電子マネー・QRコード決済をご利用いただけない場合がございます。詳しくはファンクラブカウンターにてご確認ください。
〈受付内容〉
●入会
初年度会費：￥5,500(入会金￥1,100＋年会費￥4,400)
会場にてご入会いただいた方には会報誌を先着でプレゼント！
※後日、会員証・入会特典とあわせて郵送でのお届けとなります。
●継続
継続年会費：￥4,400(2年目以降)
対　象　者：会員期限【2026年4月30日】までの方
お手続きいただいた方には、継続特典をその場でお渡しします！
●お友達紹介特典
「いのりまち」会員の方で、新規入会希望の方をご紹介いただくと、
紹介者(既会員)、入会者それぞれに「オリジナルブロマイド」をプレゼント！
ご希望の場合は、ご紹介者とご入会者がご一緒にファンクラブカウンターへお越しください。
※ご紹介者とご入会者は、必ずご一緒にファンクラブカウンターへお越しください。
※既に有効会員資格をお持ちの方の二重入会は、会員規約にて禁止させていただいております。
各特典は先着順となります。後日発送となる場合もありますので、あらかじめご了承ください。
会場でのお手続きは手数料がかかりません。
ぜひこの機会をご利用ください♪"
https://www.inorimachi.com/fc_news/2025/1009120000.html,2025.10.09,「Inori Minase 10th ANNIVERSARY LIVE TOUR Travel Record」兵庫公演電子チケット発券開始のご案内,"「Inori Minase 10th ANNIVERSARY LIVE TOUR Travel Record」兵庫公演電子チケットの発券を開始いたしました。
●電子チケット(MOALA Ticket)の表示方法
TAPIRS TICKET
にログインし、チケット一覧より対象公演を選択し、[チケットを表示する]よりMOALA Ticketを表示してください。
※チケットの表示にはチケットサイトへのログインが必要になります。ログインIDはチケット発券開始メールが到着しているメールアドレスとなります。ログイン出来ない場合には、ご自身でパスワード再設定のお手続きをいただきますようお願いいたします。
※チケットの分配は必須ではありません。
※ご自身分のチケットを他の方に分配することはできません。
※その他ご不明点は「TAPIRS TICKET」内、
FAQ
をご確認ください。
【お問い合わせ先】
●「TAPIRS TICKET」に関するお問い合わせ先
チケットインフォメーション：
お問い合わせフォーム
※申し込み方法・同行者登録・ 当落確認・支払い方法・チケット発券に関するお問い合わせ先になります。
※お問い合わせの際は公演名欄に『水瀬いのりツアー2025』とご入力ください。
●ファンクラブ会員ページログイン・その他に関するお問い合わせ先
水瀬いのりオフィシャルファンクラブ「いのりまち」
MAIL：
contact@inorimachi.com
※お名前のないメールにはお返事いたしかねます。（会員の方は会員番号もご明記ください）
※メールでのお問い合わせは、返信までに最大1週間ほどお時間がかかります。
※お問い合せの前にファンクラブからのメールを受信できるよう、下記メールアドレスの受信設定をお願いいたします。
・contact@inorimachi.com
・mail@inorimachi.com"
https://www.inorimachi.com/fc_news/2025/1009150000.html,2025.10.09,まちの新聞「『Inori Minase 10th ANNIVERSARY LIVE TOUR Travel Record』グッズ撮影編」更新！,"ファンクラブページ内
「まちの新聞」
で
「『Inori Minase 10th ANNIVERSARY LIVE TOUR Travel Record』グッズ撮影編」
を更新しました！
10周年を記念したアニバーサリーツアーのグッズ撮影レポートをお届けします！
ぜひチェックしてみてください♪"
https://www.inorimachi.com/fc_news/2025/1010120000.html,2025.10.10,〈北海道公演〉「Inori Minase 10th ANNIVERSARY LIVE TOUR Travel Record」リセール受付開始のご案内,"「Inori Minase 10th ANNIVERSARY LIVE TOUR Travel Record」会員先行優先予約、北海道公演のチケットリセール受付を開始いたしました。
>> 公演情報はこちら！
----------------------------
〈リセールサービスとは〉
チケットリセールサービスは、チケット購入後にご来場いただけなくなった方（出品者）とチケット購入をご希望の方（申込者）を対象に、
自動抽選によるマッチングを行うシステムです。
▼ご利用前に「リセールサービスについてのご案内」をご確認ください。
https://tks.re-tapirs.com/guide/resale
----------------------------
●リセール受付期間(抽選)
兵庫公演：9月10日(水)12:00～9月16日(火)11:00
受付終了
静岡公演：9月19日(金)12:00～9月24日(水)11:00
受付終了
福岡公演：9月26日(金)12:00～10月1日(水)11:00
受付終了
岡山公演：10月3日(金)12:00～10月8日(水)11:00
受付終了
北海道公演：10月10日(金)12:00～10月15日(水)11:00
愛知、神奈川公演：10月24日(金)12:00～10月30日(木)11:00
●購入について
ファンクラブページ「チケット」内、該当の受付バナーより画面の案内に従ってお手続きください。
※購入ページは受付期間になりましたら、ファンクラブページ「チケット」内に表示されます。
※お支払い方法はクレジットカードのみです。
※TAPIRS MEMBERSの会員情報は、いのりまちの会員情報と同一の内容でご登録をお願いいたします。
また、会員登録済みの方も、ご登録の内容が最新の情報と一致しているかご確認をお願いいたします。
TAPIRS MEMBERSの会員情報といのりまちの会員情報の内容が一致しない場合は当日ご入場いただけない場合がありますので、ご注意ください。
●出品について
受付開始になりましたら
「TAPIRS TICKET」申込履歴
より行えます。
※今まで発行しておりました「マッチング専用パスワード」は不要となります。
♪入会をご検討の方へ
リセールの受付期間終了までに、ファンクラブページより【クレジットカード決済・コンビニ／ペイジー支払】にてご入会(入金完了まで)いただきますとチケットのお申し込みが可能です！
>> ご入会はこちらから！
【ご注意】
※Loppi／ローソンチケット、郵便振込からのお手続きは確認ができるまでに数日要しますのでご注意ください。
※チケット申込受付期間をよくお確かめの上、時間に余裕を持ってお手続きください。
【お問い合わせ先】
●「TAPIRS TICKET」に関するお問い合わせ先
チケットインフォメーション：
お問い合わせフォーム
※申し込み方法・ 当落確認・支払い方法・チケット発券に関するお問い合わせ先になります。
※お問い合わせの際は公演名欄に『水瀬いのりツアー2025』とご入力ください。
●ファンクラブ会員ページログイン・その他に関するお問い合わせ先
水瀬いのりオフィシャルファンクラブ「いのりまち」
MAIL：
contact@inorimachi.com
※お名前のないメールにはお返事いたしかねます。（会員の方は会員番号もご明記ください）
※メールでのお問い合わせは、返信までに最大1週間ほどお時間がかかります。
※お問い合せの前にファンクラブからのメールを受信できるよう、下記メールアドレスの受信設定をお願いいたします。
・contact@inorimachi.com
・mail@inorimachi.com"
https://www.inorimachi.com/fc_news/2025/1010150000.html,2025.10.10,まちの新聞「『いのりまちだより』31号 出張版」更新！,"ファンクラブページ内
「まちの新聞」
で
『いのりまちだより』31号「まちのひろば＆みんなのお家のくらりちゃん出張版」、「町長からの挑戦状！出張版」
を公開しました！
みなさんからいただいたおたよりをご紹介！
ぜひチェックしてみてください♪"
https://www.inorimachi.com/fc_news/2025/1015120000.html,2025.10.15,「Inori Minase 10th ANNIVERSARY LIVE TOUR Travel Record」静岡公演電子チケット発券開始のご案内,"「Inori Minase 10th ANNIVERSARY LIVE TOUR Travel Record」静岡公演電子チケットの発券を開始いたしました。
●電子チケット(MOALA Ticket)の表示方法
TAPIRS TICKET
にログインし、チケット一覧より対象公演を選択し、[チケットを表示する]よりMOALA Ticketを表示してください。
※チケットの表示にはチケットサイトへのログインが必要になります。ログインIDはチケット発券開始メールが到着しているメールアドレスとなります。ログイン出来ない場合には、ご自身でパスワード再設定のお手続きをいただきますようお願いいたします。
※チケットの分配は必須ではありません。
※ご自身分のチケットを他の方に分配することはできません。
※その他ご不明点は「TAPIRS TICKET」内、
FAQ
をご確認ください。
【お問い合わせ先】
●「TAPIRS TICKET」に関するお問い合わせ先
チケットインフォメーション：
お問い合わせフォーム
※申し込み方法・同行者登録・ 当落確認・支払い方法・チケット発券に関するお問い合わせ先になります。
※お問い合わせの際は公演名欄に『水瀬いのりツアー2025』とご入力ください。
●ファンクラブ会員ページログイン・その他に関するお問い合わせ先
水瀬いのりオフィシャルファンクラブ「いのりまち」
MAIL：
contact@inorimachi.com
※お名前のないメールにはお返事いたしかねます。（会員の方は会員番号もご明記ください）
※メールでのお問い合わせは、返信までに最大1週間ほどお時間がかかります。
※お問い合せの前にファンクラブからのメールを受信できるよう、下記メールアドレスの受信設定をお願いいたします。
・contact@inorimachi.com
・mail@inorimachi.com"
https://www.inorimachi.com/fc_news/2025/1021150000.html,2025.10.21,まちの新聞「2025年カレンダー撮影～9月＆10月編～」更新！,"ファンクラブページ内
「まちの新聞」
で
「2025年カレンダー撮影～9月＆10月編～」
を公開しました！撮影当日の様子をレポート！ぜひチェックしてみてください♪"
https://www.inorimachi.com/fc_news/2025/1022120000.html,2025.10.22,「Inori Minase 10th ANNIVERSARY LIVE TOUR Travel Record」福岡公演電子チケット発券開始のご案内,"「Inori Minase 10th ANNIVERSARY LIVE TOUR Travel Record」福岡公演電子チケットの発券を開始いたしました。
●電子チケット(MOALA Ticket)の表示方法
TAPIRS TICKET
にログインし、チケット一覧より対象公演を選択し、[チケットを表示する]よりMOALA Ticketを表示してください。
※チケットの表示にはチケットサイトへのログインが必要になります。ログインIDはチケット発券開始メールが到着しているメールアドレスとなります。ログイン出来ない場合には、ご自身でパスワード再設定のお手続きをいただきますようお願いいたします。
※チケットの分配は必須ではありません。
※ご自身分のチケットを他の方に分配することはできません。
※その他ご不明点は「TAPIRS TICKET」内、
FAQ
をご確認ください。
【お問い合わせ先】
●「TAPIRS TICKET」に関するお問い合わせ先
チケットインフォメーション：
お問い合わせフォーム
※申し込み方法・同行者登録・ 当落確認・支払い方法・チケット発券に関するお問い合わせ先になります。
※お問い合わせの際は公演名欄に『水瀬いのりツアー2025』とご入力ください。
●ファンクラブ会員ページログイン・その他に関するお問い合わせ先
水瀬いのりオフィシャルファンクラブ「いのりまち」
MAIL：
contact@inorimachi.com
※お名前のないメールにはお返事いたしかねます。（会員の方は会員番号もご明記ください）
※メールでのお問い合わせは、返信までに最大1週間ほどお時間がかかります。
※お問い合せの前にファンクラブからのメールを受信できるよう、下記メールアドレスの受信設定をお願いいたします。
・contact@inorimachi.com
・mail@inorimachi.com"
https://www.inorimachi.com/fc_news/2025/1024120000.html,2025.10.24,〈愛知・神奈川公演〉「Inori Minase 10th ANNIVERSARY LIVE TOUR Travel Record」リセール受付開始のご案内,"「Inori Minase 10th ANNIVERSARY LIVE TOUR Travel Record」会員先行優先予約、愛知・神奈川公演のチケットリセール受付を開始いたしました。
>> 公演情報はこちら！
----------------------------
〈リセールサービスとは〉
チケットリセールサービスは、チケット購入後にご来場いただけなくなった方（出品者）とチケット購入をご希望の方（申込者）を対象に、
自動抽選によるマッチングを行うシステムです。
▼ご利用前に「リセールサービスについてのご案内」をご確認ください。
https://tks.re-tapirs.com/guide/resale
----------------------------
●リセール受付期間(抽選)
兵庫公演：9月10日(水)12:00～9月16日(火)11:00
受付終了
静岡公演：9月19日(金)12:00～9月24日(水)11:00
受付終了
福岡公演：9月26日(金)12:00～10月1日(水)11:00
受付終了
岡山公演：10月3日(金)12:00～10月8日(水)11:00
受付終了
北海道公演：10月10日(金)12:00～10月15日(水)11:00
受付終了
愛知、神奈川公演：10月24日(金)12:00～10月30日(木)11:00
●購入について
ファンクラブページ「チケット」内、該当の受付バナーより画面の案内に従ってお手続きください。
※購入ページは受付期間になりましたら、ファンクラブページ「チケット」内に表示されます。
※お支払い方法はクレジットカードのみです。
※TAPIRS MEMBERSの会員情報は、いのりまちの会員情報と同一の内容でご登録をお願いいたします。
また、会員登録済みの方も、ご登録の内容が最新の情報と一致しているかご確認をお願いいたします。
TAPIRS MEMBERSの会員情報といのりまちの会員情報の内容が一致しない場合は当日ご入場いただけない場合がありますので、ご注意ください。
●出品について
受付開始になりましたら
「TAPIRS TICKET」申込履歴
より行えます。
※今まで発行しておりました「マッチング専用パスワード」は不要となります。
♪入会をご検討の方へ
リセールの受付期間終了までに、ファンクラブページより【クレジットカード決済・コンビニ／ペイジー支払】にてご入会(入金完了まで)いただきますとチケットのお申し込みが可能です！
>> ご入会はこちらから！
【ご注意】
※Loppi／ローソンチケット、郵便振込からのお手続きは確認ができるまでに数日要しますのでご注意ください。
※チケット申込受付期間をよくお確かめの上、時間に余裕を持ってお手続きください。
【お問い合わせ先】
●「TAPIRS TICKET」に関するお問い合わせ先
チケットインフォメーション：
お問い合わせフォーム
※申し込み方法・ 当落確認・支払い方法・チケット発券に関するお問い合わせ先になります。
※お問い合わせの際は公演名欄に『水瀬いのりツアー2025』とご入力ください。
●ファンクラブ会員ページログイン・その他に関するお問い合わせ先
水瀬いのりオフィシャルファンクラブ「いのりまち」
MAIL：
contact@inorimachi.com
※お名前のないメールにはお返事いたしかねます。（会員の方は会員番号もご明記ください）
※メールでのお問い合わせは、返信までに最大1週間ほどお時間がかかります。
※お問い合せの前にファンクラブからのメールを受信できるよう、下記メールアドレスの受信設定をお願いいたします。
・contact@inorimachi.com
・mail@inorimachi.com"
https://www.inorimachi.com/fc_news/2025/1028150000.html,2025.10.28,"「まちの映画館～町内""生""放送～」放送決定！　※11/5更新","「まちの映画館～町内""生""放送～」の次回放送が決定しました！
【まちの映画館～町内""生""放送～】
日時：2025年11月5日(水) 20:00頃
※時間が変更になりました。
※オンライン生配信です。
※配信時間は変更になる可能性がございます。また、前後する可能性もございますのでご了承ください。
※アーカイブは11月30日(日)23:59までを予定しております。
●視聴方法
ファンクラブページ内
「まちの映画館」
よりご覧いただけます。
●注意事項
・動画配信・視聴にはタイムラグが生じる場合がございます。
・途中から視聴した場合はその時点からのライブ配信となり、時間を戻しての再生はできませんのでご了承ください。
・コメントがうまく送信されない場合がございます。その際はご視聴するブラウザやデバイスを変更してお試しください。
・同じ内容のコメントを続けて投稿するのはお控えください。
・ご視聴に関わるインターネット通信費用はお客様のご負担となります。
・動画配信となりデータ通信量が多くなることが想定されるため、安定したインターネット環境(Wi-Fi等)のご利用を推奨いたします。
・配信には機材・回線等、最善の準備を行い実施しますが、生配信である特性上、不慮の一時中断や乱れなどが起こる可能性がある点、ご了承ください。
・お客様のインターネット環境に伴う閲覧の不具合に関しては対応は一切できかねます。
・本配信は配信プラットフォーム「Vimeo」を使用します。ご視聴の推奨環境は
こちら
よりご確認ください。
・日本国外からご視聴の際は、
「Vimeo」の視聴対応地域
にご注意ください。
・本配信の撮影、録音及び録画は一切禁止させていただきます。
また、無断転載、複製、加工、再配布する行為もご遠慮ください(ウェブサイト・SNSを含む)。"
https://www.inorimachi.com/fc_news/2025/1029120000.html,2025.10.29,「Inori Minase 10th ANNIVERSARY LIVE TOUR Travel Record」岡山公演電子チケット発券開始のご案内,"「Inori Minase 10th ANNIVERSARY LIVE TOUR Travel Record」岡山公演電子チケットの発券を開始いたしました。
●電子チケット(MOALA Ticket)の表示方法
TAPIRS TICKET
にログインし、チケット一覧より対象公演を選択し、[チケットを表示する]よりMOALA Ticketを表示してください。
※チケットの表示にはチケットサイトへのログインが必要になります。ログインIDはチケット発券開始メールが到着しているメールアドレスとなります。ログイン出来ない場合には、ご自身でパスワード再設定のお手続きをいただきますようお願いいたします。
※チケットの分配は必須ではありません。
※ご自身分のチケットを他の方に分配することはできません。
※その他ご不明点は「TAPIRS TICKET」内、
FAQ
をご確認ください。
【お問い合わせ先】
●「TAPIRS TICKET」に関するお問い合わせ先
チケットインフォメーション：
お問い合わせフォーム
※申し込み方法・同行者登録・ 当落確認・支払い方法・チケット発券に関するお問い合わせ先になります。
※お問い合わせの際は公演名欄に『水瀬いのりツアー2025』とご入力ください。
●ファンクラブ会員ページログイン・その他に関するお問い合わせ先
水瀬いのりオフィシャルファンクラブ「いのりまち」
MAIL：
contact@inorimachi.com
※お名前のないメールにはお返事いたしかねます。（会員の方は会員番号もご明記ください）
※メールでのお問い合わせは、返信までに最大1週間ほどお時間がかかります。
※お問い合せの前にファンクラブからのメールを受信できるよう、下記メールアドレスの受信設定をお願いいたします。
・contact@inorimachi.com
・mail@inorimachi.com"
https://www.inorimachi.com/fc_news/2025/1105120000.html,2025.11.05,「Inori Minase 10th ANNIVERSARY LIVE TOUR Travel Record」北海道公演電子チケット発券開始のご案内,"「Inori Minase 10th ANNIVERSARY LIVE TOUR Travel Record」北海道公演電子チケットの発券を開始いたしました。
●電子チケット(MOALA Ticket)の表示方法
TAPIRS TICKET
にログインし、チケット一覧より対象公演を選択し、[チケットを表示する]よりMOALA Ticketを表示してください。
※チケットの表示にはチケットサイトへのログインが必要になります。ログインIDはチケット発券開始メールが到着しているメールアドレスとなります。ログイン出来ない場合には、ご自身でパスワード再設定のお手続きをいただきますようお願いいたします。
※チケットの分配は必須ではありません。
※ご自身分のチケットを他の方に分配することはできません。
※その他ご不明点は「TAPIRS TICKET」内、
FAQ
をご確認ください。
【お問い合わせ先】
●「TAPIRS TICKET」に関するお問い合わせ先
チケットインフォメーション：
お問い合わせフォーム
※申し込み方法・同行者登録・ 当落確認・支払い方法・チケット発券に関するお問い合わせ先になります。
※お問い合わせの際は公演名欄に『水瀬いのりツアー2025』とご入力ください。
●ファンクラブ会員ページログイン・その他に関するお問い合わせ先
水瀬いのりオフィシャルファンクラブ「いのりまち」
MAIL：
contact@inorimachi.com
※お名前のないメールにはお返事いたしかねます。（会員の方は会員番号もご明記ください）
※メールでのお問い合わせは、返信までに最大1週間ほどお時間がかかります。
※お問い合せの前にファンクラブからのメールを受信できるよう、下記メールアドレスの受信設定をお願いいたします。
・contact@inorimachi.com
・mail@inorimachi.com"
https://www.inorimachi.com/fc_news/2025/1120120000.html,2025.11.20,「Inori Minase 10th ANNIVERSARY LIVE TOUR Travel Record」愛知公演電子チケット発券開始のご案内,"「Inori Minase 10th ANNIVERSARY LIVE TOUR Travel Record」愛知公演電子チケットの発券を開始いたしました。
●電子チケット(MOALA Ticket)の表示方法
TAPIRS TICKET
にログインし、チケット一覧より対象公演を選択し、[チケットを表示する]よりMOALA Ticketを表示してください。
※チケットの表示にはチケットサイトへのログインが必要になります。ログインIDはチケット発券開始メールが到着しているメールアドレスとなります。ログイン出来ない場合には、ご自身でパスワード再設定のお手続きをいただきますようお願いいたします。
※チケットの分配は必須ではありません。
※ご自身分のチケットを他の方に分配することはできません。
※その他ご不明点は「TAPIRS TICKET」内、
FAQ
をご確認ください。
【お問い合わせ先】
●「TAPIRS TICKET」に関するお問い合わせ先
チケットインフォメーション：
お問い合わせフォーム
※申し込み方法・同行者登録・ 当落確認・支払い方法・チケット発券に関するお問い合わせ先になります。
※お問い合わせの際は公演名欄に『水瀬いのりツアー2025』とご入力ください。
●ファンクラブ会員ページログイン・その他に関するお問い合わせ先
水瀬いのりオフィシャルファンクラブ「いのりまち」
MAIL：
contact@inorimachi.com
※お名前のないメールにはお返事いたしかねます。（会員の方は会員番号もご明記ください）
※メールでのお問い合わせは、返信までに最大1週間ほどお時間がかかります。
※お問い合せの前にファンクラブからのメールを受信できるよう、下記メールアドレスの受信設定をお願いいたします。
・contact@inorimachi.com
・mail@inorimachi.com"
https://www.inorimachi.com/fc_news/2025/1125150000.html,2025.11.25,ファンクラブ会報「いのりまちだより」32号発行決定！,"ファンクラブ会報
「いのりまちだより」32号
の発行が決定しました！
32号の発送は12月下旬を予定しております。
今回は『Inori Minase 10th ANNIVERSARY LIVE TOUR Travel Record』特集第1弾や、アーティストデビュー10周年を記念した『まちの写真館 出張版』をお届けします！
その他、イベントレポートや町民さんと町長の交流コーナーなど、ここでしか見られない情報が満載の会報です♪
住所変更を希望される方は
【12月11日(木)12:00まで】
に
ファンクラブページログイン後、「まち役場」よりお手続きください。
住所変更がない方も、今一度ご登録内容のご確認をお願いいたします。
----------
●2025年9月9日(火)～12月10日(水)までにご継続された方へ
継続特典の同封を予定しております。
※12月11日(木)以降にご継続手続きをされた方への継続特典のお届けは、
次回会報誌と同封しての発送を予定しており、最大で3ヶ月ほどお時間をいただく場合がございます。
----------
※会報32号は、12月31日(水)までにご入会(入金完了まで)くださった方にお送りします。
※変更手続きがなく発送物未着のお問い合わせをいただいた場合、対応をいたしかねます。
※発送完了後は、まちの回覧板にてお知らせします。"
https://www.inorimachi.com/fc_news/2025/1126120000.html,2025.11.26,「Inori Minase 10th ANNIVERSARY LIVE TOUR Travel Record」神奈川公演電子チケット発券開始のご案内,"「Inori Minase 10th ANNIVERSARY LIVE TOUR Travel Record」神奈川公演電子チケットの発券を開始いたしました。
●電子チケット(MOALA Ticket)の表示方法
TAPIRS TICKET
にログインし、チケット一覧より対象公演を選択し、[チケットを表示する]よりMOALA Ticketを表示してください。
※チケットの表示にはチケットサイトへのログインが必要になります。ログインIDはチケット発券開始メールが到着しているメールアドレスとなります。ログイン出来ない場合には、ご自身でパスワード再設定のお手続きをいただきますようお願いいたします。
※チケットの分配は必須ではありません。
※ご自身分のチケットを他の方に分配することはできません。
※その他ご不明点は「TAPIRS TICKET」内、
FAQ
をご確認ください。
【お問い合わせ先】
●「TAPIRS TICKET」に関するお問い合わせ先
チケットインフォメーション：
お問い合わせフォーム
※申し込み方法・同行者登録・ 当落確認・支払い方法・チケット発券に関するお問い合わせ先になります。
※お問い合わせの際は公演名欄に『水瀬いのりツアー2025』とご入力ください。
●ファンクラブ会員ページログイン・その他に関するお問い合わせ先
水瀬いのりオフィシャルファンクラブ「いのりまち」
MAIL：
contact@inorimachi.com
※お名前のないメールにはお返事いたしかねます。（会員の方は会員番号もご明記ください）
※メールでのお問い合わせは、返信までに最大1週間ほどお時間がかかります。
※お問い合せの前にファンクラブからのメールを受信できるよう、下記メールアドレスの受信設定をお願いいたします。
・contact@inorimachi.com
・mail@inorimachi.com"
https://www.inorimachi.com/fc_news/2025/1129200000.html,2025.11.29,「いのりまち町民集会2026」開催決定！,"次回町民集会の開催が決定しました！
「いのりまち町民集会2026」
日程：2026年3月14日(土)
会場：【神奈川】横浜BUNTAI
※昼・夜2回公演を予定しております
チケットは
12月中旬
より申し込み受付を開始予定です。
その他の詳細は、決まり次第ファンクラブページ「まちの回覧板」にてご案内いたします！"
https://www.inorimachi.com/fc_news/2025/1130190000.html,2025.11.30,【配信】「Inori Minase 10th ANNIVERSARY LIVE TOUR Travel Record」いのりまち限定特典付きチケットのご案内,"「Inori Minase 10th ANNIVERSARY LIVE TOUR Travel Record」11月30日(日) 横浜アリーナ公演のオンライン配信につきまして、いのりまち限定の特典付きチケットの販売が決定いたしました！
【概要】
「Inori Minase 10th ANNIVERSARY LIVE TOUR Travel Record」
11月30日(日) 横浜アリーナ公演
12月24日(水)19:00開演予定
(アーカイブ配信：2026年1月4日(日)23:59まで)
>> 詳細はこちら！
【いのりまち限定特典】
いのりまちにて配信チケットをご購入いただいた方に、
「Inori Minase 10th ANNIVERSARY LIVE TOUR Travel Record」11月30日(日)横浜アリーナ公演の生写真をお届けします♪
※いのりまち限定特典は、2026年3月発行予定のファンクラブ会報「いのりまちだより」に同封予定です。
【チケット販売期間】
11月30日(日)19:00～1月4日(日)18:00
【チケット購入方法】
ファンクラブページ「チケット」内、「配信チケット購入ページ」のボタンより
チケットぴあのサイトにアクセスし、案内に従ってご購入ください。
※チケットの購入には、チケットぴあの会員登録(無料)が必要です。
【ご注意】
※チケットの購入には会員期限内である必要があります。
※日本国内からのみ視聴可能です。
※チケットの販売は1月4日(日)18:00に終了いたします。
※チケットの購入は、1月3日(土)21:00以降はクレジットカード決済のみとなります。
※ファンクラブページに二重にログインしていたり、ポップアップブロックの設定により、チケット購入ページが表示されない場合がございます。ご注意ください。
♪入会をご検討の方へ
チケットの販売期間内に、ファンクラブページより【クレジットカード決済・コンビニ／ペイジー支払】にてご入会(入金完了まで)いただきますとチケットの購入が可能です！
>> ご入会はこちらから！
【ご注意】
※Loppi／ローソンチケット、郵便振込からのお手続きは期日が異なります。
下記期日を過ぎた場合、チケットをご購入いただけない可能性がございますのでご注意ください。
・Loppi／ローソンチケット：12月21日(日)
・郵便振込：12月21日(日)
※ファンクラブで入金の確認がとれるまでに数日かかる場合がございます。お時間に余裕を持ってお手続きください。"
https://www.inorimachi.com/fc_news/2025/1130190001.html,2025.11.30,"「まちの映画館～町内""生""放送～」放送決定！　※12/2更新","「まちの映画館～町内""生""放送～」の次回放送が決定しました！
【まちの映画館～町内""生""放送～】
日時：12月2日(火) 「水瀬いのり10周年記念スタジオライブ」配信終了後～
※オンライン生配信です。
※配信時間は変更になる可能性がございます。また、前後する可能性もございますのでご了承ください。
※アーカイブは2026年1月4日(日)23:59までを予定しております。
●視聴方法
ファンクラブページ内
「まちの映画館」
よりご覧いただけます。
●注意事項
・動画配信・視聴にはタイムラグが生じる場合がございます。
・途中から視聴した場合はその時点からのライブ配信となり、時間を戻しての再生はできませんのでご了承ください。
・コメントがうまく送信されない場合がございます。その際はご視聴するブラウザやデバイスを変更してお試しください。
・同じ内容のコメントを続けて投稿するのはお控えください。
・ご視聴に関わるインターネット通信費用はお客様のご負担となります。
・動画配信となりデータ通信量が多くなることが想定されるため、安定したインターネット環境(Wi-Fi等)のご利用を推奨いたします。
・配信には機材・回線等、最善の準備を行い実施しますが、生配信である特性上、不慮の一時中断や乱れなどが起こる可能性がある点、ご了承ください。
・お客様のインターネット環境に伴う閲覧の不具合に関しては対応は一切できかねます。
・本配信は配信プラットフォーム「Vimeo」を使用します。ご視聴の推奨環境は
こちら
よりご確認ください。
・日本国外からご視聴の際は、
「Vimeo」の視聴対応地域
にご注意ください。
・本配信の撮影、録音及び録画は一切禁止させていただきます。
また、無断転載、複製、加工、再配布する行為もご遠慮ください(ウェブサイト・SNSを含む)。"
https://www.inorimachi.com/fc_news/2025/1205150000.html,2025.12.05,まちの新聞「2025年カレンダー撮影～11月＆12月編～」更新！,"ファンクラブページ内
「まちの新聞」
で
「2025年カレンダー撮影～11月＆12月編～」
を公開しました！撮影当日の様子をレポート！ついに最終回！ぜひチェックしてみてください♪"
https://www.inorimachi.com/fc_news/2025/1216150000.html,2025.12.16,いのりまち 冬季休業のお知らせ,"冬季休業に伴い、下記期間のメール対応、並びに宅配便の受け取りを休業させていただきます。
■2025年12月29日(月)～2026年1月2日(金)
期間中にいただきましたお問い合わせにつきましては、
2026年1月5日(月)より順次お返事いたします。
ご利用の皆様にはご不便をおかけいたしますが、
ご理解、ご協力の程、何卒よろしくお願い申し上げます。"
https://www.inorimachi.com/fc_news/2025/1216150001.html,2025.12.16,「いのりまち町民集会2026」詳細決定！,"「いのりまち町民集会2026」
会場：【神奈川】横浜BUNTAI
日程：2026年3月14日(土)
①　13:30開場／14:30開演
②　17:30開場／18:30開演
【チケット代金】
￥7,700(税込)
●申し込み詳細
《申込受付期間》
12月24日(水)15:00～
1月8日(木)17:00まで
1月13日(火)17:00まで
《当落発表》
1月23日(金)15:00予定
《入金期間》
1月23日(金)15:00～1月29日(木)23:59
《申込制限枚数》
1公演につき1枚
----------------------------
※※重要※※
イベントへの入場には、
【有効な顔写真付き身分証明書(※下記参照)・チケット】
が必要です。
いずれかをお持ちでない場合はご参加いただけませんのでご注意ください。
★本イベントにおける有効な顔写真付き身分証明書
○ 運転免許証（各都道府県公安委員会が発行するもの）
○ マイナンバーカード
○ パスポート
○ 在留カード / 特別永住者証明書（外国人登録証明書）
○ 障害者手帳
○ 学生証
○ 住民基本台帳カード *有効期限内・記載事項に変更のない場合に限る
※ 全てにおいて、コピー不可・有効期限切れ不可・顔写真無し不可
※ ファンクラブ登録氏名と一致するものに限ります
（「崎」や「高」等、旧漢字・新漢字等の違いは可）
※ 社員証・taspoは不可
※ 外国籍の方は＜パスポート・在留カード・特別永住者証明書（外国人登録証明書）＞のいずれかをお持ちください。
※ マイナンバーカードは年齢問わず、取得できます
>> マイナンバーカード総合サイト
※ マイナンバーカードの申請から発行までには、お時間がかかる場合がございます。
発行が間に合わない場合は、必ず別の有効な顔写真付き身分証明書をご用意ください。
----------------------------
●申し込み方法
チケット販売サイト「TAPIRS TICKET」を利用した電子チケットによる受付です。
ファンクラブページ「チケット」内、該当の受付バナーより画面の案内に従ってお手続きください。
【ご注意】
※「
TAPIRS MEMBERS
」への会員登録が必要となります。
TAPIRS MEMBERSの会員情報は、いのりまちの会員情報と同一の内容でご登録をお願いいたします。また、会員登録済みの方も、ご登録の内容が最新の情報と一致しているかご確認をお願いいたします。TAPIRS MEMBERSの会員情報といのりまちの会員情報の内容が一致しない場合は落選となる場合がありますので、ご注意ください。
※チケットのお申込み・当落結果確認・ご入金・公演へのご参加は、各期間において会員期限内である必要があります。
※公演当日に会員期限が切れている場合、入場をお断りいたします。会員期限が2026/3/31以前の方はご注意ください。
※受付ページ記載の注意事項を必ずご確認ください。ご了承いただきました上でのお手続きとなります。
※受付は先着順ではございません。申し込み者多数の場合、抽選にて当落を決定いたします。
※複数公演当選された場合、当選されたすべてのチケットをご購入いただきます。
※いかなる理由におきましても、申込受付期間終了後の申込み・キャンセル・変更はできません。
ご不明な点のある方は、必ず申込受付期間内にファンクラブまでお問い合わせください。
※本受付では、チケットリセールシステムを実施予定です。詳細につきましては改めてご案内いたします。
●同行者登録について
本受付では、お申し込み時に同行者(いのりまち会員限定)をご登録いただくことが可能です。
ご利用希望の方は、事前に
「同行者登録についての案内ページ」
にて手順をご確認ください。
※申込者・同行者ともに【いのりまち】と【TAPIRS MEMBERS】への登録が必要です。いずれか1名でも会員情報が一致しない場合、落選となります。必ず同一の情報をご登録ください。また、すでに会員登録済みの方も、情報が一致しているか今一度ご確認をお願いいたします。
※同行者のご登録は各公演3名までとなります。連席を希望する場合は、＜2～4枚＞を選択し、いのりまち会員様を指定してお申し込みください。
※複数公演お申し込みの場合、公演ごとに連席の相手をご指定いただけます。
※いのりまち会員以外の方との連席はできません。受付終了後、いのりまち登録情報との照合を行います。
※申込者・同行者に関わらず、同一公演に対して重複するお申し込みはできません（代表者1名のみがお申し込みいただくことが可能です）。
※複数枚でお申し込みいただいた場合、申込者がまとめてお支払いいただく形式となります。
※申し込み受付期間終了後の変更、キャンセルはできません。
※申し込みの際に同行者登録を行わなかった場合、連席でのお席のご用意はできかねますのでご注意ください。
※当選された際のチケット代、手数料は申込者様に枚数分まとめてお支払いいただきます。
※同行者として申し込みが完了した場合、申込完了メールが配信されます。同行者はチケット申込履歴には表示されませんので、予めご了承ください。
※同行者設定、及びお申し込み時の同行者登録のご不明点につきましては、ファンクラブにお問い合わせいただきましても回答がいたしかねます。受付開始後に受付サイトをご確認いただいてから、「TAPIRS TICKET」ご利用に関するお問い合わせ先にお問い合わせください。
♪入会をご検討の方へ
チケットの申込受付期間終了までに、ファンクラブページより【クレジットカード決済・コンビニ／ペイジー支払】にてご入会(入金完了まで)いただきますとチケットのお申し込みが可能です！
>> ご入会はこちらから！
【ご注意】
※Loppi／ローソンチケット、郵便振込からのお手続きは期日が異なります。
下記期日を過ぎた場合、チケットはお申し込みいただけません。ご注意ください。
・Loppi／ローソンチケット(ご入会のみ)：12月21日(日)
・郵便振込：12月21日(日)
※チケットの申込受付は1月8日(木)17:00に終了しますので、時間に余裕を持ってお手続きください。
【お問い合わせ先】
●「TAPIRS TICKET」に関するお問い合わせ先
チケットインフォメーション
お問い合わせフォーム
※申し込み方法・同行者登録・ 当落確認・支払い方法・チケット発券に関するお問い合わせ先になります。
※お問い合わせの際は公演名欄に『水瀬いのりファンクラブイベント2026』とご入力ください。
●ファンクラブ会員ページログイン・その他に関するお問い合わせ先
水瀬いのりオフィシャルファンクラブ「いのりまち」
MAIL：
contact@inorimachi.com
※お名前のないメールにはお返事いたしかねます。（会員の方は会員番号もご明記ください）
※メールでのお問い合わせは、返信までに最大1週間ほどお時間がかかります。
※お問い合せの前にファンクラブからのメールを受信できるよう、下記メールアドレスの受信設定をお願いいたします。
・contact@inorimachi.com
・mail@inorimachi.com"
https://www.inorimachi.com/fc_news/2025/1217150000.html,2025.12.17,まちの新聞「『Inori Minase 10th ANNIVERSARY LIVE TOUR Travel Record』リハーサルレポート編」更新！,"ファンクラブページ内
「まちの新聞」
で
「『Inori Minase 10th ANNIVERSARY LIVE TOUR Travel Record』リハーサルレポート編」
を公開しました！12月24(水)よりスタートする事後配信に先がけて、
「Inori Minase 10th ANNIVERSARY LIVE TOUR Travel Record」リハーサルの模様をお届けします♪
** ┈┈┈┈┈┈┈┈┈┈┈**
「Inori Minase 10th ANNIVERSARY LIVE TOUR Travel Record」オンライン配信決定！
配信日時：12月24日(水)19:00開演予定
アーカイブ配信期間：1月4日(日)23:59まで
チケット販売期間：1月4日(日)18:00まで
「いのりまち」にてチケットをご購入いただいた方には、
11月30日(日)横浜アリーナ公演の生写真をプレゼント♪
〈チケットのご購入はこちら！〉
https://www.inorimachi.com/ticket/ticket_top.php
** ┈┈┈┈┈┈┈┈┈┈┈**"
https://www.inorimachi.com/fc_news/2025/1219150000.html,2025.12.19,まちの新聞「『Inori Minase 10th ANNIVERSARY LIVE TOUR Travel Record』映像撮影レポート編」更新！,"ファンクラブページ内
「まちの新聞」
で
「『Inori Minase 10th ANNIVERSARY LIVE TOUR Travel Record』映像撮影レポート編」
を公開しました！町長のアーティスト活動10年の歩みを、一緒に振り返っていきましょう☆
** ┈┈┈┈┈┈┈┈┈┈┈**
「Inori Minase 10th ANNIVERSARY LIVE TOUR Travel Record」オンライン配信決定！
配信日時：12月24日(水)19:00開演予定
アーカイブ配信期間：1月4日(日)23:59まで
チケット販売期間：1月4日(日)18:00まで
「いのりまち」にてチケットをご購入いただいた方には、
11月30日(日)横浜アリーナ公演の生写真をプレゼント♪
〈チケットのご購入はこちら！〉
https://www.inorimachi.com/ticket/ticket_top.php
** ┈┈┈┈┈┈┈┈┈┈┈**"
https://www.inorimachi.com/fc_news/2025/1222150000.html,2025.12.22,まちの新聞「2026年カレンダー撮影～表紙編～」更新！,"ファンクラブページ内
「まちの新聞」
で
「2026年カレンダー撮影～表紙編～」
を公開しました！
水瀬いのり「カレンダー2026」撮影当日の様子をレポート！
カレンダーのページに合わせて更新を予定しています。
ぜひチェックしてみてください♪"
https://www.inorimachi.com/fc_news/2025/1225160000.html,2025.12.25,ファンクラブ会報「いのりまちだより」投稿受付開始！,"ファンクラブ会報「いのりまちだより」33号の投稿受付を開始いたしました！
町長へのメッセージやライブ、アニメ、イベント、会報の感想、イラストやコーナーへの投稿などなど、みなさんのおたよりをお送りください♪
【ファンクラブページからの投稿】
ファンクラブページログイン後、「ポスト」からご投稿ください。
投稿締切：2026年1月22日(木)18:00
【郵便での投稿】
〒160-0023
東京都新宿区西新宿1-19-6 山手新宿ビル11F
水瀬いのりオフィシャルファンクラブ「いのりまち」○○○(各コーナー名)係
投稿締切：2026年1月22日(木)必着
たくさんの投稿、お待ちしております♪"
https://www.inorimachi.com/fc_news/2025/1225160001.html,2025.12.25,ファンクラブ会報「いのりまちだより」32号発送開始のお知らせ,"ファンクラブ会報「いのりまちだより」32号の発送を、12月25日(木)に開始いたしました！
2026年1月8日(木)
になりましてもお手元に届かない場合は、
下記期間内にファンクラブまでお問い合わせください。
■未着問い合わせ期間
2026年1月8日(木)～1月22日(木)
※こちらの問い合わせ期間は12月10日(水)までにご入会・ご継続いただいた方を対象としております。
12月11日(木)以降にご入会・ご継続いただいた方は発送完了メール記載の未着問い合わせ期間をご確認ください。
■お問い合わせ先
MAIL：contact@inorimachi.com
件名：会報32号未着
本文：会員番号・氏名・住所・お問い合わせの詳細
----------
●2025年9月9日(火)～12月10日(水)までにご継続された方へ
継続特典を同封しております。
※12月11日(木)以降にご継続手続きをされた方への継続特典のお届けは、
次回会報誌と同封しての発送を予定しており、最大で3ヶ月ほどお時間をいただく場合がございます。
----------
※未着問い合わせ期間以降にご連絡をいただきましても対応いたしかねますのでご注意ください。
※初回発送は、12月17日(水)までにご入会手続きを完了された方が対象です。
※12月18日(木)以降にご入会いただいた方へは、1月中旬より順次発送いたします。
※12月末までにご入会いただいた方を対象に発送いたします。
さらに、2026年1月8日(木)までにご入会いただいた方にも会報32号を先着でプレゼント！
※先着順での配布になります。予定数に達し次第、終了いたします。予めご了承ください。
※会報投稿は【12月25日(木)16:00】より「ポスト」にて受付中です。"
https://www.inorimachi.com/fc_news/2025/1226150000.html,2025.12.26,まちの新聞「ゆくまちくるまち 2025」更新！,"ファンクラブページ内
「まちの新聞」
で
「ゆくまちくるまち 2025」
を公開しました！
2025年のいのりまちのできごとを振り返ってみました！
今年も大変お世話になりました。よいお年をお迎えください♪"
https://www.inorimachi.com/fc_news/2026/0101120000.html,2026.01.01,年賀状発送のお知らせ,"年賀状を発送いたしました！
1月15日(木)
になりましてもお手元に届かない場合は、
下記期間内にファンクラブまでお問い合わせください。
■未着問い合わせ期間
1月15日(木)～1月29日(木)
■お問い合わせ先
MAIL：contact@inorimachi.com
件名：年賀状未着
本文：会員番号・氏名・住所・お問い合わせの詳細
※未着問い合わせ期間以降にご連絡をいただきましても対応いたしかねますのでご注意ください。
※1月31日(土)までにご入会いただいた方を対象に発送いたします。
※初回発送は、12月17日(水)の時点で2026年1月31日以降の会員期限をお持ちの方が対象です。
※12月18日(木)以降にご入会・ご継続いただいた方へは順次発送いたします。"
https://www.inorimachi.com/fc_news/2026/0101120001.html,2026.01.01,ファンクラブページ更新！,"「いのりまち」ファンクラブページを更新いたしました！
●TOP画像更新！
2026年の午年は、カウガールに変身☆
ぜひ
ログイン
してみてくださいね！
●まちの映画館「新年のごあいさつ from町長」更新！
ファンクラブページ内
「まちの映画館」
を更新しました！
町長から町民さんへ新年のごあいさつです♪
●「まちうけ」画像更新！
ファンクラブページ
「まちうけ」
の画像を更新しました♪
期間限定での配信です！
町民さんはダウンロードをお忘れなく！
※画像の無断転載、複製、加工、または再配布する行為はご遠慮ください(ウェブサイト・SNSを含む)。"
https://www.inorimachi.com/fc_news/2026/0101120002.html,2026.01.01,"「まちの映画館～町内""生""放送～」放送決定！　※1/9更新","「まちの映画館～町内""生""放送～」2026年1回目の放送が決定しました！
【まちの映画館～町内""生""放送～】
日時：1月9日(金) 21:00頃
※オンライン生配信です。
※配信時間は変更になる可能性がございます。また、前後する可能性もございますのでご了承ください。
※アーカイブは2026年2月1日(日)23:59までを予定しております。
●視聴方法
ファンクラブページ内
「まちの映画館」
よりご覧いただけます。
●注意事項
・動画配信・視聴にはタイムラグが生じる場合がございます。
・途中から視聴した場合はその時点からのライブ配信となり、時間を戻しての再生はできませんのでご了承ください。
・コメントがうまく送信されない場合がございます。その際はご視聴するブラウザやデバイスを変更してお試しください。
・同じ内容のコメントを続けて投稿するのはお控えください。
・ご視聴に関わるインターネット通信費用はお客様のご負担となります。
・動画配信となりデータ通信量が多くなることが想定されるため、安定したインターネット環境(Wi-Fi等)のご利用を推奨いたします。
・配信には機材・回線等、最善の準備を行い実施しますが、生配信である特性上、不慮の一時中断や乱れなどが起こる可能性がある点、ご了承ください。
・お客様のインターネット環境に伴う閲覧の不具合に関しては対応は一切できかねます。
・本配信は配信プラットフォーム「Vimeo」を使用します。ご視聴の推奨環境は
こちら
よりご確認ください。
・日本国外からご視聴の際は、
「Vimeo」の視聴対応地域
にご注意ください。
・本配信の撮影、録音及び録画は一切禁止させていただきます。
また、無断転載、複製、加工、再配布する行為もご遠慮ください(ウェブサイト・SNSを含む)。"
https://www.inorimachi.com/fc_news/2026/0108140000.html,2026.01.08,「いのりまち町民集会2026」ゲスト出演者決定！,"「いのりまち町民集会2026」に町長のお友達の出演が決定いたしました！
ゲスト：大西沙織さん、加隈亜衣さん、日高里菜さん
町民さんからのお便り募集も予定しています！
アットホームなひとときをどうぞお楽しみに♪
＼＼「いのりまち町民集会2026」チケット申し込み受付中！／／
＜ゲスト決定につきチケット申し込み受付期間延長！＞
・申込受付期間：
1月8日(木)17:00まで
1月13日(火)17:00まで
・当落発表：1月23日(金)15:00予定
・入金期間：1月23日(金)15:00～1月29日(木)23:59
・申込制限枚数：1公演につき1枚
チケットの申込みはこちら！
https://www.inorimachi.com/ticket/ticket_top.php"
https://www.inorimachi.com/fc_news/2026/0109150000.html,2026.01.09,まちの新聞「『いのりまちだより』32号 出張版」更新！,"ファンクラブページ内
「まちの新聞」
で
『いのりまちだより』32号「まちのひろば＆みんなのお家のくらりちゃん出張版」、「町長からの挑戦状！出張版」
を公開しました！
みなさんからいただいたおたよりをご紹介！
ぜひチェックしてみてください♪"
https://www.inorimachi.com/fc_news/2026/0113120000.html,2026.01.13,【重要】年会費改定のご案内,"いつも水瀬いのりを応援くださり誠にありがとうございます。
この度、水瀬いのりオフィシャルファンクラブ「いのりまち」は、昨今の原材料費や物流関連費上昇による物価・送料の高騰に伴いまして、2026年4月1日(水)より年会費を下記のとおり改定させていただきます。
-----------------------------------------------
◆年会費
〈改定前〉4,400円(税込)　　→　　〈改定後〉5,500円(税込)
※入会金1,100円に変更はございません。
※2026年4月1日(水) 00:00以降の入会・継続手続きより変更となります。
-----------------------------------------------
●ご継続について
・クレジットカードによる自動継続の設定をされている方
2026年4月1日(水)00:00以降の決済は改定後の金額で処理されます。
継続可能期間内（会員期限月の2ヶ月前の1日～会員期限当日)であれば、先立ってご自身で継続お手続きをいただくことも可能です。
・クレジットカード／コンビニ／ペイジー／郵便振替でお支払いをされる方
2026年3月31日(火)23:59までに手続きをされた方まで、お支払い金額は改定前の金額を適用いたします。
●ご入会について
2026年4月1日(水)00:00以降に新規入会される場合は、いずれも改定後の金額が適用されます。
なお、改定にあたり ＜4月1日(水)00:00～10:00＞ にシステムメンテナンスを実施いたします。
システムメンテナンス中はファンクラブページにアクセスいただけません。
ご不便をおかけいたしますが、あらかじめご了承ください。
今後もより充実したサービスをお届けし、今まで以上に会員の皆様に楽しんでいただけるコンテンツをご提供できるよう努めて参ります。
今後とも水瀬いのりへのあたたかいご声援を何卒よろしくお願い申し上げます。"
https://www.inorimachi.com/fc_news/2026/0123150000.html,2026.01.23,「いのりまち町民集会2026」チケット当落結果のご案内,"「いのりまち町民集会2026」のチケットをお申し込みいただきました方へ、当落結果のご案内を開始いたしました。
●当落確認・入金期間
1月23日(金)15:00～1月29日(木)23:59
●当落結果について
チケット販売サイト「TAPIRS TICKET」内
「チケット申込み履歴」
よりご確認いただけます。
また、チケット受付サイト「TAPIRS MEMBERS」にご登録いただいたメールアドレス宛に『抽選結果のお知らせ』メールをお送りしております。
※ファンクラブページメニュー内「チケット」より、該当の受付バナーをクリックいただくことでもログインが可能です。
●お支払いについて
詳細につきましては下記ページの「支払いについて」よりご確認ください。
https://faq.tks.re-tapirs.com/hc/ja/categories/9612413336591-TAPIRS-TICKET
【ご注意】
※公演終了後まで「TAPIRS MEMBERS」の会員登録は削除されないようお願いいたします。
※チケットのお申込み・当落結果確認・ご入金・公演へのご参加は、各期間において会員期限内である必要があります。
※公演当日に会員期限が切れている場合、入場をお断りいたします。会員期限が2026/2/28以前の方はご注意ください。
※ファンクラブページ内では当落結果は確認できません。ご注意ください。
※いかなる理由におきましても、当選されたチケットのキャンセル・変更はできません。
※複数公演当選された場合、当選されたすべてのチケットをご購入いただきます。
※当落結果メール未着によるチケット代の未入金等には対応をいたしかねます。
※入金に不備・不明な点がある場合、選択した決済方法以外での入金や支払期限後の入金はすべて手数料を差し引き返金いたします。その際、当選は無効となりチケットのご用意はできかねます。
※当選確定後、入金期間内にチケット代金の入金がない場合、今後ファンクラブで取り扱うオリジナルグッズ・チケット等の購入をお断りいたします。
〈同行者登録をご利用の方〉
※当選された際のチケット代、手数料は申込者様に枚数分まとめてお支払いいただきます。
※同行者として申し込みが完了した場合、申込完了メールが配信されます。同行者はチケット申込履歴には表示されませんので、予めご了承ください。
※同行者設定、及びお申し込み時の同行者登録のご不明点につきましては、ファンクラブにお問い合わせいただきましても回答がいたしかねます。「TAPIRS TICKET」ご利用に関するお問い合わせ先にお問い合わせください。
※※重要※※
イベントへの入場には、
【有効な顔写真付き身分証明書(※下記参照)・チケット】
が必要です。
いずれかをお持ちでない場合はご参加いただけませんのでご注意ください。
★本イベントにおける有効な顔写真付き身分証明書
○ 運転免許証（各都道府県公安委員会が発行するもの）
○ マイナンバーカード
○ パスポート
○ 在留カード / 特別永住者証明書（外国人登録証明書）
○ 障害者手帳
○ 学生証
○ 住民基本台帳カード *有効期限内・記載事項に変更のない場合に限る
※ 全てにおいて、コピー不可・有効期限切れ不可・顔写真無し不可。
※ ファンクラブ登録氏名と一致するものに限ります。
（「崎」や「高」等、旧漢字・新漢字等の違いは可）
※ 社員証・taspoは不可。
※ 外国籍の方は＜パスポート・在留カード・特別永住者証明書（外国人登録証明書）＞のいずれかをお持ちください。
※ マイナンバーカードは年齢問わず、取得できます。
>> マイナンバーカード総合サイト
※ マイナンバーカードの申請から発行までには、お時間がかかる場合がございます。
発行が間に合わない場合は、必ず別の有効な顔写真付き身分証明書をご用意ください。
【お問い合わせ先】
●「TAPIRS TICKET」に関するお問い合わせ先
チケットインフォメーション
お問い合わせフォーム
※申し込み方法・同行者登録・ 当落確認・支払い方法・チケット発券に関するお問い合わせ先になります。
※お問い合わせの際は公演名欄に『水瀬いのりファンクラブイベント2026』とご入力ください。
●ファンクラブ会員ページログイン・その他に関するお問い合わせ先
水瀬いのりオフィシャルファンクラブ「いのりまち」
MAIL：
contact@inorimachi.com
※お名前のないメールにはお返事いたしかねます。（会員の方は会員番号もご明記ください）
※メールでのお問い合わせは、返信までに最大1週間ほどお時間がかかります。
※お問い合せの前にファンクラブからのメールを受信できるよう、下記メールアドレスの受信設定をお願いいたします。
・contact@inorimachi.com
・mail@inorimachi.com"
https://www.inorimachi.com/fc_news/2026/0206150000.html,2026.02.06,「いのりまち町民集会2026」特設ページ公開！,"「いのりまち町民集会2026」の特設ページを公開しました！
町民集会に関する情報はこちらをチェック☆
「いのりまち町民集会2026」特設ページ"
https://www.inorimachi.com/fc_news/2026/0206150001.html,2026.02.06,「いのりまち町民集会2026」リセール受付のご案内,"「いのりまち町民集会2026」では、チケットリセール受付を行います。
>> 公演情報はこちら！
----------------------------
〈リセールサービスとは〉
チケットリセールサービスは、チケット購入後にご来場いただけなくなった方（出品者）とチケット購入をご希望の方（申込者）を対象に、
自動抽選によるマッチングを行うシステムです。
▼ご利用前に「リセールサービスについてのご案内」をご確認ください。
https://tks.re-tapirs.com/guide/resale
----------------------------
●リセール受付期間(抽選)
2月9日(月)12:00～2月17日(火)11:00
●購入について
ファンクラブページ「チケット」内、該当の受付バナーより画面の案内に従ってお手続きください。
※同行者の登録はできません。各公演、1人1枚でのお申し込みのみとなります。
※お支払い方法はクレジットカードのみです。
※TAPIRS MEMBERSの会員情報は、いのりまちの会員情報と同一の内容でご登録をお願いいたします。
また、会員登録済みの方も、ご登録の内容が最新の情報と一致しているかご確認をお願いいたします。
TAPIRS MEMBERSの会員情報といのりまちの会員情報の内容が一致しない場合は当日ご入場いただけない場合がありますので、ご注意ください。
●出品について
受付開始になりましたら
「TAPIRS TICKET」申込履歴
より行えます。
※申込者・同行者どちらのチケットを出品する場合も、申込者のみ出品操作が可能です。出品の際には必ず出品するチケットの氏名を選択して出品してください。
※※重要※※
イベントへの入場には、
【有効な顔写真付き身分証明書(※下記参照)・チケット】
が必要です。
いずれかをお持ちでない場合はご参加いただけませんのでご注意ください。
★本イベントにおける有効な顔写真付き身分証明書
○ 運転免許証（各都道府県公安委員会が発行するもの）
○ マイナンバーカード
○ パスポート
○ 在留カード / 特別永住者証明書（外国人登録証明書）
○ 障害者手帳
○ 学生証
○ 住民基本台帳カード *有効期限内・記載事項に変更のない場合に限る
※ 全てにおいて、コピー不可・有効期限切れ不可・顔写真無し不可
※ ファンクラブ登録氏名と一致するものに限ります
（「崎」や「高」等、旧漢字・新漢字等の違いは可）
※ 社員証・taspoは不可
※ 外国籍の方は＜パスポート・在留カード・特別永住者証明書（外国人登録証明書）＞のいずれかをお持ちください
※ マイナンバーカードは年齢問わず、取得できます
>> マイナンバーカード総合サイト
※ マイナンバーカードの申請から発行までには、お時間がかかる場合がございます。
発行が間に合わない場合は、必ず別の有効な顔写真付き身分証明書をご用意ください。
♪入会をご検討の方へ
リセールの受付期間終了までに、ファンクラブページより【クレジットカード決済・コンビニ／ペイジー支払】にてご入会(入金完了まで)いただきますとチケットのお申し込みが可能です！
>> ご入会はこちらから！
【ご注意】
※Loppi／ローソンチケット、郵便振込からのお手続きは確認ができるまでに数日要しますのでご注意ください。
※チケット申込受付期間をよくお確かめの上、時間に余裕を持ってお手続きください。
【お問い合わせ先】
●「TAPIRS TICKET」に関するお問い合わせ先
チケットインフォメーション：
お問い合わせフォーム
※申し込み方法・同行者登録・ 当落確認・支払い方法・チケット発券に関するお問い合わせ先になります。
※お問い合わせの際は公演名欄に『水瀬いのりファンクラブイベント2026』とご入力ください。
●ファンクラブ会員ページログイン・その他に関するお問い合わせ先
水瀬いのりオフィシャルファンクラブ「いのりまち」
MAIL：
contact@inorimachi.com
※お名前のないメールにはお返事いたしかねます。（会員の方は会員番号もご明記ください）
※メールでのお問い合わせは、返信までに最大1週間ほどお時間がかかります。
※お問い合せの前にファンクラブからのメールを受信できるよう、下記メールアドレスの受信設定をお願いいたします。
・contact@inorimachi.com
・mail@inorimachi.com"
https://www.inorimachi.com/fc_news/2026/0212150000.html,2026.02.12,「いのりまち町民集会2026」配信決定！,"「いのりまち町民集会2026」の配信が決定いたしました！
●配信日程
《生配信》
①3月14日(土) 14:30開演
②3月14日(土) 18:30開演
《アーカイブ配信》
生配信終了後～3月22日(日)23:59
《チケット販売期間》
2月13日(金)15:00～3月22日(日)18:00
●チケット購入方法
ファンクラブページ
「チケット」
内、「配信チケット購入ページ」のボタンより
チケットぴあのサイトにアクセスし、案内に従ってご購入ください。
※チケットの購入には、チケットぴあの会員登録(無料)が必要です。
【海外からの視聴について】
海外から視聴される方は、ファンクラブページ「チケット」下部の【For Overseas Customers】のボタンからチケットぴあのサイトにアクセスし、表示に従って情報を入力・ご購入ください。
「いのりまち町民集会2026」特設ページ"
https://www.inorimachi.com/fc_news/2026/0212150001.html,2026.02.12,「いのりまち町民集会2026」グッズラインナップ公開！,"「いのりまち町民集会2026」のグッズラインナップを公開しました！
2月13日(金)15:00より通信販売の申し込み受付を開始いたします。
●通信販売
《受付期間》
2026年2月13日(金)15:00～2月23日(月・祝)23:59
《発送時期》
2026年3月上旬より順次発送予定
※公演当日までのお届けを予定しておりますが、今後の社会情勢等の影響やお住まいの地域・天候・配送状況等により、お届けが遅れる場合がございます。何卒ご理解いただきますようお願い申し上げます。
《取扱商品》
全アイテム
※受付期間中、『カレンダー2026』も同時にご購入いただけます。
※通信販売では『いろいろくらりずかんクッキー』のお取り扱いはございません。
《申し込み方法》
ファンクラブページ内「グッズ」より、ご希望のアイテムをショッピングカートに入れ、決済方法を選択し代金をご入金ください。
「いのりまち町民集会2026」特設ページ"
https://www.inorimachi.com/fc_news/2026/0213150000.html,2026.02.13,"「まちの映画館～町内""生""放送～」放送決定！　※2/23更新","「まちの映画館～町内""生""放送～」の次回放送が決定しました！
【まちの映画館～町内""生""放送～】
日時：2月23日(月・祝) 20:00頃
※オンライン生配信です。
※配信時間は変更になる可能性がございます。また、前後する可能性もございますのでご了承ください。
※アーカイブは2026年3月13日(金)23:59までを予定しております。
●視聴方法
ファンクラブページ内
「まちの映画館」
よりご覧いただけます。
●注意事項
・動画配信・視聴にはタイムラグが生じる場合がございます。
・途中から視聴した場合はその時点からのライブ配信となり、時間を戻しての再生はできませんのでご了承ください。
・コメントがうまく送信されない場合がございます。その際はご視聴するブラウザやデバイスを変更してお試しください。
・同じ内容のコメントを続けて投稿するのはお控えください。
・ご視聴に関わるインターネット通信費用はお客様のご負担となります。
・動画配信となりデータ通信量が多くなることが想定されるため、安定したインターネット環境(Wi-Fi等)のご利用を推奨いたします。
・配信には機材・回線等、最善の準備を行い実施しますが、生配信である特性上、不慮の一時中断や乱れなどが起こる可能性がある点、ご了承ください。
・お客様のインターネット環境に伴う閲覧の不具合に関しては対応は一切できかねます。
・本配信は配信プラットフォーム「Vimeo」を使用します。ご視聴の推奨環境は
こちら
よりご確認ください。
・日本国外からご視聴の際は、
「Vimeo」の視聴対応地域
にご注意ください。
・本配信の撮影、録音及び録画は一切禁止させていただきます。
また、無断転載、複製、加工、再配布する行為もご遠慮ください(ウェブサイト・SNSを含む)。"
https://www.inorimachi.com/fc_news/2026/0213150001.html,2026.02.13,「いのりまち町民集会2026」グッズ通信販売受付開始！,"「いのりまち町民集会2026」グッズの通信販売申込み受付を開始しました！
>> グッズラインナップはこちら！
●申し込み方法
ファンクラブページ内
「グッズ」
より、ご希望のアイテムをショッピングカートに入れ、決済方法を選択し代金をご入金ください。
●申込み受付期間
2月13日(金)15:00～2月23日(月・祝)23:59
●発送時期
3月上旬より順次発送予定
※公演当日までのお届けを予定しておりますが、今後の社会情勢等の影響やお住まいの地域・天候・配送状況等により、お届けが遅れる場合がございます。何卒ご理解いただきますようお願い申し上げます。
●取扱商品
全アイテム
※受付期間中に限り、『
INORI MINASE OFFICIAL GOODS ONLINE SHOP
』にて販売中の「カレンダー2026」もご購入いただけます。
※通信販売と当日販売とでは、取扱商品が異なる可能性がございます。
※商品によっては受付期間内であっても販売終了する場合がございます。
※通信販売では『いろいろくらりずかんクッキー』のお取り扱いはございません。
※一度受付を終了した商品でも、状況により予告なく販売を再開させていただく場合がございます。
※購入手続き完了後のキャンセル及び注文内容変更、また不良品以外の返品・交換は対応いたしかねます。あらかじめご了承ください。"
https://www.inorimachi.com/fc_news/2026/0216150000.html,2026.02.16,まちの新聞「2026年カレンダー撮影～1月＆2月編～」更新！,"ファンクラブページ内
「まちの新聞」
で
「2026年カレンダー撮影～1月＆2月編～」
を公開しました！撮影当日の様子をレポート！ぜひチェックしてみてください♪"
https://www.inorimachi.com/fc_news/2026/0218150000.html,2026.02.18,まちの新聞「『いのりまち町民集会2026』グッズ撮影編」更新！,"ファンクラブページ内
「まちの新聞」
で
「『いのりまち町民集会2026』グッズ撮影編」
を公開しました！ピクニックとお花見をテーマに行われたグッズ撮影の様子をお届けします！
**┈┈┈┈┈┈┈┈┈┈┈**
「いのりまち町民集会2026」
グッズ通信販売申し込み受付中！
2月23日(月祝)23:59まで
《生配信》チケット販売中！
①3月14日(土) 14:30開演
②3月14日(土) 18:30開演
https://www.inorimachi.com/news/2026/0212150000.html
**┈┈┈┈┈┈┈┈┈┈┈**"
https://www.inorimachi.com/fc_news/2026/0218150001.html,2026.02.18,「いのりまち町民集会2026」おたより募集！,"「いのりまち町民集会2026」では、みなさまからのおたよりを大募集！
ゲストの大西沙織さん、加隈亜衣さん、日高里菜さん、そして町長の4名に聞いてみたいことや、相談してみたいことなど......
たくさんのご応募をお待ちしています！
●投稿方法
ファンクラブページログイン後、メニューに表示される「アンケート」よりご投稿ください。
●募集締切
3月5日(木)18:00まで
【ご注意】
※おたよりはイベント内で使用いたします。その際、一部内容を編集させていただく場合がございます。
※ファンクラブイベントへの参加に関わらず、すべての会員様がご回答いただけます。"
https://www.inorimachi.com/fc_news/2026/0220150000.html,2026.02.20,まちの新聞「『いのりまち町民集会2026』グッズ紹介 町長編」更新！,"ファンクラブページ内
「まちの新聞」
で
「『いのりまち町民集会2026』グッズ紹介 町長編」
を公開しました！
3月14日(土)開催の「いのりまち町民集会2026」
グッズ通信販売
申し込み受付中です！
ぜひあわせてご覧ください♪
**┈┈┈┈┈┈┈┈┈┈┈**
「いのりまち町民集会2026」
●グッズ通信販売申し込み受付中！
2月23日(月・祝)23:59まで
●おたより募集中！
3月5日(木)18:00まで
●《生配信》チケット販売中！
①3月14日(土) 14:30開演
②3月14日(土) 18:30開演
https://www.inorimachi.com/news/2026/0212150000.html
**┈┈┈┈┈┈┈┈┈┈┈**"
https://www.inorimachi.com/fc_news/2026/0220150001.html,2026.02.20,「いのりまち町民集会2026」にご来場のみなさまへ,"「いのりまち町民集会2026」のチケットは、全て電子チケット(MOALA Ticket)でのお受け取りとなります。
チケットにはご購入者様の会員番号・氏名が表示されます。
【3月4日(水)まで】に、
「TAPIRS MEMBERS」
に登録されている氏名に誤りがないことをご確認くださいますようお願いいたします。
登録名はログイン後、メニュー内「アカウント情報」→「個人情報の変更」よりご確認いただけます。
※名字のみ
「TAPIRS MEMBERS」
よりご自身での変更が可能です。
※ご登録の名前にご入力の誤りがあり変更が必要な場合は、
こちら
よりお問い合せください。（ご家族も含め別人への名義変更は一切できません）
※電子チケットに表示される氏名と本人確認書類記載の氏名が異なる場合、ご入場をお断りする場合がございます。
必ずご確認くださいますようお願いいたします。
※※重要※※
イベントへの入場には、
【有効な顔写真付き身分証明書(※下記参照)・チケット】
が必要です。
いずれかをお持ちでない場合はご参加いただけませんのでご注意ください。
★本イベントにおける有効な顔写真付き身分証明書
○運転免許証(各都道府県公安委員会が発行するもの)
○パスポート
○マイナンバーカード
○顔写真付き住民基本台帳カード(住基カード)
○顔写真付き学生証(在学中のものに限る)
○顔写真付き保険証
○在留カード、外国人登録証明書、特別永住者証明書
○顔写真付き障害者手帳、養育手帳、療育手帳
※すべてにおいて、コピー・期限切れ・顔写真無しのものは無効。
※taspoや社員証、会員証、マイナンバー通知カード、公共料金請求書関連書類等は認められませんのでご注意ください。
※チケット表示氏名と一致するものに限ります。
※外国籍の方は【パスポート・在留カード・特別永住者証明書】のいずれかをお持ちください。
※発行に時間を要する場合もございますので、これから取得される方はお早めにお手続きください。
※顔写真付きマイナンバーカードは、年齢問わず無料で取得することができます。
>> マイナンバーカード総合サイト
その他、公演に関するご案内は特設ページをご確認ください。
「いのりまち町民集会2026」特設ページ"
https://www.inorimachi.com/fc_news/2026/0226150000.html,2026.02.26,ファンクラブ会報「いのりまちだより」33号発行決定！,"ファンクラブ会報
「いのりまちだより」33号
の発行が決定しました！
33号の発送は3月下旬を予定しております。
今回は『Inori Minase 10th ANNIVERSARY LIVE TOUR Travel Record』特集第2弾！
福岡公演からファイナル公演までの模様や、LIVE Blu-rayジャケット撮影の様子をお届けします☆
その他、イベントレポートや町民さんと町長の交流コーナーなど、ここでしか見られない情報が満載の会報です♪
住所変更を希望される方は
【3月9日(月)12:00まで】
に
ファンクラブページログイン後、「まち役場」よりお手続きください。
住所変更がない方も、今一度ご登録内容のご確認をお願いいたします。
----------
●2025年12月11日(木)～2026年3月8日(日)までにご継続された方へ
継続特典の同封を予定しております。
※3月9日(月)以降にご継続手続きをされた方への継続特典のお届けは、
次回会報誌と同封しての発送を予定しており、最大で3ヶ月ほどお時間をいただく場合がございます。
----------
※会報33号は、3月31日(火)までにご入会(入金完了まで)くださった方にお送りします。
※変更手続きがなく発送物未着のお問い合わせをいただいた場合、対応をいたしかねます。
※発送完了後は、まちの回覧板にてお知らせします。"
https://www.inorimachi.com/fc_news/2026/0226150001.html,2026.02.26,「いのりまち町民集会2026」チケット追加販売決定！,"「いのりまち町民集会2026」チケットの追加販売が決定いたしました！
>> 公演情報はこちら！
●販売期間
2月27日(金)17:00～
※先着順での受付です
※予定枚数に達し次第終了となります
●購入について
ファンクラブページ
「チケット」
内、「いのりまちチケット受付ページ」のバナーより画面の案内に従ってお手続きください。
※同行者の登録はできません。1人1枚でのお申し込みのみとなります。
※同一公演のチケットが当選(購入)されている方はご購入いただけません
※お支払い方法はクレジットカードのみです。
※TAPIRS MEMBERSの会員情報は、いのりまちの会員情報と同一の内容でご登録をお願いいたします。
また、会員登録済みの方も、ご登録の内容が最新の情報と一致しているかご確認をお願いいたします。
TAPIRS MEMBERSの会員情報といのりまちの会員情報の内容が一致しない場合は当日ご入場いただけない場合がありますのでご注意ください。
※※重要※※
イベントへの入場には、
【有効な顔写真付き身分証明書(※下記参照)・チケット】
が必要です。
いずれかをお持ちでない場合はご参加いただけませんのでご注意ください。
★本イベントにおける有効な顔写真付き身分証明書
○ 運転免許証（各都道府県公安委員会が発行するもの）
○ マイナンバーカード
○ パスポート
○ 在留カード / 特別永住者証明書（外国人登録証明書）
○ 障害者手帳
○ 学生証
○ 住民基本台帳カード *有効期限内・記載事項に変更のない場合に限る
※ 全てにおいて、コピー不可・有効期限切れ不可・顔写真無し不可
※ チケット表示氏名と一致するものに限ります
（「崎」や「高」等、旧漢字・新漢字等の違いは可）
※ 社員証・taspoは不可
※ 外国籍の方は＜パスポート・在留カード・特別永住者証明書（外国人登録証明書）＞のいずれかをお持ちください
※ マイナンバーカードは年齢問わず、取得できます
>> マイナンバーカード総合サイト
※ マイナンバーカードの申請から発行までには、お時間がかかる場合がございます。
発行が間に合わない場合は、必ず別の有効な顔写真付き身分証明書をご用意ください。
♪入会をご検討の方へ
ファンクラブページより【クレジットカード決済・コンビニ／ペイジー支払】にてご入会(入金完了まで)いただきますとチケットのご購入が可能です！
>> ご入会はこちらから！
【ご注意】
※Loppi／ローソンチケット、郵便振込からのお手続きは確認ができるまでに数日要しますのでご注意ください。
※チケット申込受付期間をよくお確かめの上、時間に余裕を持ってお手続きください。
【お問い合わせ先】
●「TAPIRS TICKET」に関するお問い合わせ先
チケットインフォメーション：
お問い合わせフォーム
※申し込み方法・当落確認・支払い方法・チケット発券に関するお問い合わせ先になります。
※お問い合わせの際は公演名欄に『水瀬いのりファンクラブイベント2026』とご入力ください。
●ファンクラブ会員ページログイン・その他に関するお問い合わせ先
水瀬いのりオフィシャルファンクラブ「いのりまち」
MAIL：
contact@inorimachi.com
※お名前のないメールにはお返事いたしかねます。（会員の方は会員番号もご明記ください）
※メールでのお問い合わせは、返信までに最大1週間ほどお時間がかかります。
※お問い合せの前にファンクラブからのメールを受信できるよう、下記メールアドレスの受信設定をお願いいたします。
・contact@inorimachi.com
・mail@inorimachi.com"
https://www.inorimachi.com/fc_news/2026/0302150000.html,2026.03.02,まちの新聞「『Inori Minase 10th ANNIVERSARY LIVE TOUR Travel Record』公演ダイジェスト編」更新！,"ファンクラブページ内
「まちの新聞」
で
「『Inori Minase 10th ANNIVERSARY LIVE TOUR Travel Record』公演ダイジェスト編」
を公開しました！
昨年開催されました、アーティスト活動10周年を記念したアニバーサリーなツアーのダイジェストレポートをお届けします♪
ぜひご覧ください。"
https://www.inorimachi.com/fc_news/2026/0302150001.html,2026.03.02,"「まちの映画館～町内""生""放送～」放送決定！　※3/11更新","「まちの映画館～町内""生""放送～」の次回放送が決定しました！
【まちの映画館～町内""生""放送～】
日時：3月11日(水) 20:30頃
※オンライン生配信です。
※配信時間は変更になる可能性がございます。また、前後する可能性もございますのでご了承ください。
※アーカイブは2026年3月31日(火)23:59までを予定しております。
●視聴方法
ファンクラブページ内
「まちの映画館」
よりご覧いただけます。
●注意事項
・動画配信・視聴にはタイムラグが生じる場合がございます。
・途中から視聴した場合はその時点からのライブ配信となり、時間を戻しての再生はできませんのでご了承ください。
・コメントがうまく送信されない場合がございます。その際はご視聴するブラウザやデバイスを変更してお試しください。
・同じ内容のコメントを続けて投稿するのはお控えください。
・ご視聴に関わるインターネット通信費用はお客様のご負担となります。
・動画配信となりデータ通信量が多くなることが想定されるため、安定したインターネット環境(Wi-Fi等)のご利用を推奨いたします。
・配信には機材・回線等、最善の準備を行い実施しますが、生配信である特性上、不慮の一時中断や乱れなどが起こる可能性がある点、ご了承ください。
・お客様のインターネット環境に伴う閲覧の不具合に関しては対応は一切できかねます。
・本配信は配信プラットフォーム「Vimeo」を使用します。ご視聴の推奨環境は
こちら
よりご確認ください。
・日本国外からご視聴の際は、
「Vimeo」の視聴対応地域
にご注意ください。
・本配信の撮影、録音及び録画は一切禁止させていただきます。
また、無断転載、複製、加工、再配布する行為もご遠慮ください(ウェブサイト・SNSを含む)。"
https://www.inorimachi.com/fc_news/2026/0304150000.html,2026.03.04,まちの新聞「LIVE Blu-ray『Inori Minase 10th ANNIVERSARY LIVE TOUR Travel Record』ジャケット撮影編」更新！,"ファンクラブページ内
「まちの新聞」
で
「LIVE Blu-ray『Inori Minase 10th ANNIVERSARY LIVE TOUR Travel Record』ジャケット撮影編」
を公開しました！
『Travel Record』が詰まった撮影の様子を、ぜひご覧ください☆"
https://www.inorimachi.com/fc_news/2026/0306150000.html,2026.03.06,「いのりまち町民集会2026」ファンクラブカウンター設置のお知らせ,"「いのりまち町民集会2026」の会場におきまして、ファンクラブカウンターを設置いたします。
こちらにて「いのりまち」継続手続きの受付を行います。
【会員証】をお持ちの上、カウンターまでお越しください。
【設置場所】
グッズ販売エリア付近
【対応時間】
グッズ販売開始時刻～終演後
【対　　象】
会員期限2026年11月30日までの方
【年 会 費】
\4,400
※会員期限にかかわらず、価格改定前の年会費にてご継続いただけます！
※開場中は混み合う場合がございますので、お早めにお越しください。
※開演中の受付はいたしません。
※会員証をお持ちの方は、事前に裏面記入欄に氏名をご記入の上ご来場ください。
※会員証をお持ちでない場合、ファンクラブページログイン後の画面の提示も有効です。
会場にてお手続きいただいた方には、継続特典をその場でお渡しします！
ぜひお立ち寄りください♪"
https://www.inorimachi.com/fc_news/2026/0306150001.html,2026.03.06,「いのりまち町民集会2026」グッズ当日販売のお知らせ,"「いのりまち町民集会2026」イベント会場にて当日グッズ販売を実施いたします。
●会場
【神奈川】横浜BUNTAI
●販売開始時刻
2026年3月14日(土)11:00
《注意事項》
※公演チケットをお持ちでないファンクラブ会員様も「当日販売」をご利用いただけます。必ずご本人様の「会員証」もしくは「チケット」いずれかをご持参ください。(会員証をお持ちでない場合、ファンクラブページログイン後の画面の提示も有効です)
※当日販売でも『卓上カレンダー2026』をお取扱いいたします。
また、いのりまち会員限定グッズ『いのりまちだよりファイル - Part 3 -』も販売いたします。
※開場準備等により、ご案内できないお時間帯がございますので、あらかじめご了承ください。
※混雑状況により、販売エリアへの入場人数を制限する場合もございます。
※グッズをお買い求めの際は、その場で、個数・合計金額・商品の不備等をご確認ください。後日の交換対応は原則としていたしかねますので、あらかじめご了承ください。
※買占めと思われる商品数をお買い求めのお客様には、スタッフより購入数量制限のお声掛けをさせていただく場合がございます。たくさんのお客様にお買い求めいただくため、ご協力をお願いいたします。
※イベント前日、及び当日の会場や会場周辺での徹夜、早朝からの座り込みはご遠慮ください。 会場周辺の方のご迷惑になるとともに、お客様の安全を守る為、徹夜行為は一切禁止させていただきます。
※待機列での場所取り・割り込みや、周囲の方のご迷惑になるような行為はご遠慮ください。また、会場係員の誘導には必ず従ってください。
★会員証について
会員証をお持ちの方は、事前に裏面記入欄に氏名をご記入の上ご来場ください。
会員証をお持ちでない場合、ファンクラブページログイン後の画面の提示も有効です。
「いのりまち町民集会2026」特設ページ"
https://www.inorimachi.com/fc_news/2026/0311120000.html,2026.03.11,「いのりまち町民集会2026」電子チケット発券開始のご案内,"「いのりまち町民集会2026」電子チケットの発券を開始いたしました。
●電子チケット(MOALA Ticket)の表示方法
TAPIRS TICKET
にログインし、チケット一覧より対象公演を選択し、[チケットを表示する]よりMOALA Ticketを表示してください。
※先着受付でご購入の方のみ、座席番号の表示が3/13(金)となる可能性がございます。発券開始予定日に座席番号をご確認いただくことはできませんのでご了承ください。
※同行者登録をされた方は、申込者・同行者それぞれご自身のマイページにログインしてチケットをご確認ください。
※チケットとあわせて、ファンクラブ指定の有効な顔写真付き公的身分証明書を必ずお持ちください。チケットと顔写真付き身分証明書の氏名に相違がある場合、ご入場をお断りいたします。
※入場の際にチケットをご提示いただきます。必ず通信ができるスマートフォン端末をご利用ください。会場周辺やお客様のご契約回線の通信状況等によってはチケットの表示に時間がかかる可能性がありますので、事前にチケットをブラウザ上に表示した状態でお越しいただくようお願いいたします。
※開演直前はご入場口が混み合います。お時間に余裕を持ってご入場いただきますようご協力をお願いいたします。
※チケットの表示にはチケットサイトへのログインが必要になります。ログインIDはチケット発券開始メールが到着しているメールアドレスとなります。ログイン出来ない場合には、ご自身でパスワード再設定のお手続きをいただきますようお願いいたします。
※その他ご不明点は「TAPIRS TICKET」内、
FAQ
をご確認ください。
●いのりまちの会員期限が切れている方
電子チケットが無効となっております。
公演当日にいのりまちの会員でない場合はご入場いただくことができません。
公演への参加を希望される方は必ず事前に継続、または新規入会のお手続きをいただきますようお願いいたします。
※会員期限終了後、1ヶ月は猶予期間として継続手続きが可能です。
例）2026/2/28期限の方　→　2026/3/31まで継続としてお手続きいただけます。
※※重要※※
イベントへの入場には、
【有効な顔写真付き身分証明書(※下記参照)・チケット】
が必要です。
いずれかをお持ちでない場合はご参加いただけませんのでご注意ください。
★本イベントにおける有効な顔写真付き身分証明書
○ 運転免許証（各都道府県公安委員会が発行するもの）
○ マイナンバーカード
○ パスポート
○ 在留カード / 特別永住者証明書（外国人登録証明書）
○ 障害者手帳
○ 学生証
○ 住民基本台帳カード *有効期限内・記載事項に変更のない場合に限る
※ 全てにおいて、コピー不可・有効期限切れ不可・顔写真無し不可
※ チケット表示氏名と一致するものに限ります
（「崎」や「高」等、旧漢字・新漢字等の違いは可）
※ 社員証・taspoは不可
※ 外国籍の方は＜パスポート・在留カード・特別永住者証明書（外国人登録証明書）＞のいずれかをお持ちください
※ マイナンバーカードは年齢問わず、取得できます
>> マイナンバーカード総合サイト
※ マイナンバーカードの申請から発行までには、お時間がかかる場合がございます。
発行が間に合わない場合は、必ず別の有効な顔写真付き身分証明書をご用意ください。
【お問い合わせ先】
●「TAPIRS TICKET」に関するお問い合わせ先
チケットインフォメーション：
お問い合わせフォーム
※申し込み方法・同行者登録・ 当落確認・支払い方法・チケット発券に関するお問い合わせ先になります。
※お問い合わせの際は公演名欄に『水瀬いのりファンクラブイベント2026』とご入力ください。
●ファンクラブ会員ページログイン・その他に関するお問い合わせ先
水瀬いのりオフィシャルファンクラブ「いのりまち」
MAIL：
contact@inorimachi.com
※お名前のないメールにはお返事いたしかねます。（会員の方は会員番号もご明記ください）
※メールでのお問い合わせは、返信までに最大1週間ほどお時間がかかります。
※お問い合せの前にファンクラブからのメールを受信できるよう、下記メールアドレスの受信設定をお願いいたします。
・contact@inorimachi.com
・mail@inorimachi.com"
https://www.inorimachi.com/fc_news/2026/0311150000.html,2026.03.11,まちの写真館「Inori Minase 10th ANNIVERSARY LIVE TOUR Travel Record」更新！,"ファンクラブページ内
「まちの写真館」
で
「Inori Minase 10th ANNIVERSARY LIVE TOUR Travel Record」ライブ写真
を公開しました！
LIVE ALBUM「Inori Minase 10th ANNIVERSARY LIVE TOUR Travel Record」
とあわせて、ぜひチェックしてみてください♪"
https://www.inorimachi.com/fc_news/2026/0316190000.html,2026.03.16,「いのりまち町民集会2026」グッズ事後通信販売のお知らせ,"「いのりまち町民集会2026」のグッズ事後通信販売が決定いたしました！
●申し込み方法
ファンクラブページ内
「グッズ」
より、ご希望のアイテムをショッピングカートに入れ、決済方法を選択し代金をご入金ください。
●申し込み受付期間
2026年3月18日(水)15:00〜3月30日(月)23:50
●発送予定日
4月中旬より順次発送予定
●取扱いアイテム
・通信販売では『いろいろくらりずかんクッキー』のお取り扱いはございません。
・「
inori minase オンライングッズショップ
」にて販売中の『カレンダー2026』も、イベントグッズと同時にご注文いただけます。
《注意事項》
※商品によっては受付期間内であっても販売終了する場合がございます。
※一度受付を終了した商品でも、状況により予告なく販売を再開させていただく場合がございます。
※購入手続き完了後のキャンセル及び注文内容変更、また不良品以外の返品・交換は対応いたしかねます。あらかじめご了承ください。"
https://www.inorimachi.com/fc_news/2026/0318150000.html,2026.03.18,「いのりまち町民集会2026」グッズ事後通信販売受付開始！,"「いのりまち町民集会2026」のグッズ事後通信販売申し込み受付を開始しました！
>> グッズラインナップはこちら！
●申し込み方法
ファンクラブページ内
「グッズ」
より、ご希望のアイテムをショッピングカートに入れ、決済方法を選択し代金をご入金ください。
●申込み受付期間
2026年3月18日(水)15:00～3月30日(月)23:50
●発送時期
4月中旬より順次発送予定
●取扱商品
・通信販売では『いろいろくらりずかんクッキー』のお取り扱いはございません。
・「
inori minase オンライングッズショップ
」にて販売中の『カレンダー2026』も、イベントグッズと同時にご注文いただけます。
《注意事項》
※商品によっては受付期間内であっても販売終了する場合がございます。
※一度受付を終了した商品でも、状況により予告なく販売を再開させていただく場合がございます。
※購入手続き完了後のキャンセル及び注文内容変更、また不良品以外の返品・交換は対応いたしかねます。あらかじめご了承ください。"
https://www.inorimachi.com/fc_news/2026/0326150000.html,2026.03.26,ファンクラブ会報「いのりまちだより」投稿受付開始！,"ファンクラブ会報「いのりまちだより」34号の投稿受付を開始いたしました！
町長へのメッセージやライブ、アニメ、イベント、会報の感想、イラストやコーナーへの投稿などなど、みなさんのおたよりをお送りください♪
【ファンクラブページからの投稿】
ファンクラブページログイン後、「ポスト」からご投稿ください。
投稿締切：2026年4月28日(火)18:00
【郵便での投稿】
〒160-0023
東京都新宿区西新宿1-19-6 山手新宿ビル11F
水瀬いのりオフィシャルファンクラブ「いのりまち」○○○(各コーナー名)係
投稿締切：2026年4月28日(火)必着
たくさんの投稿、お待ちしております♪"
https://www.inorimachi.com/fc_news/2026/0326150001.html,2026.03.26,ファンクラブ会報「いのりまちだより」33号発送開始のお知らせ,"ファンクラブ会報「いのりまちだより」33号の発送を、3月26日(木)に開始いたしました！
2026年4月9日(木)
になりましてもお手元に届かない場合は、
下記期間内にファンクラブまでお問い合わせください。
■未着問い合わせ期間
2026年4月9日(木)～4月23日(木)
※こちらの問い合わせ期間は3月18日(水)までにご入会・ご継続いただいた方を対象としております。
3月19日(木)以降にご入会・ご継続いただいた方は発送完了メール記載の未着問い合わせ期間をご確認ください。
■お問い合わせ先
MAIL：contact@inorimachi.com
件名：会報33号未着
本文：会員番号・氏名・住所・お問い合わせの詳細
----------
●「Inori Minase 10th ANNIVERSARY LIVE TOUR Travel Record」いのりまち限定特典付き配信チケットをご購入の方へ
特典を同封しております。
----------
●2025年12月11日(木)～3月8日(日)までにご継続された方へ
継続特典を同封しております。
※3月9日(月)以降にご継続手続きをされた方への継続特典のお届けは、
次回会報誌と同封しての発送を予定しており、最大で3ヶ月ほどお時間をいただく場合がございます。
----------
※未着問い合わせ期間以降にご連絡をいただきましても対応いたしかねますのでご注意ください。
※初回発送は、3月18日(水)までにご入会手続きを完了された方が対象です。
※3月19日(木)以降にご入会いただいた方へは、4月中旬より順次発送いたします。
※3月末までにご入会いただいた方を対象に発送いたします。
さらに、2026年5月12日(火) → 期間延長！6月11日(月)までにご入会いただいた方にも会報33号を先着でプレゼント！
※先着順での配布になります。予定数に達し次第、終了いたします。予めご了承ください。
※会報投稿は【3月26日(木)15:00】より「ポスト」にて受付中です。"
https://www.inorimachi.com/fc_news/2026/0401100000.html,2026.04.01,【重要】年会費・送料改定のご案内,"いつも水瀬いのりを応援くださり誠にありがとうございます。
この度、水瀬いのりオフィシャルファンクラブ「いのりまち」は、昨今の原材料費や物流関連費上昇による物価・送料の高騰に伴いまして、2026年4月1日(水)より年会費を下記のとおり改定いたしました。
-----------------------------------------------
◆年会費
〈改定前〉4,400円(税込)　　→　　〈改定後〉5,500円(税込)
※入会金1,100円に変更はございません。
-----------------------------------------------
●ご継続について
・クレジットカードによる自動継続の設定をされている方
2026年4月1日(水)00:00以降の決済は改定後の金額で処理されます。
・クレジットカード／コンビニ／ペイジー／郵便振替でお支払いをされる方
2026年3月31日(火)23:59までに手続きをされた方は、お支払い金額は改定前の金額を適用いたします。
2026年4月1日(水)00:00以降のお手続きは改定後の金額が適用されます。
●ご入会について
2026年4月1日(水)00:00以降に新規入会される場合は、いずれも改定後の金額が適用されます。
今後もより充実したサービスをお届けし、今まで以上に会員の皆さまに楽しんでいただけるコンテンツをご提供できるよう努めて参ります。
今後とも水瀬いのりへのあたたかいご声援を何卒よろしくお願い申し上げます。"
https://www.inorimachi.com/fc_news/2026/0410150000.html,2026.04.10,まちの新聞「『いのりまちだより』33号 出張版」更新！,"ファンクラブページ内
「まちの新聞」
で
『いのりまちだより』33号「まちのひろば＆みんなのお家のくらりちゃん出張版」、「町長からの挑戦状！出張版」
を公開しました！
みなさんからいただいたおたよりをご紹介！
ぜひチェックしてみてください♪"
https://www.inorimachi.com/fc_news/2026/0414170000.html,2026.04.14,「いのりまち町民集会2026」グッズ事後通信販売　商品のお届けにつきまして,"「いのりまち町民集会2026」グッズ事後通信販売の発送を、4月14日(火)に完了いたしました！
発送された方へは、発送完了メールにてお知らせいたします。
宅配伝票番号は【通信販売　発送完了のお知らせ】メール、
またはファンクラブページ内「グッズ」の購入履歴よりご確認いただけます。
不備・不良等お気づきの点がございましたら、
商品到着から8日以内にファンクラブまでお問い合わせください。"
https://www.inorimachi.com/fc_news/2026/0415150000.html,2026.04.15,「野外ライブ2026」会員先行優先予約のご案内,"9月12日(土)、13日(日)に開催の山梨県・富士急ハイランド コニファーフォレスト公演のファンクラブ会員チケット先行優先予約が決定いたしました！
>> 公演情報はこちら！
●申し込み詳細
《申込受付期間》
4月28日(火)15:00～5月12日(火)17:00
《申込制限枚数》
各公演4枚まで
《当落発表》
5月20日(水)15:00予定
《入金期間》
5月20日(水)15:00～5月26日(火)23:59
●申し込み方法
チケット販売サイト「TAPIRS TICKET」を利用した電子チケットによる受付です。
チケットはファミリーマート(Famiパス)での発券が必要となります。
《受付ページ》
ファンクラブページメニュー内「チケット」より、該当の受付バナーをクリックの上、画面の案内に従ってお手続きください。
※ファンクラブ会員限定のチケット受付となりますため、「TAPIRS TICKET」内「受付一覧」には受付ページは表示されません。
【ご注意】
※「
TAPIRS MEMBERS
」への会員登録が必要となります。
TAPIRS MEMBERSの会員情報は、いのりまちの会員情報と同一の内容でご登録をお願いいたします。また、会員登録済みの方も、ご登録の内容が最新の情報と一致しているかご確認をお願いいたします。TAPIRS MEMBERSの会員情報といのりまちの会員情報の内容が一致しない場合は落選となる場合がありますので、ご注意ください。
※チケットのお申込み・当落結果確認・ご入金には、各期間において会員期限内である必要があります。
※受付ページ記載の注意事項を必ずご確認ください。ご了承いただきました上でのお手続きとなります。
※受付は先着順ではございません。申し込み者多数の場合、抽選にて当落を決定いたします。
※複数公演当選された場合、当選されたすべてのチケットをご購入いただきます。
※受付開始・終了間際は、アクセスが集中し繋がりにくくなる場合もございます。時間に余裕をもってお手続きください。
※いかなる理由におきましても、申込受付期間終了後の申込み・キャンセル・変更はできません。
ご不明な点のある方は、必ず申込受付期間内にファンクラブまでお問い合わせください。
※本受付では、チケットリセールシステムを実施予定です。詳細につきましては改めてご案内いたします。
----------------------------
♪入会をご検討の方へ
チケットの申込受付期間終了までに、ファンクラブページより【クレジットカード決済・コンビニ／ペイジー支払】にてご入会(入金完了まで)いただきますとチケットのお申し込みが可能です！
さらに、5月12日(火)までにご入会いただいた方には会報誌を先着でプレゼント☆
>> ご入会はこちらから！
【ご注意】
※Loppi／ローソンチケット、郵便振込からのお手続きは期日が異なります。
下記期日を過ぎた場合、チケットはお申し込みいただけません。ご注意ください。
・Loppi／ローソンチケット：5月10日(日)
・郵便振込：5月10日(日)
※チケット申込受付期間は5月12日(火)17:00に終了します。時間に余裕を持ってお手続きください。
【お問い合わせ先】
●「TAPIRS TICKET」に関するお問い合わせ先
チケットインフォメーション
お問い合わせフォーム
※申し込み方法・ 当落確認・支払い方法・チケット発券に関するお問い合わせ先になります。
※お問い合わせの際は公演名欄に『水瀬いのりライブ2026』とご入力ください。
●ファンクラブ会員ページログイン・その他に関するお問い合わせ先
水瀬いのりオフィシャルファンクラブ「いのりまち」
MAIL：
contact@inorimachi.com
※お名前のないメールにはお返事いたしかねます。（会員の方は会員番号もご明記ください）
※メールでのお問い合わせは、返信までに最大1週間ほどお時間がかかります。
※お問い合せの前にファンクラブからのメールを受信できるよう、下記メールアドレスの受信設定をお願いいたします。
・contact@inorimachi.com
・mail@inorimachi.com"
https://www.inorimachi.com/fc_news/2026/0420150000.html,2026.04.20,まちの新聞「2026年カレンダー撮影～3月＆4月編～」更新！,"ファンクラブページ内
「まちの新聞」
で
「2026年カレンダー撮影～3月＆4月編～」
を公開しました！撮影当日の様子をレポート！ぜひチェックしてみてください♪"
https://www.inorimachi.com/fc_news/2026/0420150001.html,2026.04.20,"「まちの映画館～町内""生""放送～」放送決定！　※4/29更新","「まちの映画館～町内""生""放送～」の次回放送が決定しました！
【まちの映画館～町内""生""放送～】
日時：4月29日(水・祝) 20:30頃
※オンライン生配信です。
※配信時間は変更になる可能性がございます。また、前後する可能性もございますのでご了承ください。
※アーカイブは2026年5月25日(月)23:59までを予定しております。
●視聴方法
ファンクラブページ内
「まちの映画館」
よりご覧いただけます。
●注意事項
・動画配信・視聴にはタイムラグが生じる場合がございます。
・途中から視聴した場合はその時点からのライブ配信となり、時間を戻しての再生はできませんのでご了承ください。
・コメントがうまく送信されない場合がございます。その際はご視聴するブラウザやデバイスを変更してお試しください。
・同じ内容のコメントを続けて投稿するのはお控えください。
・ご視聴に関わるインターネット通信費用はお客様のご負担となります。
・動画配信となりデータ通信量が多くなることが想定されるため、安定したインターネット環境(Wi-Fi等)のご利用を推奨いたします。
・配信には機材・回線等、最善の準備を行い実施しますが、生配信である特性上、不慮の一時中断や乱れなどが起こる可能性がある点、ご了承ください。
・お客様のインターネット環境に伴う閲覧の不具合に関しては対応は一切できかねます。
・本配信は配信プラットフォーム「Vimeo」を使用します。ご視聴の推奨環境は
こちら
よりご確認ください。
・日本国外からご視聴の際は、
「Vimeo」の視聴対応地域
にご注意ください。
・本配信の撮影、録音及び録画は一切禁止させていただきます。
また、無断転載、複製、加工、再配布する行為もご遠慮ください(ウェブサイト・SNSを含む)。"
https://www.inorimachi.com/fc_news/2026/0428150000.html,2026.04.28,「野外ライブ2026」会員先行優先予約受付開始のご案内,"9月12日(土)、13日(日)に開催の山梨県・富士急ハイランド コニファーフォレスト公演のファンクラブ会員チケット先行優先予約の受付を開始いたしました！
>> 公演情報はこちら！
●申し込み詳細
《申込受付期間》
4月28日(火)15:00～5月12日(火)17:00
《申込制限枚数》
各公演4枚まで
《当落発表》
5月20日(水)15:00予定
《入金期間》
5月20日(水)15:00～5月26日(火)23:59
●申し込み方法
チケット販売サイト「TAPIRS TICKET」を利用した電子チケットによる受付です。
チケットはファミリーマート(Famiパス)での発券が必要となります。
《受付ページ》
ファンクラブページメニュー内「チケット」より、該当の受付バナーをクリックの上、画面の案内に従ってお手続きください。
※ファンクラブ会員限定のチケット受付となりますため、「TAPIRS TICKET」内「受付一覧」には受付ページは表示されません。
【ご注意】
※「
TAPIRS MEMBERS
」への会員登録が必要となります。
TAPIRS MEMBERSの会員情報は、いのりまちの会員情報と同一の内容でご登録をお願いいたします。また、会員登録済みの方も、ご登録の内容が最新の情報と一致しているかご確認をお願いいたします。TAPIRS MEMBERSの会員情報といのりまちの会員情報の内容が一致しない場合は落選となる場合がありますので、ご注意ください。
※チケットのお申込み・当落結果確認・ご入金・公演へのご参加は、各期間において会員期限内である必要があります。
※受付ページ記載の注意事項を必ずご確認ください。ご了承いただきました上でのお手続きとなります。
※受付は先着順ではございません。申し込み者多数の場合、抽選にて当落を決定いたします。
※複数公演当選された場合、当選されたすべてのチケットをご購入いただきます。
※受付開始・終了間際は、アクセスが集中し繋がりにくくなる場合もございます。時間に余裕をもってお手続きください。
※いかなる理由におきましても、申込受付期間終了後の申込み・キャンセル・変更はできません。
ご不明な点のある方は、必ず申込受付期間内にファンクラブまでお問い合わせください。
※本受付では、チケットリセールシステムを実施予定です。詳細につきましては改めてご案内いたします。
----------------------------
♪入会をご検討の方へ
チケットの申込受付期間終了までに、ファンクラブページより【クレジットカード決済・コンビニ／ペイジー支払】にてご入会(入金完了まで)いただきますとチケットのお申し込みが可能です！
さらに、5月12日(火)までにご入会いただいた方には会報誌を先着でプレゼント☆
>> ご入会はこちらから！
【ご注意】
※Loppi／ローソンチケット、郵便振込からのお手続きは期日が異なります。
下記期日を過ぎた場合、チケットはお申し込みいただけません。ご注意ください。
・Loppi／ローソンチケット：5月10日(日)
・郵便振込：5月10日(日)
※チケット申込受付期間は5月12日(火)17:00に終了します。時間に余裕を持ってお手続きください。
【お問い合わせ先】
●「TAPIRS TICKET」に関するお問い合わせ先
チケットインフォメーション
お問い合わせフォーム
※申し込み方法・ 当落確認・支払い方法・チケット発券に関するお問い合わせ先になります。
※お問い合わせの際は公演名欄に『水瀬いのりライブ2026』とご入力ください。
●ファンクラブ会員ページログイン・その他に関するお問い合わせ先
水瀬いのりオフィシャルファンクラブ「いのりまち」
MAIL：
contact@inorimachi.com
※お名前のないメールにはお返事いたしかねます。（会員の方は会員番号もご明記ください）
※メールでのお問い合わせは、返信までに最大1週間ほどお時間がかかります。
※お問い合せの前にファンクラブからのメールを受信できるよう、下記メールアドレスの受信設定をお願いいたします。
・contact@inorimachi.com
・mail@inorimachi.com"
https://www.inorimachi.com/fc_news/2026/0508150000.html,2026.05.08,まちの新聞「2026年カレンダー撮影～5月＆6月編～」更新！,"ファンクラブページ内
「まちの新聞」
で
「2026年カレンダー撮影～5月＆6月編～」
を公開しました！撮影当日の様子をレポート！ぜひチェックしてみてください♪"
https://www.inorimachi.com/fc_news/2026/0518150000.html,2026.05.18,"「まちの映画館～町内""生""放送～」放送決定！　※5/28更新","「まちの映画館～町内""生""放送～」の次回放送が決定しました！
【まちの映画館～町内""生""放送～】
日時：5月28日(木) 21:00頃
※オンライン生配信です。
※配信時間は変更になる可能性がございます。また、前後する可能性もございますのでご了承ください。
※アーカイブは2026年6月19日(金)23:59までを予定しております。
●視聴方法
ファンクラブページ内
「まちの映画館」
よりご覧いただけます。
●注意事項
・動画配信・視聴にはタイムラグが生じる場合がございます。
・途中から視聴した場合はその時点からのライブ配信となり、時間を戻しての再生はできませんのでご了承ください。
・コメントがうまく送信されない場合がございます。その際はご視聴するブラウザやデバイスを変更してお試しください。
・同じ内容のコメントを続けて投稿するのはお控えください。
・ご視聴に関わるインターネット通信費用はお客様のご負担となります。
・動画配信となりデータ通信量が多くなることが想定されるため、安定したインターネット環境(Wi-Fi等)のご利用を推奨いたします。
・配信には機材・回線等、最善の準備を行い実施しますが、生配信である特性上、不慮の一時中断や乱れなどが起こる可能性がある点、ご了承ください。
・お客様のインターネット環境に伴う閲覧の不具合に関しては対応は一切できかねます。
・本配信は配信プラットフォーム「Vimeo」を使用します。ご視聴の推奨環境は
こちら
よりご確認ください。
・日本国外からご視聴の際は、
「Vimeo」の視聴対応地域
にご注意ください。
・本配信の撮影、録音及び録画は一切禁止させていただきます。
また、無断転載、複製、加工、再配布する行為もご遠慮ください(ウェブサイト・SNSを含む)。"
https://www.inorimachi.com/fc_news/2026/0520150000.html,2026.05.20,「野外ライブ2026」会員先行優先予約当落結果のご案内,"「Inori Minase OPEN AIR LIVE 2026 Summer Challenger」ファンクラブ会員チケット先行優先予約にお申し込みいただきました方へ、当落結果のご案内を開始いたしました。
●当落確認・入金期間
5月20日(水)15:00～5月26日(火)23:59
●当落結果について
チケット販売サイト「TAPIRS TICKET」内
「チケット申込み履歴」
よりご確認いただけます。
また、チケット受付サイト「TAPIRS MEMBERS」にご登録いただいたメールアドレス宛に『抽選結果のお知らせ』メールをお送りしております。
※ファンクラブページメニュー内「チケット」より、該当の受付バナーをクリックいただくことでもログインが可能です。
●お支払いについて
詳細につきましては下記ページの「支払いについて」よりご確認ください。
https://faq.tks.re-tapirs.com/hc/ja/categories/9612413336591-TAPIRS-TICKET
【ご注意】
・チケットのお申し込み・当落結果確認・ご入金には、各期間において会員期限内である必要があります。
・公演終了後まで「TAPIRS MEMBERS」の会員登録は削除されないようお願いいたします。
・ファンクラブページ内では当落結果は確認できません。ご注意ください。
・いかなる理由におきましても、当選されたチケットのキャンセル・変更はできません。
・複数公演当選された場合、当選されたすべてのチケットをご購入いただきます。
・当落結果メール未着によるチケット代の未入金等には対応をいたしかねます。
・入金に不備・不明な点がある場合、選択した決済方法以外での入金や支払期限後の入金はすべて手数料を差し引き返金いたします。
その際、当選は無効となりチケットのご用意はできかねます。
・当選確定後、入金期間内にチケット代金の入金がない場合、今後ファンクラブで取り扱うオリジナルグッズ・チケット等の購入をお断りいたします。
【お問い合わせ先】
●「TAPIRS TICKET」に関するお問い合わせ先
チケットインフォメーション
お問い合わせフォーム
※申し込み方法・当落確認・支払い方法・チケット発券に関するお問い合わせ先になります。
※お問い合わせの際は公演名欄に『水瀬いのりライブ2026』とご入力ください。
●ファンクラブ会員ページログイン・その他に関するお問い合わせ先
水瀬いのりオフィシャルファンクラブ「いのりまち」
MAIL：
contact@inorimachi.com
※お名前のないメールにはお返事いたしかねます。（会員の方は会員番号もご明記ください）
※メールでのお問い合わせは、返信までに最大1週間ほどお時間がかかります。
※お問い合せの前にファンクラブからのメールを受信できるよう、下記メールアドレスの受信設定をお願いいたします。
・contact@inorimachi.com
・mail@inorimachi.com"
https://www.inorimachi.com/fc_news/2026/0525150000.html,2026.05.25,ファンクラブ会報「いのりまちだより」34号発行決定！,"ファンクラブ会報
「いのりまちだより」34号
の発行が決定しました！
34号の発送は6月下旬を予定しております。
今回は「いのりまち町民集会2026」特集！
グッズ撮影の裏側やイベントの模様をお届けします☆
その他、イベントレポートや町民さんと町長の交流コーナーなど、ここでしか見られない情報が満載の会報です♪
住所変更を希望される方は
【6月4日(木)12:00まで】
に
ファンクラブページログイン後、「まち役場」よりお手続きください。
住所変更がない方も、今一度ご登録内容のご確認をお願いいたします。
----------
●「いのりまち町民集会2026」配信チケットをご購入の方へ
特典の同封を予定しております。
----------
●2026年3月9日(月)～2026年6月3日(水)までにご継続された方へ
継続特典の同封を予定しております。
※6月4日(木)以降にご継続手続きをされた方への継続特典のお届けは、
次回会報誌と同封しての発送を予定しており、最大で3ヶ月ほどお時間をいただく場合がございます。
----------
※会報34号は、6月30日(火)までにご入会(入金完了まで)くださった方にお送りします。
※変更手続きがなく発送物未着のお問い合わせをいただいた場合、対応をいたしかねます。
※発送完了後は、まちの回覧板にてお知らせします。"
https://www.inorimachi.com/fc_news/2026/0528150000.html,2026.05.28,「Inori Minase OPEN AIR LIVE 2026 Summer Challenger」会員先行優先予約2次受付のご案内,"「Inori Minase OPEN AIR LIVE 2026 Summer Challenger」のファンクラブ会員チケット先行優先予約2次受付が決定いたしました！
>> 公演情報はこちら！
●申し込み詳細
《申込受付期間》
6月1日(月)15:00～6月11日(木)17:00
《申込制限枚数》
各公演4枚まで
《当落発表》
6月19日(金)15:00予定
《入金期間》
6月19日(金)15:00～6月26日(金)23:59
●申し込み方法
チケット販売サイト「TAPIRS TICKET」を利用した電子チケットによる受付です。
チケットはファミリーマート(Famiパス)での発券が必要となります。
《受付ページ》
ファンクラブページメニュー内「チケット」より、該当の受付バナーをクリックの上、画面の案内に従ってお手続きください。
※ファンクラブ会員限定のチケット受付となりますため、「TAPIRS TICKET」内「受付一覧」には受付ページは表示されません。
【ご注意】
※「
TAPIRS MEMBERS
」への会員登録が必要となります。
TAPIRS MEMBERSの会員情報は、いのりまちの会員情報と同一の内容でご登録をお願いいたします。また、会員登録済みの方も、ご登録の内容が最新の情報と一致しているかご確認をお願いいたします。TAPIRS MEMBERSの会員情報といのりまちの会員情報の内容が一致しない場合は落選となる場合がありますので、ご注意ください。
※チケットのお申込み・当落結果確認・ご入金には、各期間において会員期限内である必要があります。
※受付ページ記載の注意事項を必ずご確認ください。ご了承いただきました上でのお手続きとなります。
※受付は先着順ではございません。申し込み者多数の場合、抽選にて当落を決定いたします。
※複数公演当選された場合、当選されたすべてのチケットをご購入いただきます。
※受付開始・終了間際は、アクセスが集中し繋がりにくくなる場合もございます。時間に余裕をもってお手続きください。
※いかなる理由におきましても、申込受付期間終了後の申込み・キャンセル・変更はできません。
ご不明な点のある方は、必ず申込受付期間内にファンクラブまでお問い合わせください。
※本受付では、チケットリセールシステムを実施予定です。詳細につきましては改めてご案内いたします。
----------------------------
♪入会をご検討の方へ
チケットの申込受付期間終了までに、ファンクラブページより【クレジットカード決済・コンビニ／ペイジー支払】にてご入会(入金完了まで)いただきますとチケットのお申し込みが可能です！
さらに、6月11日(木)までにご入会いただいた方には会報誌33号を先着でプレゼント☆
>> ご入会はこちらから！
【ご注意】
※Loppi／ローソンチケット、郵便振込からのお手続きは期日が異なります。
下記期日を過ぎた場合、チケットはお申し込みいただけません。ご注意ください。
・Loppi／ローソンチケット：6月7日(日)
・郵便振込：6月7日(日)
※チケット申込受付期間は6月11日(木)17:00に終了します。時間に余裕を持ってお手続きください。
【お問い合わせ先】
●「TAPIRS TICKET」に関するお問い合わせ先
チケットインフォメーション
お問い合わせフォーム
※申し込み方法・ 当落確認・支払い方法・チケット発券に関するお問い合わせ先になります。
※お問い合わせの際は公演名欄に『水瀬いのりライブ2026』とご入力ください。
●ファンクラブ会員ページログイン・その他に関するお問い合わせ先
水瀬いのりオフィシャルファンクラブ「いのりまち」
MAIL：
contact@inorimachi.com
※お名前のないメールにはお返事いたしかねます。（会員の方は会員番号もご明記ください）
※メールでのお問い合わせは、返信までに最大1週間ほどお時間がかかります。
※お問い合せの前にファンクラブからのメールを受信できるよう、下記メールアドレスの受信設定をお願いいたします。
・contact@inorimachi.com
・mail@inorimachi.com"
https://www.inorimachi.com/fc_news/2026/0601150000.html,2026.06.01,「Inori Minase OPEN AIR LIVE 2026 Summer Challenger」会員先行優先予約2次受付開始のご案内,"「Inori Minase OPEN AIR LIVE 2026 Summer Challenger」のファンクラブ会員チケット先行優先予約2次受付を開始いたしました！
>> 公演情報はこちら！
●申し込み詳細
《申込受付期間》
6月1日(月)15:00～6月11日(木)17:00
《申込制限枚数》
各公演4枚まで
《当落発表》
6月19日(金)15:00予定
《入金期間》
6月19日(金)15:00～6月26日(金)23:59
●申し込み方法
チケット販売サイト「TAPIRS TICKET」を利用した電子チケットによる受付です。
チケットはファミリーマート(Famiパス)での発券が必要となります。
《受付ページ》
ファンクラブページメニュー内「チケット」より、該当の受付バナーをクリックの上、画面の案内に従ってお手続きください。
※ファンクラブ会員限定のチケット受付となりますため、「TAPIRS TICKET」内「受付一覧」には受付ページは表示されません。
【ご注意】
※「
TAPIRS MEMBERS
」への会員登録が必要となります。
TAPIRS MEMBERSの会員情報は、いのりまちの会員情報と同一の内容でご登録をお願いいたします。また、会員登録済みの方も、ご登録の内容が最新の情報と一致しているかご確認をお願いいたします。TAPIRS MEMBERSの会員情報といのりまちの会員情報の内容が一致しない場合は落選となる場合がありますので、ご注意ください。
※チケットのお申込み・当落結果確認・ご入金には、各期間において会員期限内である必要があります。
※受付ページ記載の注意事項を必ずご確認ください。ご了承いただきました上でのお手続きとなります。
※受付は先着順ではございません。申し込み者多数の場合、抽選にて当落を決定いたします。
※複数公演当選された場合、当選されたすべてのチケットをご購入いただきます。
※受付開始・終了間際は、アクセスが集中し繋がりにくくなる場合もございます。時間に余裕をもってお手続きください。
※いかなる理由におきましても、申込受付期間終了後の申込み・キャンセル・変更はできません。
ご不明な点のある方は、必ず申込受付期間内にファンクラブまでお問い合わせください。
※本受付では、チケットリセールシステムを実施予定です。詳細につきましては改めてご案内いたします。
----------------------------
♪入会をご検討の方へ
チケットの申込受付期間終了までに、ファンクラブページより【クレジットカード決済・コンビニ／ペイジー支払】にてご入会(入金完了まで)いただきますとチケットのお申し込みが可能です！
さらに、6月11日(木)までにご入会いただいた方には会報33号を先着でプレゼント☆
>> ご入会はこちらから！
【ご注意】
※Loppi／ローソンチケット、郵便振込からのお手続きは期日が異なります。
下記期日を過ぎた場合、チケットはお申し込みいただけません。ご注意ください。
・Loppi／ローソンチケット：6月7日(日)
・郵便振込：6月7日(日)
※チケット申込受付期間は6月11日(木)17:00に終了します。時間に余裕を持ってお手続きください。
【お問い合わせ先】
●「TAPIRS TICKET」に関するお問い合わせ先
チケットインフォメーション
お問い合わせフォーム
※申し込み方法・ 当落確認・支払い方法・チケット発券に関するお問い合わせ先になります。
※お問い合わせの際は公演名欄に『水瀬いのりライブ2026』とご入力ください。
●ファンクラブ会員ページログイン・その他に関するお問い合わせ先
水瀬いのりオフィシャルファンクラブ「いのりまち」
MAIL：
contact@inorimachi.com
※お名前のないメールにはお返事いたしかねます。（会員の方は会員番号もご明記ください）
※メールでのお問い合わせは、返信までに最大1週間ほどお時間がかかります。
※お問い合せの前にファンクラブからのメールを受信できるよう、下記メールアドレスの受信設定をお願いいたします。
・contact@inorimachi.com
・mail@inorimachi.com"
https://www.inorimachi.com/fc_news/2026/0603150000.html,2026.06.03,"「まちの映画館～町内""生""放送～」放送決定！　※6/9更新","「まちの映画館～町内""生""放送～」の次回放送が決定しました！
【まちの映画館～町内""生""放送～】
日時：6月9日(火) 19:00頃
※オンライン生配信です。
※配信時間は変更になる可能性がございます。また、前後する可能性もございますのでご了承ください。
※アーカイブは2026年7月10日(金)23:59までを予定しております。
●視聴方法
ファンクラブページ内
「まちの映画館」
よりご覧いただけます。
●注意事項
・動画配信・視聴にはタイムラグが生じる場合がございます。
・途中から視聴した場合はその時点からのライブ配信となり、時間を戻しての再生はできませんのでご了承ください。
・コメントがうまく送信されない場合がございます。その際はご視聴するブラウザやデバイスを変更してお試しください。
・同じ内容のコメントを続けて投稿するのはお控えください。
・ご視聴に関わるインターネット通信費用はお客様のご負担となります。
・動画配信となりデータ通信量が多くなることが想定されるため、安定したインターネット環境(Wi-Fi等)のご利用を推奨いたします。
・配信には機材・回線等、最善の準備を行い実施しますが、生配信である特性上、不慮の一時中断や乱れなどが起こる可能性がある点、ご了承ください。
・お客様のインターネット環境に伴う閲覧の不具合に関しては対応は一切できかねます。
・本配信は配信プラットフォーム「Vimeo」を使用します。ご視聴の推奨環境は
こちら
よりご確認ください。
・日本国外からご視聴の際は、
「Vimeo」の視聴対応地域
にご注意ください。
・本配信の撮影、録音及び録画は一切禁止させていただきます。
また、無断転載、複製、加工、再配布する行為もご遠慮ください(ウェブサイト・SNSを含む)。"
https://www.inorimachi.com/fc_news/2026/0605150000.html,2026.06.05,まちの新聞「『いのりまち町民集会2026』イベントレポート編」更新！,"ファンクラブページ内
「まちの新聞」
で
「『いのりまち町民集会2026』イベントレポート編」
を公開しました！
3月に開催されました『いのりまち町民集会2026』の様子をお届けします♪
町長のお友達、大西沙織さん、加隈亜衣さん、日高里菜さんをお招きしトークやゲームを楽しみました！
アットホームなイベントの様子をぜひご覧ください。"
https://www.inorimachi.com/fc_news/2026/0619150000.html,2026.06.19,「Inori Minase OPEN AIR LIVE 2026 Summer Challenger」会員先行優先予約2次受付当落結果のご案内,"「Inori Minase OPEN AIR LIVE 2026 Summer Challenger」ファンクラブ会員チケット先行優先予約2次受付にお申し込みいただきました方へ、当落結果のご案内を開始いたしました。
●当落確認・入金期間
6月19日(金)15:00～6月26日(金)23:59
●当落結果について
チケット販売サイト「TAPIRS TICKET」内
「チケット申込み履歴」
よりご確認いただけます。
また、チケット受付サイト「TAPIRS MEMBERS」にご登録いただいたメールアドレス宛に『抽選結果のお知らせ』メールをお送りしております。
※ファンクラブページメニュー内「チケット」より、該当の受付バナーをクリックいただくことでもログインが可能です。
●お支払いについて
詳細につきましては下記ページの「支払いについて」よりご確認ください。
https://faq.tks.re-tapirs.com/hc/ja/categories/9612413336591-TAPIRS-TICKET
【ご注意】
・チケットのお申し込み・当落結果確認・ご入金には、各期間において会員期限内である必要があります。
・公演終了後まで「TAPIRS MEMBERS」の会員登録は削除されないようお願いいたします。
・ファンクラブページ内では当落結果は確認できません。ご注意ください。
・いかなる理由におきましても、当選されたチケットのキャンセル・変更はできません。
・複数公演当選された場合、当選されたすべてのチケットをご購入いただきます。
・当落結果メール未着によるチケット代の未入金等には対応をいたしかねます。
・入金に不備・不明な点がある場合、選択した決済方法以外での入金や支払期限後の入金はすべて手数料を差し引き返金いたします。
その際、当選は無効となりチケットのご用意はできかねます。
・当選確定後、入金期間内にチケット代金の入金がない場合、今後ファンクラブで取り扱うオリジナルグッズ・チケット等の購入をお断りいたします。
【お問い合わせ先】
●「TAPIRS TICKET」に関するお問い合わせ先
チケットインフォメーション
お問い合わせフォーム
※申し込み方法・当落確認・支払い方法・チケット発券に関するお問い合わせ先になります。
※お問い合わせの際は公演名欄に『水瀬いのりライブ2026』とご入力ください。
●ファンクラブ会員ページログイン・その他に関するお問い合わせ先
水瀬いのりオフィシャルファンクラブ「いのりまち」
MAIL：
contact@inorimachi.com
※お名前のないメールにはお返事いたしかねます。（会員の方は会員番号もご明記ください）
※メールでのお問い合わせは、返信までに最大1週間ほどお時間がかかります。
※お問い合せの前にファンクラブからのメールを受信できるよう、下記メールアドレスの受信設定をお願いいたします。
・contact@inorimachi.com
・mail@inorimachi.com"
https://www.inorimachi.com/fc_news/2026/0625150000.html,2026.06.25,ファンクラブ会報「いのりまちだより」投稿受付開始！,"ファンクラブ会報「いのりまちだより」35号の投稿受付を開始いたしました！
町長へのメッセージやライブ、アニメ、イベント、会報の感想、イラストやコーナーへの投稿などなど、みなさんのおたよりをお送りください♪
【ファンクラブページからの投稿】
ファンクラブページログイン後、「ポスト」からご投稿ください。
投稿締切：2026年7月28日(火)18:00
【郵便での投稿】
〒160-0023
東京都新宿区西新宿1-19-6 山手新宿ビル11F
水瀬いのりオフィシャルファンクラブ「いのりまち」○○○(各コーナー名)係
投稿締切：2026年7月28日(火)必着
たくさんの投稿、お待ちしております♪"
https://www.inorimachi.com/fc_news/2026/0625150001.html,2026.06.25,ファンクラブ会報「いのりまちだより」34号発送開始のお知らせ,"ファンクラブ会報「いのりまちだより」34号の発送を、6月25日(木)に開始いたしました！
2026年7月9日(木)
になりましてもお手元に届かない場合は、
下記期間内にファンクラブまでお問い合わせください。
■未着問い合わせ期間
2026年7月9日(木)～7月23日(木)
※こちらの問い合わせ期間は6月17日(水)までにご入会・ご継続いただいた方を対象としております。
6月18日(木)以降にご入会・ご継続いただいた方は発送完了メール記載の未着問い合わせ期間をご確認ください。
■お問い合わせ先
MAIL：contact@inorimachi.com
件名：会報34号未着
本文：会員番号・氏名・住所・お問い合わせの詳細
----------
●「いのりまち町民集会2026」配信チケットをご購入の方へ
特典を同封しております。
----------
●2026年3月9日(月)～6月3日(水)までにご継続された方へ
継続特典を同封しております。
※6月4日(木)以降にご継続手続きをされた方への継続特典のお届けは、
次回会報誌と同封しての発送を予定しており、最大で3ヶ月ほどお時間をいただく場合がございます。
----------
※未着問い合わせ期間以降にご連絡をいただきましても対応いたしかねますのでご注意ください。
※初回発送は、6月17日(水)までにご入会手続きを完了された方が対象です。
※6月18日(木)以降にご入会いただいた方へは、7月中旬より順次発送いたします。
※6月末までにご入会いただいた方を対象に発送いたします。
※会報投稿は【6月25日(木)15:00】より「ポスト」にて受付中です。"
https://www.inorimachi.com/fc_news/2026/0703150000.html,2026.07.03,まちの新聞「『いのりまちだより』34号 出張版」更新！,"ファンクラブページ内
「まちの新聞」
で
『いのりまちだより』34号「まちのひろば＆みんなのお家のくらりちゃん出張版」
を公開しました！
みなさんからいただいたおたよりをご紹介！
ぜひチェックしてみてください♪"
https://www.inorimachi.com/fc_news/2026/0713150000.html,2026.07.13,まちの新聞「『Inori Minase 10th ANNIVERSARY POP UP Travel Record』グッズ撮影編」更新！,"ファンクラブページ内
「まちの新聞」
で
「『Inori Minase 10th ANNIVERSARY POP UP Travel Record』グッズ撮影編」
を公開しました！
撮影の様子をオフショットとともにお届けします！ぜひご覧ください☆"
https://www.inorimachi.com/fc_news/2026/0714150000.html,2026.07.14,"「まちの映画館～町内""生""放送～」放送決定！　※7/22更新","13thシングル『Summer Challenger』発売日に、「まちの映画館～町内""生""放送～」の次回放送が決定しました！
【まちの映画館～町内""生""放送～】
日時：7月22日(水) 20:10頃
※オンライン生配信です。
※配信時間は変更になる可能性がございます。また、前後する可能性もございますのでご了承ください。
※アーカイブは2026年8月21日(金)23:59までを予定しております。
20:00解禁の
『Summer Challenger』MUSIC VIDEO YouTubeプレミア公開
後の実施を予定しております。
ぜひお楽しみに！
●視聴方法
ファンクラブページ内
「まちの映画館」
よりご覧いただけます。
●注意事項
・動画配信・視聴にはタイムラグが生じる場合がございます。
・途中から視聴した場合はその時点からのライブ配信となり、時間を戻しての再生はできませんのでご了承ください。
・コメントがうまく送信されない場合がございます。その際はご視聴するブラウザやデバイスを変更してお試しください。
・同じ内容のコメントを続けて投稿するのはお控えください。
・ご視聴に関わるインターネット通信費用はお客様のご負担となります。
・動画配信となりデータ通信量が多くなることが想定されるため、安定したインターネット環境(Wi-Fi等)のご利用を推奨いたします。
・配信には機材・回線等、最善の準備を行い実施しますが、生配信である特性上、不慮の一時中断や乱れなどが起こる可能性がある点、ご了承ください。
・お客様のインターネット環境に伴う閲覧の不具合に関しては対応は一切できかねます。
・本配信は配信プラットフォーム「Vimeo」を使用します。ご視聴の推奨環境は
こちら
よりご確認ください。
・日本国外からご視聴の際は、
「Vimeo」の視聴対応地域
にご注意ください。
・本配信の撮影、録音及び録画は一切禁止させていただきます。
また、無断転載、複製、加工、再配布する行為もご遠慮ください(ウェブサイト・SNSを含む)。"
https://www.inorimachi.com/fc_news/2026/0731150000.html,2026.07.31,いのりまち 夏季休業のお知らせ,"夏季休業に伴い、下記期間のメール対応、並びに宅配便の受け取りを休業させていただきます。
■2026年8月10日(月)～8月14日(金)
期間中にいただきましたお問い合わせにつきましては、
8月17日(月)より順次お返事いたします。
ご利用の皆様にはご不便をおかけいたしますが、
ご理解、ご協力の程、何卒よろしくお願い申し上げます。"
https://www.inorimachi.com/fc_news/2026/0731150001.html,2026.07.31,まちの新聞「2026年カレンダー撮影～7月＆8月編～」更新！,"ファンクラブページ内
「まちの新聞」
で
「2026年カレンダー撮影～7月＆8月編～」
を公開しました！撮影当日の様子をレポート！ぜひチェックしてみてください♪"
https://www.inorimachi.com/fc_news/2026/0731150002.html,2026.07.31,"「まちの映画館～町内""生""放送～」放送決定！　※8/6更新","「まちの映画館～町内""生""放送～」の次回放送が決定しました！
【まちの映画館～町内""生""放送～】
日時：8月6日(木) 19:30頃～
※オンライン生配信です。
※配信時間は変更になる可能性がございます。
※アーカイブは2026年9月11日(金)23:59までを予定しております。
●視聴方法
ファンクラブページ内
「まちの映画館」
よりご覧いただけます。
●注意事項
・動画配信・視聴にはタイムラグが生じる場合がございます。
・途中から視聴した場合はその時点からのライブ配信となり、時間を戻しての再生はできませんのでご了承ください。
・コメントがうまく送信されない場合がございます。その際はご視聴するブラウザやデバイスを変更してお試しください。
・同じ内容のコメントを続けて投稿するのはお控えください。
・ご視聴に関わるインターネット通信費用はお客様のご負担となります。
・動画配信となりデータ通信量が多くなることが想定されるため、安定したインターネット環境(Wi-Fi等)のご利用を推奨いたします。
・配信には機材・回線等、最善の準備を行い実施しますが、生配信である特性上、不慮の一時中断や乱れなどが起こる可能性がある点、ご了承ください。
・お客様のインターネット環境に伴う閲覧の不具合に関しては対応は一切できかねます。
・本配信は配信プラットフォーム「Vimeo」を使用します。ご視聴の推奨環境は
こちら
よりご確認ください。
・日本国外からご視聴の際は、
「Vimeo」の視聴対応地域
にご注意ください。
・本配信の撮影、録音及び録画は一切禁止させていただきます。
また、無断転載、複製、加工、再配布する行為もご遠慮ください(ウェブサイト・SNSを含む)。"
https://www.inorimachi.com/fc_news/2026/0805150000.html,2026.08.05,「Inori Minase OPEN AIR LIVE 2026 Summer Challenger」リセール受付のご案内,"「Inori Minase OPEN AIR LIVE 2026 Summer Challenger」では、チケットリセール受付を行います。
>> 公演情報はこちら！
----------------------------
〈リセールサービスとは〉
チケットリセールサービスは、チケット購入後にご来場いただけなくなった方（出品者）とチケット購入をご希望の方（申込者）を対象に、
自動抽選によるマッチングを行うシステムです。
▼ご利用前に「リセールサービスについてのご案内」をご確認ください。
https://tks.re-tapirs.com/guide/resale
----------------------------
●リセール受付期間(抽選)
8月10日(月)12:00～8月17日(月)11:00
●購入について
ファンクラブページメニュー内「チケット」より、受付バナーをクリックの上、画面の案内に従ってお手続きください。
※ファンクラブ会員限定のチケット受付となりますため、「TAPIRS TICKET」内「受付一覧」には受付ページは表示されません。
※お支払い方法はクレジットカードのみです。
※TAPIRS MEMBERSの会員情報は、いのりまちの会員情報と同一の内容でご登録をお願いいたします。
また、会員登録済みの方も、ご登録の内容が最新の情報と一致しているかご確認をお願いいたします。
TAPIRS MEMBERSの会員情報といのりまちの会員情報の内容が一致しない場合は当日ご入場いただけない場合がありますので、ご注意ください。
●出品について
受付開始になりましたら
「TAPIRS TICKET」申込履歴
より行えます。
♪入会をご検討の方へ
リセールの受付期間終了までに、ファンクラブページより【クレジットカード決済・コンビニ／ペイジー支払】にてご入会(入金完了まで)いただきますとチケットのお申し込みが可能です！
>> ご入会はこちらから！
【ご注意】
※Loppi／ローソンチケット、郵便振込からのお手続きは確認ができるまでに数日要しますのでご注意ください。
※チケット申込受付期間をよくお確かめの上、時間に余裕を持ってお手続きください。
【お問い合わせ先】
●「TAPIRS TICKET」に関するお問い合わせ先
チケットインフォメーション：
お問い合わせフォーム
※申し込み方法・ 当落確認・支払い方法・チケット発券に関するお問い合わせ先になります。
※お問い合わせの際は公演名欄に『水瀬いのりライブ2026』とご入力ください。
●ファンクラブ会員ページログイン・その他に関するお問い合わせ先
水瀬いのりオフィシャルファンクラブ「いのりまち」
MAIL：
contact@inorimachi.com
※お名前のないメールにはお返事いたしかねます。（会員の方は会員番号もご明記ください）
※メールでのお問い合わせは、返信までに最大1週間ほどお時間がかかります。
※お問い合せの前にファンクラブからのメールを受信できるよう、下記メールアドレスの受信設定をお願いいたします。
・contact@inorimachi.com
・mail@inorimachi.com"
https://www.inorimachi.com/fc_news/2026/0807150000.html,2026.08.07,まちの新聞「13th SINGLE『Summer Challenger』MUSIC VIDEO撮影編」更新！,"ファンクラブページ内
「まちの新聞」
で
「13th SINGLE『Summer Challenger』MUSIC VIDEO撮影編」
を公開しました！
ぜひMUSIC VIDEOとあわせてご覧ください☆"
