"ID","Text","Language","Type","Author Name","Author Username","View Count","Reply Count","Retweet Count","Quote Count","Favorite Count","Bookmark Count","Created At","Tweet URL","Source","Hashtags","URLs","Media Type","Media URLs"
"878993027179569153","このあと24:30〜文化放送にて「ゆいかおりの実♪」が放送！今夜が最終回となります。是非聞いて下さいね！
#yuikaori #実ラジ","ja","Tweet","ゆいかおり(小倉 唯＆石原夏織)公式","YUIKAORI_STAFF","","25","890","27","1180","2","2017-06-26 00:07:23","https://x.com/YUIKAORI_STAFF/status/878993027179569153","<a href=""http://twitter.com/download/iphone"" rel=""nofollow"">Twitter for iPhone</a>","#yuikaori, #実ラジ","","",""
"878223868116164608","デジタルサイネージでの「Y&amp;K」広告動画は6/26(月)までの放映になります！掲載駅は、ＪＲ東日本 秋葉原駅電気街口、中央改札口、池袋駅中央通路、新宿駅東口です！！※駅社員へのお問合せはご遠慮下さい。 #ゆいかおり https://t.co/TBQml3BpwO","ja","Tweet","ゆいかおり(小倉 唯＆石原夏織)公式","YUIKAORI_STAFF","","0","167","2","344","1","2017-06-23 21:11:01","https://x.com/YUIKAORI_STAFF/status/878223868116164608","<a href=""http://twitter.com"" rel=""nofollow"">Twitter Web Client</a>","#ゆいかおり","https://x.com/YUIKAORI_STAFF/status/877027817053081600","",""
"877027817053081600","ゆいかおりベストアルバム「Ｙ＆Ｋ」の告知動画が 6/26まで都内3駅4カ所のデジタルサイネージにて放映されています。掲載駅は、ＪＲ東日本 秋葉原駅電気街口、中央改札口、池袋駅中央通路、新宿駅東口です！ぜひチェックしてくださいね！※駅社員へのお問合せはご遠慮下さい。 #ゆいかおり https://t.co/eMKXmULzOr","ja","Quoted","ゆいかおり(小倉 唯＆石原夏織)公式","YUIKAORI_STAFF","","0","596","10","1049","2","2017-06-20 13:58:20","https://x.com/YUIKAORI_STAFF/status/877027817053081600","<a href=""http://twitter.com"" rel=""nofollow"">Twitter Web Client</a>","#ゆいかおり","","photo","https://pbs.twimg.com/media/DCvUFdiVwAAESEY.jpg
https://pbs.twimg.com/media/DCvUGB4VoAAL0_w.jpg
https://pbs.twimg.com/media/DCvUHACVwAAQIJO.jpg"
"878223468189278209","発売記念衣装展はAKIHABARAゲーマーズ本店 5F 声優・アーティストフロアにて6/30(金)まで開催されています！ #ゆいかおり https://t.co/MLFf8W5zJN","ja","Tweet","ゆいかおり(小倉 唯＆石原夏織)公式","YUIKAORI_STAFF","","2","145","3","315","0","2017-06-23 21:09:26","https://x.com/YUIKAORI_STAFF/status/878223468189278209","<a href=""http://twitter.com"" rel=""nofollow"">Twitter Web Client</a>","#ゆいかおり","https://x.com/YUIKAORI_STAFF/status/872760906471493632","",""
"872760906471493632","6/21発売ゆいかおりLIVE BD＆DVD「Starlight Link」の発売を記念して、衣装展の開催が決定しました！！
「RAINBOW CANARY!!」の衣装も併せて展示されます！https://t.co/jQh3MX2ARg
#yuikaori #ゆいかおり","ja","Quoted","ゆいかおり(小倉 唯＆石原夏織)公式","YUIKAORI_STAFF","","7","456","13","761","0","2017-06-08 19:23:09","https://x.com/YUIKAORI_STAFF/status/872760906471493632","<a href=""http://twitter.com/download/iphone"" rel=""nofollow"">Twitter for iPhone</a>","#yuikaori, #ゆいかおり","https://www.gamers.co.jp/museum/71576/","",""
"878222477968588800","ゆいかおりLIVE「Starlight Link」ダイジェスト映像公開！！https://t.co/endX2Jmrm1 #ゆいかおり #SlL","ja","Tweet","ゆいかおり(小倉 唯＆石原夏織)公式","YUIKAORI_STAFF","","4","513","10","784","1","2017-06-23 21:05:29","https://x.com/YUIKAORI_STAFF/status/878222477968588800","<a href=""http://twitter.com"" rel=""nofollow"">Twitter Web Client</a>","#ゆいかおり, #SlL","https://www.youtube.com/watch?v=97wH5wOcjvk","",""
"877126597995765762","石原夏織 公式ブログを更新しました。『ついに明日！』 
https://t.co/FWdLHa6xlw","ja","Tweet","ゆいかおり(小倉 唯＆石原夏織)公式","YUIKAORI_STAFF","","10","781","23","1279","0","2017-06-20 20:30:51","https://x.com/YUIKAORI_STAFF/status/877126597995765762","<a href=""https://mobile.twitter.com"" rel=""nofollow"">Twitter Web App</a>","","http://ameblo.jp/ishiharakaori-0806/entry-12285459191.html","",""
"877027504267055104","本日はベストアルバム「Y&amp;K」、ライブBD&amp;DVD「Starlight Link」のフラゲ日です！！お店さんによっては本日からゲットできるかもしれませんので是非チェックして下さいね！  #yuikaori #ゆいかおり
https://t.co/khJH0PMaO0","ja","Tweet","ゆいかおり(小倉 唯＆石原夏織)公式","YUIKAORI_STAFF","","0","464","3","706","0","2017-06-20 13:57:06","https://x.com/YUIKAORI_STAFF/status/877027504267055104","<a href=""http://twitter.com"" rel=""nofollow"">Twitter Web Client</a>","#yuikaori, #ゆいかおり","https://www.youtube.com/watch?v=k5GbkecLQQU","",""
"876461818431938560","まもなく24:30〜ゆいかおりの実が放送です！
#yuikaori #実ラジ","ja","Tweet","ゆいかおり(小倉 唯＆石原夏織)公式","YUIKAORI_STAFF","","2","117","1","247","0","2017-06-19 00:29:16","https://x.com/YUIKAORI_STAFF/status/876461818431938560","<a href=""http://twitter.com/download/iphone"" rel=""nofollow"">Twitter for iPhone</a>","#yuikaori, #実ラジ","","",""
"875304995716964352","石原夏織 公式ブログを更新しました。『今日のアニゲラ！』 
 https://t.co/DOZ7J9qbCX","ja","Tweet","ゆいかおり(小倉 唯＆石原夏織)公式","YUIKAORI_STAFF","","3","239","8","528","0","2017-06-15 19:52:28","https://x.com/YUIKAORI_STAFF/status/875304995716964352","<a href=""https://mobile.twitter.com"" rel=""nofollow"">Twitter Web App</a>","","http://ameblo.jp/ishiharakaori-0806/entry-12284005355.html","",""
"875015345555161088","石原夏織 公式ブログを更新しました。『楽しかった〜♡』 
https://t.co/ivICd3ApZ6","ja","Tweet","ゆいかおり(小倉 唯＆石原夏織)公式","YUIKAORI_STAFF","","2","179","0","428","0","2017-06-15 00:41:30","https://x.com/YUIKAORI_STAFF/status/875015345555161088","<a href=""https://mobile.twitter.com"" rel=""nofollow"">Twitter Web App</a>","","http://ameblo.jp/ishiharakaori-0806/entry-12283805637.html","",""
"874265014160375809","石原夏織 公式ブログを更新しました。『グリ生★』
https://t.co/9ZdQ9hB3zU","ja","Tweet","ゆいかおり(小倉 唯＆石原夏織)公式","YUIKAORI_STAFF","","3","264","5","608","0","2017-06-12 22:59:57","https://x.com/YUIKAORI_STAFF/status/874265014160375809","<a href=""https://mobile.twitter.com"" rel=""nofollow"">Twitter Web App</a>","","http://ameblo.jp/ishiharakaori-0806/entry-12283195508.html","",""
"873924653265240065","まもなく24:30〜実ラジが放送されますよ！！
#yuikaori #実ラジ","ja","Tweet","ゆいかおり(小倉 唯＆石原夏織)公式","YUIKAORI_STAFF","","2","95","1","228","0","2017-06-12 00:27:28","https://x.com/YUIKAORI_STAFF/status/873924653265240065","<a href=""http://twitter.com/download/iphone"" rel=""nofollow"">Twitter for iPhone</a>","#yuikaori, #実ラジ","","",""
"873539367012151296","石原夏織 公式ブログを更新しました。『プロジェクト東京ドールズーアクター紹介✳︎』 
https://t.co/R967uCn8JO","ja","Tweet","ゆいかおり(小倉 唯＆石原夏織)公式","YUIKAORI_STAFF","","4","210","1","421","0","2017-06-10 22:56:29","https://x.com/YUIKAORI_STAFF/status/873539367012151296","<a href=""https://mobile.twitter.com"" rel=""nofollow"">Twitter Web App</a>","","http://ameblo.jp/ishiharakaori-0806/entry-12282606044.html","",""
"872631195321851904","石原夏織 公式ブログを更新しました。 『がーんTT 』 
https://t.co/LURG98qxvH","ja","Tweet","ゆいかおり(小倉 唯＆石原夏織)公式","YUIKAORI_STAFF","","4","234","1","460","1","2017-06-08 10:47:44","https://x.com/YUIKAORI_STAFF/status/872631195321851904","<a href=""https://ameblo.jp/"" rel=""nofollow"">Ameba_Blog</a>","","http://ameblo.jp/ishiharakaori-0806/entry-12281843018.html","",""
"872060089418395649","石原夏織 公式ブログを更新しました。 『プロジェクト東京ドールズ♡』 
https://t.co/3eIEzKAnBi","ja","Tweet","ゆいかおり(小倉 唯＆石原夏織)公式","YUIKAORI_STAFF","","2","241","3","501","0","2017-06-06 20:58:22","https://x.com/YUIKAORI_STAFF/status/872060089418395649","<a href=""https://ameblo.jp/"" rel=""nofollow"">Ameba_Blog</a>","","http://ameblo.jp/ishiharakaori-0806/entry-12281401034.html","",""
"871387408020905985","まもなく24:30〜文化放送にて「ゆいかおりの実♪」が放送です！！
#yuikaori #実ラジ","ja","Tweet","ゆいかおり(小倉 唯＆石原夏織)公式","YUIKAORI_STAFF","","3","98","3","258","0","2017-06-05 00:25:22","https://x.com/YUIKAORI_STAFF/status/871387408020905985","<a href=""http://twitter.com/download/iphone"" rel=""nofollow"">Twitter for iPhone</a>","#yuikaori, #実ラジ","","",""
"869937271398481921","石原夏織 公式ブログを更新しました。『アニゲラ！』
https://t.co/kw1yGMDWa7","ja","Tweet","ゆいかおり(小倉 唯＆石原夏織)公式","YUIKAORI_STAFF","","2","263","1","601","0","2017-06-01 00:23:02","https://x.com/YUIKAORI_STAFF/status/869937271398481921","<a href=""https://mobile.twitter.com"" rel=""nofollow"">Twitter Web App</a>","","http://ameblo.jp/ishiharakaori-0806/entry-12279691618.html","",""
"869524697859317761","石原夏織 公式ブログを更新しました。『暑い〜！！』 
https://t.co/BQ7KRhaHje","ja","Tweet","ゆいかおり(小倉 唯＆石原夏織)公式","YUIKAORI_STAFF","","2","276","1","611","0","2017-05-30 21:03:37","https://x.com/YUIKAORI_STAFF/status/869524697859317761","<a href=""https://mobile.twitter.com"" rel=""nofollow"">Twitter Web App</a>","","http://ameblo.jp/ishiharakaori-0806/entry-12279282128.html","",""
"868774940891205632","石原夏織 公式ブログを更新しました。『編隊少女♡』 
https://t.co/bT1c15foTj","ja","Tweet","ゆいかおり(小倉 唯＆石原夏織)公式","YUIKAORI_STAFF","","4","243","2","525","0","2017-05-28 19:24:21","https://x.com/YUIKAORI_STAFF/status/868774940891205632","<a href=""https://mobile.twitter.com"" rel=""nofollow"">Twitter Web App</a>","","http://ameblo.jp/ishiharakaori-0806/entry-12278717758.html","",""
"868033307102949376","また、ゆいかおりベストアルバム「Y&amp;K」、ゆいかおりLIVE「Starlight Link」のオリジナル特典も決定しました！！詳細はコチラから⇒https://t.co/5KE5VMGm8G
 #yuikaori #ゆいかおり","ja","Tweet","ゆいかおり(小倉 唯＆石原夏織)公式","YUIKAORI_STAFF","","1","516","6","962","0","2017-05-26 18:17:22","https://x.com/YUIKAORI_STAFF/status/868033307102949376","<a href=""http://twitter.com"" rel=""nofollow"">Twitter Web Client</a>","#yuikaori, #ゆいかおり","http://www.kingrecords.co.jp/cs/t/t9824/","",""
"868032805032173568","6/21リリースゆいかおりLIVE「Starlight Link」ジャケット写真公開！！　#yuikaori ＃ゆいかおり https://t.co/AxQUUtVImK","ja","Tweet","ゆいかおり(小倉 唯＆石原夏織)公式","YUIKAORI_STAFF","","4","985","7","1681","1","2017-05-26 18:15:22","https://x.com/YUIKAORI_STAFF/status/868032805032173568","<a href=""http://twitter.com"" rel=""nofollow"">Twitter Web Client</a>","#yuikaori, #ゆいかおり","","photo","https://pbs.twimg.com/media/DAve9DrUIAA_zG_.jpg
https://pbs.twimg.com/media/DAve-JUV0AUawnJ.jpg"
"868032093296640000","6/21リリースゆいかおりBEST アルバム「Y&amp;K」ジャケット写真公開！！　#yuikaori ＃ゆいかおり https://t.co/ReMwvMlJ4q","ja","Tweet","ゆいかおり(小倉 唯＆石原夏織)公式","YUIKAORI_STAFF","","15","1516","33","2374","0","2017-05-26 18:12:32","https://x.com/YUIKAORI_STAFF/status/868032093296640000","<a href=""http://twitter.com"" rel=""nofollow"">Twitter Web Client</a>","#yuikaori, #ゆいかおり","","photo","https://pbs.twimg.com/media/DAveaMwUQAEaMNR.jpg
https://pbs.twimg.com/media/DAvebBfVYAEDTdA.jpg
https://pbs.twimg.com/media/DAvebtSVYAEq1ql.jpg"
"865915704360357888","石原夏織 公式ブログを更新しました。『遊びに行ってきました！』 
https://t.co/wvqpazqqoN","ja","Tweet","ゆいかおり(小倉 唯＆石原夏織)公式","YUIKAORI_STAFF","","4","543","16","855","0","2017-05-20 22:02:46","https://x.com/YUIKAORI_STAFF/status/865915704360357888","<a href=""https://mobile.twitter.com"" rel=""nofollow"">Twitter Web App</a>","","http://ameblo.jp/ishiharakaori-0806/entry-12276412049.html","",""
"865406187923161088","石原夏織 公式ブログを更新しました。 『お知らせです♡』 
https://t.co/GNXIWE9lji","ja","Tweet","ゆいかおり(小倉 唯＆石原夏織)公式","YUIKAORI_STAFF","","2","274","5","536","0","2017-05-19 12:18:08","https://x.com/YUIKAORI_STAFF/status/865406187923161088","<a href=""https://ameblo.jp/"" rel=""nofollow"">Ameba_Blog</a>","","http://ameblo.jp/ishiharakaori-0806/entry-12276025002.html","",""
"863065147954221056","石原夏織 公式ブログを更新しました。 『7周年♡』 
https://t.co/Stn1wxuv8M","ja","Tweet","ゆいかおり(小倉 唯＆石原夏織)公式","YUIKAORI_STAFF","","8","851","14","1408","1","2017-05-13 01:15:40","https://x.com/YUIKAORI_STAFF/status/863065147954221056","<a href=""https://mobile.twitter.com"" rel=""nofollow"">Twitter Web App</a>","","http://ameblo.jp/ishiharakaori-0806/entry-12274154227.html","",""
"861240325309734912","このあと24:30〜文化放送にて「ゆいかおりの実♪」が放送されますよ！！
#yuikaori #実ラジ","ja","Tweet","ゆいかおり(小倉 唯＆石原夏織)公式","YUIKAORI_STAFF","","3","83","0","210","0","2017-05-08 00:24:29","https://x.com/YUIKAORI_STAFF/status/861240325309734912","<a href=""http://twitter.com/download/iphone"" rel=""nofollow"">Twitter for iPhone</a>","#yuikaori, #実ラジ","","",""
"861195729062117377","石原夏織 公式ブログを更新しました。『ゴールデンウィーク♡』
https://t.co/wrTictfdmh","ja","Tweet","ゆいかおり(小倉 唯＆石原夏織)公式","YUIKAORI_STAFF","","3","452","16","856","1","2017-05-07 21:27:16","https://x.com/YUIKAORI_STAFF/status/861195729062117377","<a href=""https://mobile.twitter.com"" rel=""nofollow"">Twitter Web App</a>","","http://ameblo.jp/ishiharakaori-0806/entry-12272596705.html","",""
"859086474553155584","小倉 唯 公式ブログを更新しました。『2ndアルバム発売＆GW☆』
https://t.co/h9TRjr7dsD","ja","Tweet","ゆいかおり(小倉 唯＆石原夏織)公式","YUIKAORI_STAFF","","1","333","5","673","0","2017-05-02 01:45:51","https://x.com/YUIKAORI_STAFF/status/859086474553155584","<a href=""https://mobile.twitter.com"" rel=""nofollow"">Twitter Web App</a>","","http://ameblo.jp/ogurayui-0815/entry-12270828861.html","",""
"858703684909154304","まもなく24:30〜文化放送にて「ゆいかおりの実♪」が放送されますよ！！
#yuikaori #実ラジ","ja","Tweet","ゆいかおり(小倉 唯＆石原夏織)公式","YUIKAORI_STAFF","","2","80","2","213","0","2017-05-01 00:24:47","https://x.com/YUIKAORI_STAFF/status/858703684909154304","<a href=""http://twitter.com/download/iphone"" rel=""nofollow"">Twitter for iPhone</a>","#yuikaori, #実ラジ","","",""
"858358094031593472","石原夏織 公式ブログを更新しました。 『映画ここたま♡』 
https://t.co/EWLSJiP0g3","ja","Tweet","ゆいかおり(小倉 唯＆石原夏織)公式","YUIKAORI_STAFF","","1","194","4","477","0","2017-04-30 01:31:31","https://x.com/YUIKAORI_STAFF/status/858358094031593472","<a href=""https://mobile.twitter.com"" rel=""nofollow"">Twitter Web App</a>","","http://ameblo.jp/ishiharakaori-0806/entry-12270203721.html","",""
"857944588643729408","石原夏織 公式ブログを更新しました。 『ファンタジースクワッド♡』 
https://t.co/jqOM2wMSYk","ja","Tweet","ゆいかおり(小倉 唯＆石原夏織)公式","YUIKAORI_STAFF","","1","216","3","469","0","2017-04-28 22:08:24","https://x.com/YUIKAORI_STAFF/status/857944588643729408","<a href=""https://mobile.twitter.com"" rel=""nofollow"">Twitter Web App</a>","","http://ameblo.jp/ishiharakaori-0806/entry-12269854265.html","",""
"856902794678124544","小倉 唯2ndアルバム「Cherry Passport」(チェリーパスポート)が7月26日に発売決定！さらに小倉 唯 Artist Official Twitterが始動しました！https://t.co/rKuxBX37lB
 #小倉唯 #チェリパス","ja","Tweet","ゆいかおり(小倉 唯＆石原夏織)公式","YUIKAORI_STAFF","","0","731","15","1037","0","2017-04-26 01:08:41","https://x.com/YUIKAORI_STAFF/status/856902794678124544","<a href=""http://twitter.com"" rel=""nofollow"">Twitter Web Client</a>","#小倉唯, #チェリパス","http://www.ogurayui.jp/discography/","",""
"856499391556861952","小倉 唯 公式ブログを更新しました。『My Girlさん☆』
https://t.co/G6TFQDvlYN","ja","Tweet","ゆいかおり(小倉 唯＆石原夏織)公式","YUIKAORI_STAFF","","1","346","4","685","1","2017-04-24 22:25:42","https://x.com/YUIKAORI_STAFF/status/856499391556861952","<a href=""https://mobile.twitter.com"" rel=""nofollow"">Twitter Web App</a>","","http://ameblo.jp/ogurayui-0815/entry-12268656220.html","",""
"856167009037434880","まもなく24:30〜文化放送にて「ゆいかおりの実♪」が放送です！！
#yuikaori #実ラジ","ja","Tweet","ゆいかおり(小倉 唯＆石原夏織)公式","YUIKAORI_STAFF","","2","83","0","215","0","2017-04-24 00:24:56","https://x.com/YUIKAORI_STAFF/status/856167009037434880","<a href=""http://twitter.com/download/iphone"" rel=""nofollow"">Twitter for iPhone</a>","#yuikaori, #実ラジ","","",""
"854968518076321793","4月26日(水)発売「My Girl vol.18 “VOICE ACTRESS EDITION”」の表紙&amp;付録ポスターを公開！！！特集は【アイドルから見た“小倉 唯”】です！是非チェックして下さいね！！！ #小倉唯 https://t.co/rEi6CkIdW4","ja","Tweet","ゆいかおり(小倉 唯＆石原夏織)公式","YUIKAORI_STAFF","","3","796","21","1337","0","2017-04-20 17:02:33","https://x.com/YUIKAORI_STAFF/status/854968518076321793","<a href=""http://twitter.com"" rel=""nofollow"">Twitter Web Client</a>","#小倉唯","","photo","https://pbs.twimg.com/media/C910MBzUMAI1W3H.jpg
https://pbs.twimg.com/media/C910MC9VYAAdIp7.jpg
https://pbs.twimg.com/media/C910N5iUAAAv_x-.jpg"
"853976943607152645","石原夏織 公式ブログを更新しました。『ふふん♡』
https://t.co/SfbTjQwwMM","ja","Tweet","ゆいかおり(小倉 唯＆石原夏織)公式","YUIKAORI_STAFF","","10","506","25","963","0","2017-04-17 23:22:24","https://x.com/YUIKAORI_STAFF/status/853976943607152645","<a href=""https://mobile.twitter.com"" rel=""nofollow"">Twitter Web App</a>","","http://ameblo.jp/ishiharakaori-0806/entry-12266595484.html","",""
"853888552941142016","4月26日発売「My Girl “VOICE ACTRESS EDITION”」の表紙に小倉唯が登場！！ #小倉唯　https://t.co/yc5VTfzhto https://t.co/D4SCx0mkZb","ja","Tweet","ゆいかおり(小倉 唯＆石原夏織)公式","YUIKAORI_STAFF","","2","262","3","482","0","2017-04-17 17:31:10","https://x.com/YUIKAORI_STAFF/status/853888552941142016","<a href=""http://twitter.com/download/iphone"" rel=""nofollow"">Twitter for iPhone</a>","#小倉唯","http://goo.gl/uRk6t8
https://x.com/cddldata/status/853881740858843136","",""
"853881740858843136","【2017.4.26 発売！】女性声優を特集している「My Girl “VOICE ACTRESS EDITION”」最新号が発売決定。今回は、1st Cover（表紙）に小倉唯、2nd Cover（裏表紙）に久保ユリカが登場します　https://t.co/lBGkoROATT https://t.co/bZNK5RQiFk","ja","Quoted","ビジュアルブック「My Girl」シリーズ【公式】","mygirl_official","","1","202","6","384","0","2017-04-17 17:04:06","https://x.com/mygirl_official/status/853881740858843136","<a href=""http://twitter.com"" rel=""nofollow"">Twitter Web Client</a>","","http://goo.gl/uRk6t8","photo","https://pbs.twimg.com/media/C9mYyKFVwAEI-5V.jpg"
"853630857101299712","この後24:30〜は文化放送にて「ゆいかおりの実♪」が放送されますよ！
#yuikaori #実ラジ","ja","Tweet","ゆいかおり(小倉 唯＆石原夏織)公式","YUIKAORI_STAFF","","3","92","2","237","0","2017-04-17 00:27:10","https://x.com/YUIKAORI_STAFF/status/853630857101299712","<a href=""http://twitter.com/download/iphone"" rel=""nofollow"">Twitter for iPhone</a>","#yuikaori, #実ラジ","","",""
"852916799406395392","小倉 唯 公式ブログを更新しました。『お知らせ色々☆』 
https://t.co/BgcFGsBYwJ","ja","Tweet","ゆいかおり(小倉 唯＆石原夏織)公式","YUIKAORI_STAFF","","2","378","4","733","0","2017-04-15 01:09:46","https://x.com/YUIKAORI_STAFF/status/852916799406395392","<a href=""https://mobile.twitter.com"" rel=""nofollow"">Twitter Web App</a>","","http://ameblo.jp/ogurayui-0815/entry-12265720775.html","",""
"852865903414788096","石原夏織 公式ブログを更新しました。『春の陽気♡』 
https://t.co/hab9qvut4A","ja","Tweet","ゆいかおり(小倉 唯＆石原夏織)公式","YUIKAORI_STAFF","","1","371","5","611","0","2017-04-14 21:47:31","https://x.com/YUIKAORI_STAFF/status/852865903414788096","<a href=""https://mobile.twitter.com"" rel=""nofollow"">Twitter Web App</a>","","http://ameblo.jp/ishiharakaori-0806/entry-12265664130.html","",""
"852811434530447361","ゆいかおりベストアルバム「Y&amp;K」、LIVE Blu-ray&amp;DVD「Starlight Link」を6月21日に同時発売！！https://t.co/iJpPRwwAfV
#yuikaori","ja","Tweet","ゆいかおり(小倉 唯＆石原夏織)公式","YUIKAORI_STAFF","","46","1828","67","1968","5","2017-04-14 18:11:05","https://x.com/YUIKAORI_STAFF/status/852811434530447361","<a href=""http://twitter.com/download/iphone"" rel=""nofollow"">Twitter for iPhone</a>","#yuikaori","http://www.yuikaori.info/discography/2100/","",""
"852177966616395776","小倉 唯 公式ブログを更新しました。『KFCさん☆』 
https://t.co/DgE570n6K7","ja","Tweet","ゆいかおり(小倉 唯＆石原夏織)公式","YUIKAORI_STAFF","","7","654","11","1068","0","2017-04-13 00:13:54","https://x.com/YUIKAORI_STAFF/status/852177966616395776","<a href=""https://mobile.twitter.com"" rel=""nofollow"">Twitter Web App</a>","","http://ameblo.jp/ogurayui-0815/entry-12265119935.html","",""
"851094986405756928","「ゆいかおりの実♪」まもなく文化放送にてスタート！
#yuikaori #実ラジ","ja","Tweet","ゆいかおり(小倉 唯＆石原夏織)公式","YUIKAORI_STAFF","","3","111","2","292","0","2017-04-10 00:30:31","https://x.com/YUIKAORI_STAFF/status/851094986405756928","<a href=""http://twitter.com/download/iphone"" rel=""nofollow"">Twitter for iPhone</a>","#yuikaori, #実ラジ","","",""
"849599983854665729","小倉 唯 公式ブログを更新しました。『桜の季節☆』
https://t.co/20EKW8215g","ja","Tweet","ゆいかおり(小倉 唯＆石原夏織)公式","YUIKAORI_STAFF","","10","753","8","1104","0","2017-04-05 21:29:55","https://x.com/YUIKAORI_STAFF/status/849599983854665729","<a href=""https://mobile.twitter.com"" rel=""nofollow"">Twitter Web App</a>","","http://ameblo.jp/ogurayui-0815/entry-12262917545.html","",""
"848729567942500353","石原夏織 公式ブログを更新しました。 『ご報告』 
https://t.co/jASDXEepYV","ja","Tweet","ゆいかおり(小倉 唯＆石原夏織)公式","YUIKAORI_STAFF","","16","2380","47","2023","0","2017-04-03 11:51:12","https://x.com/YUIKAORI_STAFF/status/848729567942500353","<a href=""https://ameblo.jp/"" rel=""nofollow"">Ameba_Blog</a>","","http://ameblo.jp/ishiharakaori-0806/entry-12262172420.html","",""
"848557078826196994","「ゆいかおりの実♪」はこの後24:30〜文化放送にて放送です。
#yuikaori #実ラジ","ja","Tweet","ゆいかおり(小倉 唯＆石原夏織)公式","YUIKAORI_STAFF","","3","374","17","463","0","2017-04-03 00:25:47","https://x.com/YUIKAORI_STAFF/status/848557078826196994","<a href=""http://twitter.com/download/iphone"" rel=""nofollow"">Twitter for iPhone</a>","#yuikaori, #実ラジ","","",""
"846019656766795776","まもなく24:30〜実ラジ始まります！是非聞いてくださいねー！！！
#yuikaori #実ラジ","ja","Tweet","ゆいかおり(小倉 唯＆石原夏織)公式","YUIKAORI_STAFF","","2","87","3","214","0","2017-03-27 00:22:59","https://x.com/YUIKAORI_STAFF/status/846019656766795776","<a href=""http://twitter.com/download/iphone"" rel=""nofollow"">Twitter for iPhone</a>","#yuikaori, #実ラジ","","",""
"845653180910190592","小倉 唯 公式ブログを更新しました。『AnimeJapan 2017☆』
https://t.co/suwHI5Sj08","ja","Tweet","ゆいかおり(小倉 唯＆石原夏織)公式","YUIKAORI_STAFF","","0","323","8","608","0","2017-03-26 00:06:44","https://x.com/YUIKAORI_STAFF/status/845653180910190592","<a href=""https://mobile.twitter.com"" rel=""nofollow"">Twitter Web App</a>","","http://ameblo.jp/ogurayui-0815/entry-12259689417.html","",""
"845527799242735616","≪ゆいかおり・小倉唯：公式サイト更新≫
小倉 唯「Animelo Summer Live 2017 -THE CARD-」出演決定！
https://t.co/9ZeN3f9oEN","ja","Tweet","ゆいかおり(小倉 唯＆石原夏織)公式","YUIKAORI_STAFF","","23","293","5","488","0","2017-03-25 15:48:31","https://x.com/YUIKAORI_STAFF/status/845527799242735616","<a href=""http://twitter.com"" rel=""nofollow"">Twitter Web Client</a>","","http://www.yuikaori.info/info/2058/","",""
"844186114239868928","小倉 唯 公式ブログを更新しました。『JOYSOUND コラボ☆』
https://t.co/ezV0RswemF","ja","Tweet","ゆいかおり(小倉 唯＆石原夏織)公式","YUIKAORI_STAFF","","4","350","5","696","0","2017-03-21 22:57:08","https://x.com/YUIKAORI_STAFF/status/844186114239868928","<a href=""https://mobile.twitter.com"" rel=""nofollow"">Twitter Web App</a>","","http://ameblo.jp/ogurayui-0815/entry-12258512641.html","",""
"843814511056306188","小倉 唯 公式ブログを更新しました。『2日目☆』
https://t.co/lZShg2vu8F","ja","Tweet","ゆいかおり(小倉 唯＆石原夏織)公式","YUIKAORI_STAFF","","1","274","3","596","0","2017-03-20 22:20:31","https://x.com/YUIKAORI_STAFF/status/843814511056306188","<a href=""https://mobile.twitter.com"" rel=""nofollow"">Twitter Web App</a>","","http://ameblo.jp/ogurayui-0815/entry-12258203016.html","",""
"843483705188343808","まもなく24:30〜実ラジ始まりますよ〜！！
#yuikaori #実ラジ","ja","Tweet","ゆいかおり(小倉 唯＆石原夏織)公式","YUIKAORI_STAFF","","1","52","2","161","0","2017-03-20 00:26:01","https://x.com/YUIKAORI_STAFF/status/843483705188343808","<a href=""http://twitter.com/download/iphone"" rel=""nofollow"">Twitter for iPhone</a>","#yuikaori, #実ラジ","","",""
"843118201219178496","小倉 唯 公式ブログを更新しました。『ガールフレンド(♪)☆』
https://t.co/VqNvPDxn3T","ja","Tweet","ゆいかおり(小倉 唯＆石原夏織)公式","YUIKAORI_STAFF","","1","232","2","493","0","2017-03-19 00:13:38","https://x.com/YUIKAORI_STAFF/status/843118201219178496","<a href=""https://mobile.twitter.com"" rel=""nofollow"">Twitter Web App</a>","","http://ameblo.jp/ogurayui-0815/entry-12257642537.html","",""
"841583770318790656","ゆいかおり「B Ambitious!」も収録される「AKIBA'S COLLECTION」は3/22発売ですよ！！ #ゆいかおり #アキバ二 https://t.co/QMmOoF9Kh7","ja","Tweet","ゆいかおり(小倉 唯＆石原夏織)公式","YUIKAORI_STAFF","","3","239","2","534","0","2017-03-14 18:36:21","https://x.com/YUIKAORI_STAFF/status/841583770318790656","<a href=""http://twitter.com"" rel=""nofollow"">Twitter Web Client</a>","#ゆいかおり, #アキバ二","https://x.com/akibastripanime/status/841582181185015808","",""
"841582181185015808","i☆Ris
イヤホンズ
A応P
every♡ing ! 
中川翔子
petit milady
みみめめMIMI
ミルキィホームズ
桃井はるこ
ゆいかおり
AKIBA'S COLLECTION3/22発売日まであと8日❗️
初回プレス分のみイベント先行有❗️
#ゆいかおり https://t.co/NKKkJD19q8","ja","Quoted","「アキバズトリップ」アニメ公式","akibastripanime","","0","311","6","473","1","2017-03-14 18:30:02","https://x.com/akibastripanime/status/841582181185015808","<a href=""http://twitter.com"" rel=""nofollow"">Twitter Web Client</a>","#ゆいかおり","","photo","https://pbs.twimg.com/media/C63lBX1V0AA-Gvo.jpg"
"841474370803400705","石原夏織 公式ブログを更新しました。『ありがとうございました！』 
https://t.co/H21qZArVF5","ja","Tweet","ゆいかおり(小倉 唯＆石原夏織)公式","YUIKAORI_STAFF","","1","172","1","412","0","2017-03-14 11:21:38","https://x.com/YUIKAORI_STAFF/status/841474370803400705","<a href=""https://mobile.twitter.com"" rel=""nofollow"">Twitter Web App</a>","","http://ameblo.jp/ishiharakaori-0806/entry-12256241669.html","",""
"841312583621607424","小倉 唯 公式ブログを更新しました。『１日目☆』
https://t.co/ixGYbPmjmH","ja","Tweet","ゆいかおり(小倉 唯＆石原夏織)公式","YUIKAORI_STAFF","","6","255","4","492","0","2017-03-14 00:38:45","https://x.com/YUIKAORI_STAFF/status/841312583621607424","<a href=""https://mobile.twitter.com"" rel=""nofollow"">Twitter Web App</a>","","http://ameblo.jp/ogurayui-0815/entry-12256157979.html","",""
"840943137488953345","この後24:30〜実ラジ始まりますよ〜！！
#yuikaori #実ラジ","ja","Tweet","ゆいかおり(小倉 唯＆石原夏織)公式","YUIKAORI_STAFF","","2","55","1","147","0","2017-03-13 00:10:42","https://x.com/YUIKAORI_STAFF/status/840943137488953345","<a href=""http://twitter.com/download/iphone"" rel=""nofollow"">Twitter for iPhone</a>","#yuikaori, #実ラジ","","",""
"840927668690337792","小倉 唯 公式ブログを更新しました。 『プチプチミニ…！！☆』
https://t.co/k2ta3PbOPX","ja","Tweet","ゆいかおり(小倉 唯＆石原夏織)公式","YUIKAORI_STAFF","","6","381","18","596","0","2017-03-12 23:09:14","https://x.com/YUIKAORI_STAFF/status/840927668690337792","<a href=""https://mobile.twitter.com"" rel=""nofollow"">Twitter Web App</a>","","http://ameblo.jp/ogurayui-0815/entry-12255825791.html","",""
"840915452058464257","石原夏織 公式ブログを更新しました。『エンドライブ♡』 
https://t.co/KoNVm8kjdq","ja","Tweet","ゆいかおり(小倉 唯＆石原夏織)公式","YUIKAORI_STAFF","","0","174","0","360","0","2017-03-12 22:20:41","https://x.com/YUIKAORI_STAFF/status/840915452058464257","<a href=""https://mobile.twitter.com"" rel=""nofollow"">Twitter Web App</a>","","http://ameblo.jp/ishiharakaori-0806/entry-12255807218.html","",""
"839302331350966273","≪ゆいかおり・小倉唯：公式サイト更新≫
小倉 唯 JOYSOUNDオリジナルスマートフォンケース販売受付スタート！ https://t.co/0Ig3Q46mY0
#小倉唯","ja","Tweet","ゆいかおり(小倉 唯＆石原夏織)公式","YUIKAORI_STAFF","","0","329","19","504","0","2017-03-08 11:30:43","https://x.com/YUIKAORI_STAFF/status/839302331350966273","<a href=""http://twitter.com"" rel=""nofollow"">Twitter Web Client</a>","#小倉唯","http://www.yuikaori.info/info/2055/","",""
"838426853006155776","小倉 唯 公式ブログを更新しました。『KING SUPER LIVE 2017 TRINITY☆』
https://t.co/tpOVKNByFB","ja","Tweet","ゆいかおり(小倉 唯＆石原夏織)公式","YUIKAORI_STAFF","","1","650","4","1140","0","2017-03-06 01:31:53","https://x.com/YUIKAORI_STAFF/status/838426853006155776","<a href=""https://mobile.twitter.com"" rel=""nofollow"">Twitter Web App</a>","","http://ameblo.jp/ogurayui-0815/entry-12253728491.html","",""
"836795521553563648","★☆【Team YUIKAORI】REPORT更新！☆★
ゆいかおりLIVE TOUR「Starlight Link」アフターレポート
https://t.co/tfdjEc1hT7
ホール公演の写真をどどーんと掲載！みなさまぜひご覧ください♡
#yuikaori #YKSL","ja","Tweet","ゆいかおり(小倉 唯＆石原夏織)公式","YUIKAORI_STAFF","","3","206","1","429","0","2017-03-01 13:29:33","https://x.com/YUIKAORI_STAFF/status/836795521553563648","<a href=""https://mobile.twitter.com"" rel=""nofollow"">Twitter Web App</a>","#yuikaori, #YKSL","http://yuikaori-report.info/","",""
"836602118567940097","小倉 唯 公式ブログを更新しました。 『う～ん。。☆』 
https://t.co/HGJSqUGtYc","ja","Tweet","ゆいかおり(小倉 唯＆石原夏織)公式","YUIKAORI_STAFF","","2","310","6","676","0","2017-03-01 00:41:03","https://x.com/YUIKAORI_STAFF/status/836602118567940097","<a href=""https://mobile.twitter.com"" rel=""nofollow"">Twitter Web App</a>","","http://ameblo.jp/ogurayui-0815/entry-12252183117.html","",""
"836228142901555201","小倉 唯 公式ブログを更新しました。『エジソン＆DENONさん☆』
https://t.co/Nj7nEgeG4s","ja","Tweet","ゆいかおり(小倉 唯＆石原夏織)公式","YUIKAORI_STAFF","","0","230","3","474","0","2017-02-27 23:55:00","https://x.com/YUIKAORI_STAFF/status/836228142901555201","<a href=""https://mobile.twitter.com"" rel=""nofollow"">Twitter Web App</a>","","http://ameblo.jp/ogurayui-0815/entry-12251863091.html","",""
"835873068039823367","実ラジまもなく始まりますよ〜！！
#yuikaori #実ラジ","ja","Tweet","ゆいかおり(小倉 唯＆石原夏織)公式","YUIKAORI_STAFF","","1","58","1","169","0","2017-02-27 00:24:03","https://x.com/YUIKAORI_STAFF/status/835873068039823367","<a href=""http://twitter.com/download/iphone"" rel=""nofollow"">Twitter for iPhone</a>","#yuikaori, #実ラジ","","",""
"835454608927420416","この後21時〜の文化放送「エジソン」に小倉 唯が出演しますよ！！是非お聞きくださいね！ #agson #agqr #小倉唯 https://t.co/VsnLiX643u","ja","Tweet","ゆいかおり(小倉 唯＆石原夏織)公式","YUIKAORI_STAFF","","1","144","2","284","0","2017-02-25 20:41:15","https://x.com/YUIKAORI_STAFF/status/835454608927420416","<a href=""http://twitter.com/download/iphone"" rel=""nofollow"">Twitter for iPhone</a>","#agson, #agqr, #小倉唯","https://x.com/_agson_/status/835451229773811712","",""
"835451229773811712","このあと９時から生放送！今夜は放送１００回記念＆スペシャルウィーク！リスナープレゼント１０万円使用権争奪バトルをお届けします！ゲストに小林裕介さん・斉藤壮馬さん・水瀬いのりさん・小倉唯さんが登場ですよ！ #agson #agqr","ja","Quoted","文化放送　A&G TRIBAL RADIO エジソン","_agson_","","1","192","4","227","0","2017-02-25 20:27:49","https://x.com/_agson_/status/835451229773811712","<a href=""http://twitter.com"" rel=""nofollow"">Twitter Web Client</a>","#agson, #agqr","","",""
"835157507450396672","小倉 唯 公式ブログを更新しました。 『プレミアム…？☆』 
https://t.co/qxf9DpI8np","ja","Tweet","ゆいかおり(小倉 唯＆石原夏織)公式","YUIKAORI_STAFF","","1","211","2","440","0","2017-02-25 01:00:40","https://x.com/YUIKAORI_STAFF/status/835157507450396672","<a href=""https://mobile.twitter.com"" rel=""nofollow"">Twitter Web App</a>","","http://ameblo.jp/ogurayui-0815/entry-12250972393.html","",""
"834997500964556801","石原夏織 公式ブログを更新しました。 『デジモンアドベンチャーtri. 第4章♡』 
https://t.co/ODOSzWhQXP","ja","Tweet","ゆいかおり(小倉 唯＆石原夏織)公式","YUIKAORI_STAFF","","0","216","5","407","0","2017-02-24 14:24:52","https://x.com/YUIKAORI_STAFF/status/834997500964556801","<a href=""https://ameblo.jp/"" rel=""nofollow"">Ameba_Blog</a>","","http://ameblo.jp/ishiharakaori-0806/entry-12250798629.html","",""
"834794286491119617","小倉 唯 公式ブログを更新しました。『スクストニコ生☆』
https://t.co/W3fE3TyQv4","ja","Tweet","ゆいかおり(小倉 唯＆石原夏織)公式","YUIKAORI_STAFF","","0","248","1","507","0","2017-02-24 00:57:22","https://x.com/YUIKAORI_STAFF/status/834794286491119617","<a href=""https://mobile.twitter.com"" rel=""nofollow"">Twitter Web App</a>","","http://ameblo.jp/ogurayui-0815/entry-12250674948.html","",""
"834638882654150656","≪ゆいかおり・小倉唯：公式サイト更新≫
小倉 唯＆石原夏織 出演情報♪ https://t.co/LivtL5sCBe
#小倉唯 #石原夏織","ja","Tweet","ゆいかおり(小倉 唯＆石原夏織)公式","YUIKAORI_STAFF","","0","145","1","304","0","2017-02-23 14:39:51","https://x.com/YUIKAORI_STAFF/status/834638882654150656","<a href=""http://twitter.com"" rel=""nofollow"">Twitter Web Client</a>","#小倉唯, #石原夏織","http://www.yuikaori.info/info/2042/","",""
"834406433550524417","小倉 唯 公式ブログを更新しました。 『(&gt;_&lt;)☆』 
https://t.co/fO3lbtRo2Q","ja","Tweet","ゆいかおり(小倉 唯＆石原夏織)公式","YUIKAORI_STAFF","","3","264","7","475","0","2017-02-22 23:16:10","https://x.com/YUIKAORI_STAFF/status/834406433550524417","<a href=""https://mobile.twitter.com"" rel=""nofollow"">Twitter Web App</a>","","http://ameblo.jp/ogurayui-0815/entry-12250342249.html","",""
"833645634901012480","石原夏織 公式ブログを更新しました。 『もうすっかり❤︎』  
https://t.co/zzc5WtJhEm","ja","Tweet","ゆいかおり(小倉 唯＆石原夏織)公式","YUIKAORI_STAFF","","1","262","2","456","0","2017-02-20 20:53:02","https://x.com/YUIKAORI_STAFF/status/833645634901012480","<a href=""https://mobile.twitter.com"" rel=""nofollow"">Twitter Web App</a>","","http://ameblo.jp/ishiharakaori-0806/entry-12249658809.html","",""
"833337634608930817","まもなく実ラジ始まりますよ〜！！
#yuikaori #実ラジ","ja","Tweet","ゆいかおり(小倉 唯＆石原夏織)公式","YUIKAORI_STAFF","","1","64","3","182","0","2017-02-20 00:29:09","https://x.com/YUIKAORI_STAFF/status/833337634608930817","<a href=""http://twitter.com/download/iphone"" rel=""nofollow"">Twitter for iPhone</a>","#yuikaori, #実ラジ","","",""
"832501311547387904","≪ゆいかおり・小倉唯：公式サイト更新≫
ゆいかおりライブグッズ通信販売スケジュール決定！
https://t.co/CRPN5rFnrR
#yuikaori #YKSL","ja","Tweet","ゆいかおり(小倉 唯＆石原夏織)公式","YUIKAORI_STAFF","","5","251","2","411","0","2017-02-17 17:05:54","https://x.com/YUIKAORI_STAFF/status/832501311547387904","<a href=""https://mobile.twitter.com"" rel=""nofollow"">Twitter Web App</a>","#yuikaori, #YKSL","http://www.yuikaori.info/info/2027/","",""
"831812841866813444","石原夏織 公式ブログを更新しました。『ごめんなさい』
https://t.co/oalNgU9NBB","ja","Tweet","ゆいかおり(小倉 唯＆石原夏織)公式","YUIKAORI_STAFF","","0","243","9","452","0","2017-02-15 19:30:10","https://x.com/YUIKAORI_STAFF/status/831812841866813444","<a href=""http://twitter.com/download/iphone"" rel=""nofollow"">Twitter for iPhone</a>","","http://ameblo.jp/ishiharakaori-0806/entry-12248075426.html","",""
"831755974700630016","本日の19時締め切りです！！まだの方は是非ハッシュタグ #HTSカワウソくん をつけてツイートして下さいね〜！！ https://t.co/2PXL8glKWN","ja","Tweet","ゆいかおり(小倉 唯＆石原夏織)公式","YUIKAORI_STAFF","","0","111","2","260","0","2017-02-15 15:44:12","https://x.com/YUIKAORI_STAFF/status/831755974700630016","<a href=""http://twitter.com/download/iphone"" rel=""nofollow"">Twitter for iPhone</a>","#HTSカワウソくん","https://x.com/yuikaori_staff/status/829271558791237633","",""
"829271558791237633","小倉 唯LIVE BD&amp;DVD「High-Touch☆Summer」発売記念！
ハッシュタグ #HTSカワウソくん をつけて「High-Touch☆Summer」の感想をツイートして頂いた方の中から抽選で3名の方にカワウソくんをプレゼント！締め切りは2/15(水)19時！#小倉唯 https://t.co/y2IqmqHU1w","ja","Quoted","ゆいかおり(小倉 唯＆石原夏織)公式","YUIKAORI_STAFF","","22","383","16","698","0","2017-02-08 19:12:01","https://x.com/YUIKAORI_STAFF/status/829271558791237633","<a href=""http://twitter.com/download/iphone"" rel=""nofollow"">Twitter for iPhone</a>","#HTSカワウソくん, #小倉唯","","photo","https://pbs.twimg.com/media/C4IqEz9WAAIyGfT.jpg
https://pbs.twimg.com/media/C4IqEz3WIAQUlpP.jpg
https://pbs.twimg.com/media/C4IqEz2WAAApEO3.jpg"
"831475594315460608","小倉唯出演！【KING SUPER LIVE 2017 TRINITY(3/5日本武道館)】ご好評につき立見、サイド見切れ席のチケット受付中！2/19締切！お早めにお申し込み下さい！https://t.co/xmQpEi5VY5  #キントリ #上坂すみれ #小倉唯 #水瀬いのり https://t.co/MPTFeZah89","ja","Tweet","ゆいかおり(小倉 唯＆石原夏織)公式","YUIKAORI_STAFF","","1","200","4","444","0","2017-02-14 21:10:04","https://x.com/YUIKAORI_STAFF/status/831475594315460608","<a href=""http://twitter.com/download/iphone"" rel=""nofollow"">Twitter for iPhone</a>","#キントリ, #上坂すみれ, #小倉唯, #水瀬いのり","http://w.pia.jp/t/ksl/","photo","https://pbs.twimg.com/media/C4n-o4-VUAA5OXb.jpg"
"831323663639023617","≪ゆいかおり・小倉唯：公式サイト更新≫
小倉 唯 出演「KING SUPER LIVE 2017 TRINITY」立見席、見切れ席チケット受付中！ https://t.co/v6KTPHWJNF
#小倉唯","ja","Tweet","ゆいかおり(小倉 唯＆石原夏織)公式","YUIKAORI_STAFF","","0","101","2","179","0","2017-02-14 11:06:21","https://x.com/YUIKAORI_STAFF/status/831323663639023617","<a href=""http://twitter.com"" rel=""nofollow"">Twitter Web Client</a>","#小倉唯","http://www.yuikaori.info/info/2025/","",""
"831313029920804865","石原夏織 公式ブログを更新しました。『小林さん❤︎』 
https://t.co/9CqjHVAJgv","ja","Tweet","ゆいかおり(小倉 唯＆石原夏織)公式","YUIKAORI_STAFF","","0","210","2","442","0","2017-02-14 10:24:06","https://x.com/YUIKAORI_STAFF/status/831313029920804865","<a href=""https://mobile.twitter.com"" rel=""nofollow"">Twitter Web App</a>","","http://ameblo.jp/ishiharakaori-0806/entry-12247616917.html","",""
"830802031807860740","文化放送にて実ラジ放送中ですよ〜！！
#yuikaori #実ラジ","ja","Tweet","ゆいかおり(小倉 唯＆石原夏織)公式","YUIKAORI_STAFF","","2","61","1","201","0","2017-02-13 00:33:34","https://x.com/YUIKAORI_STAFF/status/830802031807860740","<a href=""http://twitter.com/download/iphone"" rel=""nofollow"">Twitter for iPhone</a>","#yuikaori, #実ラジ","","",""
"830563349213519876","石原夏織 公式ブログを更新しました。『❤︎』
https://t.co/bvikvu25zx","ja","Tweet","ゆいかおり(小倉 唯＆石原夏織)公式","YUIKAORI_STAFF","","0","430","4","796","0","2017-02-12 08:45:08","https://x.com/YUIKAORI_STAFF/status/830563349213519876","<a href=""http://twitter.com/download/iphone"" rel=""nofollow"">Twitter for iPhone</a>","","http://ameblo.jp/ishiharakaori-0806/entry-12246965020.html","",""
"830443163919618048","小倉 唯 公式ブログを更新しました。『とりあえず…☆』
https://t.co/xzAwXgeXR6","ja","Tweet","ゆいかおり(小倉 唯＆石原夏織)公式","YUIKAORI_STAFF","","1","492","1","821","0","2017-02-12 00:47:33","https://x.com/YUIKAORI_STAFF/status/830443163919618048","<a href=""http://twitter.com/download/iphone"" rel=""nofollow"">Twitter for iPhone</a>","","http://ameblo.jp/ogurayui-0815/entry-12246920585.html","",""
"830408676242444288","東京 代々木第一体育館での千秋楽公演無事終演しました！ツアーに参加して頂いたみなさま、応援して頂いたみなさま本当にありがとうございました！！！みなさんとのリンクを感じる素晴らしいツアーになりました！！#yuikaori #YKSL https://t.co/nsj6wWHnP2","ja","Tweet","ゆいかおり(小倉 唯＆石原夏織)公式","YUIKAORI_STAFF","","57","1657","26","2675","4","2017-02-11 22:30:31","https://x.com/YUIKAORI_STAFF/status/830408676242444288","<a href=""http://twitter.com/download/iphone"" rel=""nofollow"">Twitter for iPhone</a>","#yuikaori, #YKSL","","photo","https://pbs.twimg.com/media/C4Y0SKoUEAArf-s.jpg"
"830242838298234880","CD・Blu-ray・DVDの会場限定購入特典はこちらです♪♪代々木第一体育館公演限定のブロマイドもございますよ！要チェックです！
#yuikaori #YKSL https://t.co/jygmPi4jAw","ja","Tweet","ゆいかおり(小倉 唯＆石原夏織)公式","YUIKAORI_STAFF","","0","124","2","310","0","2017-02-11 11:31:32","https://x.com/YUIKAORI_STAFF/status/830242838298234880","<a href=""http://twitter.com/download/iphone"" rel=""nofollow"">Twitter for iPhone</a>","#yuikaori, #YKSL","","photo","https://pbs.twimg.com/media/C4WdcwKUkAEKSFL.jpg"
"830242626834018304","ゆいかおりと写真が撮れる！？
本日も2人の等身大パネルが会場にございます！グッズ売り場の向かいのテントに用意してますよ〜♪是非ご来場の記念に一緒に写真を撮ってくださいねっ！#yuikaori #YKSL https://t.co/12DZunhlKm","ja","Tweet","ゆいかおり(小倉 唯＆石原夏織)公式","YUIKAORI_STAFF","","2","281","2","635","0","2017-02-11 11:30:42","https://x.com/YUIKAORI_STAFF/status/830242626834018304","<a href=""http://twitter.com/download/iphone"" rel=""nofollow"">Twitter for iPhone</a>","#yuikaori, #YKSL","","photo","https://pbs.twimg.com/media/C4WdQx7UMAAlZuP.jpg"
"830240638784327681","良い天気ですねぇーー！ツアーファイナルです。みなさんで楽しみましょう♪
#yuikaori #YKSL https://t.co/mT1DOqCRfD","ja","Tweet","ゆいかおり(小倉 唯＆石原夏織)公式","YUIKAORI_STAFF","","15","435","12","768","0","2017-02-11 11:22:48","https://x.com/YUIKAORI_STAFF/status/830240638784327681","<a href=""http://twitter.com/download/iphone"" rel=""nofollow"">Twitter for iPhone</a>","#yuikaori, #YKSL","","photo","https://pbs.twimg.com/media/C4WbcrqVMAAZOYW.jpg"
"830239046790111233","ゆいかおりLIVE TOUR「Starlight Link」ファイナル・代々木第一体育館公演！いよいよやってまいりました！！グッズラインナップもご確認ください！！
#yuikaori #YKSL https://t.co/wbdc91CRN9","ja","Tweet","ゆいかおり(小倉 唯＆石原夏織)公式","YUIKAORI_STAFF","","0","176","8","333","0","2017-02-11 11:16:28","https://x.com/YUIKAORI_STAFF/status/830239046790111233","<a href=""http://twitter.com/download/iphone"" rel=""nofollow"">Twitter for iPhone</a>","#yuikaori, #YKSL","","photo","https://pbs.twimg.com/media/C4WZ_9LUEAAxO8K.jpg
https://pbs.twimg.com/media/C4WZ_9TVMAA7vp1.jpg
https://pbs.twimg.com/media/C4WZ_-KVUAEk4xa.jpg
https://pbs.twimg.com/media/C4WaAA_VcAIh5xc.jpg"
"830062807374667776","小倉 唯 公式ブログを更新しました。『いよいよ明日は…☆』 
https://t.co/CWCaSj3Tob","ja","Tweet","ゆいかおり(小倉 唯＆石原夏織)公式","YUIKAORI_STAFF","","2","398","4","720","0","2017-02-10 23:36:09","https://x.com/YUIKAORI_STAFF/status/830062807374667776","<a href=""https://mobile.twitter.com"" rel=""nofollow"">Twitter Web App</a>","","http://ameblo.jp/ogurayui-0815/entry-12246598595.html","",""
"829925532703666176","★☆【Team YUIKAORI】REPORT更新！☆★
「Starlight Link」グッズ撮影オフショット大公開4～7
https://t.co/tfdjEciSKF 
昨日に引き続き、たっぷりのオフショット付きでお送りいたします♪
#yuikaori #YKSL","ja","Tweet","ゆいかおり(小倉 唯＆石原夏織)公式","YUIKAORI_STAFF","","0","118","0","251","0","2017-02-10 14:30:40","https://x.com/YUIKAORI_STAFF/status/829925532703666176","<a href=""http://twitter.com"" rel=""nofollow"">Twitter Web Client</a>","#yuikaori, #YKSL","http://yuikaori-report.info/","",""
"829888892815826950","≪ゆいかおり・小倉唯：公式サイト更新≫
ゆいかおりLIVE TOUR「Starlight Link」supported by JOYSOUND東京公演、当日券情報！！ https://t.co/2o9uCYqwrJ
#yuikaori #YKSL","ja","Tweet","ゆいかおり(小倉 唯＆石原夏織)公式","YUIKAORI_STAFF","","0","133","1","202","0","2017-02-10 12:05:05","https://x.com/YUIKAORI_STAFF/status/829888892815826950","<a href=""http://twitter.com"" rel=""nofollow"">Twitter Web Client</a>","#yuikaori, #YKSL","http://www.yuikaori.info/info/2020/","",""
"829722535390433280","石原夏織 公式ブログを更新しました。『コラボルーーーム❤︎』
https://t.co/7zu1rUg93S","ja","Tweet","ゆいかおり(小倉 唯＆石原夏織)公式","YUIKAORI_STAFF","","2","284","7","585","0","2017-02-10 01:04:02","https://x.com/YUIKAORI_STAFF/status/829722535390433280","<a href=""http://twitter.com/download/iphone"" rel=""nofollow"">Twitter for iPhone</a>","","http://ameblo.jp/ishiharakaori-0806/entry-12246310528.html","",""
"829558565085945860","★☆【Team YUIKAORI】REPORT更新！☆★
「Starlight Link」グッズ撮影オフショット大公開1～3
https://t.co/tfdjEciSKF
明日の更新もお楽しみに～♪
#yuikaori #YKSL","ja","Tweet","ゆいかおり(小倉 唯＆石原夏織)公式","YUIKAORI_STAFF","","0","148","1","298","0","2017-02-09 14:12:29","https://x.com/YUIKAORI_STAFF/status/829558565085945860","<a href=""https://mobile.twitter.com"" rel=""nofollow"">Twitter Web App</a>","#yuikaori, #YKSL","http://yuikaori-report.info/","",""
"829354870457053184","小倉 唯 公式ブログを更新しました。 『High-Touch☆Summer 発売☆』 
https://t.co/mBBmZTxVJi","ja","Tweet","ゆいかおり(小倉 唯＆石原夏織)公式","YUIKAORI_STAFF","","0","214","0","404","0","2017-02-09 00:43:04","https://x.com/YUIKAORI_STAFF/status/829354870457053184","<a href=""https://mobile.twitter.com"" rel=""nofollow"">Twitter Web App</a>","","http://ameblo.jp/ogurayui-0815/entry-12245995813.html","",""
"829175890512801792","小倉 唯LIVE「High-Touch☆Summer」にはツアー2日目幕張メッセ公演を完全収録！千秋楽 群馬公演での「いつだってCall Me!」「Sing-a-ling-a-Harmony」とあわせて全20曲を完全収録！！https://t.co/768eZTuDCs　#小倉唯","ja","Tweet","ゆいかおり(小倉 唯＆石原夏織)公式","YUIKAORI_STAFF","","1","135","2","270","0","2017-02-08 12:51:52","https://x.com/YUIKAORI_STAFF/status/829175890512801792","<a href=""http://twitter.com"" rel=""nofollow"">Twitter Web Client</a>","#小倉唯","https://www.youtube.com/watch?v=569hXibL828&index=4&list=PL7KwVPXFv4Vf3BTSZfhJfP6wfj_Q3kFQn","",""
"829173807935918080","【小倉 唯「Raise」(LIVE High-Touch☆Summer ver.)】こちらもフルバージョンで公開中です！緊張感ある歌い出しも必見です..!! https://t.co/qk7yZjOWJw
#小倉唯","ja","Tweet","ゆいかおり(小倉 唯＆石原夏織)公式","YUIKAORI_STAFF","","0","211","4","335","0","2017-02-08 12:43:35","https://x.com/YUIKAORI_STAFF/status/829173807935918080","<a href=""http://twitter.com"" rel=""nofollow"">Twitter Web Client</a>","#小倉唯","https://www.youtube.com/watch?v=xhf2xPVXzLY&list=PL7KwVPXFv4Vf3BTSZfhJfP6wfj_Q3kFQn&index=1","",""
"829172265598083073","【小倉 唯「ハイタッチ☆メモリー」(LIVE High-Touch☆Summer ver.)】フルで公開中！！
動画コメント欄にも是非感想等記載して下さいね！！
https://t.co/qihEIwogso
#小倉唯","ja","Tweet","ゆいかおり(小倉 唯＆石原夏織)公式","YUIKAORI_STAFF","","0","181","1","298","0","2017-02-08 12:37:28","https://x.com/YUIKAORI_STAFF/status/829172265598083073","<a href=""http://twitter.com"" rel=""nofollow"">Twitter Web Client</a>","#小倉唯","https://www.youtube.com/watch?v=yHlABKFFRv8&list=PL7KwVPXFv4Vf3BTSZfhJfP6wfj_Q3kFQn&index=2","",""
"829169898303549440","小倉 唯最新LIVE Blu-ray&amp;DVD「High-Touch☆Summer」はいよいよ本日発売です！映像特典には貴重なメイキング映像をたっぷり収録！地元群馬でのバースデーサプライズも完全収録されていますよ♪https://t.co/JAuEfcnGTB
 #小倉唯 #HTS https://t.co/ft5oLD6bsj","ja","Tweet","ゆいかおり(小倉 唯＆石原夏織)公式","YUIKAORI_STAFF","","0","206","6","346","0","2017-02-08 12:28:03","https://x.com/YUIKAORI_STAFF/status/829169898303549440","<a href=""http://twitter.com"" rel=""nofollow"">Twitter Web Client</a>","#小倉唯, #HTS","https://www.youtube.com/playlist?list=PL7KwVPXFv4Vf3BTSZfhJfP6wfj_Q3kFQn","photo","https://pbs.twimg.com/media/C4HMg_dVUAAtCL3.jpg
https://pbs.twimg.com/media/C4HMh85VMAAcUGM.jpg"
"828891603334946816","!!!!本日フラゲ日!!!!
小倉 唯 LIVE Blu-ray&amp;DVD「High-Touch☆Summer」より「Raise」をフルバージョンで公開！！
https://t.co/ddHAGbBvrZ #小倉唯 #HTS #フラゲ","ja","Tweet","ゆいかおり(小倉 唯＆石原夏織)公式","YUIKAORI_STAFF","","1","493","11","593","0","2017-02-07 18:02:12","https://x.com/YUIKAORI_STAFF/status/828891603334946816","<a href=""http://twitter.com"" rel=""nofollow"">Twitter Web Client</a>","#小倉唯, #HTS, #フラゲ","https://www.youtube.com/watch?v=xhf2xPVXzLY","",""
"828774110264045568","小倉 唯 LIVE「High-Touch☆Summer」発売記念衣装展がAKIHABARAゲーマーズ本店 5Fにて本日よりスタート♪2/26まで開催していますので是非お立ち寄り下さいね！！！ 
 https://t.co/G1DMywlo5P  #小倉唯 #HTS https://t.co/x4tdGXU0Q4","ja","Tweet","ゆいかおり(小倉 唯＆石原夏織)公式","YUIKAORI_STAFF","","0","332","8","557","0","2017-02-07 10:15:20","https://x.com/YUIKAORI_STAFF/status/828774110264045568","<a href=""http://twitter.com/download/iphone"" rel=""nofollow"">Twitter for iPhone</a>","#小倉唯, #HTS","https://www.gamers.co.jp/museum/64091/","photo","https://pbs.twimg.com/media/C4Blpx0UoAEK6qK.jpg
https://pbs.twimg.com/media/C4Blpx2UoAAStWX.jpg"
"828771091094990849","小倉 唯 最新LIVE Blu-ray&amp;DVD「High-Touch☆Summer」はいよいよ明日2/8発売！！店舗さんによっては本日からゲットできるかもしれませんので是非チェックしてくださいね♪ https://t.co/DMDI21h2Yc #小倉唯 #HTS","ja","Tweet","ゆいかおり(小倉 唯＆石原夏織)公式","YUIKAORI_STAFF","","0","179","4","264","0","2017-02-07 10:03:20","https://x.com/YUIKAORI_STAFF/status/828771091094990849","<a href=""http://twitter.com/download/iphone"" rel=""nofollow"">Twitter for iPhone</a>","#小倉唯, #HTS","https://www.youtube.com/watch?v=yHlABKFFRv8","",""
"828592712689422337","小倉 唯 公式ブログを更新しました。 『「Starlight Link」～大阪～☆』
https://t.co/qu3p1X4zF8","ja","Tweet","ゆいかおり(小倉 唯＆石原夏織)公式","YUIKAORI_STAFF","","0","344","6","656","0","2017-02-06 22:14:31","https://x.com/YUIKAORI_STAFF/status/828592712689422337","<a href=""https://mobile.twitter.com"" rel=""nofollow"">Twitter Web App</a>","","http://ameblo.jp/ogurayui-0815/entry-12245324228.html","",""
"828534490284773376","≪ゆいかおり・小倉唯：公式サイト更新≫
アプリ『ゆいかおりきせかえパック』『小倉唯きせかえパック』配信開始！！ https://t.co/EM8k3QzFK9
#yuikaori","ja","Tweet","ゆいかおり(小倉 唯＆石原夏織)公式","YUIKAORI_STAFF","","0","202","5","329","0","2017-02-06 18:23:10","https://x.com/YUIKAORI_STAFF/status/828534490284773376","<a href=""http://twitter.com"" rel=""nofollow"">Twitter Web Client</a>","#yuikaori","http://www.yuikaori.info/info/2015/","",""
"828465582852886528","≪ゆいかおり・小倉唯：公式サイト更新≫
ゆいかおりコラボルーム 2月10日(金)JOYSOUND中野店にオープン！ https://t.co/N5WfOBfhwG
#yuikaori","ja","Tweet","ゆいかおり(小倉 唯＆石原夏織)公式","YUIKAORI_STAFF","","3","294","14","393","0","2017-02-06 13:49:21","https://x.com/YUIKAORI_STAFF/status/828465582852886528","<a href=""http://twitter.com"" rel=""nofollow"">Twitter Web Client</a>","#yuikaori","http://www.yuikaori.info/info/2013/","",""
"828435640974921729","★☆【Team YUIKAORI】GOODS更新！☆★
ゆいかおりLIVE TOUR「Starlight Link」東京公演
グッズ販売開始時刻が決定いたしました！詳しくはGOODSページから☆
https://t.co/KOw7hgJBvk
#yuikaori #YKSL","ja","Tweet","ゆいかおり(小倉 唯＆石原夏織)公式","YUIKAORI_STAFF","","0","152","6","236","0","2017-02-06 11:50:23","https://x.com/YUIKAORI_STAFF/status/828435640974921729","<a href=""http://twitter.com"" rel=""nofollow"">Twitter Web Client</a>","#yuikaori, #YKSL","http://www.yuikaori.info/special/2017/Starlight-Link/index.html","",""
"828272347303931904","石原夏織 公式ブログを更新しました。『大阪公演❤︎』
https://t.co/jCxhHG0r3J","ja","Tweet","ゆいかおり(小倉 唯＆石原夏織)公式","YUIKAORI_STAFF","","0","263","4","537","0","2017-02-06 01:01:30","https://x.com/YUIKAORI_STAFF/status/828272347303931904","<a href=""http://twitter.com/download/iphone"" rel=""nofollow"">Twitter for iPhone</a>","","http://ameblo.jp/ishiharakaori-0806/entry-12245052856.html","",""
"828262870416646144","まもなく24:30〜実ラジ始まりますよ〜！！是非聞いてくださいね！
#yuikaori #実ラジ","ja","Tweet","ゆいかおり(小倉 唯＆石原夏織)公式","YUIKAORI_STAFF","","2","59","0","169","0","2017-02-06 00:23:51","https://x.com/YUIKAORI_STAFF/status/828262870416646144","<a href=""http://twitter.com/download/iphone"" rel=""nofollow"">Twitter for iPhone</a>","#yuikaori, #実ラジ","","",""
"828213632232140800","大阪公演終演致しました！ご来場頂いた皆様ありがとうございました！！いらっしゃ〜い！
#yuikaori #YKSL","ja","Tweet","ゆいかおり(小倉 唯＆石原夏織)公式","YUIKAORI_STAFF","","28","323","7","604","0","2017-02-05 21:08:12","https://x.com/YUIKAORI_STAFF/status/828213632232140800","<a href=""http://twitter.com/download/iphone"" rel=""nofollow"">Twitter for iPhone</a>","#yuikaori, #YKSL","","",""
"828117807472615427","★☆【Team YUIKAORI】REPORT更新！☆★
「Starlight Link ～大阪公演～ ☆ その1～3」
https://t.co/tfdjEciSKF","ja","Tweet","ゆいかおり(小倉 唯＆石原夏織)公式","YUIKAORI_STAFF","","0","102","2","215","0","2017-02-05 14:47:25","https://x.com/YUIKAORI_STAFF/status/828117807472615427","<a href=""http://twitter.com"" rel=""nofollow"">Twitter Web Client</a>","","http://yuikaori-report.info/","",""
"828101483384049665","ゆいかおりと写真が撮れる！？
本日も2人の等身大パネルが会場にございます！メインホール入口（グッズ売り場の反対側）に用意してますよ〜♪是非ご来場の記念に一緒に写真を撮ってくださいねっ！#yuikaori #YKSL https://t.co/43mMuaZgTK","ja","Tweet","ゆいかおり(小倉 唯＆石原夏織)公式","YUIKAORI_STAFF","","1","212","3","571","0","2017-02-05 13:42:33","https://x.com/YUIKAORI_STAFF/status/828101483384049665","<a href=""http://twitter.com/download/iphone"" rel=""nofollow"">Twitter for iPhone</a>","#yuikaori, #YKSL","","photo","https://pbs.twimg.com/media/C34B50XUkAUPqNt.jpg"
"828101106383216640","CD・Blu-ray・DVDの会場限定購入特典はこちらです♪♪大阪公演限定のブロマイドもございますよー。要チェック！！
#yuikaori #YKSL https://t.co/H0XC1Bm7eY","ja","Tweet","ゆいかおり(小倉 唯＆石原夏織)公式","YUIKAORI_STAFF","","0","94","1","261","0","2017-02-05 13:41:03","https://x.com/YUIKAORI_STAFF/status/828101106383216640","<a href=""http://twitter.com/download/iphone"" rel=""nofollow"">Twitter for iPhone</a>","#yuikaori, #YKSL","","photo","https://pbs.twimg.com/media/C34BjrRUkAAe2z4.jpg"
"828100845359157249","大阪公演限定のアクリルキーホルダーも是非チェック！
#yuikaori #YKSL https://t.co/bx21Oq4Aao","ja","Tweet","ゆいかおり(小倉 唯＆石原夏織)公式","YUIKAORI_STAFF","","0","192","3","389","0","2017-02-05 13:40:01","https://x.com/YUIKAORI_STAFF/status/828100845359157249","<a href=""http://twitter.com/download/iphone"" rel=""nofollow"">Twitter for iPhone</a>","#yuikaori, #YKSL","","photo","https://pbs.twimg.com/media/C34BUWBVcAQyu_h.jpg"
"828100510267826176","ゆいかおりLIVE TOUR「Starlight Link」大阪国際会議場グランキューブ大阪やってまいりました！！みなさんで楽しみましょう♪そしてグッズラインナップはこちらです！！
#yuikaori #YKSL https://t.co/eqQc2i3LD6","ja","Tweet","ゆいかおり(小倉 唯＆石原夏織)公式","YUIKAORI_STAFF","","1","145","3","309","0","2017-02-05 13:38:41","https://x.com/YUIKAORI_STAFF/status/828100510267826176","<a href=""http://twitter.com/download/iphone"" rel=""nofollow"">Twitter for iPhone</a>","#yuikaori, #YKSL","","photo","https://pbs.twimg.com/media/C34BAsMUcAAA-x2.jpg
https://pbs.twimg.com/media/C34BAsiUMAAExqR.jpg
https://pbs.twimg.com/media/C34BA5YUYAAVYKg.jpg
https://pbs.twimg.com/media/C34BA5YUMAEzfTR.jpg"
"827899806265651201","石原夏織 公式ブログを更新しました。 『明日？、、今日？』 
https://t.co/WF6m1mIPYE","ja","Tweet","ゆいかおり(小倉 唯＆石原夏織)公式","YUIKAORI_STAFF","","0","175","0","380","0","2017-02-05 00:21:10","https://x.com/YUIKAORI_STAFF/status/827899806265651201","<a href=""https://mobile.twitter.com"" rel=""nofollow"">Twitter Web App</a>","","http://ameblo.jp/ishiharakaori-0806/entry-12244721352.html","",""
"826973297438887936","≪ゆいかおり・小倉唯：公式サイト更新≫
小倉 唯LIVE「High-Touch☆Summer」Blu-ray＆DVD 発売記念衣装展 開催決定！ https://t.co/LKF263xe3H
#小倉唯","ja","Tweet","ゆいかおり(小倉 唯＆石原夏織)公式","YUIKAORI_STAFF","","0","259","10","385","0","2017-02-02 10:59:33","https://x.com/YUIKAORI_STAFF/status/826973297438887936","<a href=""http://twitter.com"" rel=""nofollow"">Twitter Web Client</a>","#小倉唯","http://www.yuikaori.info/info/2011/","",""
"826723489910386688","来週2/8発売！小倉 唯最新 LIVE Blu-ray&amp;DVD「High-Touch☆Summer」メイキング映像を少しだけ公開！！千秋楽公演で行われたバースデーサプライズも完全収録されてますよ♪
https://t.co/qOj3foCvzk　#小倉唯 #HTS https://t.co/y5iXEgfvIT","ja","Tweet","ゆいかおり(小倉 唯＆石原夏織)公式","YUIKAORI_STAFF","","1","316","6","509","0","2017-02-01 18:26:54","https://x.com/YUIKAORI_STAFF/status/826723489910386688","<a href=""http://twitter.com"" rel=""nofollow"">Twitter Web Client</a>","#小倉唯, #HTS","https://www.youtube.com/watch?v=ilBlHmW1zuk","photo","https://pbs.twimg.com/media/C3kcfAhUcAApryz.jpg
https://pbs.twimg.com/media/C3kcfv6VYAEKypM.jpg"
"825726814957957121","まもなく24:30〜実ラジ始まりますよ〜！！
#yuikaori #実ラジ","ja","Tweet","ゆいかおり(小倉 唯＆石原夏織)公式","YUIKAORI_STAFF","","1","63","1","138","0","2017-01-30 00:26:28","https://x.com/YUIKAORI_STAFF/status/825726814957957121","<a href=""http://twitter.com/download/iphone"" rel=""nofollow"">Twitter for iPhone</a>","#yuikaori, #実ラジ","","",""
"825319176550051840","小倉 唯 公式ブログを更新しました。 『スクストOP&amp;ED☆』
https://t.co/sLqQlnU8Bk","ja","Tweet","ゆいかおり(小倉 唯＆石原夏織)公式","YUIKAORI_STAFF","","3","300","3","588","0","2017-01-28 21:26:40","https://x.com/YUIKAORI_STAFF/status/825319176550051840","<a href=""https://mobile.twitter.com"" rel=""nofollow"">Twitter Web App</a>","","http://ameblo.jp/ogurayui-0815/entry-12242375356.html","",""
"824530311778181121","★☆【Team YUIKAORI】GOODS更新！☆★
ゆいかおりLIVE TOUR「Starlight Link」大阪公演
グッズ販売開始時刻が決定いたしました！詳しくはGOODSページから☆
https://t.co/KOw7hgJBvk
#yuikaori #YKSL","ja","Tweet","ゆいかおり(小倉 唯＆石原夏織)公式","YUIKAORI_STAFF","","1","99","1","237","0","2017-01-26 17:12:00","https://x.com/YUIKAORI_STAFF/status/824530311778181121","<a href=""http://twitter.com"" rel=""nofollow"">Twitter Web Client</a>","#yuikaori, #YKSL","http://www.yuikaori.info/special/2017/Starlight-Link/index.html","",""
"824198300412874752","2/8発売！小倉 唯の最新ライブBlu-ray&amp;DVD「High-Touch☆Summer」より「ハイタッチ☆メモリー」をフルで公開！！https://t.co/DMDI21yEmM　#小倉唯 #HTS https://t.co/xxq2r8QBMs","ja","Tweet","ゆいかおり(小倉 唯＆石原夏織)公式","YUIKAORI_STAFF","","3","565","21","786","0","2017-01-25 19:12:42","https://x.com/YUIKAORI_STAFF/status/824198300412874752","<a href=""http://twitter.com/download/iphone"" rel=""nofollow"">Twitter for iPhone</a>","#小倉唯, #HTS","https://www.youtube.com/watch?v=yHlABKFFRv8","photo","https://pbs.twimg.com/media/C3Aj7LpWgAEEkJ8.jpg
https://pbs.twimg.com/media/C3Aj7LnXEAAMsoW.jpg"
"824188731045347332","≪ゆいかおり・小倉唯：公式サイト更新≫
小倉 唯くじ発売開始！！ https://t.co/JWiHaUirXB
#小倉唯","ja","Tweet","ゆいかおり(小倉 唯＆石原夏織)公式","YUIKAORI_STAFF","","2","289","11","336","0","2017-01-25 18:34:40","https://x.com/YUIKAORI_STAFF/status/824188731045347332","<a href=""http://twitter.com"" rel=""nofollow"">Twitter Web Client</a>","#小倉唯","http://www.yuikaori.info/info/2001/","",""
"824185219146280960","★☆【Team YUIKAORI】REPORT更新！☆★
《東京公演》チケット発送！
Team YUIKAORIチケット先行予約をご利用頂きましたみなさまへ、チケットの発送が完了いたしました！
https://t.co/tfdjEc1hT7
#yuikaori #YKSL","ja","Tweet","ゆいかおり(小倉 唯＆石原夏織)公式","YUIKAORI_STAFF","","0","163","6","253","0","2017-01-25 18:20:43","https://x.com/YUIKAORI_STAFF/status/824185219146280960","<a href=""https://mobile.twitter.com"" rel=""nofollow"">Twitter Web App</a>","#yuikaori, #YKSL","http://yuikaori-report.info/","",""
"823371012695691267","2/8発売！小倉 唯 最新LIVE Blu-ray&amp;DVD「High-Touch☆Summer」スペシャルトレーラー公開中！！https://t.co/NNvBDiqNUo #小倉唯 #HTS https://t.co/Zuu0R5amva","ja","Tweet","ゆいかおり(小倉 唯＆石原夏織)公式","YUIKAORI_STAFF","","1","783","35","1352","0","2017-01-23 12:25:21","https://x.com/YUIKAORI_STAFF/status/823371012695691267","<a href=""http://twitter.com"" rel=""nofollow"">Twitter Web Client</a>","#小倉唯, #HTS","https://www.youtube.com/watch?v=569hXibL828","video","https://video.twimg.com/ext_tw_video/823368811424288768/pu/vid/1280x720/8eYiKgnt7GpkdMFD.mp4"
"823188821558689792","まもなく24:30〜文化放送にて実ラジが放送されますよ〜！！
#yuikaori #実ラジ","ja","Tweet","ゆいかおり(小倉 唯＆石原夏織)公式","YUIKAORI_STAFF","","0","66","1","150","0","2017-01-23 00:21:23","https://x.com/YUIKAORI_STAFF/status/823188821558689792","<a href=""http://twitter.com/download/iphone"" rel=""nofollow"">Twitter for iPhone</a>","#yuikaori, #実ラジ","","",""
"823138511922425856","石原夏織 公式ブログを更新しました。 『ありがとうございました！』 
https://t.co/kqSgIY6X7G","ja","Tweet","ゆいかおり(小倉 唯＆石原夏織)公式","YUIKAORI_STAFF","","0","210","1","429","0","2017-01-22 21:01:29","https://x.com/YUIKAORI_STAFF/status/823138511922425856","<a href=""https://mobile.twitter.com"" rel=""nofollow"">Twitter Web App</a>","","http://ameblo.jp/ishiharakaori-0806/entry-12240550141.html","",""
"822841181964898304","小倉唯 公式ブログを更新しました。 『CUTさん、ひなこのーとラジオ☆』 
https://t.co/YjnuIdNX8Z","ja","Tweet","ゆいかおり(小倉 唯＆石原夏織)公式","YUIKAORI_STAFF","","0","258","2","493","0","2017-01-22 01:20:00","https://x.com/YUIKAORI_STAFF/status/822841181964898304","<a href=""https://ameblo.jp/"" rel=""nofollow"">Ameba_Blog</a>","","http://ameblo.jp/ogurayui-0815/entry-12240329077.html","",""
"822835343992852480","石原夏織 公式ブログを更新しました。 『ポッピンQと手づくりGotto❤︎』 
https://t.co/Mi22PNNcFD","ja","Tweet","ゆいかおり(小倉 唯＆石原夏織)公式","YUIKAORI_STAFF","","2","170","3","324","0","2017-01-22 00:56:48","https://x.com/YUIKAORI_STAFF/status/822835343992852480","<a href=""https://ameblo.jp/"" rel=""nofollow"">Ameba_Blog</a>","","http://ameblo.jp/ishiharakaori-0806/entry-12240325222.html","",""
"822310837209550849","石原夏織 公式ブログを更新しました。『実は、、、』
https://t.co/4TIOJuuSqw","ja","Tweet","ゆいかおり(小倉 唯＆石原夏織)公式","YUIKAORI_STAFF","","0","158","0","331","0","2017-01-20 14:12:36","https://x.com/YUIKAORI_STAFF/status/822310837209550849","<a href=""https://mobile.twitter.com"" rel=""nofollow"">Twitter Web App</a>","","http://ameblo.jp/ishiharakaori-0806/entry-12239814123.html","",""
"821962068525842432","石原夏織 公式ブログを更新しました。 『新発売♡』 
https://t.co/IFJq3y1hyP","ja","Tweet","ゆいかおり(小倉 唯＆石原夏織)公式","YUIKAORI_STAFF","","0","150","2","328","0","2017-01-19 15:06:43","https://x.com/YUIKAORI_STAFF/status/821962068525842432","<a href=""https://ameblo.jp/"" rel=""nofollow"">Ameba_Blog</a>","","http://ameblo.jp/ishiharakaori-0806/entry-12239561985.html","",""
"821643912003592193","2/8(水)に発売される『小倉 唯LIVE「High-Touch☆Summer」』のスペシャルトレーラー公開！！
https://t.co/eTztQz7amY
#小倉唯 #HTS https://t.co/q8L4GixijI","ja","Tweet","ゆいかおり(小倉 唯＆石原夏織)公式","YUIKAORI_STAFF","","2","492","16","701","0","2017-01-18 18:02:28","https://x.com/YUIKAORI_STAFF/status/821643912003592193","<a href=""http://twitter.com/download/iphone"" rel=""nofollow"">Twitter for iPhone</a>","#小倉唯, #HTS","https://www.youtube.com/watch?v=569hXibL828&feature=youtu.be","photo","https://pbs.twimg.com/media/C2cQxoBXcAAzQDf.jpg
https://pbs.twimg.com/media/C2cQxoAXcAEKiii.jpg"
"821523756300390401","2/8発売！小倉 唯最新LIVE Blu-ray&amp;DVD「High-Touch☆Summer」のオリジナル特典の詳細を公開！！コチラからご確認下さいね〜！！https://t.co/M288gRpOur
#小倉唯 #HTS https://t.co/8LYRzemDxj","ja","Tweet","ゆいかおり(小倉 唯＆石原夏織)公式","YUIKAORI_STAFF","","0","430","11","664","0","2017-01-18 10:05:01","https://x.com/YUIKAORI_STAFF/status/821523756300390401","<a href=""http://twitter.com"" rel=""nofollow"">Twitter Web Client</a>","#小倉唯, #HTS","http://www.kingrecords.co.jp/cs/t/t9405/","photo","https://pbs.twimg.com/media/C2ajYbpUAAECGGR.jpg
https://pbs.twimg.com/media/C2ajZsfUcAAtLif.jpg"
"821355115269394432","小倉 唯 公式ブログを更新しました。『あったか麦茶〜☆』
https://t.co/tKWdll5xTf","ja","Tweet","ゆいかおり(小倉 唯＆石原夏織)公式","YUIKAORI_STAFF","","0","201","1","366","0","2017-01-17 22:54:54","https://x.com/YUIKAORI_STAFF/status/821355115269394432","<a href=""http://twitter.com/download/iphone"" rel=""nofollow"">Twitter for iPhone</a>","","http://ameblo.jp/ogurayui-0815/entry-12239094559.html","",""
"820652899659153409","まもなく24:30〜実ラジが放送されますよー♪
#yuikaori #実ラジ","ja","Tweet","ゆいかおり(小倉 唯＆石原夏織)公式","YUIKAORI_STAFF","","1","65","1","156","0","2017-01-16 00:24:32","https://x.com/YUIKAORI_STAFF/status/820652899659153409","<a href=""http://twitter.com/download/iphone"" rel=""nofollow"">Twitter for iPhone</a>","#yuikaori, #実ラジ","","",""
"820643302995148801","小倉 唯 公式ブログを更新しました。『「Starlight Link」〜仙台〜雪！！☆』
https://t.co/UC9mu3PHzZ","ja","Tweet","ゆいかおり(小倉 唯＆石原夏織)公式","YUIKAORI_STAFF","","1","341","10","558","0","2017-01-15 23:46:24","https://x.com/YUIKAORI_STAFF/status/820643302995148801","<a href=""http://twitter.com/download/iphone"" rel=""nofollow"">Twitter for iPhone</a>","","http://ameblo.jp/ogurayui-0815/entry-12238486151.html","",""
"820626309898452992","石原夏織 公式ブログを更新しました。『仙台♡』
https://t.co/OFVjpVLvve","ja","Tweet","ゆいかおり(小倉 唯＆石原夏織)公式","YUIKAORI_STAFF","","0","237","6","411","0","2017-01-15 22:38:53","https://x.com/YUIKAORI_STAFF/status/820626309898452992","<a href=""http://twitter.com/download/iphone"" rel=""nofollow"">Twitter for iPhone</a>","","http://ameblo.jp/ishiharakaori-0806/entry-12238462408.html","",""
"820599913327120384","ライブの感想等は是非ハッシュタグ #YKSL を付けてツイートして下さいねー！！ #yuikaori #YKSL","ja","Tweet","ゆいかおり(小倉 唯＆石原夏織)公式","YUIKAORI_STAFF","","0","98","0","203","0","2017-01-15 20:54:00","https://x.com/YUIKAORI_STAFF/status/820599913327120384","<a href=""http://twitter.com/download/iphone"" rel=""nofollow"">Twitter for iPhone</a>","#YKSL, #yuikaori, #YKSL","","",""
"820599822172311552","仙台公演終演致しました！雪も溶けるような熱さでした！ご来場頂いた皆様ありがとうございました！！！
#yuikaori #YKSL","ja","Tweet","ゆいかおり(小倉 唯＆石原夏織)公式","YUIKAORI_STAFF","","19","271","2","460","0","2017-01-15 20:53:38","https://x.com/YUIKAORI_STAFF/status/820599822172311552","<a href=""http://twitter.com/download/iphone"" rel=""nofollow"">Twitter for iPhone</a>","#yuikaori, #YKSL","","",""
"820509318453673985","こんな雪降る寒い日にはゆいかおりスヌード☆温かいです…みなさん風邪を引かないようお気をつけください！
#yuikaori #YKSL https://t.co/JexyO4u9lm","ja","Tweet","ゆいかおり(小倉 唯＆石原夏織)公式","YUIKAORI_STAFF","","11","469","16","967","1","2017-01-15 14:54:00","https://x.com/YUIKAORI_STAFF/status/820509318453673985","<a href=""http://twitter.com/download/iphone"" rel=""nofollow"">Twitter for iPhone</a>","#yuikaori, #YKSL","","photo","https://pbs.twimg.com/media/C2MI3yXUkAA3HC2.jpg
https://pbs.twimg.com/media/C2MI3yWUkAQrRYa.jpg
https://pbs.twimg.com/media/C2MI3yYVEAEhjUv.jpg"
"820478658087264256","CD•Blu-ray•DVDの会場限定購入特典はこちらです♪♪要チェック！！
#yuikaori #YKSL https://t.co/E5ePe6xzAz","ja","Tweet","ゆいかおり(小倉 唯＆石原夏織)公式","YUIKAORI_STAFF","","0","110","3","289","0","2017-01-15 12:52:10","https://x.com/YUIKAORI_STAFF/status/820478658087264256","<a href=""http://twitter.com/download/iphone"" rel=""nofollow"">Twitter for iPhone</a>","#yuikaori, #YKSL","","photo","https://pbs.twimg.com/media/C2Ls-xcUAAAAzqk.jpg
https://pbs.twimg.com/media/C2Ls-1fUoAELIRk.jpg"
"820478441367572480","ゆいかおりと写真が撮れる！？
本日も2人の等身大パネルが会場にございます！会場入口に用意してますよ〜♪是非ご来場の記念に一緒に写真を撮ってくださいねっ！#yuikaori #YKSL https://t.co/8bg0txqJIG","ja","Tweet","ゆいかおり(小倉 唯＆石原夏織)公式","YUIKAORI_STAFF","","3","239","4","565","1","2017-01-15 12:51:18","https://x.com/YUIKAORI_STAFF/status/820478441367572480","<a href=""http://twitter.com/download/iphone"" rel=""nofollow"">Twitter for iPhone</a>","#yuikaori, #YKSL","","photo","https://pbs.twimg.com/media/C2LsyIzUkAE9M0U.jpg"
"820477844593618945","仙台公演限定のアクリルキーホルダーも是非チェック！https://t.co/KOw7hgJBvk
#yuikaori #YKSL https://t.co/FN6PrPNYlQ","ja","Tweet","ゆいかおり(小倉 唯＆石原夏織)公式","YUIKAORI_STAFF","","3","253","10","426","0","2017-01-15 12:48:56","https://x.com/YUIKAORI_STAFF/status/820477844593618945","<a href=""http://twitter.com/download/iphone"" rel=""nofollow"">Twitter for iPhone</a>","#yuikaori, #YKSL","http://www.yuikaori.info/special/2017/Starlight-Link/index.html","photo","https://pbs.twimg.com/media/C2LsPTiVEAAOEaM.jpg"
"820477523624488961","ゆいかおりLIVE TOUR「Starlight Link」グッズラインナップはこちら！！https://t.co/KOw7hgJBvk
#yuikaori #YKSL https://t.co/4Jet0oBJ2C","ja","Tweet","ゆいかおり(小倉 唯＆石原夏織)公式","YUIKAORI_STAFF","","0","101","6","225","0","2017-01-15 12:47:40","https://x.com/YUIKAORI_STAFF/status/820477523624488961","<a href=""http://itunes.apple.com/us/app/twitter/id409789998?mt=12"" rel=""nofollow"">Twitter for Mac</a>","#yuikaori, #YKSL","http://www.yuikaori.info/special/2017/Starlight-Link/index.html","photo","https://pbs.twimg.com/media/C2Lr9SfVIAIy-NH.jpg
https://pbs.twimg.com/media/C2Lr9JvVEAIxTeP.jpg
https://pbs.twimg.com/media/C2Lr9GBUUAAcbZH.jpg
https://pbs.twimg.com/media/C2Lr9HcUAAI1jGU.jpg"
"820474522377732098","本日はゆいかおり初の仙台公演！雪が少し残っていますが、一緒に熱いライブにしていきましょう！よろしくお願いします！#yuikaori  #YKSL https://t.co/1izVKw742E","ja","Tweet","ゆいかおり(小倉 唯＆石原夏織)公式","YUIKAORI_STAFF","","7","332","4","525","0","2017-01-15 12:35:44","https://x.com/YUIKAORI_STAFF/status/820474522377732098","<a href=""http://twitter.com/download/iphone"" rel=""nofollow"">Twitter for iPhone</a>","#yuikaori, #YKSL","","photo","https://pbs.twimg.com/media/C2LpN36UcAAlAEH.jpg"
"820447684322467840","石原夏織 公式ブログを更新しました。『おはようございます！』
https://t.co/YrfJBHnpVE","ja","Tweet","ゆいかおり(小倉 唯＆石原夏織)公式","YUIKAORI_STAFF","","2","186","0","365","0","2017-01-15 10:49:05","https://x.com/YUIKAORI_STAFF/status/820447684322467840","<a href=""http://twitter.com/download/iphone"" rel=""nofollow"">Twitter for iPhone</a>","","http://ameblo.jp/ishiharakaori-0806/entry-12238252401.html","",""
"820292524145156100","小倉 唯 公式ブログを更新しました。 『明日( ´ ▽ ` )ﾉ☆』  
https://t.co/4LNpHbQQkf","ja","Tweet","ゆいかおり(小倉 唯＆石原夏織)公式","YUIKAORI_STAFF","","2","242","1","453","0","2017-01-15 00:32:32","https://x.com/YUIKAORI_STAFF/status/820292524145156100","<a href=""https://mobile.twitter.com"" rel=""nofollow"">Twitter Web App</a>","","http://ameblo.jp/ogurayui-0815/entry-12238171725.html","",""
"820172040866934784","石原夏織 公式ブログを更新しました。 『ありがとう！』  
https://t.co/feVrDOw2Ew","ja","Tweet","ゆいかおり(小倉 唯＆石原夏織)公式","YUIKAORI_STAFF","","0","198","3","390","0","2017-01-14 16:33:47","https://x.com/YUIKAORI_STAFF/status/820172040866934784","<a href=""https://mobile.twitter.com"" rel=""nofollow"">Twitter Web App</a>","","http://ameblo.jp/ishiharakaori-0806/entry-12238027619.html","",""
"819851502596390912","石原夏織 公式ブログを更新しました。『明日は』
https://t.co/mRo8GVuiYZ","ja","Tweet","ゆいかおり(小倉 唯＆石原夏織)公式","YUIKAORI_STAFF","","0","146","1","304","0","2017-01-13 19:20:04","https://x.com/YUIKAORI_STAFF/status/819851502596390912","<a href=""http://twitter.com/download/iphone"" rel=""nofollow"">Twitter for iPhone</a>","","http://ameblo.jp/ishiharakaori-0806/entry-12237770336.html","",""
"819716689205964800","7/10幕張メッセ公演を完全収録！更に地元群馬での千秋楽公演より「いつだってCall Me!(Summer Time ver.)」「Sing-a-ling-a-Harmony」に加え、メイキング映像もたっぷり収録！https://t.co/rKuxBX37lB
#小倉唯 #HTS https://t.co/h8d7yqx3k4","ja","Tweet","ゆいかおり(小倉 唯＆石原夏織)公式","YUIKAORI_STAFF","","2","403","10","679","0","2017-01-13 10:24:22","https://x.com/YUIKAORI_STAFF/status/819716689205964800","<a href=""http://twitter.com"" rel=""nofollow"">Twitter Web Client</a>","#小倉唯, #HTS","http://www.ogurayui.jp/discography/","photo","https://pbs.twimg.com/media/C2A2nESUkAEgBPg.jpg
https://pbs.twimg.com/media/C2A2oAQUAAAukFE.jpg"
"819711875403288577","2/8発売！小倉 唯LIVE「High-Touch☆Summer」のジャケット写真公開！！ HPもリニューアルしましたよ♪https://t.co/A8Zc0D9OdV
#小倉唯 #HTS https://t.co/wwgH9ESsdX","ja","Tweet","ゆいかおり(小倉 唯＆石原夏織)公式","YUIKAORI_STAFF","","6","577","16","918","0","2017-01-13 10:05:15","https://x.com/YUIKAORI_STAFF/status/819711875403288577","<a href=""http://twitter.com/download/iphone"" rel=""nofollow"">Twitter for iPhone</a>","#小倉唯, #HTS","http://www.ogurayui.jp","photo","https://pbs.twimg.com/media/C2AzmbaUQAAti4H.jpg
https://pbs.twimg.com/media/C2AzmbfUUAASVh3.jpg"
"819484775228444672","≪ゆいかおり・小倉唯：公式サイト更新≫
ゆいかおりLIVE TOUR「Starlight Link」supported by JOYSOUND宮城公演、当日券販売決定！！ https://t.co/agJjJAFMcu
#yuikaori #YKSL","ja","Tweet","ゆいかおり(小倉 唯＆石原夏織)公式","YUIKAORI_STAFF","","0","120","1","200","0","2017-01-12 19:02:50","https://x.com/YUIKAORI_STAFF/status/819484775228444672","<a href=""http://twitter.com"" rel=""nofollow"">Twitter Web Client</a>","#yuikaori, #YKSL","http://www.yuikaori.info/info/1985/","",""
"819198630800175104","小倉 唯 公式ブログを更新しました。『連載スタート☆』
https://t.co/SGgQm6pb1S","ja","Tweet","ゆいかおり(小倉 唯＆石原夏織)公式","YUIKAORI_STAFF","","0","256","4","492","0","2017-01-12 00:05:48","https://x.com/YUIKAORI_STAFF/status/819198630800175104","<a href=""http://twitter.com/download/iphone"" rel=""nofollow"">Twitter for iPhone</a>","","http://ameblo.jp/ogurayui-0815/entry-12237253276.html","",""
"819161122800443393","石原夏織 公式ブログを更新しました。『小林さんちのメイドラゴン』
https://t.co/Fi9kyXiSCU","ja","Tweet","ゆいかおり(小倉 唯＆石原夏織)公式","YUIKAORI_STAFF","","0","155","1","288","0","2017-01-11 21:36:45","https://x.com/YUIKAORI_STAFF/status/819161122800443393","<a href=""http://twitter.com/download/iphone"" rel=""nofollow"">Twitter for iPhone</a>","","http://ameblo.jp/ishiharakaori-0806/entry-12237199499.html","",""
"818855460291756032","石原夏織 公式ブログを更新しました。 『コラボレーション！！』  
https://t.co/sf4eEKfH1f","ja","Tweet","ゆいかおり(小倉 唯＆石原夏織)公式","YUIKAORI_STAFF","","0","138","0","297","0","2017-01-11 01:22:09","https://x.com/YUIKAORI_STAFF/status/818855460291756032","<a href=""https://mobile.twitter.com"" rel=""nofollow"">Twitter Web App</a>","","http://ameblo.jp/ishiharakaori-0806/entry-12236961239.html","",""
"818692648965767169","ゆいかおり×JOYSOUNDのコラボ企画がスタート！！第一弾として「ゆいかおりくじ 」が、1月10日より販売スタートしました！詳しくはPC・スマートフォンから下記ページにアクセス！https://t.co/7JrdptEL90
#yuikaori https://t.co/qyCZ31CRXm","ja","Tweet","ゆいかおり(小倉 唯＆石原夏織)公式","YUIKAORI_STAFF","","0","553","27","711","0","2017-01-10 14:35:12","https://x.com/YUIKAORI_STAFF/status/818692648965767169","<a href=""http://twitter.com/download/iphone"" rel=""nofollow"">Twitter for iPhone</a>","#yuikaori","http://compkuji.jp/campaign/yuikaori/","photo","https://pbs.twimg.com/media/C1yUntMUsAEXhtJ.jpg"
"818685309546156034","≪ゆいかおり・小倉唯：公式サイト更新≫
ゆいかおりくじ発売開始！！ https://t.co/RxCUPWzN2I
#yuikaori","ja","Tweet","ゆいかおり(小倉 唯＆石原夏織)公式","YUIKAORI_STAFF","","0","324","14","397","0","2017-01-10 14:06:02","https://x.com/YUIKAORI_STAFF/status/818685309546156034","<a href=""http://twitter.com"" rel=""nofollow"">Twitter Web Client</a>","#yuikaori","http://www.yuikaori.info/info/1983/","",""
"818472832812208128","小倉 唯 公式ブログを更新しました。『「Starlight Link」〜名古屋〜☆』
https://t.co/ko5m6M4D0U","ja","Tweet","ゆいかおり(小倉 唯＆石原夏織)公式","YUIKAORI_STAFF","","0","382","2","594","0","2017-01-10 00:01:44","https://x.com/YUIKAORI_STAFF/status/818472832812208128","<a href=""http://twitter.com/download/iphone"" rel=""nofollow"">Twitter for iPhone</a>","","http://ameblo.jp/ogurayui-0815/entry-12236637587.html","",""
"818446755456905219","石原夏織 公式ブログを更新しました。『ありがとう❤︎』
https://t.co/K9phKPzwsy","ja","Tweet","ゆいかおり(小倉 唯＆石原夏織)公式","YUIKAORI_STAFF","","2","298","2","468","0","2017-01-09 22:18:07","https://x.com/YUIKAORI_STAFF/status/818446755456905219","<a href=""http://twitter.com/download/iphone"" rel=""nofollow"">Twitter for iPhone</a>","","http://ameblo.jp/ishiharakaori-0806/entry-12236597742.html","",""
"818428765000769536","愛知公演無事終演致しました！みなさんとリンク出来た最高のライブでした♪
ご来場頂いた皆様ありがとうございました！！！
#yuikaori #YKSL","ja","Tweet","ゆいかおり(小倉 唯＆石原夏織)公式","YUIKAORI_STAFF","","28","428","1","675","0","2017-01-09 21:06:37","https://x.com/YUIKAORI_STAFF/status/818428765000769536","<a href=""http://twitter.com/download/iphone"" rel=""nofollow"">Twitter for iPhone</a>","#yuikaori, #YKSL","","",""
"818369680473587712","ゆいかおり等身大パネルですがグッズ販売コーナー奥に移動しております！！是非開演前にお越し下さいね♪ 
#yuikaori #YKSL","ja","Tweet","ゆいかおり(小倉 唯＆石原夏織)公式","YUIKAORI_STAFF","","0","81","0","191","0","2017-01-09 17:11:51","https://x.com/YUIKAORI_STAFF/status/818369680473587712","<a href=""http://twitter.com/download/iphone"" rel=""nofollow"">Twitter for iPhone</a>","#yuikaori, #YKSL","","",""
"818299884558110720","ライブの感想等は是非ハッシュタグ #YKSL を付けてツイートして下さいねー！！ #yuikaori #YKSL","ja","Tweet","ゆいかおり(小倉 唯＆石原夏織)公式","YUIKAORI_STAFF","","1","134","0","238","0","2017-01-09 12:34:30","https://x.com/YUIKAORI_STAFF/status/818299884558110720","<a href=""http://twitter.com/download/iphone"" rel=""nofollow"">Twitter for iPhone</a>","#YKSL, #yuikaori, #YKSL","","",""
"818299589119774720","CD•Blu-ray•DVDの会場限定購入特典はこちらです♪♪
#yuikaori #YKSL https://t.co/5jVTLeIuIq","ja","Tweet","ゆいかおり(小倉 唯＆石原夏織)公式","YUIKAORI_STAFF","","0","168","3","307","0","2017-01-09 12:33:19","https://x.com/YUIKAORI_STAFF/status/818299589119774720","<a href=""http://twitter.com/download/iphone"" rel=""nofollow"">Twitter for iPhone</a>","#yuikaori, #YKSL","","photo","https://pbs.twimg.com/media/C1svH5BUoAAxQfO.jpg"
"818299193194221569","グッズラインナップはこちら！！ 愛知公演限定のアクリルキーホルダーも是非チェックして下さいね！https://t.co/KOw7hgJBvk 
#yuikaori #YKSL https://t.co/kjDdLND7bt","ja","Tweet","ゆいかおり(小倉 唯＆石原夏織)公式","YUIKAORI_STAFF","","0","164","4","306","0","2017-01-09 12:31:45","https://x.com/YUIKAORI_STAFF/status/818299193194221569","<a href=""http://twitter.com/download/iphone"" rel=""nofollow"">Twitter for iPhone</a>","#yuikaori, #YKSL","http://www.yuikaori.info/special/2017/Starlight-Link/index.html","photo","https://pbs.twimg.com/media/C1suwvRUQAAZLOH.jpg
https://pbs.twimg.com/media/C1suw0pVEAAIS8h.jpg
https://pbs.twimg.com/media/C1suw9BVQAAYHGV.jpg"
"818292261838417920","ゆいかおりと写真が撮れる！？
なんと2人の等身大パネルが会場にっ！！グッズ売り場出口 横に用意してますよ〜♪2人からの直筆メッセージもありますので是非お立ち寄り下さいね！！ #yuikaori #YKSL https://t.co/oOG1NsGCRG","ja","Tweet","ゆいかおり(小倉 唯＆石原夏織)公式","YUIKAORI_STAFF","","6","488","11","971","0","2017-01-09 12:04:13","https://x.com/YUIKAORI_STAFF/status/818292261838417920","<a href=""http://twitter.com/download/iphone"" rel=""nofollow"">Twitter for iPhone</a>","#yuikaori, #YKSL","","photo","https://pbs.twimg.com/media/C1sodkJVQAAIlNC.jpg"
"818290837318615040","やってきました愛知！本日はゆいかおりライブツアー「Starlight Link」初日公演です！！！よろしくお願いしますー！！
#yuikaori  #YKSL https://t.co/FlhnXCO0jB","ja","Tweet","ゆいかおり(小倉 唯＆石原夏織)公式","YUIKAORI_STAFF","","3","352","5","588","0","2017-01-09 11:58:33","https://x.com/YUIKAORI_STAFF/status/818290837318615040","<a href=""http://twitter.com/download/iphone"" rel=""nofollow"">Twitter for iPhone</a>","#yuikaori, #YKSL","","photo","https://pbs.twimg.com/media/C1snK_HUcAA-nry.jpg"
"818268910482964481","石原夏織 公式ブログを更新しました。『1月9日❤︎』
https://t.co/n2JeSpaQS1","ja","Tweet","ゆいかおり(小倉 唯＆石原夏織)公式","YUIKAORI_STAFF","","0","168","0","321","0","2017-01-09 10:31:25","https://x.com/YUIKAORI_STAFF/status/818268910482964481","<a href=""http://twitter.com/download/iphone"" rel=""nofollow"">Twitter for iPhone</a>","","http://ameblo.jp/ishiharakaori-0806/entry-12236391944.html","",""
"818125640511561729","いよいよ！ゆいかおりライブツアー「Starlight Link」が始まります！！
一緒に楽しい時間を過ごしましょうね！！！
https://t.co/KOw7hgJBvk
#yuikaori #実ラジ #YKSL https://t.co/YlMe0kmoqm","ja","Tweet","ゆいかおり(小倉 唯＆石原夏織)公式","YUIKAORI_STAFF","","0","380","3","684","3","2017-01-09 01:02:07","https://x.com/YUIKAORI_STAFF/status/818125640511561729","<a href=""http://twitter.com/download/iphone"" rel=""nofollow"">Twitter for iPhone</a>","#yuikaori, #実ラジ, #YKSL","http://www.yuikaori.info/special/2017/Starlight-Link/index.html","video","https://video.twimg.com/ext_tw_video/818125407471865856/pu/vid/640x360/J-LLJLpAJ2UMzFrC.mp4"
"818121936202891266","「B Ambitious!」フルver.初O.A！！ライブで盛り上がりそうですねー♪
https://t.co/58uSjiqauL
#yuikaori #実ラジ #アキバニ","ja","Tweet","ゆいかおり(小倉 唯＆石原夏織)公式","YUIKAORI_STAFF","","6","271","12","420","0","2017-01-09 00:47:24","https://x.com/YUIKAORI_STAFF/status/818121936202891266","<a href=""http://twitter.com/download/iphone"" rel=""nofollow"">Twitter for iPhone</a>","#yuikaori, #実ラジ, #アキバニ","https://www.youtube.com/watch?v=oaYoiHRVJUc","",""
"818117518468386817","小倉 唯 公式ブログを更新しました。『いよいよ始まります〜☆』
https://t.co/gTI5KgPYz1","ja","Tweet","ゆいかおり(小倉 唯＆石原夏織)公式","YUIKAORI_STAFF","","0","255","4","451","0","2017-01-09 00:29:50","https://x.com/YUIKAORI_STAFF/status/818117518468386817","<a href=""https://mobile.twitter.com"" rel=""nofollow"">Twitter Web App</a>","","http://ameblo.jp/ogurayui-0815/entry-12236321436.html","",""
"818106933886394369","この後24:30〜実ラジが放送されますよー♪新曲「B Ambitious!」をフルver.でO.Aしちゃいます♪
是非聴いてくださいねーー！！
https://t.co/58uSjiqauL
#yuikaori #実ラジ #アキバニ","ja","Tweet","ゆいかおり(小倉 唯＆石原夏織)公式","YUIKAORI_STAFF","","0","151","1","246","0","2017-01-08 23:47:47","https://x.com/YUIKAORI_STAFF/status/818106933886394369","<a href=""http://twitter.com/download/iphone"" rel=""nofollow"">Twitter for iPhone</a>","#yuikaori, #実ラジ, #アキバニ","https://www.youtube.com/watch?v=oaYoiHRVJUc","",""
"817953803810967555","石原夏織 公式ブログを更新しました。 『ついに明日☆』  
https://t.co/OvDUXyFFpo","ja","Tweet","ゆいかおり(小倉 唯＆石原夏織)公式","YUIKAORI_STAFF","","0","182","2","296","0","2017-01-08 13:39:18","https://x.com/YUIKAORI_STAFF/status/817953803810967555","<a href=""https://mobile.twitter.com"" rel=""nofollow"">Twitter Web App</a>","","http://ameblo.jp/ishiharakaori-0806/entry-12236131475.html","",""
"817264529696358400","石原夏織 公式ブログを更新しました。 『ステキ☆』 
https://t.co/XJk2E4Q3Bf","ja","Tweet","ゆいかおり(小倉 唯＆石原夏織)公式","YUIKAORI_STAFF","","0","118","1","278","0","2017-01-06 16:00:22","https://x.com/YUIKAORI_STAFF/status/817264529696358400","<a href=""https://ameblo.jp/"" rel=""nofollow"">Ameba_Blog</a>","","http://ameblo.jp/ishiharakaori-0806/entry-12235265949.html","",""
"817024598013157377","小倉 唯 公式ブログを更新しました。『AKIBA'S TRIP☆』
https://t.co/7C0JyJhWoq","ja","Tweet","ゆいかおり(小倉 唯＆石原夏織)公式","YUIKAORI_STAFF","","1","241","3","510","0","2017-01-06 00:06:58","https://x.com/YUIKAORI_STAFF/status/817024598013157377","<a href=""http://twitter.com/download/iphone"" rel=""nofollow"">Twitter for iPhone</a>","","http://ameblo.jp/ogurayui-0815/entry-12235380473.html","",""
"816898603583094784","≪ゆいかおり公式サイト更新≫
石原夏織 BS11「アニゲー☆イレブン！」に出演！ https://t.co/Ndi8N0TC46
#石原夏織","ja","Tweet","ゆいかおり(小倉 唯＆石原夏織)公式","YUIKAORI_STAFF","","1","139","2","230","0","2017-01-05 15:46:18","https://x.com/YUIKAORI_STAFF/status/816898603583094784","<a href=""http://twitter.com"" rel=""nofollow"">Twitter Web Client</a>","#石原夏織","http://www.yuikaori.info/info/1981/","",""
"816890162567204864","石原夏織 公式ブログを更新しました。 『2017年とお知らせ❤︎』 
https://t.co/cUoCMLo4Mo","ja","Tweet","ゆいかおり(小倉 唯＆石原夏織)公式","YUIKAORI_STAFF","","0","161","1","337","0","2017-01-05 15:12:46","https://x.com/YUIKAORI_STAFF/status/816890162567204864","<a href=""https://ameblo.jp/"" rel=""nofollow"">Ameba_Blog</a>","","http://ameblo.jp/ishiharakaori-0806/entry-12235215217.html","",""
"816827349698125824","更にっ!!今週の実ラジで「B Ambitious!」をフル尺でO.Aしちゃいますよ♪お聴き逃しなくっ！https://t.co/58uSjiqauL
#yuikaori #アキバニ","ja","Tweet","ゆいかおり(小倉 唯＆石原夏織)公式","YUIKAORI_STAFF","","1","210","2","320","0","2017-01-05 11:03:10","https://x.com/YUIKAORI_STAFF/status/816827349698125824","<a href=""http://twitter.com"" rel=""nofollow"">Twitter Web Client</a>","#yuikaori, #アキバニ","https://www.youtube.com/watch?v=oaYoiHRVJUc","",""
"816827296174641152","ゆいかおりの新曲「B Ambitious!」は、3/22発売TVアニメ
「AKIBA'S TRIP」のEDコンピレーションアルバム「AKIBA'S COLLECTION」に収録されます！！！https://t.co/ovZRdBZ2fS　#yuikaori #アキバニ","ja","Tweet","ゆいかおり(小倉 唯＆石原夏織)公式","YUIKAORI_STAFF","","1","218","0","275","0","2017-01-05 11:02:57","https://x.com/YUIKAORI_STAFF/status/816827296174641152","<a href=""http://twitter.com"" rel=""nofollow"">Twitter Web Client</a>","#yuikaori, #アキバニ","http://akibas-collection.com/","",""
"816663101835620357","アメブロを更新しました。 『お正月とグッズたち〜☆』 
⇒https://t.co/61rNAdVXhF","ja","Tweet","ゆいかおり(小倉 唯＆石原夏織)公式","YUIKAORI_STAFF","","0","237","3","460","0","2017-01-05 00:10:31","https://x.com/YUIKAORI_STAFF/status/816663101835620357","<a href=""https://mobile.twitter.com"" rel=""nofollow"">Twitter Web App</a>","","http://ameblo.jp/ogurayui-0815/entry-12235059845.html","",""
"816648729142824961","この後23:30〜ゆいかおりがEDプロジェクトに参加した『AKIBA'S TRIP』がTOKYO MXにて放送開始！！
ゆいかおりの新曲が何話のエンディングで流れるのかは放送を見てのお楽しみですよ♪https://t.co/2TR2y0FzrH  #yuikaori #アキバニ","ja","Tweet","ゆいかおり(小倉 唯＆石原夏織)公式","YUIKAORI_STAFF","","2","164","5","284","0","2017-01-04 23:13:24","https://x.com/YUIKAORI_STAFF/status/816648729142824961","<a href=""http://twitter.com/download/iphone"" rel=""nofollow"">Twitter for iPhone</a>","#yuikaori, #アキバニ","http://akibastrip-anime.com/","",""
"815581580441763841","新年1発目の「ゆいかおりの実♪」始まりましたよーー！！！ #yuikaori #実ラジ","ja","Tweet","ゆいかおり(小倉 唯＆石原夏織)公式","YUIKAORI_STAFF","","0","76","0","206","0","2017-01-02 00:32:56","https://x.com/YUIKAORI_STAFF/status/815581580441763841","<a href=""http://twitter.com/download/iphone"" rel=""nofollow"">Twitter for iPhone</a>","#yuikaori, #実ラジ","","",""
"815572882105384963","ゆいかおりライブツアー「Starlight Link」のチケットも残すところ2/11(土)代々木第一体育館公演のみです！！ご購入はお早めにっ！！https://t.co/Y6M6cT8Xhs #yuikaori #YKSL https://t.co/NKUY0GIoqa","ja","Tweet","ゆいかおり(小倉 唯＆石原夏織)公式","YUIKAORI_STAFF","","2","294","2","666","1","2017-01-01 23:58:22","https://x.com/YUIKAORI_STAFF/status/815572882105384963","<a href=""http://twitter.com/download/iphone"" rel=""nofollow"">Twitter for iPhone</a>","#yuikaori, #YKSL","http://www.yuikaori.info/team_yuikaori/ticket.html","video","https://video.twimg.com/ext_tw_video/815572634960171008/pu/vid/640x360/DOy9z-5HaNOrxoPF.mp4"
"815571094811787264","あけましておめでとうございます🎉
2017年のゆいかおりも宜しくお願い致します！！実はゆいかおり・小倉唯HPもお正月仕様に♪そしてこのあと24時半〜は新年1発目の実ラジ始まりますよ〜！https://t.co/Z7hpcuQ8Nj #yuikaori #happynewyear","ja","Tweet","ゆいかおり(小倉 唯＆石原夏織)公式","YUIKAORI_STAFF","","18","239","2","582","0","2017-01-01 23:51:16","https://x.com/YUIKAORI_STAFF/status/815571094811787264","<a href=""http://twitter.com/download/iphone"" rel=""nofollow"">Twitter for iPhone</a>","#yuikaori, #happynewyear","http://www.yuikaori.info/","",""
"815562896729964544","アメブロを更新しました。 『2017年☆』 
⇒https://t.co/h2pPwjbwRI","ja","Tweet","ゆいかおり(小倉 唯＆石原夏織)公式","YUIKAORI_STAFF","","0","323","3","607","0","2017-01-01 23:18:41","https://x.com/YUIKAORI_STAFF/status/815562896729964544","<a href=""http://twitter.com/download/iphone"" rel=""nofollow"">Twitter for iPhone</a>","","http://ameblo.jp/ogurayui-0815/entry-12234122049.html","",""
"815201496002244611","アメブロを更新しました。 『2016年。』 
⇒https://t.co/lisH8Z06DJ","ja","Tweet","ゆいかおり(小倉 唯＆石原夏織)公式","YUIKAORI_STAFF","","1","326","5","585","0","2016-12-31 23:22:37","https://x.com/YUIKAORI_STAFF/status/815201496002244611","<a href=""https://mobile.twitter.com"" rel=""nofollow"">Twitter Web App</a>","","http://ameblo.jp/ogurayui-0815/entry-12233784527.html","",""
"815166296367120384","アメブロを更新しました。 『12月31日❤︎』 
⇒https://t.co/6WguJ8ttLr","ja","Tweet","ゆいかおり(小倉 唯＆石原夏織)公式","YUIKAORI_STAFF","","0","202","3","430","0","2016-12-31 21:02:44","https://x.com/YUIKAORI_STAFF/status/815166296367120384","<a href=""https://mobile.twitter.com"" rel=""nofollow"">Twitter Web App</a>","","http://ameblo.jp/ishiharakaori-0806/entry-12233711507.html","",""
"814683317039550464","アメブロを更新しました。 『台湾3日目❤︎』 
⇒https://t.co/1ocreTPSAK","ja","Tweet","ゆいかおり(小倉 唯＆石原夏織)公式","YUIKAORI_STAFF","","0","107","0","244","0","2016-12-30 13:03:33","https://x.com/YUIKAORI_STAFF/status/814683317039550464","<a href=""http://twitter.com/download/iphone"" rel=""nofollow"">Twitter for iPhone</a>","","http://ameblo.jp/ishiharakaori-0806/entry-12233257566.html","",""
"814491238543962112","アメブロを更新しました。 『年末☆』 
⇒https://t.co/QkQCet3uf0","ja","Tweet","ゆいかおり(小倉 唯＆石原夏織)公式","YUIKAORI_STAFF","","0","216","2","414","0","2016-12-30 00:20:18","https://x.com/YUIKAORI_STAFF/status/814491238543962112","<a href=""https://mobile.twitter.com"" rel=""nofollow"">Twitter Web App</a>","","http://ameblo.jp/ogurayui-0815/entry-12233152163.html","",""
"814342693434380292","ゆいかおりLIVE TOUR「Starlight Link」グッズのご紹介、いかがでしたでしょうか？☆
他にもパンフレットやポスター、カレンダーなど、グッズは盛沢山♡
続きはぜひ会場で！！
#yuikaori #YKSL
https://t.co/KOw7hh1cTU https://t.co/gYjXdN4yJN","ja","Tweet","ゆいかおり(小倉 唯＆石原夏織)公式","YUIKAORI_STAFF","","2","267","7","667","0","2016-12-29 14:30:02","https://x.com/YUIKAORI_STAFF/status/814342693434380292","<a href=""http://twitter.com/download/iphone"" rel=""nofollow"">Twitter for iPhone</a>","#yuikaori, #YKSL","http://www.yuikaori.info/special/2017/Starlight-Link/index.html","photo","https://pbs.twimg.com/media/C00gV_XWIAAkjux.jpg"
"814340272440098816","ゆいかおりの2人がキュートなキャラクターになった会場限定アクリルキーホルダー！会場ごとにデザインがちがうので、ライブの最高の思い出に☆裏には日付と会場名入り。こちらは名古屋公演のデザインです！その他の公演は、会場でのお楽しみです♡
https://t.co/KOw7hh1cTU https://t.co/dHkeCiRv0l","ja","Tweet","ゆいかおり(小倉 唯＆石原夏織)公式","YUIKAORI_STAFF","","2","159","5","338","1","2016-12-29 14:20:25","https://x.com/YUIKAORI_STAFF/status/814340272440098816","<a href=""http://twitter.com"" rel=""nofollow"">Twitter Web Client</a>","","http://www.yuikaori.info/special/2017/Starlight-Link/index.html","photo","https://pbs.twimg.com/media/C00eEpVXgAAV_e3.jpg
https://pbs.twimg.com/media/C00eHwkXcAAQ_FD.jpg"
"814339945737449472","シンプルながらもこだわりが光るこちらの「Starlight☆ミラー」！小さすぎず大きすぎないサイズが使いやすくて◎！バッグやポーチに入れて持ち運ぶにもちょうどいいです♪今回のツアーならではのアイテム♡#yuikaori #YKSL
https://t.co/KOw7hh1cTU https://t.co/gE6f4cSoRe","ja","Tweet","ゆいかおり(小倉 唯＆石原夏織)公式","YUIKAORI_STAFF","","0","102","1","256","0","2016-12-29 14:19:07","https://x.com/YUIKAORI_STAFF/status/814339945737449472","<a href=""http://twitter.com"" rel=""nofollow"">Twitter Web Client</a>","#yuikaori, #YKSL","http://www.yuikaori.info/special/2017/Starlight-Link/index.html","photo","https://pbs.twimg.com/media/C00dx00XEAEyVBW.jpg
https://pbs.twimg.com/media/C00d0EUWQAAY4mL.jpg"
"814339586528833537","「YUI MUG」「KAORI MUG」1つでももちろんキュートですが、2つを“Link”させることでかわいさも倍増♡まさに「ゆいかおり」のようなアイテムになっています！！
#yuikaori #YKSL
https://t.co/KOw7hh1cTU https://t.co/wP8I6eWBSV","ja","Tweet","ゆいかおり(小倉 唯＆石原夏織)公式","YUIKAORI_STAFF","","1","123","3","282","0","2016-12-29 14:17:41","https://x.com/YUIKAORI_STAFF/status/814339586528833537","<a href=""http://twitter.com"" rel=""nofollow"">Twitter Web Client</a>","#yuikaori, #YKSL","http://www.yuikaori.info/special/2017/Starlight-Link/index.html","photo","https://pbs.twimg.com/media/C00dbDBWIAA_aS3.jpg
https://pbs.twimg.com/media/C00debUXEAEAYKT.jpg"
"814339282483744768","かおりちゃんプロデュースアイテム！「KAORI MUG」♪
かおりちゃんがデザインしてくれたのは、つぶらな瞳でこちらを見つめるキュートなぶたさん♡底面にもいます！ふわふわ浮かぶ雲のような文字もポイント♡#yuikaori #YKSL
https://t.co/KOw7hh1cTU https://t.co/kpqWq7efJa","ja","Tweet","ゆいかおり(小倉 唯＆石原夏織)公式","YUIKAORI_STAFF","","0","227","2","552","1","2016-12-29 14:16:29","https://x.com/YUIKAORI_STAFF/status/814339282483744768","<a href=""http://twitter.com"" rel=""nofollow"">Twitter Web Client</a>","#yuikaori, #YKSL","http://www.yuikaori.info/special/2017/Starlight-Link/index.html","photo","https://pbs.twimg.com/media/C00dIeEW8AAz8J7.jpg
https://pbs.twimg.com/media/C00dMFKXUAAbjVY.jpg
https://pbs.twimg.com/media/C00dMzrWQAEJz4t.jpg"
"814338817318592512","ゆいちゃんプロデュースアイテム！その名も「YUI MUG」♪
ゆいちゃんがデザインしてくれたのは、カワウソくん。とポップでキュートな星たち☆です！色合いにもこだわって出来上がったマグカップです！底面には愛犬コナンくんが…♡#YKSL
https://t.co/KOw7hh1cTU https://t.co/kHUPaOklyc","ja","Tweet","ゆいかおり(小倉 唯＆石原夏織)公式","YUIKAORI_STAFF","","1","312","5","695","0","2016-12-29 14:14:38","https://x.com/YUIKAORI_STAFF/status/814338817318592512","<a href=""http://twitter.com"" rel=""nofollow"">Twitter Web Client</a>","#YKSL","http://www.yuikaori.info/special/2017/Starlight-Link/index.html","photo","https://pbs.twimg.com/media/C00cu-UWgAE56hp.jpg
https://pbs.twimg.com/media/C00cvzeWEAEUA5v.jpg
https://pbs.twimg.com/media/C00cwmLW8AAQ8B3.jpg"
"814338446215053313","次はリュック！背中部分にクッションが入っており、作りがとてもしっかりしています！外面のラメプリント、ジッパーのゆいかおりカラー、中面のパープルの夜空デザイン…などデザイン性も機能性も抜群のアイテム！A4もすっぽり入ります☆#YKSL
https://t.co/KOw7hh1cTU https://t.co/5mGqHmyR0S","ja","Tweet","ゆいかおり(小倉 唯＆石原夏織)公式","YUIKAORI_STAFF","","3","330","10","737","1","2016-12-29 14:13:09","https://x.com/YUIKAORI_STAFF/status/814338446215053313","<a href=""http://twitter.com"" rel=""nofollow"">Twitter Web Client</a>","#YKSL","http://www.yuikaori.info/special/2017/Starlight-Link/index.html","photo","https://pbs.twimg.com/media/C00caCJXUAQiaoU.jpg
https://pbs.twimg.com/media/C00ccMTWEAAkC-1.jpg
https://pbs.twimg.com/media/C00cd_AWEAA0ZVY.jpg"
"814338003187494912","トレンドアイテムのスヌードがグッズで登場！冬らしいカラーが日常でも使いやすいこちらのスヌード、とっても温かいんです♪ワインレッドとネイビーのバイカラーがとってもおしゃれ☆タグにはツアーロゴが入ってます！#yuikaori #YKSL
https://t.co/KOw7hh1cTU https://t.co/8EXMHJOYcT","ja","Tweet","ゆいかおり(小倉 唯＆石原夏織)公式","YUIKAORI_STAFF","","3","332","11","698","1","2016-12-29 14:11:24","https://x.com/YUIKAORI_STAFF/status/814338003187494912","<a href=""http://twitter.com"" rel=""nofollow"">Twitter Web Client</a>","#yuikaori, #YKSL","http://www.yuikaori.info/special/2017/Starlight-Link/index.html","photo","https://pbs.twimg.com/media/C00cAE2WgAAaQW7.jpg
https://pbs.twimg.com/media/C00cB4CXAAEg-HI.jpg
https://pbs.twimg.com/media/C00cDcqXAAEVmpS.jpg"
"814337731950247936","お待たせいたしました！昨日に引き続き、本日も！ゆいかおりLIVE TOUR「Starlight Link」のグッズをご紹介して参ります♡それでは、スタート！#yuikaori #YKSL
https://t.co/KOw7hh1cTU","ja","Tweet","ゆいかおり(小倉 唯＆石原夏織)公式","YUIKAORI_STAFF","","0","75","0","172","0","2016-12-29 14:10:19","https://x.com/YUIKAORI_STAFF/status/814337731950247936","<a href=""http://twitter.com"" rel=""nofollow"">Twitter Web Client</a>","#yuikaori, #YKSL","http://www.yuikaori.info/special/2017/Starlight-Link/index.html","",""
"814308448754024448","アメブロを更新しました。 『台湾2日目 後半戦❤︎』 
⇒https://t.co/SwMa0CaB3t","ja","Tweet","ゆいかおり(小倉 唯＆石原夏織)公式","YUIKAORI_STAFF","","0","104","0","224","0","2016-12-29 12:13:57","https://x.com/YUIKAORI_STAFF/status/814308448754024448","<a href=""https://mobile.twitter.com"" rel=""nofollow"">Twitter Web App</a>","","http://ameblo.jp/ishiharakaori-0806/entry-12232965713.html","",""
"813990656016203777","本日はここまでっ☆
明日も素敵なグッズをどんどんご紹介していきますよ！お楽しみに～♡

ゆいかおりLIVE TOUR「Starlight Link」グッズの詳細はコチラ！！⇒https://t.co/KOw7hgJBvk
#yuikaori #YKSL","ja","Tweet","ゆいかおり(小倉 唯＆石原夏織)公式","YUIKAORI_STAFF","","1","83","0","212","0","2016-12-28 15:11:10","https://x.com/YUIKAORI_STAFF/status/813990656016203777","<a href=""http://twitter.com"" rel=""nofollow"">Twitter Web Client</a>","#yuikaori, #YKSL","http://www.yuikaori.info/special/2017/Starlight-Link/index.html","",""
"813990004963717121","大切なチケットを守る為！そう、必要です。チケットホルダー！
収納力抜群なのがポイント！表・裏のポケットに加え、中面にもマチがあり、今回のペンライトやペットボトルを入れられます！ストラップをのばせば肩掛けにも♪#yuikaori
https://t.co/KOw7hgJBvk https://t.co/y1hfcxfADP","ja","Tweet","ゆいかおり(小倉 唯＆石原夏織)公式","YUIKAORI_STAFF","","0","150","7","324","0","2016-12-28 15:08:35","https://x.com/YUIKAORI_STAFF/status/813990004963717121","<a href=""http://twitter.com"" rel=""nofollow"">Twitter Web Client</a>","#yuikaori","http://www.yuikaori.info/special/2017/Starlight-Link/index.html","photo","https://pbs.twimg.com/media/C0vfbJSUoAAs91h.jpg
https://pbs.twimg.com/media/C0vfbv8VEAAK2uI.jpg"
"813989545658040324","ライブの必需品ペンライト！
今回は星型のデザイン☆そしてなんと12色に切替可能です！グリップとストラップにはゴールドのツアータイトル入り♪みんなで会場をStarlightで照らしてくださいね☆
#yuikaori #YKSL
https://t.co/KOw7hgJBvk https://t.co/ejycRTuAA5","ja","Tweet","ゆいかおり(小倉 唯＆石原夏織)公式","YUIKAORI_STAFF","","3","224","12","419","2","2016-12-28 15:06:45","https://x.com/YUIKAORI_STAFF/status/813989545658040324","<a href=""http://twitter.com"" rel=""nofollow"">Twitter Web Client</a>","#yuikaori, #YKSL","http://www.yuikaori.info/special/2017/Starlight-Link/index.html","photo","https://pbs.twimg.com/media/C0vfHuRVIAAHike.jpg
https://pbs.twimg.com/media/C0vfITiVIAACuXC.jpg
https://pbs.twimg.com/media/C0vfI-PUUAAn7hI.jpg"
"813989307169968133","こちらもライブに欠かせない！リストバンド！
夜空をイメージしたベースカラー2色☆ロゴはゴールドの糸の刺繍！キラリと手元で輝きます。ピンク、ブルーの星も映えますね♪ゆいかおりの2人も着用してくれました！#yuikaori #YKSL
https://t.co/KOw7hgJBvk https://t.co/7qFFKGOGDq","ja","Tweet","ゆいかおり(小倉 唯＆石原夏織)公式","YUIKAORI_STAFF","","1","316","0","748","1","2016-12-28 15:05:48","https://x.com/YUIKAORI_STAFF/status/813989307169968133","<a href=""http://twitter.com"" rel=""nofollow"">Twitter Web Client</a>","#yuikaori, #YKSL","http://www.yuikaori.info/special/2017/Starlight-Link/index.html","photo","https://pbs.twimg.com/media/C0ve4ZFVQAAletE.jpg
https://pbs.twimg.com/media/C0ve5FJUcAAZU3B.jpg
https://pbs.twimg.com/media/C0ve54ZUUAER3U2.jpg
https://pbs.twimg.com/media/C0ve6hyVEAQhuDc.jpg"
"813988961496350720","夜空をイメージした深いブルーと、淡いピンク×ブルーの星をちりばめたデザインのマフラータオル！首からかけやすいマフラータオルはライブ参戦の必需品ですよね♪
#yuikaori #YKSL
https://t.co/KOw7hgJBvk https://t.co/ZNwx4U6ld4","ja","Tweet","ゆいかおり(小倉 唯＆石原夏織)公式","YUIKAORI_STAFF","","0","287","5","663","1","2016-12-28 15:04:26","https://x.com/YUIKAORI_STAFF/status/813988961496350720","<a href=""http://twitter.com"" rel=""nofollow"">Twitter Web Client</a>","#yuikaori, #YKSL","http://www.yuikaori.info/special/2017/Starlight-Link/index.html","photo","https://pbs.twimg.com/media/C0vemYkUcAAzelr.jpg
https://pbs.twimg.com/media/C0venPSVQAArAKt.jpg"
"813988697427218432","お次はこちら！
ゆいちゃん、かおりちゃんのキュートなお顔がプリントされた存在感抜群のTシャツ！ライブで着るもよし、飾るのもよし♪なアイテム。色はもちろんゆいかおりカラー！どっちを着るか迷ってしまいます！#yuikaori #YKSL
https://t.co/KOw7hgJBvk https://t.co/y5ZBWMjJkZ","ja","Tweet","ゆいかおり(小倉 唯＆石原夏織)公式","YUIKAORI_STAFF","","4","239","11","367","1","2016-12-28 15:03:23","https://x.com/YUIKAORI_STAFF/status/813988697427218432","<a href=""http://twitter.com"" rel=""nofollow"">Twitter Web Client</a>","#yuikaori, #YKSL","http://www.yuikaori.info/special/2017/Starlight-Link/index.html","photo","https://pbs.twimg.com/media/C0veW9OVEAAqgmS.jpg"
"813988476492226560","続いてはTシャツBのご紹介！
こちらはガラリと印象が変わってポップなデザイン♪フロント全面にピンク×ブルーの星がちりばめられています！ツアータイトルはゴールド箔☆袖には左右でゆいかおりカラーの星が♪#yuikaori #YKSL
https://t.co/KOw7hgJBvk https://t.co/af9bE4Quz6","ja","Tweet","ゆいかおり(小倉 唯＆石原夏織)公式","YUIKAORI_STAFF","","0","168","1","340","0","2016-12-28 15:02:30","https://x.com/YUIKAORI_STAFF/status/813988476492226560","<a href=""http://twitter.com"" rel=""nofollow"">Twitter Web Client</a>","#yuikaori, #YKSL","http://www.yuikaori.info/special/2017/Starlight-Link/index.html","photo","https://pbs.twimg.com/media/C0veJewVQAEZJSQ.jpg
https://pbs.twimg.com/media/C0veKKkUUAY7JMB.jpg
https://pbs.twimg.com/media/C0veKunUAAAJDmP.jpg"
"813988186523172864","まずは定番！Tシャツのご紹介☆
TシャツAはブラックの生地にゴールドとシルバーのプリントで大人っぽい仕上がりです！シックなデザインで普段使いにも◎♪背中にはツアースケジュールがプリントされています！#yuikaori #YKSL
https://t.co/KOw7hgJBvk https://t.co/z6VJCszcaL","ja","Tweet","ゆいかおり(小倉 唯＆石原夏織)公式","YUIKAORI_STAFF","","0","155","1","331","0","2016-12-28 15:01:21","https://x.com/YUIKAORI_STAFF/status/813988186523172864","<a href=""http://twitter.com"" rel=""nofollow"">Twitter Web Client</a>","#yuikaori, #YKSL","http://www.yuikaori.info/special/2017/Starlight-Link/index.html","photo","https://pbs.twimg.com/media/C0vd5HtUUAEyS-T.jpg
https://pbs.twimg.com/media/C0vd55mUUAIPvxB.jpg
https://pbs.twimg.com/media/C0vd6caVIAAfvf9.jpg"
"813987872608960512","いよいよ年明けからスタートするゆいかおりLIVE TOUR『Starlight Link』！先日遂に公開されたグッズをツアースタートに先駆けて、
ゆいかおりの2人と一緒に一部グッズをご紹介しちゃいます☆#yuikaori #YKSL
https://t.co/KOw7hgJBvk https://t.co/mtGr9Za2Mf","ja","Tweet","ゆいかおり(小倉 唯＆石原夏織)公式","YUIKAORI_STAFF","","2","394","3","883","2","2016-12-28 15:00:06","https://x.com/YUIKAORI_STAFF/status/813987872608960512","<a href=""http://twitter.com"" rel=""nofollow"">Twitter Web Client</a>","#yuikaori, #YKSL","http://www.yuikaori.info/special/2017/Starlight-Link/index.html","photo","https://pbs.twimg.com/media/C0vcpTwUkAAkZQh.jpg"
"813726026823909376","ゆいかおりが1/4より放送開始するTVアニメ「AKIBA'S TRIP」のEDプロジェクトに参加することが決定しました！！新たに書き下ろされた楽曲が初O.A！何話を担当するかは見てからのお楽しみです！https://t.co/2TR2y0FzrH #yuikaori","ja","Tweet","ゆいかおり(小倉 唯＆石原夏織)公式","YUIKAORI_STAFF","","2","248","7","359","0","2016-12-27 21:39:37","https://x.com/YUIKAORI_STAFF/status/813726026823909376","<a href=""http://twitter.com/download/iphone"" rel=""nofollow"">Twitter for iPhone</a>","#yuikaori","http://akibastrip-anime.com/","",""
"813723793415749632","2017/2/8(水)発売『小倉 唯LIVE「High-Touch☆Summer」』の映像特典としてライブツアー千秋楽群馬公演から「いつだってCall Me!」「Sing-a-ling-a-Harmony」2曲を収録！！https://t.co/uRhYSl30se #小倉唯","ja","Tweet","ゆいかおり(小倉 唯＆石原夏織)公式","YUIKAORI_STAFF","","1","156","2","242","0","2016-12-27 21:30:45","https://x.com/YUIKAORI_STAFF/status/813723793415749632","<a href=""http://twitter.com/download/iphone"" rel=""nofollow"">Twitter for iPhone</a>","#小倉唯","http://www.yuikaori.info/info/1975/","",""
"813718325360373760","≪ゆいかおり・小倉唯：公式サイト更新≫
ゆいかおり、TVアニメ「AKIBA’S TRIP」EDプロジェクト参加決定！ https://t.co/tpQXig5DXS
#yuikaori","ja","Tweet","ゆいかおり(小倉 唯＆石原夏織)公式","YUIKAORI_STAFF","","0","216","4","265","0","2016-12-27 21:09:01","https://x.com/YUIKAORI_STAFF/status/813718325360373760","<a href=""http://twitter.com"" rel=""nofollow"">Twitter Web Client</a>","#yuikaori","http://www.yuikaori.info/info/1977/","",""
"813717984619294720","≪ゆいかおり・小倉唯：公式サイト更新≫
小倉 唯LIVE「High-Touch☆Summer」映像特典情報公開！ https://t.co/uRhYSl30se
#小倉唯","ja","Tweet","ゆいかおり(小倉 唯＆石原夏織)公式","YUIKAORI_STAFF","","0","135","2","216","0","2016-12-27 21:07:40","https://x.com/YUIKAORI_STAFF/status/813717984619294720","<a href=""http://twitter.com"" rel=""nofollow"">Twitter Web Client</a>","#小倉唯","http://www.yuikaori.info/info/1975/","",""
"813343901708734466","3/5(日)開催「KING SUPER LIVE 2017 TRINITY」のチケット最速先行受付が本日よりスタートしましたー！！ 出演者:上坂すみれ、小倉 唯、水瀬いのり 詳細コチラ→kingsuperlive.jp
 #キントリ https://t.co/9DPmy0H2Vt","ja","Tweet","ゆいかおり(小倉 唯＆石原夏織)公式","YUIKAORI_STAFF","","5","255","8","431","0","2016-12-26 20:21:12","https://x.com/YUIKAORI_STAFF/status/813343901708734466","<a href=""http://twitter.com/download/iphone"" rel=""nofollow"">Twitter for iPhone</a>","#キントリ","","photo","https://pbs.twimg.com/media/C0mT7KmVEAAa31f.jpg
https://pbs.twimg.com/media/C0mT7MBUoAArKsx.jpg"
"813229275180572672","≪ゆいかおり・小倉唯：公式サイト更新≫
ゆいかおりLIVE TOUR「Starlight Link」supported by JOYSOUND　愛知・宮城・大阪公演チケットSOLD OUTのお知らせ
https://t.co/PXv2cUVpt6","ja","Tweet","ゆいかおり(小倉 唯＆石原夏織)公式","YUIKAORI_STAFF","","5","160","6","215","0","2016-12-26 12:45:42","https://x.com/YUIKAORI_STAFF/status/813229275180572672","<a href=""http://twitter.com"" rel=""nofollow"">Twitter Web Client</a>","","http://www.yuikaori.info/info/1973/","",""
"813034366687285248","この後24:30〜「ゆいかおりの実♪」が放送されますよ！是非聞いて下さいね〜♪ #yuikaori #実ラジ","ja","Tweet","ゆいかおり(小倉 唯＆石原夏織)公式","YUIKAORI_STAFF","","1","45","0","142","0","2016-12-25 23:51:13","https://x.com/YUIKAORI_STAFF/status/813034366687285248","<a href=""http://twitter.com/download/iphone"" rel=""nofollow"">Twitter for iPhone</a>","#yuikaori, #実ラジ","","",""
"813004742666264576","アメブロを更新しました。 『クリスマス❤︎』 
⇒https://t.co/6xPUYUWcUr","ja","Tweet","ゆいかおり(小倉 唯＆石原夏織)公式","YUIKAORI_STAFF","","1","185","0","346","0","2016-12-25 21:53:30","https://x.com/YUIKAORI_STAFF/status/813004742666264576","<a href=""https://mobile.twitter.com"" rel=""nofollow"">Twitter Web App</a>","","http://ameblo.jp/ishiharakaori-0806/entry-12231954004.html","",""
"812691588673458176","2017/3/5(日)日本武道館にて開催される「KING SUPER LIVE 2017 TRINITY」に小倉 唯が出演します！12/26よりチケット最速先行受付スタート！  kingsuperlive.jp #小倉唯 #キントリ https://t.co/3UKY7AUPxB","ja","Tweet","ゆいかおり(小倉 唯＆石原夏織)公式","YUIKAORI_STAFF","","0","856","30","973","0","2016-12-25 01:09:08","https://x.com/YUIKAORI_STAFF/status/812691588673458176","<a href=""http://twitter.com/download/iphone"" rel=""nofollow"">Twitter for iPhone</a>","#小倉唯, #キントリ","","photo","https://pbs.twimg.com/media/C0dCpimUcAEPWnM.jpg
https://pbs.twimg.com/media/C0dCpj8UcAAgqul.jpg"
"812682805566021632","アメブロを更新しました。 『メリクリです〜☆』
 ⇒https://t.co/qe4dvjWRYt","ja","Tweet","ゆいかおり(小倉 唯＆石原夏織)公式","YUIKAORI_STAFF","","1","233","2","376","0","2016-12-25 00:34:14","https://x.com/YUIKAORI_STAFF/status/812682805566021632","<a href=""http://twitter.com/download/iphone"" rel=""nofollow"">Twitter for iPhone</a>","","http://ameblo.jp/ogurayui-0815/entry-12231688734.html","",""
"812247418737565696","アメブロを更新しました。 『クリスマスパーティとライブグッズ☆』 
⇒https://t.co/HuJ0ezCTLU","ja","Tweet","ゆいかおり(小倉 唯＆石原夏織)公式","YUIKAORI_STAFF","","0","242","3","426","0","2016-12-23 19:44:10","https://x.com/YUIKAORI_STAFF/status/812247418737565696","<a href=""https://mobile.twitter.com"" rel=""nofollow"">Twitter Web App</a>","","http://ameblo.jp/ogurayui-0815/entry-12231280311.html","",""
"812064200486854657","アメブロを更新しました。 『台湾 2日目前半 とポッピンQ❤︎』 
⇒https://t.co/AVYjQxyclw","ja","Tweet","ゆいかおり(小倉 唯＆石原夏織)公式","YUIKAORI_STAFF","","0","123","0","248","0","2016-12-23 07:36:07","https://x.com/YUIKAORI_STAFF/status/812064200486854657","<a href=""https://mobile.twitter.com"" rel=""nofollow"">Twitter Web App</a>","","http://ameblo.jp/ishiharakaori-0806/entry-12231114548.html","",""
"811552694112354304","アメブロを更新しました。 『台湾 1日目♡』 
⇒https://t.co/gtFH8ou1vj","ja","Tweet","ゆいかおり(小倉 唯＆石原夏織)公式","YUIKAORI_STAFF","","0","145","0","290","0","2016-12-21 21:43:34","https://x.com/YUIKAORI_STAFF/status/811552694112354304","<a href=""https://mobile.twitter.com"" rel=""nofollow"">Twitter Web App</a>","","http://ameblo.jp/ishiharakaori-0806/entry-12230731019.html","",""
"811440340703903744","お待たせいたしました！！
ゆいかおりLIVE TOUR「Starlight Link」supported by JOYSOUND！
ついに！!
★☆ラ　イ　ブ　グ　ッ　ズ　公　開☆★
です！！今すぐチェック☆
⇒https://t.co/KOw7hgJBvk https://t.co/vIaI4luKBl","ja","Tweet","ゆいかおり(小倉 唯＆石原夏織)公式","YUIKAORI_STAFF","","5","913","38","1078","0","2016-12-21 14:17:07","https://x.com/YUIKAORI_STAFF/status/811440340703903744","<a href=""http://twitter.com"" rel=""nofollow"">Twitter Web Client</a>","","http://www.yuikaori.info/special/2017/Starlight-Link/index.html","photo","https://pbs.twimg.com/media/C0LQm7MUsAAlGPq.jpg"
"811128146015596544","★☆【Team YUIKAORI】REPORT更新！☆★
スタッフレポートを更新いたしました！
⇒https://t.co/tfdjEciSKF https://t.co/jpzlnWvm8v","ja","Tweet","ゆいかおり(小倉 唯＆石原夏織)公式","YUIKAORI_STAFF","","2","103","2","179","0","2016-12-20 17:36:34","https://x.com/YUIKAORI_STAFF/status/811128146015596544","<a href=""http://twitter.com"" rel=""nofollow"">Twitter Web Client</a>","","http://yuikaori-report.info/","photo","https://pbs.twimg.com/media/C0G0j-uUkAQYSch.jpg"
"810743882975772672","≪ゆいかおり・小倉唯：公式サイト更新≫
「Animelo Summer Live 2016 刻-TOKI-」Blu-ray発売決定！！ https://t.co/qfaDrltVnO","ja","Tweet","ゆいかおり(小倉 唯＆石原夏織)公式","YUIKAORI_STAFF","","0","69","1","139","0","2016-12-19 16:09:39","https://x.com/YUIKAORI_STAFF/status/810743882975772672","<a href=""http://twitter.com"" rel=""nofollow"">Twitter Web Client</a>","","http://www.yuikaori.info/info/1958/","",""
"810515743800336384","アメブロを更新しました。 『ツアー☆』
 ⇒https://t.co/CUTrM1gBMm","ja","Tweet","ゆいかおり(小倉 唯＆石原夏織)公式","YUIKAORI_STAFF","","0","219","3","421","0","2016-12-19 01:03:06","https://x.com/YUIKAORI_STAFF/status/810515743800336384","<a href=""http://twitter.com/download/iphone"" rel=""nofollow"">Twitter for iPhone</a>","","http://ameblo.jp/ogurayui-0815/entry-12229891054.html","",""
"810514320299790336","2017年1月〜の「Starlight Link」チケット一般発売が昨日からスタート！ゆいかおりの二人からのメッセージをどうぞっ！https://t.co/Y6M6cTqyG2
#yuikaori #実ラジ #joqr https://t.co/X1JVLPhBG2","ja","Tweet","ゆいかおり(小倉 唯＆石原夏織)公式","YUIKAORI_STAFF","","1","255","5","557","2","2016-12-19 00:57:27","https://x.com/YUIKAORI_STAFF/status/810514320299790336","<a href=""http://twitter.com"" rel=""nofollow"">Twitter Web Client</a>","#yuikaori, #実ラジ, #joqr","http://www.yuikaori.info/team_yuikaori/ticket.html","video","https://video.twimg.com/ext_tw_video/810513439688822785/pu/vid/1280x720/s4oPQ0LqSInKt4Hr.mp4"
"810507980814721024","実ラジ始まりましたよーー！
#yuikaori #実ラジ","ja","Tweet","ゆいかおり(小倉 唯＆石原夏織)公式","YUIKAORI_STAFF","","2","42","0","102","0","2016-12-19 00:32:15","https://x.com/YUIKAORI_STAFF/status/810507980814721024","<a href=""http://twitter.com/download/iphone"" rel=""nofollow"">Twitter for iPhone</a>","#yuikaori, #実ラジ","","",""
"810485073015209984","ゆいかおりLIVE TOUR「Starlight Link」チケット情報はコチラッ♪
https://t.co/Y6M6cT8Xhs
#yuikaori  #YKSL #anisama #nhkbsp","ja","Tweet","ゆいかおり(小倉 唯＆石原夏織)公式","YUIKAORI_STAFF","","0","50","0","124","0","2016-12-18 23:01:14","https://x.com/YUIKAORI_STAFF/status/810485073015209984","<a href=""http://twitter.com/download/iphone"" rel=""nofollow"">Twitter for iPhone</a>","#yuikaori, #YKSL, #anisama, #nhkbsp","http://www.yuikaori.info/team_yuikaori/ticket.html","",""
"810484225111506944","ゆいかおり LIVE TOUR「Starlight Link」が1月から開催されます！
2/11(土)ファイナルは代々木体育館！チケット一般発売中です！！！#yuikaori #anisama #nhkbsp #YKSL https://t.co/Wg1BFfYoJ3","ja","Tweet","ゆいかおり(小倉 唯＆石原夏織)公式","YUIKAORI_STAFF","","2","321","6","676","1","2016-12-18 22:57:51","https://x.com/YUIKAORI_STAFF/status/810484225111506944","<a href=""http://twitter.com/download/iphone"" rel=""nofollow"">Twitter for iPhone</a>","#yuikaori, #anisama, #nhkbsp, #YKSL","","video","https://video.twimg.com/ext_tw_video/810484061059747841/pu/vid/640x360/2ZClZYiJJLAWWQIY.mp4"
"810481679479377920","まもなくNHK BSプレミアムにて「アニメロサマーライブ2016」3rd day後編が放送されます！！是非ご覧下さい！  #yuikaori #小倉唯 #anisama #nhkbsp","ja","Tweet","ゆいかおり(小倉 唯＆石原夏織)公式","YUIKAORI_STAFF","","1","125","0","221","0","2016-12-18 22:47:45","https://x.com/YUIKAORI_STAFF/status/810481679479377920","<a href=""http://twitter.com/download/iphone"" rel=""nofollow"">Twitter for iPhone</a>","#yuikaori, #小倉唯, #anisama, #nhkbsp","","",""
"810420284025085952","そして本日22:50〜NHK BSプレミアムにて、ゆいかおりが出演した「アニメロサマーライブ2016」3rd day後編が放送されますよ！！！是非ご覧下さいね〜！
https://t.co/OhYnPj87vs
  #yuikaori #小倉唯 #anisama #nhkbsp","ja","Tweet","ゆいかおり(小倉 唯＆石原夏織)公式","YUIKAORI_STAFF","","0","183","2","246","0","2016-12-18 18:43:47","https://x.com/YUIKAORI_STAFF/status/810420284025085952","<a href=""http://twitter.com"" rel=""nofollow"">Twitter Web Client</a>","#yuikaori, #小倉唯, #anisama, #nhkbsp","http://anisama.tv/2016/special/setlist.php","",""
"810418884071321600","ゆいかおりLIVE TOUR「Starlight Link」のチケット一般発売が昨日よりスタートしています！！ツアーファイナルは2/11(土)代々木第一体育館で開催！！ぜひぜひ遊びに来て下さいね♪
https://t.co/cXoN8UrGwC #yuikaori  #YKSL","ja","Tweet","ゆいかおり(小倉 唯＆石原夏織)公式","YUIKAORI_STAFF","","0","85","0","173","0","2016-12-18 18:38:13","https://x.com/YUIKAORI_STAFF/status/810418884071321600","<a href=""http://twitter.com"" rel=""nofollow"">Twitter Web Client</a>","#yuikaori, #YKSL","https://www.youtube.com/watch?v=J64lPJVGOVs&feature=youtu.be","",""
"810040981114343424","なぜ“ユイカオリ”とカタカナ表記なのか？というツイートが多かったので一応。。。すみません「オリオンからのメッセージ」にかけました(；ω；)笑#yuikaori  #ゆいかおり #YKSlL","ja","Tweet","ゆいかおり(小倉 唯＆石原夏織)公式","YUIKAORI_STAFF","","3","156","4","354","0","2016-12-17 17:36:34","https://x.com/YUIKAORI_STAFF/status/810040981114343424","<a href=""http://itunes.apple.com/us/app/twitter/id409789998?mt=12"" rel=""nofollow"">Twitter for Mac</a>","#ゆいかおり, #YKSlL","","",""
"810030781288452096","先ほどの動画、ゆいかおりの着ているTシャツに注目…！グッズ情報もまもなく公開！お楽しみにっ♪#yuikaori #ゆいかおり #YKSlL","ja","Tweet","ゆいかおり(小倉 唯＆石原夏織)公式","YUIKAORI_STAFF","","1","161","2","276","0","2016-12-17 16:56:02","https://x.com/YUIKAORI_STAFF/status/810030781288452096","<a href=""http://twitter.com/download/iphone"" rel=""nofollow"">Twitter for iPhone</a>","#yuikaori, #ゆいかおり, #YKSlL","","",""
"810030109100941313","★ユイカオリからのメッセージ★
ゆいかおり LIVE TOUR「Starlight Link」いよいよ1月より開催！
2/11(土)ファイナルは代々木体育館！チケット一般発売中！https://t.co/Y6M6cT8Xhs
#yuikaori #ゆいかおり #YKSlL https://t.co/Ds5eJ5c2go","ja","Tweet","ゆいかおり(小倉 唯＆石原夏織)公式","YUIKAORI_STAFF","","2","1055","24","1838","1","2016-12-17 16:53:22","https://x.com/YUIKAORI_STAFF/status/810030109100941313","<a href=""http://twitter.com/download/iphone"" rel=""nofollow"">Twitter for iPhone</a>","#yuikaori, #ゆいかおり, #YKSlL","http://www.yuikaori.info/team_yuikaori/ticket.html","video","https://video.twimg.com/ext_tw_video/810029812622364672/pu/vid/1280x720/xLXW3gJP6rVVbn6k.mp4"
"809685710961721344","★☆【Team YUIKAORI】REPORT更新！☆★
スタッフレポートを更新いたしました！
⇒https://t.co/tfdjEciSKF https://t.co/2X01OoZmtt","ja","Tweet","ゆいかおり(小倉 唯＆石原夏織)公式","YUIKAORI_STAFF","","0","109","0","213","0","2016-12-16 18:04:51","https://x.com/YUIKAORI_STAFF/status/809685710961721344","<a href=""http://twitter.com"" rel=""nofollow"">Twitter Web Client</a>","","http://yuikaori-report.info/","photo","https://pbs.twimg.com/media/CzyUu9dVQAAPAaS.jpg"
"809413700092239872","アメブロを更新しました。 『スクストの〜☆』 
⇒https://t.co/CUwfReJZhJ","ja","Tweet","ゆいかおり(小倉 唯＆石原夏織)公式","YUIKAORI_STAFF","","0","204","2","371","0","2016-12-16 00:03:58","https://x.com/YUIKAORI_STAFF/status/809413700092239872","<a href=""https://mobile.twitter.com"" rel=""nofollow"">Twitter Web App</a>","","http://ameblo.jp/ogurayui-0815/entry-12229016432.html","",""
"809409029378191360","アメブロを更新しました。 『STARBUCKS♡』 
⇒https://t.co/l2V4nuD7Pq","ja","Tweet","ゆいかおり(小倉 唯＆石原夏織)公式","YUIKAORI_STAFF","","0","141","3","281","0","2016-12-15 23:45:25","https://x.com/YUIKAORI_STAFF/status/809409029378191360","<a href=""https://mobile.twitter.com"" rel=""nofollow"">Twitter Web App</a>","","http://ameblo.jp/ishiharakaori-0806/entry-12229010781.html","",""
"808872679490998272","★☆ゆいかおり LIVE TOUR「Starlight Link」supported by JOYSOUND☆★
チケット一般発売情報公開！詳細はLive Supporters Team YUIKAORIをチェック♪⇒https://t.co/Y6M6cT8Xhs https://t.co/vC2Qx0sD0q","ja","Tweet","ゆいかおり(小倉 唯＆石原夏織)公式","YUIKAORI_STAFF","","0","86","3","158","0","2016-12-14 12:14:09","https://x.com/YUIKAORI_STAFF/status/808872679490998272","<a href=""http://twitter.com"" rel=""nofollow"">Twitter Web Client</a>","","http://www.yuikaori.info/team_yuikaori/ticket.html","photo","https://pbs.twimg.com/media/CzmxW5qVQAAasch.jpg"
"807970302974038016","まもなく実ラジ始まりますよーー！
#yuikaori #実ラジ","ja","Tweet","ゆいかおり(小倉 唯＆石原夏織)公式","YUIKAORI_STAFF","","0","44","0","118","0","2016-12-12 00:28:26","https://x.com/YUIKAORI_STAFF/status/807970302974038016","<a href=""http://twitter.com/download/iphone"" rel=""nofollow"">Twitter for iPhone</a>","#yuikaori, #実ラジ","","",""
"807961018538131456","そしてこの後24:30〜はゆいかおりのレギュラーラジオ番組「ゆいかおりの実♪」が文化放送にて放送されますよ！こちらも是非お聞き下さいね！#yuikaori #anisama #実ラジ #joqr","ja","Tweet","ゆいかおり(小倉 唯＆石原夏織)公式","YUIKAORI_STAFF","","2","65","1","167","0","2016-12-11 23:51:32","https://x.com/YUIKAORI_STAFF/status/807961018538131456","<a href=""http://twitter.com"" rel=""nofollow"">Twitter Web Client</a>","#yuikaori, #anisama, #実ラジ, #joqr","","",""
"807960950200336384","2017年1月〜ゆいかおりLIVE TOUR「Starlight Link」が開催されます！！千秋楽は代々木第一体育館！チケット一般発売は来週12/17からスタートしますよ！https://t.co/19EZ0uNZuk
 #yuikaori #anisama #nhkbsp https://t.co/KnRwazA8WM","ja","Tweet","ゆいかおり(小倉 唯＆石原夏織)公式","YUIKAORI_STAFF","","0","141","4","229","0","2016-12-11 23:51:16","https://x.com/YUIKAORI_STAFF/status/807960950200336384","<a href=""http://twitter.com"" rel=""nofollow"">Twitter Web Client</a>","#yuikaori, #anisama, #nhkbsp","http://www.yuikaori.info/team_yuikaori/live.html","photo","https://pbs.twimg.com/media/CzZ0JLBUkAAsbaj.jpg"
"807948300645068800","いっせーので君とだけ！
https://t.co/igXsJsnIbb
#小倉唯 #ハイタッチ☆メモリー #anisama #nhkbsp","ja","Tweet","ゆいかおり(小倉 唯＆石原夏織)公式","YUIKAORI_STAFF","","5","297","4","427","0","2016-12-11 23:01:00","https://x.com/YUIKAORI_STAFF/status/807948300645068800","<a href=""http://twitter.com"" rel=""nofollow"">Twitter Web Client</a>","#小倉唯, #ハイタッチ, #anisama, #nhkbsp","https://www.youtube.com/watch?v=38lJ9cpYUV8","",""
"807947297942183936","アメブロを更新しました。 『パンケーキ☆』
 ⇒https://t.co/IgPRLv8kJi","ja","Tweet","ゆいかおり(小倉 唯＆石原夏織)公式","YUIKAORI_STAFF","","0","249","1","457","0","2016-12-11 22:57:01","https://x.com/YUIKAORI_STAFF/status/807947297942183936","<a href=""http://twitter.com/download/iphone"" rel=""nofollow"">Twitter for iPhone</a>","","http://ameblo.jp/ogurayui-0815/entry-12227730425.html","",""
"807943804309291009","この後22:50〜NHK BSプレミアムにて「アニサマ2016」が放送されますよ！！是非ご覧下さいね！！
#yuikaori #小倉唯 #anisama #nhkbsp","ja","Tweet","ゆいかおり(小倉 唯＆石原夏織)公式","YUIKAORI_STAFF","","1","128","3","181","0","2016-12-11 22:43:08","https://x.com/YUIKAORI_STAFF/status/807943804309291009","<a href=""http://twitter.com/download/iphone"" rel=""nofollow"">Twitter for iPhone</a>","#yuikaori, #小倉唯, #anisama, #nhkbsp","","",""
"807816597599440896","アメブロを更新しました。 『わんこそば☆』 
⇒https://t.co/IgFOv6w5uu","ja","Tweet","ゆいかおり(小倉 唯＆石原夏織)公式","YUIKAORI_STAFF","","2","255","1","466","0","2016-12-11 14:17:40","https://x.com/YUIKAORI_STAFF/status/807816597599440896","<a href=""https://mobile.twitter.com"" rel=""nofollow"">Twitter Web App</a>","","http://s.ameblo.jp/ogurayui-0815/entry-12227661011.html","",""
"805760277652213761","アメブロを更新しました。 『お渡し会〜盛岡・仙台☆』 
⇒https://t.co/XTgisFIHrA","ja","Tweet","ゆいかおり(小倉 唯＆石原夏織)公式","YUIKAORI_STAFF","","0","211","2","401","0","2016-12-05 22:06:35","https://x.com/YUIKAORI_STAFF/status/805760277652213761","<a href=""https://mobile.twitter.com"" rel=""nofollow"">Twitter Web App</a>","","http://s.ameblo.jp/ogurayui-0815/entry-12226002246.html","",""
"805433124360364032","まもなく24:30〜「ゆいかおりの実♪」が放送！！！是非聞いてくださいね！
#yuikaori #実ラジ","ja","Tweet","ゆいかおり(小倉 唯＆石原夏織)公式","YUIKAORI_STAFF","","2","49","0","138","0","2016-12-05 00:26:35","https://x.com/YUIKAORI_STAFF/status/805433124360364032","<a href=""http://twitter.com/download/iphone"" rel=""nofollow"">Twitter for iPhone</a>","#yuikaori, #実ラジ","","",""
"805361162950873088","アニメイト盛岡・仙台さん、ゲーマーズ仙台さんにて小倉 唯「Future Strike」リリースイベントでした！楽しい時間をありがとうございました！次はゆいかおりのツアーでお会いしましょう♪ #小倉唯 #FutureStrike https://t.co/jS7f8Z3TlK","ja","Tweet","ゆいかおり(小倉 唯＆石原夏織)公式","YUIKAORI_STAFF","","9","587","12","1247","3","2016-12-04 19:40:38","https://x.com/YUIKAORI_STAFF/status/805361162950873088","<a href=""http://twitter.com/download/iphone"" rel=""nofollow"">Twitter for iPhone</a>","#小倉唯, #FutureStrike","","photo","https://pbs.twimg.com/media/Cy03so8UAAAoVvA.jpg
https://pbs.twimg.com/media/Cy03so6UoAAU2SX.jpg
https://pbs.twimg.com/media/Cy03so8VIAAL956.jpg"
"805285867900153857","小倉唯、わんこそば初挑戦！
https://t.co/hJ8s9XZdhW","ja","Tweet","ゆいかおり(小倉 唯＆石原夏織)公式","YUIKAORI_STAFF","","6","622","17","766","0","2016-12-04 14:41:27","https://x.com/YUIKAORI_STAFF/status/805285867900153857","<a href=""http://twitter.com/download/iphone"" rel=""nofollow"">Twitter for iPhone</a>","","https://instagram.com/p/BNlW_W_DXWB/","",""
"805079266157215745","アメブロを更新しました。 『ちゃんりなと…☆』 
⇒https://t.co/EKNj5NEGMT","ja","Tweet","ゆいかおり(小倉 唯＆石原夏織)公式","YUIKAORI_STAFF","","0","428","7","708","0","2016-12-04 01:00:29","https://x.com/YUIKAORI_STAFF/status/805079266157215745","<a href=""https://mobile.twitter.com"" rel=""nofollow"">Twitter Web App</a>","","http://s.ameblo.jp/ogurayui-0815/entry-12225436000.html","",""
"805070590419664896","まもなく小倉 唯「Future Strike」がOPテーマのTVアニメ「ViVid Strike!」第10話がTOKYO MX、BS11他にて放送されます！是非ご覧下さい！！ #小倉唯 #vvst #vivid_strike","ja","Tweet","ゆいかおり(小倉 唯＆石原夏織)公式","YUIKAORI_STAFF","","0","49","0","145","0","2016-12-04 00:26:00","https://x.com/YUIKAORI_STAFF/status/805070590419664896","<a href=""http://twitter.com/download/iphone"" rel=""nofollow"">Twitter for iPhone</a>","#小倉唯, #vvst, #vivid_strike","","",""
"805016879282520064","アメブロを更新しました。 『ポッピンQ♡』 
⇒https://t.co/wCSzfeVGR6","ja","Tweet","ゆいかおり(小倉 唯＆石原夏織)公式","YUIKAORI_STAFF","","0","218","5","402","0","2016-12-03 20:52:35","https://x.com/YUIKAORI_STAFF/status/805016879282520064","<a href=""https://mobile.twitter.com"" rel=""nofollow"">Twitter Web App</a>","","http://s.ameblo.jp/ishiharakaori-0806/entry-12225358373.html","",""
"804345456880816128","アメブロを更新しました。 『りゅうおうのおしごと！公録☆』 
⇒https://t.co/vSSPpAc3lX","ja","Tweet","ゆいかおり(小倉 唯＆石原夏織)公式","YUIKAORI_STAFF","","1","261","1","460","0","2016-12-02 00:24:35","https://x.com/YUIKAORI_STAFF/status/804345456880816128","<a href=""https://mobile.twitter.com"" rel=""nofollow"">Twitter Web App</a>","","http://s.ameblo.jp/ogurayui-0815/entry-12224826194.html","",""
"803836381747380224","石原夏織 公式ブログを更新しました。 『ここんぽいぽいここったま♡』 
https://t.co/usSDw6Jlym","ja","Tweet","ゆいかおり(小倉 唯＆石原夏織)公式","YUIKAORI_STAFF","","0","153","1","343","0","2016-11-30 14:41:42","https://x.com/YUIKAORI_STAFF/status/803836381747380224","<a href=""https://ameblo.jp/"" rel=""nofollow"">Ameba_Blog</a>","","http://ameblo.jp/ishiharakaori-0806/entry-12224315509.html","",""
"802891067758546945","この後24:30〜は文化放送にて「ゆいかおりの実♪」が放送ですよ〜！！是非聞いてくださいねー！
#yuikaori #実ラジ","ja","Tweet","ゆいかおり(小倉 唯＆石原夏織)公式","YUIKAORI_STAFF","","1","54","0","138","0","2016-11-28 00:05:22","https://x.com/YUIKAORI_STAFF/status/802891067758546945","<a href=""http://twitter.com/download/iphone"" rel=""nofollow"">Twitter for iPhone</a>","#yuikaori, #実ラジ","","",""
"802546200981303302","アメブロを更新しました。 『お渡し会〜名古屋・大阪☆』 
⇒https://t.co/VJ12ba0kwF","ja","Tweet","ゆいかおり(小倉 唯＆石原夏織)公式","YUIKAORI_STAFF","","0","240","4","452","0","2016-11-27 01:14:59","https://x.com/YUIKAORI_STAFF/status/802546200981303302","<a href=""http://twitter.com/download/iphone"" rel=""nofollow"">Twitter for iPhone</a>","","http://ameblo.jp/ogurayui-0815/entry-12223258756.html","",""
"802533189071736832","この後24:30〜TOKYO MX、BS11他にて小倉 唯「Future Strike」がOPテーマのTVアニメ「ViVid Strike!」の第9話が放送されます！是非ご覧下さいね♪#小倉唯 #vvst #vivid_strike","ja","Tweet","ゆいかおり(小倉 唯＆石原夏織)公式","YUIKAORI_STAFF","","0","38","0","129","0","2016-11-27 00:23:17","https://x.com/YUIKAORI_STAFF/status/802533189071736832","<a href=""http://twitter.com/download/iphone"" rel=""nofollow"">Twitter for iPhone</a>","#小倉唯, #vvst, #vivid_strike","","",""
"802525444998238208","本日はとらのあな名古屋さん、アニメイト名古屋さん、アニメイト大阪日本橋さんにて小倉 唯「Future Strike」ポスターお渡し会でした！ありがとうございましたーー！！！#小倉唯 #FutureStrike https://t.co/ep1RGC3xIy","ja","Tweet","ゆいかおり(小倉 唯＆石原夏織)公式","YUIKAORI_STAFF","","3","536","11","1164","1","2016-11-26 23:52:30","https://x.com/YUIKAORI_STAFF/status/802525444998238208","<a href=""http://twitter.com/download/iphone"" rel=""nofollow"">Twitter for iPhone</a>","#小倉唯, #FutureStrike","","photo","https://pbs.twimg.com/media/CyMki8kUQAAjoPR.jpg
https://pbs.twimg.com/media/CyMki8jVIAA8hO-.jpg
https://pbs.twimg.com/media/CyMki8kUcAIwsFU.jpg"
"802492757184917505","アメブロを更新しました。 『イベント♡』 
⇒https://t.co/JrpFIhJDwh","ja","Tweet","ゆいかおり(小倉 唯＆石原夏織)公式","YUIKAORI_STAFF","","1","175","2","323","0","2016-11-26 21:42:37","https://x.com/YUIKAORI_STAFF/status/802492757184917505","<a href=""http://twitter.com/download/iphone"" rel=""nofollow"">Twitter for iPhone</a>","","http://ameblo.jp/ishiharakaori-0806/entry-12223186447.html","",""
"802357309502418944","アメブロを更新しました。 『台湾♡』
 ⇒https://t.co/Ol9YHIAPns","ja","Tweet","ゆいかおり(小倉 唯＆石原夏織)公式","YUIKAORI_STAFF","","2","134","3","290","0","2016-11-26 12:44:24","https://x.com/YUIKAORI_STAFF/status/802357309502418944","<a href=""http://twitter.com/download/iphone"" rel=""nofollow"">Twitter for iPhone</a>","","http://ameblo.jp/ishiharakaori-0806/entry-12223056549.html","",""
"801996105399472128","☆ゆいかおりLIVE TOUR「Starlight Link」チケット2次先行予約
チケットのお支払方法で【コンビニ】を選択された皆様！お支払いの期日は
☆★【本日23:59まで】★☆です!!
お時間に余裕をもって、ご指定のコンビニでお手続きをお願いします♪
#yuikaori","ja","Tweet","ゆいかおり(小倉 唯＆石原夏織)公式","YUIKAORI_STAFF","","0","20","0","86","0","2016-11-25 12:49:06","https://x.com/YUIKAORI_STAFF/status/801996105399472128","<a href=""http://twitter.com"" rel=""nofollow"">Twitter Web Client</a>","#yuikaori","","",""
"801697037213319168","★ゆいかおりLIVE TOUR「Starlight Link」
チケット2次先行予約の【決済選択期限】まであと1時間です！お手続きを忘れてしまうと当選が無効となってしまうので、まだの方はお急ぎくださいね～！！https://t.co/HFrBKTXtPB
#yuikaori https://t.co/5pNb1tUNWr","ja","Tweet","ゆいかおり(小倉 唯＆石原夏織)公式","YUIKAORI_STAFF","","0","23","0","68","0","2016-11-24 17:00:43","https://x.com/YUIKAORI_STAFF/status/801697037213319168","<a href=""http://twitter.com"" rel=""nofollow"">Twitter Web Client</a>","#yuikaori","https://www.yuikaori-entry.com","photo","https://pbs.twimg.com/media/CyAzHyiUkAAvISb.jpg"
"801666752245444608","★ゆいかおりLIVE TOUR「Starlight Link」
チケット2次先行予約に当選された方の【決済選択期限】が迫ってまいりました！あと3時間です！決済選択後のご入金手続きも必要ですのでお早めに～！https://t.co/HFrBKTXtPB
#yuikaori https://t.co/wmLP8J0EfP","ja","Tweet","ゆいかおり(小倉 唯＆石原夏織)公式","YUIKAORI_STAFF","","0","27","1","74","0","2016-11-24 15:00:22","https://x.com/YUIKAORI_STAFF/status/801666752245444608","<a href=""http://twitter.com"" rel=""nofollow"">Twitter Web Client</a>","#yuikaori","https://www.yuikaori-entry.com","photo","https://pbs.twimg.com/media/CyAXlW1UsAAkd1-.jpg"
"801623424934113280","≪決済選択期間は本日まで！≫
ゆいかおりLIVE TOUR「Starlight Link」2次先行当選分・決済選択期間は【本日18:00】まで！お時間に余裕をもってお手続きくださいね♪https://t.co/HFrBKTXtPB  
#yuikaori https://t.co/55UPfjMlwB","ja","Tweet","ゆいかおり(小倉 唯＆石原夏織)公式","YUIKAORI_STAFF","","1","20","0","67","0","2016-11-24 12:08:12","https://x.com/YUIKAORI_STAFF/status/801623424934113280","<a href=""http://twitter.com"" rel=""nofollow"">Twitter Web Client</a>","#yuikaori","https://www.yuikaori-entry.com","photo","https://pbs.twimg.com/media/Cx_wOysUsAAIR18.jpg"
"801479766305947649","アメブロを更新しました。 『フフッヒ♡』 
⇒https://t.co/vwkAvx93Sg","ja","Tweet","ゆいかおり(小倉 唯＆石原夏織)公式","YUIKAORI_STAFF","","1","172","1","354","0","2016-11-24 02:37:21","https://x.com/YUIKAORI_STAFF/status/801479766305947649","<a href=""http://twitter.com/download/iphone"" rel=""nofollow"">Twitter for iPhone</a>","","http://ameblo.jp/ishiharakaori-0806/entry-12222348612.html","",""
"801385968414564352","★ゆいかおりLIVE TOUR「Starlight Link」
チケット2次先行予約に当選された皆様！決済選択期間は【明日まで】です！決済選択後は、期限内に入金のお手続きもお忘れなく～！決済選択はコチラから♪⇒https://t.co/HFrBKTXtPB
#yuikaori https://t.co/pURhc9hNuX","ja","Tweet","ゆいかおり(小倉 唯＆石原夏織)公式","YUIKAORI_STAFF","","0","28","0","86","0","2016-11-23 20:24:38","https://x.com/YUIKAORI_STAFF/status/801385968414564352","<a href=""http://twitter.com/download/iphone"" rel=""nofollow"">Twitter for iPhone</a>","#yuikaori","https://www.yuikaori-entry.com","photo","https://pbs.twimg.com/media/Cx8YSWLUoAAo06d.jpg"
"801085243331485697","このあと26時〜放送のTBS「ライブB♪」にて小倉 唯が「Future Strike」を初披露しますよ！！！お見逃しなくっ！https://t.co/ReH4pLqYnh　 #小倉唯 #ライブB #tbs","ja","Tweet","ゆいかおり(小倉 唯＆石原夏織)公式","YUIKAORI_STAFF","","1","102","4","182","0","2016-11-23 00:29:40","https://x.com/YUIKAORI_STAFF/status/801085243331485697","<a href=""http://twitter.com/download/iphone"" rel=""nofollow"">Twitter for iPhone</a>","#小倉唯, #ライブB, #tbs","http://tbs.co.jp/live-b/","",""
"801056200624218112","アメブロを更新しました。 『ライブBさん♪☆』
 ⇒https://t.co/DGTJcoIxJA","ja","Tweet","ゆいかおり(小倉 唯＆石原夏織)公式","YUIKAORI_STAFF","","0","173","0","320","0","2016-11-22 22:34:15","https://x.com/YUIKAORI_STAFF/status/801056200624218112","<a href=""http://twitter.com/download/iphone"" rel=""nofollow"">Twitter for iPhone</a>","","http://ameblo.jp/ogurayui-0815/entry-12221984549.html","",""
"800990615936741376","★ゆいかおりLIVE TOUR「Starlight Link」
チケット2次先行予約に当選された方の決済選択期間は【11/24(木)18:00迄】！お手続きを忘れてしまうと当選が無効となるのでご注意下さいね♪https://t.co/HFrBKTXtPB
#yuikaori https://t.co/xPKBBSrm58","ja","Tweet","ゆいかおり(小倉 唯＆石原夏織)公式","YUIKAORI_STAFF","","0","26","0","91","0","2016-11-22 18:13:39","https://x.com/YUIKAORI_STAFF/status/800990615936741376","<a href=""http://twitter.com"" rel=""nofollow"">Twitter Web Client</a>","#yuikaori","https://www.yuikaori-entry.com","photo","https://pbs.twimg.com/media/Cx2wrcaUUAA-bE7.jpg"
"800942173482991616","今夜26時から放送のTBS「ライブB♪」に小倉 唯が出演しますよ！！！是非是非ご覧下さいね♪
https://t.co/8AsR6pPfpi　 #小倉唯 #ライブB #tbs","ja","Tweet","ゆいかおり(小倉 唯＆石原夏織)公式","YUIKAORI_STAFF","","2","213","4","294","0","2016-11-22 15:01:09","https://x.com/YUIKAORI_STAFF/status/800942173482991616","<a href=""http://twitter.com"" rel=""nofollow"">Twitter Web Client</a>","#小倉唯, #ライブB, #tbs","http://www.tbs.co.jp/live-b/","",""
"800625132175704065","≪ゆいかおりLIVE TOUR『Starlight Link』≫ 
チケット2次先行予約に当選された皆さん！決済選択期間は【11/24(木)18:00まで】です！お手続きをお忘れなく～♪https://t.co/HFrBKTXtPB
#yuikaori https://t.co/elEmNJUAFy","ja","Tweet","ゆいかおり(小倉 唯＆石原夏織)公式","YUIKAORI_STAFF","","0","36","1","103","0","2016-11-21 18:01:21","https://x.com/YUIKAORI_STAFF/status/800625132175704065","<a href=""http://twitter.com"" rel=""nofollow"">Twitter Web Client</a>","#yuikaori","https://www.yuikaori-entry.com","photo","https://pbs.twimg.com/media/CxxkQwiUsAAGEyo.jpg"
"800367825458065408","小倉 唯LIVE BD&amp;DVD「High-Touch☆Summer」が2017年2/8に発売されることが決定！！7/10 幕張メッセ イベントホールでのライブの模様が完全収録♪ 映像特典にはツアーの裏側と、幕間映像撮影を追ったメイキング映像も収録予定です！！！ #小倉唯 #HS","ja","Tweet","ゆいかおり(小倉 唯＆石原夏織)公式","YUIKAORI_STAFF","","4","436","25","581","0","2016-11-21 00:58:54","https://x.com/YUIKAORI_STAFF/status/800367825458065408","<a href=""http://twitter.com"" rel=""nofollow"">Twitter Web Client</a>","#小倉唯, #HS","","",""
"800359822285643777","まもなく24:30〜実ラジ始まりますよーー！！！#yuikaori #実ラジ","ja","Tweet","ゆいかおり(小倉 唯＆石原夏織)公式","YUIKAORI_STAFF","","0","29","0","98","0","2016-11-21 00:27:06","https://x.com/YUIKAORI_STAFF/status/800359822285643777","<a href=""http://twitter.com/download/iphone"" rel=""nofollow"">Twitter for iPhone</a>","#yuikaori, #実ラジ","","",""
"800351117754253313","この後24:30〜文化放送にて「ゆいかおりの実♪」が放送されますよ！！#yuikaori #実ラジ","ja","Tweet","ゆいかおり(小倉 唯＆石原夏織)公式","YUIKAORI_STAFF","","1","40","0","110","0","2016-11-20 23:52:30","https://x.com/YUIKAORI_STAFF/status/800351117754253313","<a href=""http://twitter.com/download/iphone"" rel=""nofollow"">Twitter for iPhone</a>","#yuikaori, #実ラジ","","",""
"800344476178755584","小倉唯 公式ブログを更新しました。 『お渡し会〜東京〜☆』 
https://t.co/SpT28W9ISv","ja","Tweet","ゆいかおり(小倉 唯＆石原夏織)公式","YUIKAORI_STAFF","","1","208","2","348","0","2016-11-20 23:26:07","https://x.com/YUIKAORI_STAFF/status/800344476178755584","<a href=""https://ameblo.jp/"" rel=""nofollow"">Ameba_Blog</a>","","http://ameblo.jp/ogurayui-0815/entry-12221383276.html","",""
"800332941284896770","本日はアニメイト池袋さん、とらのあな秋葉原さん、AKIHABARAゲーマーズさんにて小倉 唯「Future Strike」ポスターお渡し会でした！！ご来場頂いた皆様ありがとうございました！！！#小倉唯 #FutureStrike https://t.co/Q3ZFJ5DSwF","ja","Tweet","ゆいかおり(小倉 唯＆石原夏織)公式","YUIKAORI_STAFF","","12","777","15","1483","3","2016-11-20 22:40:17","https://x.com/YUIKAORI_STAFF/status/800332941284896770","<a href=""http://twitter.com/download/iphone"" rel=""nofollow"">Twitter for iPhone</a>","#小倉唯, #FutureStrike","","photo","https://pbs.twimg.com/media/CxtafbMUoAArsjn.jpg
https://pbs.twimg.com/media/CxtafbLUsAAQgGY.jpg
https://pbs.twimg.com/media/CxtafbLUUAIlaDr.jpg"
"800150311713193985","アメブロを更新しました。 『猫の恩返し☆』 
⇒https://t.co/zBYlpW5tXN","ja","Tweet","ゆいかおり(小倉 唯＆石原夏織)公式","YUIKAORI_STAFF","","0","161","0","276","0","2016-11-20 10:34:35","https://x.com/YUIKAORI_STAFF/status/800150311713193985","<a href=""http://twitter.com/download/iphone"" rel=""nofollow"">Twitter for iPhone</a>","","http://ameblo.jp/ogurayui-0815/entry-12221166416.html","",""
"799998907337977857","小倉 唯「Future Strike」がOPテーマTVアニメ「ViVid Strike!」の第8話がTOKYO MX、BS11他にて放送中！！！是非ご覧下さい♪#小倉唯 #vvst #vivid_strike","ja","Tweet","ゆいかおり(小倉 唯＆石原夏織)公式","YUIKAORI_STAFF","","0","51","1","162","0","2016-11-20 00:32:57","https://x.com/YUIKAORI_STAFF/status/799998907337977857","<a href=""http://twitter.com/download/iphone"" rel=""nofollow"">Twitter for iPhone</a>","#小倉唯, #vvst, #vivid_strike","","",""
"799276052648312832","アメブロを更新しました。 『ライブB♪さん☆』 
⇒https://t.co/PWCNwkiaiW","ja","Tweet","ゆいかおり(小倉 唯＆石原夏織)公式","YUIKAORI_STAFF","","0","177","1","354","0","2016-11-18 00:40:35","https://x.com/YUIKAORI_STAFF/status/799276052648312832","<a href=""https://mobile.twitter.com"" rel=""nofollow"">Twitter Web App</a>","","http://s.ameblo.jp/ogurayui-0815/entry-12220493169.html","",""
"799161139703660544","☆ゆいかおりLIVE TOUR 「Starlight Link」☆
チケット2次先行予約の当落結果が本日発表となりました！決済選択期間は【11/24(木)18:00まで】！当落結果と併せてご確認くださいね♪https://t.co/HFrBKTXtPB
#yuikaori https://t.co/LpqDH3jn8J","ja","Tweet","ゆいかおり(小倉 唯＆石原夏織)公式","YUIKAORI_STAFF","","0","52","0","108","0","2016-11-17 17:03:58","https://x.com/YUIKAORI_STAFF/status/799161139703660544","<a href=""http://twitter.com"" rel=""nofollow"">Twitter Web Client</a>","#yuikaori","https://www.yuikaori-entry.com","photo","https://pbs.twimg.com/media/CxcvxGRVQAAXPBq.jpg"
"798904268530925568","アメブロを更新しました。 『溺れるナイフ』 
⇒https://t.co/5ja6vpwC9l","ja","Tweet","ゆいかおり(小倉 唯＆石原夏織)公式","YUIKAORI_STAFF","","0","122","0","281","0","2016-11-17 00:03:15","https://x.com/YUIKAORI_STAFF/status/798904268530925568","<a href=""http://twitter.com/download/iphone"" rel=""nofollow"">Twitter for iPhone</a>","","http://ameblo.jp/ishiharakaori-0806/entry-12220175636.html","",""
"798865772302868480","≪ゆいかおり・小倉唯：公式サイト更新≫
小倉 唯 出演、TBS「ライブB♪」11月22日(火)放送決定！ https://t.co/8G2nn7Ipvc
#小倉唯","ja","Tweet","ゆいかおり(小倉 唯＆石原夏織)公式","YUIKAORI_STAFF","","0","202","2","291","0","2016-11-16 21:30:16","https://x.com/YUIKAORI_STAFF/status/798865772302868480","<a href=""http://twitter.com"" rel=""nofollow"">Twitter Web Client</a>","#小倉唯","http://www.yuikaori.info/info/1938/","",""
"797822796491431940","まもなく24:30〜実ラジ始まりますよーー！！！#yuikaori #実ラジ","ja","Tweet","ゆいかおり(小倉 唯＆石原夏織)公式","YUIKAORI_STAFF","","1","59","1","122","0","2016-11-14 00:25:52","https://x.com/YUIKAORI_STAFF/status/797822796491431940","<a href=""http://twitter.com/download/iphone"" rel=""nofollow"">Twitter for iPhone</a>","#yuikaori, #実ラジ","","",""
"797777860043751425","「らじらー！サンデー」ゲスト出演させて頂きました♪♪お聞き頂いた皆様ありがとうございました！！！
#nhkらじらー #小倉唯 #FutureStrike https://t.co/Ktv2H8CTQ8","ja","Tweet","ゆいかおり(小倉 唯＆石原夏織)公式","YUIKAORI_STAFF","","0","216","2","536","0","2016-11-13 21:27:18","https://x.com/YUIKAORI_STAFF/status/797777860043751425","<a href=""http://twitter.com/download/iphone"" rel=""nofollow"">Twitter for iPhone</a>","#nhkらじらー, #小倉唯, #FutureStrike","","photo","https://pbs.twimg.com/media/CxJGuGMUUAAz-yj.jpg"
"797757074046218241","まもなく放送開始するNHKラジオ第1「らじらー！サンデー」に小倉唯がゲスト出演しますよ！！！
https://t.co/WLwvaQXGVE
#nhkらじらー #小倉唯","ja","Tweet","ゆいかおり(小倉 唯＆石原夏織)公式","YUIKAORI_STAFF","","0","73","0","122","0","2016-11-13 20:04:42","https://x.com/YUIKAORI_STAFF/status/797757074046218241","<a href=""http://twitter.com/download/iphone"" rel=""nofollow"">Twitter for iPhone</a>","#nhkらじらー, #小倉唯","http://nhk.or.jp/radirer/arts/","",""
"797723498747609088","本日20:05〜放送のNHKラジオ第1「らじらー！サンデー」内の『声優アーツ』に小倉唯がゲスト出演します！！ 是非聞いて下さいね♪
https://t.co/yFUVX7R19y
#nhkらじらー #小倉唯","ja","Tweet","ゆいかおり(小倉 唯＆石原夏織)公式","YUIKAORI_STAFF","","0","87","2","131","0","2016-11-13 17:51:17","https://x.com/YUIKAORI_STAFF/status/797723498747609088","<a href=""http://twitter.com/download/iphone"" rel=""nofollow"">Twitter for iPhone</a>","#nhkらじらー, #小倉唯","https://www.nhk.or.jp/radirer/arts/","",""
"797460786620661760","この後24:30〜TOKYO MX、BS11他にて小倉 唯「Future Strike」がOPテーマのTVアニメ「ViVid Strike!」の第7話が放送されます！是非ご覧下さいね♪#小倉唯 #vvst #vivid_strike","ja","Tweet","ゆいかおり(小倉 唯＆石原夏織)公式","YUIKAORI_STAFF","","0","42","1","141","0","2016-11-13 00:27:22","https://x.com/YUIKAORI_STAFF/status/797460786620661760","<a href=""http://twitter.com/download/iphone"" rel=""nofollow"">Twitter for iPhone</a>","#小倉唯, #vvst, #vivid_strike","","",""
"796925269537755137","小倉 唯がTBS「ライブB♪」に出演することが決定しました！！現在番組観覧者を募集していますよ！こちらからチェックして下さいね♪ https://t.co/LAhqdLCqEG
応募締め切りは11/14(月)12時までです！！！ #小倉唯 #ライブB #tbs https://t.co/QeFCDbNk4M","ja","Tweet","ゆいかおり(小倉 唯＆石原夏織)公式","YUIKAORI_STAFF","","1","436","5","705","0","2016-11-11 12:59:25","https://x.com/YUIKAORI_STAFF/status/796925269537755137","<a href=""http://twitter.com"" rel=""nofollow"">Twitter Web Client</a>","#小倉唯, #ライブB, #tbs","http://www.yuikaori.info/info/1936/","video","https://video.twimg.com/ext_tw_video/796924754145865728/pu/vid/1280x720/LsUVjHR_F8XWAUFe.mp4"
"796918031096000512","≪ゆいかおり・小倉唯：公式サイト更新≫
小倉 唯 TBS「ライブB♪」出演決定＆観覧募集のお知らせ https://t.co/LAhqdLCqEG
#小倉唯","ja","Tweet","ゆいかおり(小倉 唯＆石原夏織)公式","YUIKAORI_STAFF","","0","183","5","250","0","2016-11-11 12:30:39","https://x.com/YUIKAORI_STAFF/status/796918031096000512","<a href=""http://twitter.com"" rel=""nofollow"">Twitter Web Client</a>","#小倉唯","http://www.yuikaori.info/info/1936/","",""
"796884147830603776","アメブロを更新しました。 『ラジオ&amp;ニューシングル☆』 
⇒https://t.co/uMQeI8Veq2","ja","Tweet","ゆいかおり(小倉 唯＆石原夏織)公式","YUIKAORI_STAFF","","0","193","0","334","0","2016-11-11 10:16:00","https://x.com/YUIKAORI_STAFF/status/796884147830603776","<a href=""https://mobile.twitter.com"" rel=""nofollow"">Twitter Web App</a>","","http://s.ameblo.jp/ogurayui-0815/entry-12218373279.html","",""
"795992112563007488","アメブロを更新しました。 『カズープ！』 
⇒https://t.co/St9m5GhuXx","ja","Tweet","ゆいかおり(小倉 唯＆石原夏織)公式","YUIKAORI_STAFF","","0","117","0","264","0","2016-11-08 23:11:23","https://x.com/YUIKAORI_STAFF/status/795992112563007488","<a href=""http://twitter.com/download/iphone"" rel=""nofollow"">Twitter for iPhone</a>","","http://ameblo.jp/ishiharakaori-0806/entry-12217665364.html","",""
"795973341030989824","小倉 唯「Future Strike」MUSIC VIDEOのアナザーカット『Lip ver.』の一部を公開！！フルバージョンは各主要配信サイトにて配信中です♪ https://t.co/3BpMPbzyw3
  #小倉唯 #FutureStrike #vivid_strike https://t.co/fNNO5z5DTl","ja","Tweet","ゆいかおり(小倉 唯＆石原夏織)公式","YUIKAORI_STAFF","","1","487","7","696","2","2016-11-08 21:56:47","https://x.com/YUIKAORI_STAFF/status/795973341030989824","<a href=""http://twitter.com"" rel=""nofollow"">Twitter Web Client</a>","#小倉唯, #FutureStrike, #vivid_strike","https://www.youtube.com/watch?v=luF7YxEqLUM","video","https://video.twimg.com/ext_tw_video/795972883369496576/pu/vid/1280x720/YcRHo4RpKE_Nok3i.mp4"
"795898702409895938","≪締切まであと1時間！≫
いよいよまもなく受付終了！！ゆいかおりLIVE TOUR「Starlight Link」のチケット2次先行予約受付は【本日18:00まで】！残り1時間となりました！お急ぎください～！https://t.co/aL2l5SMYQa 
#yuikaori https://t.co/qLAw5b4sz1","ja","Tweet","ゆいかおり(小倉 唯＆石原夏織)公式","YUIKAORI_STAFF","","0","40","0","82","0","2016-11-08 17:00:12","https://x.com/YUIKAORI_STAFF/status/795898702409895938","<a href=""http://twitter.com"" rel=""nofollow"">Twitter Web Client</a>","#yuikaori","http://www.yuikaori.info/team_yuikaori/","photo","https://pbs.twimg.com/media/CwuZZXHVEAAh-eQ.jpg"
"795869114686324740","≪締切まであと3時間！≫
ゆいかおりLIVE TOUR「Starlight Link」のチケット最速先行予約受付は【本日18:00まで】！受付終了まで残りわずかです！このチャンスをお見逃しなく☆https://t.co/HFrBKTXtPB 
#yuikaori https://t.co/n0GST2TMuZ","ja","Tweet","ゆいかおり(小倉 唯＆石原夏織)公式","YUIKAORI_STAFF","","1","39","0","82","0","2016-11-08 15:02:38","https://x.com/YUIKAORI_STAFF/status/795869114686324740","<a href=""http://twitter.com"" rel=""nofollow"">Twitter Web Client</a>","#yuikaori","https://www.yuikaori-entry.com","photo","https://pbs.twimg.com/media/Cwt7hiuVQAAgMPm.jpg"
"795823408483209216","≪受付終了は本日！≫
ゆいかおりLIVE TOUR「Starlight Link」2次先行予約受付のお申込みは【本日18:00】まで！いよいよ今日で受付締切です！お時間に余裕をもってお申込みくださいね♪https://t.co/HFrBKTXtPB
#yuikaori https://t.co/I6hAYbTaF0","ja","Tweet","ゆいかおり(小倉 唯＆石原夏織)公式","YUIKAORI_STAFF","","0","58","0","104","0","2016-11-08 12:01:00","https://x.com/YUIKAORI_STAFF/status/795823408483209216","<a href=""http://twitter.com/download/iphone"" rel=""nofollow"">Twitter for iPhone</a>","#yuikaori","https://www.yuikaori-entry.com","photo","https://pbs.twimg.com/media/CwtVKymUkAEeRay.jpg"
"795608030616244224","本日発売の「B.L.T. VOICE GIRLS Vol.28」に小倉 唯のグラビアとリリースインタビューが掲載されていますよ♪ぜひぜひチェックして下さいね！！https://t.co/GKeuFIvxbu #小倉唯 #FutureStrike","ja","Tweet","ゆいかおり(小倉 唯＆石原夏織)公式","YUIKAORI_STAFF","","0","92","0","184","0","2016-11-07 21:45:10","https://x.com/YUIKAORI_STAFF/status/795608030616244224","<a href=""http://twitter.com"" rel=""nofollow"">Twitter Web Client</a>","#小倉唯, #FutureStrike","http://zasshi.tv/products/detail/HBBLT161107_001-00-00-00-00-00","",""
"795551925437501440","≪締切まであと1日！≫
ゆいかおりLIVE TOUR「Starlight Link」チケット2次先行予約受付は【11/8(火)18:00】まで！いよいよ明日で受付締切です！お申込みのお忘れはないでしょうか？☆☆https://t.co/HFrBKTXtPB 
#yuikaori https://t.co/wnvV0ES6xZ","ja","Tweet","ゆいかおり(小倉 唯＆石原夏織)公式","YUIKAORI_STAFF","","0","56","0","103","0","2016-11-07 18:02:14","https://x.com/YUIKAORI_STAFF/status/795551925437501440","<a href=""http://twitter.com"" rel=""nofollow"">Twitter Web Client</a>","#yuikaori","https://www.yuikaori-entry.com","photo","https://pbs.twimg.com/media/CwpeJDdUQAAuAz3.jpg"
"795297110128107520","小倉唯 公式ブログを更新しました。 『「ガールフレンド(仮)」～4th ANNIVERSARY LIVE〜☆』 
https://t.co/VUuBVDEo8x","ja","Tweet","ゆいかおり(小倉 唯＆石原夏織)公式","YUIKAORI_STAFF","","0","308","4","515","0","2016-11-07 01:09:41","https://x.com/YUIKAORI_STAFF/status/795297110128107520","<a href=""https://ameblo.jp/"" rel=""nofollow"">Ameba_Blog</a>","","http://ameblo.jp/ogurayui-0815/entry-12217075493.html","",""
"795286417395982337","実ラジ始まりますよー♪
 #yuikaori #ゆいかおり #実ラジ #joqr","ja","Tweet","ゆいかおり(小倉 唯＆石原夏織)公式","YUIKAORI_STAFF","","0","49","0","110","0","2016-11-07 00:27:12","https://x.com/YUIKAORI_STAFF/status/795286417395982337","<a href=""http://twitter.com/download/iphone"" rel=""nofollow"">Twitter for iPhone</a>","#yuikaori, #ゆいかおり, #実ラジ, #joqr","","",""
"795277068720173057","この後24:30〜文化放送にて「ゆいかおりの実♪」が放送されますよー！是非聞いて下さいね〜！！
 #yuikaori #ゆいかおり #実ラジ #joqr","ja","Tweet","ゆいかおり(小倉 唯＆石原夏織)公式","YUIKAORI_STAFF","","0","52","0","118","0","2016-11-06 23:50:03","https://x.com/YUIKAORI_STAFF/status/795277068720173057","<a href=""http://twitter.com/download/iphone"" rel=""nofollow"">Twitter for iPhone</a>","#yuikaori, #ゆいかおり, #実ラジ, #joqr","","",""
"795265401215021057","≪ゆいかおり・小倉唯：公式サイト更新≫
小倉 唯　NHKラジオ第1「らじらー！サンデー」内『声優アーツ』出演決定！ 
https://t.co/WcKAWPvQ8a
#小倉唯","ja","Tweet","ゆいかおり(小倉 唯＆石原夏織)公式","YUIKAORI_STAFF","","0","115","2","190","0","2016-11-06 23:03:41","https://x.com/YUIKAORI_STAFF/status/795265401215021057","<a href=""http://twitter.com/download/iphone"" rel=""nofollow"">Twitter for iPhone</a>","#小倉唯","http://www.yuikaori.info/info/1921/","",""
"795189235074535424","☆ゆいかおりLIVE TOUR「Starlight Link」☆
チケット2次先行予約受付中です～！いよいよ残りあと【2日】！期限は11/8(火)18:00までですよ！このチャンスにぜひぜひお申込みくださいね～♪
https://t.co/HFrBKTXtPB
#yuikaori https://t.co/AqjrqIvFZD","ja","Tweet","ゆいかおり(小倉 唯＆石原夏織)公式","YUIKAORI_STAFF","","0","58","1","103","0","2016-11-06 18:01:02","https://x.com/YUIKAORI_STAFF/status/795189235074535424","<a href=""http://twitter.com"" rel=""nofollow"">Twitter Web Client</a>","#yuikaori","https://www.yuikaori-entry.com","photo","https://pbs.twimg.com/media/CwkUTMgVEAAD0s7.jpg"
"795184492633722880","【イベント情報】
小倉唯ニューシングル「Future Strike」の発売記念イベントが開催されます！こちらのご応募""11/7(月)必着""となっています！お忘れなく！https://t.co/VMJUBA5eBk
#小倉唯 #FutureStrike #vivid_strike https://t.co/Bwr7tlOGOX","ja","Tweet","ゆいかおり(小倉 唯＆石原夏織)公式","YUIKAORI_STAFF","","0","73","2","144","0","2016-11-06 17:42:11","https://x.com/YUIKAORI_STAFF/status/795184492633722880","<a href=""http://twitter.com/download/iphone"" rel=""nofollow"">Twitter for iPhone</a>","#小倉唯, #FutureStrike, #vivid_strike","http://www.yuikaori.info/info/1821/","photo","https://pbs.twimg.com/media/CwkQEhQUsAA0TeO.jpg"
"795093557279223809","アメブロを更新しました。 『久々に漫画を読んでます笑』
 ⇒https://t.co/8MR4J6dVrz","ja","Tweet","ゆいかおり(小倉 唯＆石原夏織)公式","YUIKAORI_STAFF","","0","139","2","300","0","2016-11-06 11:40:50","https://x.com/YUIKAORI_STAFF/status/795093557279223809","<a href=""http://twitter.com/download/iphone"" rel=""nofollow"">Twitter for iPhone</a>","","http://ameblo.jp/ishiharakaori-0806/entry-12216840084.html","",""
"794848968542822400","小倉唯""最強""のシングル「Future Strike」絶賛発売中！MVではスタントマン無しの殺陣に初挑戦！https://t.co/PcO3piQTjJ
#小倉唯 #FutureStrike #vivid_strike https://t.co/T4gFVtDLfq","ja","Tweet","ゆいかおり(小倉 唯＆石原夏織)公式","YUIKAORI_STAFF","","1","168","1","310","0","2016-11-05 19:28:56","https://x.com/YUIKAORI_STAFF/status/794848968542822400","<a href=""http://twitter.com/download/iphone"" rel=""nofollow"">Twitter for iPhone</a>","#小倉唯, #FutureStrike, #vivid_strike","https://www.youtube.com/watch?v=1kAnEUDkoNw","video","https://video.twimg.com/ext_tw_video/794848841161768961/pu/vid/1280x720/IGgohRPR15tGSjhE.mp4"
"794828306986115072","☆ゆいかおりLIVE TOUR「Starlight Link」☆
チケット2次先行予約受付中！受付期間は11/8(火)18:00まで！残りあと【3日】です！！お忘れのないようお申込みはお早めに～♪
https://t.co/HFrBKTXtPB
#yuikaori https://t.co/URRn1zDkIJ","ja","Tweet","ゆいかおり(小倉 唯＆石原夏織)公式","YUIKAORI_STAFF","","0","60","0","108","0","2016-11-05 18:06:50","https://x.com/YUIKAORI_STAFF/status/794828306986115072","<a href=""http://twitter.com"" rel=""nofollow"">Twitter Web Client</a>","#yuikaori","https://www.yuikaori-entry.com","photo","https://pbs.twimg.com/media/CwfMGWLUQAAwADD.jpg"
"794552711647629313","≪ゆいかおり・小倉唯：公式サイト更新≫
小倉 唯が文化放送「井口裕香のトーキングすむすむ」に出演することが決定しました！ 詳しくはこちら♪
⇒https://t.co/AA7mn0AOaC","ja","Tweet","ゆいかおり(小倉 唯＆石原夏織)公式","YUIKAORI_STAFF","","0","96","2","188","0","2016-11-04 23:51:43","https://x.com/YUIKAORI_STAFF/status/794552711647629313","<a href=""http://twitter.com/download/iphone"" rel=""nofollow"">Twitter for iPhone</a>","","http://www.yuikaori.info/info/1928/","",""
"794464232582434816","☆ゆいかおりLIVE TOUR「Starlight Link」☆
チケット2次先行予約受付中！！受付期間は11/8(火)18:00まで！下記よりお申込み頂けます♪このチャンスをお見逃しなく♡↓↓↓
https://t.co/HFrBKTXtPB
#yuikaori https://t.co/doCSqU2qVM","ja","Tweet","ゆいかおり(小倉 唯＆石原夏織)公式","YUIKAORI_STAFF","","0","51","0","100","0","2016-11-04 18:00:08","https://x.com/YUIKAORI_STAFF/status/794464232582434816","<a href=""http://twitter.com"" rel=""nofollow"">Twitter Web Client</a>","#yuikaori","https://www.yuikaori-entry.com","photo","https://pbs.twimg.com/media/CwZ6IWHUQAACkGw.jpg"
"794446924996755456","フリーペーパーアニカンVol.172の巻頭特集にて小倉 唯のインタビューが掲載されていますよ！！是非チェックして下さいね♪♪ https://t.co/qdGvWyJuF6 #小倉唯 #FutureStrike #vivid_strike #vvst","ja","Tweet","ゆいかおり(小倉 唯＆石原夏織)公式","YUIKAORI_STAFF","","0","87","0","177","0","2016-11-04 16:51:21","https://x.com/YUIKAORI_STAFF/status/794446924996755456","<a href=""http://twitter.com"" rel=""nofollow"">Twitter Web Client</a>","#小倉唯, #FutureStrike, #vivid_strike, #vvst","http://anican.jp/backnumber/","",""
"794421672866516992","【イベント情報】
小倉唯ニューシングル「Future Strike」の発売記念イベントが開催されます！こちらのご応募""11/7(月)必着""となっています！お忘れなく！https://t.co/VMJUBA5eBk
#小倉唯 #FutureStrike #vivid_strike https://t.co/wNo1dH97T6","ja","Tweet","ゆいかおり(小倉 唯＆石原夏織)公式","YUIKAORI_STAFF","","0","93","0","173","0","2016-11-04 15:11:01","https://x.com/YUIKAORI_STAFF/status/794421672866516992","<a href=""http://twitter.com/download/iphone"" rel=""nofollow"">Twitter for iPhone</a>","#小倉唯, #FutureStrike, #vivid_strike","http://www.yuikaori.info/info/1821/","photo","https://pbs.twimg.com/media/CwZaS7jVQAApFQN.jpg"
"794421533909217280","小倉唯""最強""のシングル「Future Strike」絶賛発売中！是非GETしてくださいね！https://t.co/PcO3piQTjJ
#小倉唯 #FutureStrike #vivid_strike https://t.co/0dDb2jCM5P","ja","Tweet","ゆいかおり(小倉 唯＆石原夏織)公式","YUIKAORI_STAFF","","0","191","0","407","3","2016-11-04 15:10:27","https://x.com/YUIKAORI_STAFF/status/794421533909217280","<a href=""http://twitter.com/download/iphone"" rel=""nofollow"">Twitter for iPhone</a>","#小倉唯, #FutureStrike, #vivid_strike","https://www.youtube.com/watch?v=1kAnEUDkoNw","photo","https://pbs.twimg.com/media/CwZaKoyUkAALhBe.jpg"
"794206847028707329","アメブロを更新しました。 『Future Strike〜MVのこと〜☆』 
⇒https://t.co/EfFpKAH55L","ja","Tweet","ゆいかおり(小倉 唯＆石原夏織)公式","YUIKAORI_STAFF","","0","204","2","373","0","2016-11-04 00:57:22","https://x.com/YUIKAORI_STAFF/status/794206847028707329","<a href=""https://mobile.twitter.com"" rel=""nofollow"">Twitter Web App</a>","","http://s.ameblo.jp/ogurayui-0815/entry-12216133089.html","",""
"794152636886831104","オリコンデイリー4位、シングルダウンロードランキング1位、みんなありがとう〜☺️💓どうか引き続き応援よろしくお願いしますっ！😣✨あ！そして、ポスターお渡し会の応募も忘れずにね〜( ´ ▽ ` )ﾉ by小倉唯 https://t.co/HVaqvfkkIB","ja","Tweet","ゆいかおり(小倉 唯＆石原夏織)公式","YUIKAORI_STAFF","","55","1301","11","2442","2","2016-11-03 21:21:57","https://x.com/YUIKAORI_STAFF/status/794152636886831104","<a href=""http://twitter.com/download/iphone"" rel=""nofollow"">Twitter for iPhone</a>","","","photo","https://pbs.twimg.com/media/CwVlmpeVIAA2ZEi.jpg"
"794145936188391425","【小倉唯出演情報】
小倉唯がこのあと23:30〜BS11「アニゲー☆イレブン！」に出演します！お見逃しなく！
https://t.co/15LnudeuBG
#小倉唯 #FutureStrike","ja","Tweet","ゆいかおり(小倉 唯＆石原夏織)公式","YUIKAORI_STAFF","","0","162","2","219","0","2016-11-03 20:55:20","https://x.com/YUIKAORI_STAFF/status/794145936188391425","<a href=""http://twitter.com/download/iphone"" rel=""nofollow"">Twitter for iPhone</a>","#小倉唯, #FutureStrike","http://www.bs11.jp/anime/4720/","",""
"794072750029762560","【Future Strike制作裏話②】
制作裏話②！
通常盤ジャケット写真の大きな時計はなんと合成ではなく、この日のためにセットとして一から作られたもの。撮影終了後もったいないながらも解体しましたが、いまにもネジが動き出しそうな精巧な作りにビックリです…#小倉唯 https://t.co/MXZKY1jLaF","ja","Tweet","ゆいかおり(小倉 唯＆石原夏織)公式","YUIKAORI_STAFF","","1","371","4","867","1","2016-11-03 16:04:31","https://x.com/YUIKAORI_STAFF/status/794072750029762560","<a href=""http://twitter.com/download/iphone"" rel=""nofollow"">Twitter for iPhone</a>","#小倉唯","","photo","https://pbs.twimg.com/media/CwUc80QUQAUKl9o.jpg
https://pbs.twimg.com/media/CwUc80NVIAA3CIz.jpg"
"794063817307062272","【Future Strike制作裏噺①】
オフショットと共に制作裏噺①！
通常盤ジャケット写真で宙に浮いている唯ちゃん。実はこちらも合成ではなく、浮遊感を出すため、実際にワイヤーに吊られ浮いています！足の組み方など試行錯誤を重ね、完成しました！#小倉唯 https://t.co/sH5CP7PfEd","ja","Tweet","ゆいかおり(小倉 唯＆石原夏織)公式","YUIKAORI_STAFF","","0","404","5","800","0","2016-11-03 15:29:01","https://x.com/YUIKAORI_STAFF/status/794063817307062272","<a href=""http://twitter.com/download/iphone"" rel=""nofollow"">Twitter for iPhone</a>","#小倉唯","","photo","https://pbs.twimg.com/media/CwUU0XpUkAAN_om.jpg"
"794062455697612800","皆さんご投票ありがとうございました！気になる正解は②の「いや、きっとワイヤーで吊られてるに違いない！」と③の「天使だから浮いている」でした！！
#小倉唯 #FutureStrike #不正はなかった https://t.co/uY0MJ7AvE4","ja","Tweet","ゆいかおり(小倉 唯＆石原夏織)公式","YUIKAORI_STAFF","","1","234","10","343","0","2016-11-03 15:23:37","https://x.com/YUIKAORI_STAFF/status/794062455697612800","<a href=""http://twitter.com/download/iphone"" rel=""nofollow"">Twitter for iPhone</a>","#小倉唯, #FutureStrike, #不正はなかった","https://x.com/yuikaori_staff/status/793673756908531713","",""
"793673756908531713","通常盤ジャケット写真の浮いている唯ちゃん。あなたはどれを選ぶ？
#小倉唯 #FutureStrike #vivid_strike","ja","Quoted","ゆいかおり(小倉 唯＆石原夏織)公式","YUIKAORI_STAFF","","10","645","24","509","1","2016-11-02 13:39:04","https://x.com/YUIKAORI_STAFF/status/793673756908531713","<a href=""http://twitter.com/download/iphone"" rel=""nofollow"">Twitter for iPhone</a>","#小倉唯, #FutureStrike, #vivid_strike","","",""
"793740072281440256","【祝】いよいよ！本日11月2日☆小倉唯ニューシングル「Future Strike」が発売〜(^O^)♪ MVでは、初めての殺陣に挑戦したり、涙を流したりと…😢見どころ満載！！皆さん是非、CDをゲットして楽しんでみて下さいね〜☺️ by小倉唯
#小倉唯 #FutureStrike https://t.co/9izxfkDIuW","ja","Tweet","ゆいかおり(小倉 唯＆石原夏織)公式","YUIKAORI_STAFF","","5","468","2","1002","1","2016-11-02 18:02:34","https://x.com/YUIKAORI_STAFF/status/793740072281440256","<a href=""http://twitter.com/download/iphone"" rel=""nofollow"">Twitter for iPhone</a>","#小倉唯, #FutureStrike","","photo","https://pbs.twimg.com/media/CwPuYeRUkAAHyOQ.jpg"
"793739705879633921","小倉唯 公式ブログを更新しました。 『リリース＆ハロウィンホームパーティー☆』 
https://t.co/uOlYpauKBQ","ja","Tweet","ゆいかおり(小倉 唯＆石原夏織)公式","YUIKAORI_STAFF","","0","240","6","378","0","2016-11-02 18:01:07","https://x.com/YUIKAORI_STAFF/status/793739705879633921","<a href=""https://ameblo.jp/"" rel=""nofollow"">Ameba_Blog</a>","","http://ameblo.jp/ogurayui-0815/entry-12215642042.html","",""
"793650516316200960","☆ゆいかおりLIVE TOUR「Starlight Link」★
Live Supporters Team YUIKAORIにて、チケット2次先行予約受付が始まりました！期間は11月8日(火)まで！お見逃しなく～！https://t.co/HFrBKTXtPB
#yuikaori https://t.co/3wsNLw26b1","ja","Tweet","ゆいかおり(小倉 唯＆石原夏織)公式","YUIKAORI_STAFF","","0","76","0","120","0","2016-11-02 12:06:43","https://x.com/YUIKAORI_STAFF/status/793650516316200960","<a href=""http://twitter.com"" rel=""nofollow"">Twitter Web Client</a>","#yuikaori","https://www.yuikaori-entry.com","photo","https://pbs.twimg.com/media/CwObS3BVIAA6wpC.jpg"
"793618484856885248","【祝！本日11/2発売日！】
小倉唯""最強""のニューシングル「Future Strike」本日発売日でございます！*\(^o^)/*ぜひご堪能くださいっ！
#小倉唯 #FutureStrike #vivid_strike https://t.co/pzcVG56Oho","ja","Tweet","ゆいかおり(小倉 唯＆石原夏織)公式","YUIKAORI_STAFF","","0","511","3","723","0","2016-11-02 09:59:26","https://x.com/YUIKAORI_STAFF/status/793618484856885248","<a href=""http://twitter.com/download/iphone"" rel=""nofollow"">Twitter for iPhone</a>","#小倉唯, #FutureStrike, #vivid_strike","","photo","https://pbs.twimg.com/media/CwN_zOYUsAETEb7.jpg"
"793458401963417600","NACK5「おに魂」に小倉唯が出演させて頂きました！ありがとうございましたーー♪#小倉唯 #onitama795 #FutureStrike https://t.co/Fk867KC5Yw","ja","Tweet","ゆいかおり(小倉 唯＆石原夏織)公式","YUIKAORI_STAFF","","0","193","0","449","0","2016-11-01 23:23:19","https://x.com/YUIKAORI_STAFF/status/793458401963417600","<a href=""http://twitter.com/download/iphone"" rel=""nofollow"">Twitter for iPhone</a>","#小倉唯, #onitama795, #FutureStrike","","photo","https://pbs.twimg.com/media/CwLuNC3UMAAJtgq.jpg"
"793441808126619648","【ラジオ出演情報】
まもなく！NACK5「おに魂」に小倉唯が出演します！是非お聞き下さい♪
https://t.co/a547sIgf9w #小倉唯 #onitama795 #FutureStrike","ja","Tweet","ゆいかおり(小倉 唯＆石原夏織)公式","YUIKAORI_STAFF","","0","58","0","97","0","2016-11-01 22:17:23","https://x.com/YUIKAORI_STAFF/status/793441808126619648","<a href=""http://twitter.com/download/iphone"" rel=""nofollow"">Twitter for iPhone</a>","#小倉唯, #onitama795, #FutureStrike","http://ameblo.jp/onitama-nack5/","",""
"793420351497654276","【ラジオ出演情報】
本日22:00台ゲストでNACK5「おに魂」に出演しますよ！是非お聞き下さい♪
https://t.co/a547sIgf9w #小倉唯 #onitama795 #FutureStrike","ja","Tweet","ゆいかおり(小倉 唯＆石原夏織)公式","YUIKAORI_STAFF","","0","77","0","99","0","2016-11-01 20:52:07","https://x.com/YUIKAORI_STAFF/status/793420351497654276","<a href=""http://twitter.com/download/iphone"" rel=""nofollow"">Twitter for iPhone</a>","#小倉唯, #onitama795, #FutureStrike","http://ameblo.jp/onitama-nack5/","",""
"793358677252018177","小倉唯ニューシングルに収録される「winter tale」ですが、最後のサビにはドキッ！とするような一言が聴けちゃいます…（≧∇≦）ぜひ！ニューシングルゲットしてくださいね♪https://t.co/HP4sbiNXkB
 #小倉唯 #FutureStrike https://t.co/B8XUnAxh14","ja","Tweet","ゆいかおり(小倉 唯＆石原夏織)公式","YUIKAORI_STAFF","","9","207","4","386","0","2016-11-01 16:47:03","https://x.com/YUIKAORI_STAFF/status/793358677252018177","<a href=""http://twitter.com/download/iphone"" rel=""nofollow"">Twitter for iPhone</a>","#小倉唯, #FutureStrike","https://www.youtube.com/watch?v=fshMgsh1jso&feature=youtu.be","photo","https://pbs.twimg.com/media/CwKTgc7WAAAGNou.jpg"
"793302954359058432","★☆ゆいかおりLIVE TOUR「Starlight Link」 チケット2次先行予約受付決定！☆★
Live Supporters Team YUIKAORIにてチケット2次先行予約を行います！詳しくはコチラ！⇒https://t.co/Y6M6cTqyG2
#yuikaori https://t.co/wyHsC6boqK","ja","Tweet","ゆいかおり(小倉 唯＆石原夏織)公式","YUIKAORI_STAFF","","0","116","0","160","0","2016-11-01 13:05:37","https://x.com/YUIKAORI_STAFF/status/793302954359058432","<a href=""http://twitter.com"" rel=""nofollow"">Twitter Web Client</a>","#yuikaori","http://www.yuikaori.info/team_yuikaori/ticket.html","photo","https://pbs.twimg.com/media/CwJgIXZUEAAktQt.jpg"
"793286589031952384","【イベント情報】
小倉唯ニューシングル「Future Strike」の発売記念イベントが開催されます！こちらのご応募""11/7(月)必着""となっています！お忘れなく！https://t.co/VMJUBA5eBk
#小倉唯 #FutureStrike #vivid_strike https://t.co/0wOwUNZGPm","ja","Tweet","ゆいかおり(小倉 唯＆石原夏織)公式","YUIKAORI_STAFF","","0","105","1","176","0","2016-11-01 12:00:36","https://x.com/YUIKAORI_STAFF/status/793286589031952384","<a href=""http://twitter.com/download/iphone"" rel=""nofollow"">Twitter for iPhone</a>","#小倉唯, #FutureStrike, #vivid_strike","http://www.yuikaori.info/info/1821/","photo","https://pbs.twimg.com/media/CwJR7REVMAAVBIV.jpg"
"793283701610319872","【本日11/1フラゲ日！】
小倉唯""最強""のニューシングル「Future Strike」いよいよ本日フラゲ日でございますーーー！！一足早くGETして、MVやMAKINGなどお楽しみくださいー！
#小倉唯 #FutureStrike #vivid_strike https://t.co/hfkGKtmHOk","ja","Tweet","ゆいかおり(小倉 唯＆石原夏織)公式","YUIKAORI_STAFF","","2","587","8","762","1","2016-11-01 11:49:07","https://x.com/YUIKAORI_STAFF/status/793283701610319872","<a href=""http://twitter.com/download/iphone"" rel=""nofollow"">Twitter for iPhone</a>","#小倉唯, #FutureStrike, #vivid_strike","","video","https://video.twimg.com/ext_tw_video/793283619468943360/pu/vid/1280x720/Qc12UGpyuYHEaqeu.mp4"
"793098165071208449","「レコメン！」お聞き頂きありがとうございました！！小倉 唯ニューシングル「Future Strike」は明後日11/2発売です！！！
https://t.co/ll1QlBII48
#reco1134 #小倉唯 https://t.co/9kCj9N7d9c","ja","Tweet","ゆいかおり(小倉 唯＆石原夏織)公式","YUIKAORI_STAFF","","4","246","6","542","0","2016-10-31 23:31:52","https://x.com/YUIKAORI_STAFF/status/793098165071208449","<a href=""http://twitter.com/download/iphone"" rel=""nofollow"">Twitter for iPhone</a>","#reco1134, #小倉唯","http://joqr.co.jp/reco/","photo","https://pbs.twimg.com/media/CwGmhDvUMAAkCQV.jpg"
"793090291175559169","「レコメン！」始まりましたよ〜！！！
https://t.co/ll1QlBII48
#reco1134 #小倉唯","ja","Tweet","ゆいかおり(小倉 唯＆石原夏織)公式","YUIKAORI_STAFF","","0","45","1","97","0","2016-10-31 23:00:34","https://x.com/YUIKAORI_STAFF/status/793090291175559169","<a href=""http://twitter.com/download/iphone"" rel=""nofollow"">Twitter for iPhone</a>","#reco1134, #小倉唯","http://joqr.co.jp/reco/","",""
"793089203697553408","アメブロを更新しました。 『ルイージ♡』 
⇒https://t.co/rUAAZTyO9W","ja","Tweet","ゆいかおり(小倉 唯＆石原夏織)公式","YUIKAORI_STAFF","","0","200","3","380","0","2016-10-31 22:56:15","https://x.com/YUIKAORI_STAFF/status/793089203697553408","<a href=""http://twitter.com/download/iphone"" rel=""nofollow"">Twitter for iPhone</a>","","http://ameblo.jp/ishiharakaori-0806/entry-12215091629.html","",""
"793083570164232192","文化放送にて放送中の「レコメン！」に小倉 唯がゲスト出演しますよ！23:00〜の出演予定です♪是非お聞き下さいね！！
https://t.co/ll1QlC0jsI
#reco1134 #小倉唯","ja","Tweet","ゆいかおり(小倉 唯＆石原夏織)公式","YUIKAORI_STAFF","","0","75","0","109","0","2016-10-31 22:33:52","https://x.com/YUIKAORI_STAFF/status/793083570164232192","<a href=""http://twitter.com/download/iphone"" rel=""nofollow"">Twitter for iPhone</a>","#reco1134, #小倉唯","http://joqr.co.jp/reco/","",""
"792956341383868416","そして明日はNACK5「おに魂」にゲスト出演しますよ！！こちらも是非お聞き下さいね♪
https://t.co/a547sIgf9w #小倉唯 #onitama795","ja","Tweet","ゆいかおり(小倉 唯＆石原夏織)公式","YUIKAORI_STAFF","","0","55","2","116","0","2016-10-31 14:08:18","https://x.com/YUIKAORI_STAFF/status/792956341383868416","<a href=""http://twitter.com/download/iphone"" rel=""nofollow"">Twitter for iPhone</a>","#小倉唯, #onitama795","http://ameblo.jp/onitama-nack5/","",""
"792955242476281857","小倉 唯が本日放送の文化放送「レコメン！」にゲスト出演します！23:00〜の出演予定ですよ♪
https://t.co/KplCyoIbb6
#reco1134 #小倉唯","ja","Tweet","ゆいかおり(小倉 唯＆石原夏織)公式","YUIKAORI_STAFF","","0","73","0","133","0","2016-10-31 14:03:56","https://x.com/YUIKAORI_STAFF/status/792955242476281857","<a href=""http://twitter.com/download/iphone"" rel=""nofollow"">Twitter for iPhone</a>","#reco1134, #小倉唯","http://www.joqr.co.jp/reco/","",""
"792951370730962944","≪ゆいかおり・小倉唯：公式サイト更新≫
小倉 唯　NACK5「おに魂」に出演！ https://t.co/OcLtgZwiNW
#小倉唯","ja","Tweet","ゆいかおり(小倉 唯＆石原夏織)公式","YUIKAORI_STAFF","","0","58","0","115","0","2016-10-31 13:48:33","https://x.com/YUIKAORI_STAFF/status/792951370730962944","<a href=""http://twitter.com"" rel=""nofollow"">Twitter Web Client</a>","#小倉唯","http://www.yuikaori.info/info/1917/","",""
"792951148441276416","≪ゆいかおり・小倉唯：公式サイト更新≫
小倉 唯　文化放送「レコメン！」に出演！ https://t.co/8eQJfAXmfP
#小倉唯","ja","Tweet","ゆいかおり(小倉 唯＆石原夏織)公式","YUIKAORI_STAFF","","0","64","0","127","0","2016-10-31 13:47:40","https://x.com/YUIKAORI_STAFF/status/792951148441276416","<a href=""http://twitter.com"" rel=""nofollow"">Twitter Web Client</a>","#小倉唯","http://www.yuikaori.info/info/1915/","",""
"792928615566495744","小倉 唯ニューシングル「Future Strike」はいよいよ明後日11/2発売！自身もリンネ・ベルリネッタ役で出演中のTVアニメ「ViVid Strike!」オープニングテーマ！本格アクションに初挑戦したMVも必見ですよ！！！ #小倉唯 #vivid_strike #vvst https://t.co/OqKHRdkKaX","ja","Tweet","ゆいかおり(小倉 唯＆石原夏織)公式","YUIKAORI_STAFF","","0","184","0","353","0","2016-10-31 12:18:08","https://x.com/YUIKAORI_STAFF/status/792928615566495744","<a href=""http://twitter.com"" rel=""nofollow"">Twitter Web Client</a>","#小倉唯, #vivid_strike, #vvst","","video","https://video.twimg.com/ext_tw_video/792924087764918272/pu/vid/1280x720/cIrsotQwstxiOClS.mp4"
"792912229142188033","本日発売！「My Girl vol.15」特別付録「VOICE ACTRESS SPECIAL EDITION!!!」に小倉 唯が登場！ミニブックまるごと1冊小倉 唯の特集ですよ♪ぜひぜひチェックして下さいね！ https://t.co/rm4yPDfWpn  #小倉唯 https://t.co/P4EihJ6u7y","ja","Tweet","ゆいかおり(小倉 唯＆石原夏織)公式","YUIKAORI_STAFF","","0","358","6","575","0","2016-10-31 11:13:01","https://x.com/YUIKAORI_STAFF/status/792912229142188033","<a href=""http://twitter.com"" rel=""nofollow"">Twitter Web Client</a>","#小倉唯","http://www.cddata-mag.com/","photo","https://pbs.twimg.com/media/CwD9ageUEAEZi9N.jpg
https://pbs.twimg.com/media/CwD9bX7UAAIgGVO.jpg"
"792758243781029888","小倉 唯「winter tale」の試聴動画を公開しました！！小倉 唯ニューシングル「Future Strike」いよいよ来週11/2発売ですよーー！！！！
https://t.co/HP4sbiNXkB
 #yuikaori #ゆいかおり #実ラジ #joqr","ja","Tweet","ゆいかおり(小倉 唯＆石原夏織)公式","YUIKAORI_STAFF","","1","227","2","273","0","2016-10-31 01:01:08","https://x.com/YUIKAORI_STAFF/status/792758243781029888","<a href=""http://twitter.com"" rel=""nofollow"">Twitter Web Client</a>","#yuikaori, #ゆいかおり, #実ラジ, #joqr","https://www.youtube.com/watch?v=fshMgsh1jso&feature=youtu.be","",""
"792755376965816320","実ラジメンバーの仮装はこんな感じでした！！ウォーリー。。。#yuikaori #ゆいかおり #実ラジ #joqr https://t.co/QzOMX0pqWz","ja","Tweet","ゆいかおり(小倉 唯＆石原夏織)公式","YUIKAORI_STAFF","","5","599","10","1280","3","2016-10-31 00:49:45","https://x.com/YUIKAORI_STAFF/status/792755376965816320","<a href=""http://twitter.com/download/iphone"" rel=""nofollow"">Twitter for iPhone</a>","#yuikaori, #ゆいかおり, #実ラジ, #joqr","","photo","https://pbs.twimg.com/media/CwBuztRVUAEJ-As.jpg"
"792754678819753984","キングスタッフ完敗です、、#yuikaori  #実ラジ https://t.co/UiNJKdN8u1","ja","Tweet","ゆいかおり(小倉 唯＆石原夏織)公式","YUIKAORI_STAFF","","4","336","6","664","3","2016-10-31 00:46:58","https://x.com/YUIKAORI_STAFF/status/792754678819753984","<a href=""http://twitter.com/download/iphone"" rel=""nofollow"">Twitter for iPhone</a>","#yuikaori, #実ラジ","","photo","https://pbs.twimg.com/media/CwBuK9ZUEAArcMN.jpg"
"792752033145065474","ゆいかおりのお二人の仮装です♪ #yuikaori #ゆいかおり #実ラジ #joqr https://t.co/lm1Kx3nAeM","ja","Tweet","ゆいかおり(小倉 唯＆石原夏織)公式","YUIKAORI_STAFF","","30","1294","30","2274","6","2016-10-31 00:36:27","https://x.com/YUIKAORI_STAFF/status/792752033145065474","<a href=""http://twitter.com/download/iphone"" rel=""nofollow"">Twitter for iPhone</a>","#yuikaori, #ゆいかおり, #実ラジ, #joqr","","photo","https://pbs.twimg.com/media/CwBrw6XUsAA-IaZ.jpg"
"792745157103718402","アメブロを更新しました。 『エジソンとたいやき(^-^)☆』 
⇒https://t.co/lc8JDoVht3","ja","Tweet","ゆいかおり(小倉 唯＆石原夏織)公式","YUIKAORI_STAFF","","0","202","2","353","0","2016-10-31 00:09:08","https://x.com/YUIKAORI_STAFF/status/792745157103718402","<a href=""https://mobile.twitter.com"" rel=""nofollow"">Twitter Web App</a>","","http://s.ameblo.jp/ogurayui-0815/entry-12214786943.html","",""
"792738052879769600","アメブロを更新しました。 『楽しい1日♡』 
⇒https://t.co/usIA07vqNY","ja","Tweet","ゆいかおり(小倉 唯＆石原夏織)公式","YUIKAORI_STAFF","","0","150","1","317","0","2016-10-30 23:40:54","https://x.com/YUIKAORI_STAFF/status/792738052879769600","<a href=""https://mobile.twitter.com"" rel=""nofollow"">Twitter Web App</a>","","http://s.ameblo.jp/ishiharakaori-0806/entry-12214777914.html","",""
"792732855298162690","そして24:30〜文化放送「ゆいかおりの実♪」が放送です！ 本日の実ラジはハロウィン仕様♪更にっ！11/2発売小倉 唯「Future Strike」のカップリング曲「winter tale」を宇宙初解禁！お聞き逃しなく！！
 #yuikaori #ゆいかおり #実ラジ #joqr","ja","Tweet","ゆいかおり(小倉 唯＆石原夏織)公式","YUIKAORI_STAFF","","0","123","2","165","0","2016-10-30 23:20:15","https://x.com/YUIKAORI_STAFF/status/792732855298162690","<a href=""http://twitter.com"" rel=""nofollow"">Twitter Web Client</a>","#yuikaori, #ゆいかおり, #実ラジ, #joqr","","",""
"792732473222311937","この後24:00〜TBSラジオにて放送される「林原めぐみのTokyo Boogie Night」にて小倉 唯のコメントが流れますよ！是非お聞き下さいね！ #小倉唯","ja","Tweet","ゆいかおり(小倉 唯＆石原夏織)公式","YUIKAORI_STAFF","","0","78","0","123","0","2016-10-30 23:18:44","https://x.com/YUIKAORI_STAFF/status/792732473222311937","<a href=""http://twitter.com"" rel=""nofollow"">Twitter Web Client</a>","#小倉唯","","",""
"792401444276088832","≪ゆいかおり・小倉唯：公式サイト更新≫
小倉 唯「林原めぐみのTokyo Boogie Night」にコメント出演！ https://t.co/HTyKj4M361
#小倉唯","ja","Tweet","ゆいかおり(小倉 唯＆石原夏織)公式","YUIKAORI_STAFF","","0","79","1","168","0","2016-10-30 01:23:21","https://x.com/YUIKAORI_STAFF/status/792401444276088832","<a href=""http://twitter.com"" rel=""nofollow"">Twitter Web Client</a>","#小倉唯","http://www.yuikaori.info/info/1913/","",""
"792380452967374848","そしてこの後24:30からは小倉 唯「Future Strike」がOPテーマのTVアニメ「ViVid Strike!」の第5話が放送されます！こちらも是非ご覧下さいね♪#小倉唯 #aggr #joqr #agson #vvst #vivid_strike","ja","Tweet","ゆいかおり(小倉 唯＆石原夏織)公式","YUIKAORI_STAFF","","1","65","0","135","0","2016-10-29 23:59:56","https://x.com/YUIKAORI_STAFF/status/792380452967374848","<a href=""http://twitter.com/download/iphone"" rel=""nofollow"">Twitter for iPhone</a>","#小倉唯, #aggr, #joqr, #agson, #vvst, #vivid_strike","","",""
"792380107209842688","エジソンお聞き頂きありがとうございました！！「Future Strike」はいよいよ来週発売です！カップリング曲「winter tale」は明日の実ラジで宇宙初解禁しちゃいますよ♪
#小倉唯 #aggr #joqr #agson https://t.co/NJhP6HIm81","ja","Tweet","ゆいかおり(小倉 唯＆石原夏織)公式","YUIKAORI_STAFF","","3","610","11","1189","2","2016-10-29 23:58:33","https://x.com/YUIKAORI_STAFF/status/792380107209842688","<a href=""http://twitter.com/download/iphone"" rel=""nofollow"">Twitter for iPhone</a>","#小倉唯, #aggr, #joqr, #agson","","photo","https://pbs.twimg.com/media/Cv8Zb3VVUAA1l7J.jpg"
"792377232333287424","アメブロを更新しました。 『かわいこちゃん♡』
 ⇒https://t.co/KQMreBJSyx","ja","Tweet","ゆいかおり(小倉 唯＆石原夏織)公式","YUIKAORI_STAFF","","0","112","0","213","0","2016-10-29 23:47:08","https://x.com/YUIKAORI_STAFF/status/792377232333287424","<a href=""http://twitter.com/download/iphone"" rel=""nofollow"">Twitter for iPhone</a>","","http://ameblo.jp/ishiharakaori-0806/entry-12214468035.html","",""
"792375615085158401","「Future Strike」のMVはこちらからチェックして下さいね！！https://t.co/PcO3piQTjJ 
#小倉唯 #aggr #joqr #agson","ja","Tweet","ゆいかおり(小倉 唯＆石原夏織)公式","YUIKAORI_STAFF","","0","105","0","162","0","2016-10-29 23:40:42","https://x.com/YUIKAORI_STAFF/status/792375615085158401","<a href=""http://twitter.com/download/iphone"" rel=""nofollow"">Twitter for iPhone</a>","#小倉唯, #aggr, #joqr, #agson","https://www.youtube.com/watch?v=1kAnEUDkoNw","",""
"792370857876262912","まもなく小倉 唯がエジソンさんに出演しますよ～！#小倉唯 #aggr #joqr #agson","ja","Tweet","ゆいかおり(小倉 唯＆石原夏織)公式","YUIKAORI_STAFF","","0","115","0","195","0","2016-10-29 23:21:48","https://x.com/YUIKAORI_STAFF/status/792370857876262912","<a href=""http://twitter.com/download/iphone"" rel=""nofollow"">Twitter for iPhone</a>","#小倉唯, #aggr, #joqr, #agson","","",""
"792364809178144771","小倉 唯のエジソン出演は23:20分頃の予定です！もう少々お待ち下さいね〜♪
#小倉唯 #aggr #joqr #agson","ja","Tweet","ゆいかおり(小倉 唯＆石原夏織)公式","YUIKAORI_STAFF","","3","174","5","207","0","2016-10-29 22:57:46","https://x.com/YUIKAORI_STAFF/status/792364809178144771","<a href=""http://twitter.com"" rel=""nofollow"">Twitter Web Client</a>","#小倉唯, #aggr, #joqr, #agson","","",""
"792330384281178112","今夜放送の文化放送「A&amp;G TRIBAL RADIO エジソン」に小倉唯がゲスト出演しますよ♪22時台に出演予定ですが野球中継が延長した場合出演時間が変更になる可能性がございます。
https://t.co/G6vpb7pYYK
#小倉唯 #aggr #joqr #agson","ja","Tweet","ゆいかおり(小倉 唯＆石原夏織)公式","YUIKAORI_STAFF","","1","154","2","216","0","2016-10-29 20:40:59","https://x.com/YUIKAORI_STAFF/status/792330384281178112","<a href=""http://twitter.com/download/iphone"" rel=""nofollow"">Twitter for iPhone</a>","#小倉唯, #aggr, #joqr, #agson","http://joqr.co.jp/agson/","",""
"791996563862073344","アメブロを更新しました。 『もうすぐ…☆』 
⇒https://t.co/sjBiUsTz9J","ja","Tweet","ゆいかおり(小倉 唯＆石原夏織)公式","YUIKAORI_STAFF","","0","185","2","341","0","2016-10-28 22:34:30","https://x.com/YUIKAORI_STAFF/status/791996563862073344","<a href=""https://mobile.twitter.com"" rel=""nofollow"">Twitter Web App</a>","","http://s.ameblo.jp/ogurayui-0815/entry-12214140200.html","",""
"791859509299965952","11/2発売、小倉 唯「Future Strike」のオリジナル特典はこちらからチェック！！https://t.co/3buExFBKLD
  #小倉唯 https://t.co/vsJUHp68UC","ja","Tweet","ゆいかおり(小倉 唯＆石原夏織)公式","YUIKAORI_STAFF","","0","194","2","393","0","2016-10-28 13:29:53","https://x.com/YUIKAORI_STAFF/status/791859509299965952","<a href=""http://twitter.com"" rel=""nofollow"">Twitter Web Client</a>","#小倉唯","http://www.kingrecords.co.jp/cs/t/t8953/","photo","https://pbs.twimg.com/media/Cv0_uumUMAAaGtE.jpg
https://pbs.twimg.com/media/Cv0_v9jUAAA8OyF.jpg"
"791660606247940097","小倉 唯がBS11にて放送中の「アニゲー☆イレブン！」に出演することが決定しました！11月3日(木・祝)23:30〜の放送になりますよ！
https://t.co/15LnudeuBG
#小倉唯","ja","Tweet","ゆいかおり(小倉 唯＆石原夏織)公式","YUIKAORI_STAFF","","0","254","4","345","0","2016-10-28 00:19:31","https://x.com/YUIKAORI_STAFF/status/791660606247940097","<a href=""http://twitter.com/download/iphone"" rel=""nofollow"">Twitter for iPhone</a>","#小倉唯","http://www.bs11.jp/anime/4720/","",""
"791657496242900992","≪ゆいかおり・小倉唯：公式サイト更新≫
小倉 唯 BS11「アニゲー☆イレブン！」に出演決定！ https://t.co/jdDwvG3wfY
#小倉唯","ja","Tweet","ゆいかおり(小倉 唯＆石原夏織)公式","YUIKAORI_STAFF","","0","157","0","258","0","2016-10-28 00:07:10","https://x.com/YUIKAORI_STAFF/status/791657496242900992","<a href=""http://twitter.com"" rel=""nofollow"">Twitter Web Client</a>","#小倉唯","http://www.yuikaori.info/info/1908/","",""
"791565123190009856","☆ゆいかおりLIVE TOUR「Starlight Link」東京公演
チケットのお支払方法で【コンビニ】を選択された皆様！お支払の期日は
☆★【本日23:59まで】★☆です!!
残すところおよそ6時間となりました…！まだの方はお急ぎ下さいね～！
#yuikaori","ja","Tweet","ゆいかおり(小倉 唯＆石原夏織)公式","YUIKAORI_STAFF","","0","42","1","114","0","2016-10-27 18:00:06","https://x.com/YUIKAORI_STAFF/status/791565123190009856","<a href=""http://twitter.com"" rel=""nofollow"">Twitter Web Client</a>","#yuikaori","","",""
"791474887932059650","☆ゆいかおりLIVE TOUR「Starlight Link」東京公演
チケットのお支払方法で【コンビニ】を選択された皆様！お支払の期限は
☆★【本日23:59まで】★☆です!!
お時間に余裕をもって、ご指定のコンビニでお手続きをお願いします♪
#yuikaori","ja","Tweet","ゆいかおり(小倉 唯＆石原夏織)公式","YUIKAORI_STAFF","","0","46","0","109","0","2016-10-27 12:01:32","https://x.com/YUIKAORI_STAFF/status/791474887932059650","<a href=""http://twitter.com"" rel=""nofollow"">Twitter Web Client</a>","#yuikaori","","",""
"791320395680915456","アメブロを更新しました。 『スクスト☆』 
⇒https://t.co/ujVhyMtmb9","ja","Tweet","ゆいかおり(小倉 唯＆石原夏織)公式","YUIKAORI_STAFF","","0","165","0","282","0","2016-10-27 01:47:39","https://x.com/YUIKAORI_STAFF/status/791320395680915456","<a href=""https://mobile.twitter.com"" rel=""nofollow"">Twitter Web App</a>","","http://ameblo.jp/ogurayui-0815/entry-12213576966.html","",""
"791187636178214912","☆ゆいかおりLIVE TOUR「Starlight Link」
東京公演チケット先行予約の【決済選択期限】まであと1時間です！お手続きを忘れてしまうと当選が無効となってしまうので、まだの方はお急ぎくださいね～！！https://t.co/HFrBKTXtPB
#yuikaori https://t.co/W7NP7OHYBR","ja","Tweet","ゆいかおり(小倉 唯＆石原夏織)公式","YUIKAORI_STAFF","","0","50","0","102","0","2016-10-26 17:00:06","https://x.com/YUIKAORI_STAFF/status/791187636178214912","<a href=""http://twitter.com"" rel=""nofollow"">Twitter Web Client</a>","#yuikaori","https://www.yuikaori-entry.com","photo","https://pbs.twimg.com/media/Cvrcf5UUMAAP1kK.jpg"
"791157602700890112","★ゆいかおりLIVE TOUR「Starlight Link」
東京公演チケット先行予約に当選された方の【決済選択期限】が迫ってまいりました！あと3時間です！決済選択後のご入金手続きも必要ですのでお早めに～！https://t.co/HFrBKTFSY3
#yuikaori https://t.co/aWg27qDq5p","ja","Tweet","ゆいかおり(小倉 唯＆石原夏織)公式","YUIKAORI_STAFF","","0","54","2","101","0","2016-10-26 15:00:46","https://x.com/YUIKAORI_STAFF/status/791157602700890112","<a href=""http://twitter.com"" rel=""nofollow"">Twitter Web Client</a>","#yuikaori","https://www.yuikaori-entry.com","photo","https://pbs.twimg.com/media/CvrBDssWEAAZ_w_.jpg"
"791104795645845504","★ゆいかおりLIVE TOUR「Starlight Link」
東京公演チケット先行予約に当選された皆様！
(1)決済選択期間【本日 18:00まで】!!
(2)支払期限までに代金のお支払い
各手続きをお忘れなく！https://t.co/HFrBKTXtPB
#yuikaori https://t.co/mIQoE6k4Qh","ja","Tweet","ゆいかおり(小倉 唯＆石原夏織)公式","YUIKAORI_STAFF","","1","58","0","107","0","2016-10-26 11:30:55","https://x.com/YUIKAORI_STAFF/status/791104795645845504","<a href=""http://twitter.com"" rel=""nofollow"">Twitter Web Client</a>","#yuikaori","https://www.yuikaori-entry.com","photo","https://pbs.twimg.com/media/CvqRZLzVIAEiuEa.jpg"
"790840388596535296","★ゆいかおりLIVE TOUR「Starlight Link」
東京公演チケット先行予約に当選された皆様！決済選択期間は【明日まで】です！決済選択後は、期限内に入金のお手続きもお忘れなく～！決済選択はコチラから♪⇒https://t.co/HFrBKTXtPB
#yuikaori https://t.co/IdbtfSDP9U","ja","Tweet","ゆいかおり(小倉 唯＆石原夏織)公式","YUIKAORI_STAFF","","0","64","0","122","0","2016-10-25 18:00:16","https://x.com/YUIKAORI_STAFF/status/790840388596535296","<a href=""http://twitter.com"" rel=""nofollow"">Twitter Web Client</a>","#yuikaori","https://www.yuikaori-entry.com","photo","https://pbs.twimg.com/media/CvmgiZaVIAA42K5.jpg"
"790748918338297857","いよいよ来週！11/2(水)に発売される小倉 唯のニューシングル「Future Strike」が、明日10/26(水)よりanimelomixにて先行配信されることが決定しました！！
https://t.co/aNAOlSTNLK #小倉唯 #vivid_strike","ja","Tweet","ゆいかおり(小倉 唯＆石原夏織)公式","YUIKAORI_STAFF","","0","166","1","261","0","2016-10-25 11:56:48","https://x.com/YUIKAORI_STAFF/status/790748918338297857","<a href=""http://twitter.com"" rel=""nofollow"">Twitter Web Client</a>","#小倉唯, #vivid_strike","http://www.yuikaori.info/info/1899/","",""
"790589432948600834","アメブロを更新しました。 『祝☆スクストアニメ化』 
⇒https://t.co/q8F2oRv6dc","ja","Tweet","ゆいかおり(小倉 唯＆石原夏織)公式","YUIKAORI_STAFF","","0","316","4","588","0","2016-10-25 01:23:03","https://x.com/YUIKAORI_STAFF/status/790589432948600834","<a href=""https://mobile.twitter.com"" rel=""nofollow"">Twitter Web App</a>","","http://s.ameblo.jp/ishiharakaori-0806/entry-12212957062.html","",""
"790478166741557248","★ゆいかおりLIVE TOUR「Starlight Link」
東京公演チケット先行予約に当選された方の決済選択期間は【10/26(水)18:00迄】！お手続きを忘れてしまうと当選が無効となるのでご注意下さいね♪https://t.co/HFrBKTXtPB
#yuikaori https://t.co/Z2ufPMlJ73","ja","Tweet","ゆいかおり(小倉 唯＆石原夏織)公式","YUIKAORI_STAFF","","0","73","0","152","0","2016-10-24 18:00:55","https://x.com/YUIKAORI_STAFF/status/790478166741557248","<a href=""http://twitter.com"" rel=""nofollow"">Twitter Web Client</a>","#yuikaori","https://www.yuikaori-entry.com","photo","https://pbs.twimg.com/media/CvhXj_5UMAAeGkq.jpg"
"790219723996667905","ゆいかおり201７年のライブツアータイトルが決定！！タイトルは『
ゆいかおりLIVE TOUR 「Starlight Link」』です！！！ #yuikaori #joqr #実ラジ","ja","Tweet","ゆいかおり(小倉 唯＆石原夏織)公式","YUIKAORI_STAFF","","2","572","6","627","0","2016-10-24 00:53:58","https://x.com/YUIKAORI_STAFF/status/790219723996667905","<a href=""http://twitter.com/download/iphone"" rel=""nofollow"">Twitter for iPhone</a>","#yuikaori, #joqr, #実ラジ","","",""
"790213421589340162","まもなく実ラジ始まりますよー！！ ！#yuikaori #joqr #実ラジ","ja","Tweet","ゆいかおり(小倉 唯＆石原夏織)公式","YUIKAORI_STAFF","","0","45","0","114","0","2016-10-24 00:28:55","https://x.com/YUIKAORI_STAFF/status/790213421589340162","<a href=""http://twitter.com/download/iphone"" rel=""nofollow"">Twitter for iPhone</a>","#yuikaori, #joqr, #実ラジ","","",""
"790198955577520128","24:30〜文化放送にて「ゆいかおりの実♪」が放送されますよ！！是非お聞き下さいね♪#yuikaori #joqr #実ラジ","ja","Tweet","ゆいかおり(小倉 唯＆石原夏織)公式","YUIKAORI_STAFF","","0","66","0","134","0","2016-10-23 23:31:26","https://x.com/YUIKAORI_STAFF/status/790198955577520128","<a href=""http://twitter.com/download/iphone"" rel=""nofollow"">Twitter for iPhone</a>","#yuikaori, #joqr, #実ラジ","","",""
"790197853079560192","アメブロを更新しました。 『4話＆観光大使☆』 
⇒ https://t.co/FJ7NG8E79J","ja","Tweet","ゆいかおり(小倉 唯＆石原夏織)公式","YUIKAORI_STAFF","","2","346","10","464","0","2016-10-23 23:27:03","https://x.com/YUIKAORI_STAFF/status/790197853079560192","<a href=""https://ameblo.jp/"" rel=""nofollow"">Ameba_Blog</a>","","http://ameblo.jp/ogurayui-0815/entry-12212610827.html","",""
"789849478945579008","まもなく！24:30からTOKYO MX他にて小倉 唯「Future Strike」がOPテーマのTVアニメ「ViVid Strike!」の第4話が放送されますよ！是非ご覧下さいね♪#小倉唯 #vvst #vivid_strike","ja","Tweet","ゆいかおり(小倉 唯＆石原夏織)公式","YUIKAORI_STAFF","","0","49","0","136","0","2016-10-23 00:22:45","https://x.com/YUIKAORI_STAFF/status/789849478945579008","<a href=""http://twitter.com/download/iphone"" rel=""nofollow"">Twitter for iPhone</a>","#小倉唯, #vvst, #vivid_strike","","",""
"789838905445003264","小倉 唯が来週放送の「文化放送「A&amp;G TRIBAL RADIO エジソン」にゲスト出演することが決定しました♪♪是非お聞き下さいね〜！！ https://t.co/KTzzmtHutR
#小倉唯 #aggr #joqr #agson","ja","Tweet","ゆいかおり(小倉 唯＆石原夏織)公式","YUIKAORI_STAFF","","0","174","0","241","0","2016-10-22 23:40:44","https://x.com/YUIKAORI_STAFF/status/789838905445003264","<a href=""http://twitter.com/download/iphone"" rel=""nofollow"">Twitter for iPhone</a>","#小倉唯, #aggr, #joqr, #agson","http://www.joqr.co.jp/agson/","",""
"789506056980279296","アメブロを更新しました。 『まるごと？☆』 
⇒ https://t.co/aFZIToKKlw","ja","Tweet","ゆいかおり(小倉 唯＆石原夏織)公式","YUIKAORI_STAFF","","0","182","1","330","0","2016-10-22 01:38:06","https://x.com/YUIKAORI_STAFF/status/789506056980279296","<a href=""https://ameblo.jp/"" rel=""nofollow"">Ameba_Blog</a>","","http://ameblo.jp/ogurayui-0815/entry-12212007976.html","",""
"789393236062113792","10/31(月)発売の「My Girl vol.15」特別付録「VOICE ACTRESS SPECIAL EDITION!!!」に小倉 唯が登場！ミニブックまるごと1冊小倉 唯の特集となっていますよ！！ https://t.co/rm4yPDfWpn #小倉唯 https://t.co/Poh1Nv3AEf","ja","Tweet","ゆいかおり(小倉 唯＆石原夏織)公式","YUIKAORI_STAFF","","0","666","17","1060","0","2016-10-21 18:09:48","https://x.com/YUIKAORI_STAFF/status/789393236062113792","<a href=""http://twitter.com"" rel=""nofollow"">Twitter Web Client</a>","#小倉唯","http://www.cddata-mag.com/","photo","https://pbs.twimg.com/media/CvR8Zg7UEAAQVt3.jpg
https://pbs.twimg.com/media/CvR8adtVUAAPW74.jpg"
"789391709612351488","≪ゆいかおり・小倉唯：公式サイト更新≫
小倉 唯　「My Girl vol.15」特別付録「VOICE ACTRESS SPECIAL EDITION!!!」に登場！ https://t.co/Sqg0ZbbIbN
#小倉唯","ja","Tweet","ゆいかおり(小倉 唯＆石原夏織)公式","YUIKAORI_STAFF","","1","115","3","189","0","2016-10-21 18:03:44","https://x.com/YUIKAORI_STAFF/status/789391709612351488","<a href=""http://twitter.com"" rel=""nofollow"">Twitter Web Client</a>","#小倉唯","http://www.yuikaori.info/info/1891/","",""
"789383546339065856","≪ゆいかおりLIVE TOUR 2017≫ 
東京公演チケット先行予約に当選された皆さん！決済選択期間は【10/26(水)18:00まで】ですよ～！せっかくの当選が無効にならないよう、お手続きをお忘れなく♪https://t.co/HFrBKTXtPB
#yuikaori https://t.co/cwlqGOmAJw","ja","Tweet","ゆいかおり(小倉 唯＆石原夏織)公式","YUIKAORI_STAFF","","0","73","0","141","0","2016-10-21 17:31:18","https://x.com/YUIKAORI_STAFF/status/789383546339065856","<a href=""http://twitter.com"" rel=""nofollow"">Twitter Web Client</a>","#yuikaori","https://www.yuikaori-entry.com","photo","https://pbs.twimg.com/media/CvRyu4sUEAARiQe.jpg"
"788570762093342723","≪ゆいかおり・小倉唯：公式サイト更新≫
スペースシャワーTV プラス「ゆいかおり ライブ＆ミュージックビデオスペシャル」放送決定！ https://t.co/ZET5NTRLgW
#yuikaori","ja","Tweet","ゆいかおり(小倉 唯＆石原夏織)公式","YUIKAORI_STAFF","","0","132","3","242","0","2016-10-19 11:41:35","https://x.com/YUIKAORI_STAFF/status/788570762093342723","<a href=""http://twitter.com"" rel=""nofollow"">Twitter Web Client</a>","#yuikaori","http://www.yuikaori.info/info/1886/","",""
"788553099602382848","本日発売の「CUT 11月号」に小倉 唯が登場していますよ！！是非チェックして下さいね♪ https://t.co/xiUj7FtXtB #小倉唯 #vvst #vivid_strike","ja","Tweet","ゆいかおり(小倉 唯＆石原夏織)公式","YUIKAORI_STAFF","","0","121","1","208","0","2016-10-19 10:31:24","https://x.com/YUIKAORI_STAFF/status/788553099602382848","<a href=""http://twitter.com"" rel=""nofollow"">Twitter Web Client</a>","#小倉唯, #vvst, #vivid_strike","http://www.rockinon.co.jp/product/magazine/143376","",""
"787941586470440960","≪ゆいかおりLIVE TOUR 2017≫ 
東京公演・チケット先行予約の当落結果を発表！当選された方の決済選択期間は【10/26(水)18:00まで】！お手続きをお忘れにならないようお気を付けくださいね♪https://t.co/HFrBKTXtPB
#yuikaori https://t.co/psotyFgfpN","ja","Tweet","ゆいかおり(小倉 唯＆石原夏織)公式","YUIKAORI_STAFF","","2","148","4","210","0","2016-10-17 18:01:28","https://x.com/YUIKAORI_STAFF/status/787941586470440960","<a href=""http://twitter.com"" rel=""nofollow"">Twitter Web Client</a>","#yuikaori","https://www.yuikaori-entry.com","photo","https://pbs.twimg.com/media/Cu9Upg7UsAAS21u.jpg"
"787935696237400064","≪ゆいかおり・小倉唯：公式サイト更新≫
小倉 唯 掲載情報♪ https://t.co/TKXleVrPK0
#小倉唯","ja","Tweet","ゆいかおり(小倉 唯＆石原夏織)公式","YUIKAORI_STAFF","","1","86","0","159","0","2016-10-17 17:38:03","https://x.com/YUIKAORI_STAFF/status/787935696237400064","<a href=""http://twitter.com"" rel=""nofollow"">Twitter Web Client</a>","#小倉唯","http://www.yuikaori.info/info/1884/","",""
"787676028877492224","まもなく実ラジ始まります！！ ！#yuikaori #joqr #実ラジ","ja","Tweet","ゆいかおり(小倉 唯＆石原夏織)公式","YUIKAORI_STAFF","","1","41","0","109","0","2016-10-17 00:26:14","https://x.com/YUIKAORI_STAFF/status/787676028877492224","<a href=""http://twitter.com/download/iphone"" rel=""nofollow"">Twitter for iPhone</a>","#yuikaori, #joqr, #実ラジ","","",""
"787668620264427520","24:30〜「ゆいかおりの実♪」が放送ですよー！！是非お聞き下さいね♪#yuikaori #joqr #実ラジ","ja","Tweet","ゆいかおり(小倉 唯＆石原夏織)公式","YUIKAORI_STAFF","","0","50","0","116","0","2016-10-16 23:56:47","https://x.com/YUIKAORI_STAFF/status/787668620264427520","<a href=""http://twitter.com/download/iphone"" rel=""nofollow"">Twitter for iPhone</a>","#yuikaori, #joqr, #実ラジ","","",""
"787322237837647872","11/2発売、小倉 唯「Future Strike」の期間限定盤に収録されるメイキング映像の一部を公開しました！！
https://t.co/eHbjrOJPOM
#小倉唯 #vvst #vivid_strike https://t.co/cVcN2CQ7d9","ja","Tweet","ゆいかおり(小倉 唯＆石原夏織)公式","YUIKAORI_STAFF","","1","360","5","453","0","2016-10-16 01:00:23","https://x.com/YUIKAORI_STAFF/status/787322237837647872","<a href=""http://twitter.com/download/iphone"" rel=""nofollow"">Twitter for iPhone</a>","#小倉唯, #vvst, #vivid_strike","https://www.youtube.com/watch?v=M80MwO2EQH0","photo","https://pbs.twimg.com/media/Cu0hY9bVIAA1fNm.jpg"
"787314175491964928","まもなく！24:30から小倉 唯「Future Strike」がOPテーマのTVアニメ「ViVid Strike!」の第3話が放送されますよ！是非ご覧下さいね♪#小倉唯 #vvst #vivid_strike","ja","Tweet","ゆいかおり(小倉 唯＆石原夏織)公式","YUIKAORI_STAFF","","1","78","0","165","0","2016-10-16 00:28:21","https://x.com/YUIKAORI_STAFF/status/787314175491964928","<a href=""http://twitter.com/download/iphone"" rel=""nofollow"">Twitter for iPhone</a>","#小倉唯, #vvst, #vivid_strike","","",""
"787293561855234049","アメブロを更新しました。 『ジャケ写〜(^-^)☆』
 ⇒https://t.co/91aXCw3Zv7","ja","Tweet","ゆいかおり(小倉 唯＆石原夏織)公式","YUIKAORI_STAFF","","0","440","21","600","0","2016-10-15 23:06:27","https://x.com/YUIKAORI_STAFF/status/787293561855234049","<a href=""http://twitter.com/download/iphone"" rel=""nofollow"">Twitter for iPhone</a>","","http://ameblo.jp/ogurayui-0815/entry-12210047734.html","",""
"786507134582214656","アメブロを更新しました。 『秋だ～☆』 
⇒https://t.co/bNzuR7WKi9","ja","Tweet","ゆいかおり(小倉 唯＆石原夏織)公式","YUIKAORI_STAFF","","0","211","2","401","0","2016-10-13 19:01:28","https://x.com/YUIKAORI_STAFF/status/786507134582214656","<a href=""http://twitter.com"" rel=""nofollow"">Twitter Web Client</a>","","http://ameblo.jp/ogurayui-0815/entry-12209277325.html","",""
"786492369659047936","さらに！アクションに初挑戦したMUSIC VIDEOの一部も公開中です♪♪こちらの完全版は期間限定盤のDVDに収録されますよ！！
https://t.co/PcO3piQTjJ
  #小倉唯 #vivid_Strike #vvst https://t.co/A4Mc8Qps8r","ja","Tweet","ゆいかおり(小倉 唯＆石原夏織)公式","YUIKAORI_STAFF","","1","187","3","276","0","2016-10-13 18:02:47","https://x.com/YUIKAORI_STAFF/status/786492369659047936","<a href=""http://twitter.com"" rel=""nofollow"">Twitter Web Client</a>","#小倉唯, #vivid_Strike, #vvst","https://www.youtube.com/watch?v=1kAnEUDkoNw","photo","https://pbs.twimg.com/media/Cuoul9-VYAAi2EI.jpg"
"786492126599090178","オリジナル特典情報を下記にて公開中です！！発売を記念したイベントの開催も決定していますので是非チェックして下さいね！　https://t.co/3buExFTlDb
 #小倉唯 #vivid_Strike #vvst https://t.co/m3SisrUNU0","ja","Tweet","ゆいかおり(小倉 唯＆石原夏織)公式","YUIKAORI_STAFF","","1","314","5","531","0","2016-10-13 18:01:49","https://x.com/YUIKAORI_STAFF/status/786492126599090178","<a href=""http://twitter.com"" rel=""nofollow"">Twitter Web Client</a>","#小倉唯, #vivid_Strike, #vvst","http://www.kingrecords.co.jp/cs/t/t8953/","photo","https://pbs.twimg.com/media/CuouT4VVUAAUbTp.jpg
https://pbs.twimg.com/media/CuouVBQUMAAviU5.jpg"
"786491763783442432","11/2発売「Future Strike」(TVアニメ「ViVid Strike!」OPテーマ)のジャケット写真を公開！！！
 #小倉唯 #vivid_Strike #vvst https://t.co/or1j5cqwtF","ja","Tweet","ゆいかおり(小倉 唯＆石原夏織)公式","YUIKAORI_STAFF","","3","778","21","1036","0","2016-10-13 18:00:23","https://x.com/YUIKAORI_STAFF/status/786491763783442432","<a href=""http://twitter.com"" rel=""nofollow"">Twitter Web Client</a>","#小倉唯, #vivid_Strike, #vvst","","photo","https://pbs.twimg.com/media/CuotqPkVUAAuTZ3.jpg
https://pbs.twimg.com/media/CuotrTMUEAAkE-p.jpg"
"786420343510478849","アメブロを更新しました。 『so so～♪』 
⇒ https://t.co/k6J4jDAAYC","ja","Tweet","ゆいかおり(小倉 唯＆石原夏織)公式","YUIKAORI_STAFF","","0","103","1","224","0","2016-10-13 13:16:35","https://x.com/YUIKAORI_STAFF/status/786420343510478849","<a href=""https://ameblo.jp/"" rel=""nofollow"">Ameba_Blog</a>","","http://ameblo.jp/ishiharakaori-0806/entry-12209241065.html","",""
"785137810160222209","まもなく実ラジ始まりますよーー！！ #yuikaori #joqr #実ラジ","ja","Tweet","ゆいかおり(小倉 唯＆石原夏織)公式","YUIKAORI_STAFF","","0","50","1","126","0","2016-10-10 00:20:15","https://x.com/YUIKAORI_STAFF/status/785137810160222209","<a href=""http://twitter.com/download/iphone"" rel=""nofollow"">Twitter for iPhone</a>","#yuikaori, #joqr, #実ラジ","","",""
"785124399221383168","このあと24:30〜文化放送にて「ゆいかおりの実♪」が放送されます！！是非お聞き下さいね！ #yuikaori #joqr #実ラジ","ja","Tweet","ゆいかおり(小倉 唯＆石原夏織)公式","YUIKAORI_STAFF","","0","58","0","139","0","2016-10-09 23:26:58","https://x.com/YUIKAORI_STAFF/status/785124399221383168","<a href=""http://twitter.com/download/iphone"" rel=""nofollow"">Twitter for iPhone</a>","#yuikaori, #joqr, #実ラジ","","",""
"785082576578891776","アメブロを更新しました。 『ビートルズ』 
⇒ https://t.co/FD2YwXmhZx","ja","Tweet","ゆいかおり(小倉 唯＆石原夏織)公式","YUIKAORI_STAFF","","0","152","1","285","0","2016-10-09 20:40:47","https://x.com/YUIKAORI_STAFF/status/785082576578891776","<a href=""https://ameblo.jp/"" rel=""nofollow"">Ameba_Blog</a>","","http://ameblo.jp/ishiharakaori-0806/entry-12208064857.html","",""
"784772712585580546","アメブロを更新しました。 『声優グランプリさん☆』 
⇒https://t.co/T5cgu06mqU","ja","Tweet","ゆいかおり(小倉 唯＆石原夏織)公式","YUIKAORI_STAFF","","0","185","7","331","0","2016-10-09 00:09:29","https://x.com/YUIKAORI_STAFF/status/784772712585580546","<a href=""https://mobile.twitter.com"" rel=""nofollow"">Twitter Web App</a>","","http://s.ameblo.jp/ogurayui-0815/entry-12207820400.html","",""
"784743786807033856","本日24:30〜小倉 唯「Future Strike」がオープニングテーマのTVアニメ「ViVid Strike!」が放送されますよ！！ 是非ご覧下さいねー！
https://t.co/Zb08SyFSpT
#vvst #vivid_strike","ja","Tweet","ゆいかおり(小倉 唯＆石原夏織)公式","YUIKAORI_STAFF","","1","85","1","181","0","2016-10-08 22:14:33","https://x.com/YUIKAORI_STAFF/status/784743786807033856","<a href=""http://twitter.com/download/iphone"" rel=""nofollow"">Twitter for iPhone</a>","#vvst, #vivid_strike","http://vivid-strike.com/onair/","",""
"784360076114919424","明日10/8(土)に発売される「声優グランプリ11月号」の表紙&amp;巻頭特集に小倉 唯が水瀬いのりさんと登場しますよ！！！ぜひぜひチェックして下さいね♪♪ #小倉唯 #vivid_strike #vvst https://t.co/1ROeZbzEyg","ja","Tweet","ゆいかおり(小倉 唯＆石原夏織)公式","YUIKAORI_STAFF","","0","456","14","707","1","2016-10-07 20:49:49","https://x.com/YUIKAORI_STAFF/status/784360076114919424","<a href=""http://twitter.com"" rel=""nofollow"">Twitter Web Client</a>","#小倉唯, #vivid_strike, #vvst","","photo","https://pbs.twimg.com/media/CuKa9zHUAAArKg4.jpg"
"784334357641043969","「Future Strike」MUSIC VIDEOの一部を公開中です♪要チェックですよ！！！
https://t.co/PcO3piQTjJ
#小倉唯 #vivid_strike_ https://t.co/G2ephyHf75","ja","Tweet","ゆいかおり(小倉 唯＆石原夏織)公式","YUIKAORI_STAFF","","0","130","1","267","0","2016-10-07 19:07:37","https://x.com/YUIKAORI_STAFF/status/784334357641043969","<a href=""http://twitter.com"" rel=""nofollow"">Twitter Web Client</a>","#小倉唯, #vivid_strike_","https://www.youtube.com/watch?v=1kAnEUDkoNw","photo","https://pbs.twimg.com/media/CuKD7unVYAIUa6l.jpg"
"784333751576735744","「Future Strike」の発売を記念したイベントの開催も決定していますので是非チェックして下さいね！！！https://t.co/VMJUBA5eBk　#小倉唯 #vivid_strike_ https://t.co/UFme3uScQC","ja","Tweet","ゆいかおり(小倉 唯＆石原夏織)公式","YUIKAORI_STAFF","","0","186","1","382","0","2016-10-07 19:05:13","https://x.com/YUIKAORI_STAFF/status/784333751576735744","<a href=""http://twitter.com"" rel=""nofollow"">Twitter Web Client</a>","#小倉唯, #vivid_strike_","http://www.yuikaori.info/info/1821/","photo","https://pbs.twimg.com/media/CuKDQJ8UIAEJNZz.jpg"
"784333452996771841","また、カップリング曲情報も解禁！タイトルは「winter tale」です！実ラジでの解禁も予定していますのでお楽しみにっ！！！https://t.co/rKuxBX37lB
#小倉唯","ja","Tweet","ゆいかおり(小倉 唯＆石原夏織)公式","YUIKAORI_STAFF","","0","134","2","255","0","2016-10-07 19:04:02","https://x.com/YUIKAORI_STAFF/status/784333452996771841","<a href=""http://twitter.com"" rel=""nofollow"">Twitter Web Client</a>","#小倉唯","http://www.ogurayui.jp/discography/","",""
"784333144572866561","11/2に「Future Strike」をリリースする小倉 唯の最新アーティスト写真を公開！！HPもリニューアルしましたよ♪♪ 更にオリジナル特典の詳細も下記にて公開！！！https://t.co/3buExFTlDb
#小倉唯 #vivid_strike_ https://t.co/rX4jIM3DyB","ja","Tweet","ゆいかおり(小倉 唯＆石原夏織)公式","YUIKAORI_STAFF","","0","367","4","597","0","2016-10-07 19:02:48","https://x.com/YUIKAORI_STAFF/status/784333144572866561","<a href=""http://twitter.com"" rel=""nofollow"">Twitter Web Client</a>","#小倉唯, #vivid_strike_","http://www.kingrecords.co.jp/cs/t/t8953/","photo","https://pbs.twimg.com/media/CuKB_W-UkAAp1ag.jpg"
"784034270197100544","アメブロを更新しました。 『祝・桃子ちゃん☆』 
⇒https://t.co/DLjsyX4grz","ja","Tweet","ゆいかおり(小倉 唯＆石原夏織)公式","YUIKAORI_STAFF","","1","236","4","403","0","2016-10-06 23:15:11","https://x.com/YUIKAORI_STAFF/status/784034270197100544","<a href=""https://mobile.twitter.com"" rel=""nofollow"">Twitter Web App</a>","","http://s.ameblo.jp/ogurayui-0815/entry-12207172064.html","",""
"783955450907602949","ゆいかおりLIVE TOUR 2017≪愛知・宮城・大阪公演≫
チケットのお支払方法で【コンビニ】を選択された皆様！お支払の期日は

☆★【本日まで】★☆です!!

今ならまだ間に合いますので、お近くのコンビニへGO♪お忘れにご注意くださいね～！
#yuikaori","ja","Tweet","ゆいかおり(小倉 唯＆石原夏織)公式","YUIKAORI_STAFF","","0","43","0","99","0","2016-10-06 18:01:59","https://x.com/YUIKAORI_STAFF/status/783955450907602949","<a href=""http://twitter.com"" rel=""nofollow"">Twitter Web Client</a>","#yuikaori","","",""
"783630493518471168","ゆいかおりLIVE TOUR 2017≪愛知・宮城・大阪公演≫チケット最速先行予約受付にご当選の皆様！ 
決済選択後のお支払期限は

☆★【明日10/6(木)まで】★☆です!!

期限を過ぎてしまうと当選が無効となってしまいますのでお早めに手続きくださいね！！
#yuikaori","ja","Tweet","ゆいかおり(小倉 唯＆石原夏織)公式","YUIKAORI_STAFF","","0","47","0","111","0","2016-10-05 20:30:43","https://x.com/YUIKAORI_STAFF/status/783630493518471168","<a href=""http://twitter.com"" rel=""nofollow"">Twitter Web Client</a>","#yuikaori","","",""
"783577907750809601","≪締切まであと1時間！≫
お申込みのお忘れはないですか？ゆいかおりLIVE TOUR 2017東京公演のチケット最速先行予約受付は【本日18:00まで】！いよいよ残すところあと≪1時間≫！お急ぎくださ～い！https://t.co/HFrBKTXtPB
#yuikaori https://t.co/ennWrdlB1Y","ja","Tweet","ゆいかおり(小倉 唯＆石原夏織)公式","YUIKAORI_STAFF","","1","67","2","128","0","2016-10-05 17:01:46","https://x.com/YUIKAORI_STAFF/status/783577907750809601","<a href=""http://twitter.com"" rel=""nofollow"">Twitter Web Client</a>","#yuikaori","https://www.yuikaori-entry.com","animated_gif","https://video.twimg.com/tweet_video/Ct_T67PVYAATZVX.mp4"
"783547279991042049","≪締切まであと3時間！≫
ゆいかおりLIVE TOUR 2017≪東京公演≫のチケット最速先行予約受付は【本日18:00まで】！受付終了まで残りわずかです！このチャンスをお見逃しなく！
https://t.co/HFrBKTFSY3
#yuikaori https://t.co/4atwnLl6gJ","ja","Tweet","ゆいかおり(小倉 唯＆石原夏織)公式","YUIKAORI_STAFF","","0","73","1","138","0","2016-10-05 15:00:03","https://x.com/YUIKAORI_STAFF/status/783547279991042049","<a href=""http://twitter.com"" rel=""nofollow"">Twitter Web Client</a>","#yuikaori","https://www.yuikaori-entry.com","animated_gif","https://video.twimg.com/tweet_video/Ct-3G6lWcAARmky.mp4"
"783276355890753536","アメブロを更新しました。 『BREAK OUT』 
⇒https://t.co/hi1qrmGgS5","ja","Tweet","ゆいかおり(小倉 唯＆石原夏織)公式","YUIKAORI_STAFF","","0","196","2","358","0","2016-10-04 21:03:30","https://x.com/YUIKAORI_STAFF/status/783276355890753536","<a href=""https://mobile.twitter.com"" rel=""nofollow"">Twitter Web App</a>","","http://s.ameblo.jp/ishiharakaori-0806/entry-12206468784.html","",""
"783236535529332736","ゆいかおりLIVE TOUR 2017☆愛知・宮城・大阪公演
上記公演に当選された皆さま！チケット【決済方法選択期間】※明日18:00まで!!
手続きやお支払いをお忘れになると≪当選が無効≫になってしまうのでお気を付けくださいね！https://t.co/HFrBKTXtPB","ja","Tweet","ゆいかおり(小倉 唯＆石原夏織)公式","YUIKAORI_STAFF","","0","56","2","113","0","2016-10-04 18:25:16","https://x.com/YUIKAORI_STAFF/status/783236535529332736","<a href=""http://twitter.com"" rel=""nofollow"">Twitter Web Client</a>","","https://www.yuikaori-entry.com","",""
"783230337161670656","≪締切まであと1日！≫
ゆいかおりLIVE TOUR 2017チケット最速先行予約受付・東京公演分のお申込みは【10/5(水)18:00】まで！いよいよ明日で受付締切です！お申込みのお忘れはないでしょうか？☆https://t.co/HFrBKTXtPB
#yuikaori https://t.co/1isuFWvQfK","ja","Tweet","ゆいかおり(小倉 唯＆石原夏織)公式","YUIKAORI_STAFF","","0","65","0","105","0","2016-10-04 18:00:38","https://x.com/YUIKAORI_STAFF/status/783230337161670656","<a href=""http://twitter.com"" rel=""nofollow"">Twitter Web Client</a>","#yuikaori","https://www.yuikaori-entry.com","photo","https://pbs.twimg.com/media/Ct6VjFvVYAAljzD.jpg"
"783222005222866944","≪ゆいかおり：公式サイト更新≫
石原夏織 テレビ朝日系全国放送「BREAK OUT」(ナレーター)レギュラー出演決定！ https://t.co/5v9oeSuYj2
#石原夏織","ja","Tweet","ゆいかおり(小倉 唯＆石原夏織)公式","YUIKAORI_STAFF","","5","349","19","507","0","2016-10-04 17:27:32","https://x.com/YUIKAORI_STAFF/status/783222005222866944","<a href=""http://twitter.com"" rel=""nofollow"">Twitter Web Client</a>","#石原夏織","http://www.yuikaori.info/info/1872/","",""
"783194950238285824","≪ゆいかおり・小倉唯：公式サイト更新≫
NHK BSプレミアム「アニメソング史上最大の祭典～アニメロサマーライブ2016～」放送情報！アニサマ2016の模様をたっぷりとお届け！放送をお楽しみに♪ https://t.co/zUIWhIATi2
#yuikaori #小倉唯","ja","Tweet","ゆいかおり(小倉 唯＆石原夏織)公式","YUIKAORI_STAFF","","0","173","0","332","0","2016-10-04 15:40:01","https://x.com/YUIKAORI_STAFF/status/783194950238285824","<a href=""http://twitter.com"" rel=""nofollow"">Twitter Web Client</a>","#yuikaori, #小倉唯","http://www.yuikaori.info/info/1870/","",""
"782877442620796929","【Live Supporters Team YUIKAORI】
スタッフREPORT更新！先日発売されたLIVE Blu-lay＆DVDのジャケット撮影の模様をたくさんの写真と共ににお届け♪必見ですよ☆https://t.co/tfdjEciSKF
#yuikaori https://t.co/LK4nMecPAe","ja","Tweet","ゆいかおり(小倉 唯＆石原夏織)公式","YUIKAORI_STAFF","","0","137","0","255","0","2016-10-03 18:38:22","https://x.com/YUIKAORI_STAFF/status/782877442620796929","<a href=""http://twitter.com"" rel=""nofollow"">Twitter Web Client</a>","#yuikaori","http://yuikaori-report.info/","photo","https://pbs.twimg.com/media/Ct1Wz98UAAAnRR9.jpg"
"782867895353171968","≪締切まであと2日！≫
ゆいかおりLIVE TOUR 2017チケット最速先行予約受付の東京公演分お申込みは【10/5(水)18:00】まで！お忘れのないようにお気を付けくださいね☆締切りまであと2日ですよ～！https://t.co/HFrBKTXtPB
#yuikaori https://t.co/J0ikEgI917","ja","Tweet","ゆいかおり(小倉 唯＆石原夏織)公式","YUIKAORI_STAFF","","0","83","2","147","0","2016-10-03 18:00:25","https://x.com/YUIKAORI_STAFF/status/782867895353171968","<a href=""http://twitter.com"" rel=""nofollow"">Twitter Web Client</a>","#yuikaori","https://www.yuikaori-entry.com","photo","https://pbs.twimg.com/media/Ct1N5chUAAETl0K.jpg"
"782602574490763264","まもなく「ゆいかおりの実♪」始まりますよーー！！ #yuikaori #joqr #実ラジ","ja","Tweet","ゆいかおり(小倉 唯＆石原夏織)公式","YUIKAORI_STAFF","","0","49","1","125","0","2016-10-03 00:26:08","https://x.com/YUIKAORI_STAFF/status/782602574490763264","<a href=""http://twitter.com/download/iphone"" rel=""nofollow"">Twitter for iPhone</a>","#yuikaori, #joqr, #実ラジ","","",""
"782595807107166209","このあと24:30〜は文化放送にて「ゆいかおりの実♪」が放送されますよーー！！是非お聞き下さいね！ #yuikaori #joqr #実ラジ","ja","Tweet","ゆいかおり(小倉 唯＆石原夏織)公式","YUIKAORI_STAFF","","0","66","0","135","0","2016-10-02 23:59:14","https://x.com/YUIKAORI_STAFF/status/782595807107166209","<a href=""http://twitter.com/download/iphone"" rel=""nofollow"">Twitter for iPhone</a>","#yuikaori, #joqr, #実ラジ","","",""
"782590639514918914","「angelaのsparking！talking！show！」お聞き頂いた皆様ありがとうございました！ゆいかおり最新ライブBD&amp;DVDは発売中！https://t.co/t6RRlpzE12 #yuikaori https://t.co/dNgOkHuGRz","ja","Tweet","ゆいかおり(小倉 唯＆石原夏織)公式","YUIKAORI_STAFF","","0","208","0","481","2","2016-10-02 23:38:42","https://x.com/YUIKAORI_STAFF/status/782590639514918914","<a href=""http://twitter.com/download/iphone"" rel=""nofollow"">Twitter for iPhone</a>","#yuikaori","https://www.youtube.com/watch?v=dDvy8FMoas4#angela_sts","photo","https://pbs.twimg.com/media/CtxSBNTVMAAPoiF.jpg"
"782577248729653248","アメブロを更新しました。 『もえあずちゃん☆』 
⇒https://t.co/nFXHAOSfxV","ja","Tweet","ゆいかおり(小倉 唯＆石原夏織)公式","YUIKAORI_STAFF","","1","323","8","496","0","2016-10-02 22:45:30","https://x.com/YUIKAORI_STAFF/status/782577248729653248","<a href=""https://mobile.twitter.com"" rel=""nofollow"">Twitter Web App</a>","","http://s.ameblo.jp/ogurayui-0815/entry-12205854051.html","",""
"782558159470600192","ゆいかおりがゲスト出演した「angelaのsparking！talking！show！」がDateFM、山陽放送、FM FUJIにて放送されますよ！！！ #angela_sts #yuikaori https://t.co/JXG0udTdFY","ja","Tweet","ゆいかおり(小倉 唯＆石原夏織)公式","YUIKAORI_STAFF","","0","54","0","141","0","2016-10-02 21:29:39","https://x.com/YUIKAORI_STAFF/status/782558159470600192","<a href=""http://twitter.com/download/iphone"" rel=""nofollow"">Twitter for iPhone</a>","#angela_sts, #yuikaori","","photo","https://pbs.twimg.com/media/Ctw0fkqVIAAIfAT.jpg"
"782246880243650560","小倉 唯「Future Strike」を公開！！！アクションに初挑戦していますよ！！是非ご覧下さいね！
https://t.co/PcO3piQTjJ　#小倉唯 #vvst #vivid_strike https://t.co/tUeEM7pXQr","ja","Tweet","ゆいかおり(小倉 唯＆石原夏織)公式","YUIKAORI_STAFF","","0","1020","23","1029","0","2016-10-02 00:52:44","https://x.com/YUIKAORI_STAFF/status/782246880243650560","<a href=""http://twitter.com"" rel=""nofollow"">Twitter Web Client</a>","#小倉唯, #vvst, #vivid_strike","https://www.youtube.com/watch?v=1kAnEUDkoNw","photo","https://pbs.twimg.com/media/CtsYxSuVUAAjtI7.jpg"
"782240709181001732","まもなく小倉 唯「Future Strike」がオープニングテーマのTVアニメ「ViVid Strike!」が放送開始です！！ https://t.co/Zb08SyFSpT
#vvst","ja","Tweet","ゆいかおり(小倉 唯＆石原夏織)公式","YUIKAORI_STAFF","","0","158","0","217","0","2016-10-02 00:28:13","https://x.com/YUIKAORI_STAFF/status/782240709181001732","<a href=""http://twitter.com/download/iphone"" rel=""nofollow"">Twitter for iPhone</a>","#vvst","http://vivid-strike.com/onair/","",""
"782205638147383296","アメブロを更新しました。 『放送スタート☆』 
⇒ https://t.co/y2ZTwlMW0o","ja","Tweet","ゆいかおり(小倉 唯＆石原夏織)公式","YUIKAORI_STAFF","","0","229","3","374","0","2016-10-01 22:08:51","https://x.com/YUIKAORI_STAFF/status/782205638147383296","<a href=""https://ameblo.jp/"" rel=""nofollow"">Ameba_Blog</a>","","http://ameblo.jp/ogurayui-0815/entry-12205507433.html","",""
"782194311978848256","ゆいかおりが「angelaのsparking！talking！show！」に出演しますよ！！！是非お聞きくださいね！！https://t.co/3XpCqMZ7Li
#angela_sts #yuikaori https://t.co/xzQYhXHGAC","ja","Tweet","ゆいかおり(小倉 唯＆石原夏織)公式","YUIKAORI_STAFF","","0","93","0","177","0","2016-10-01 21:23:51","https://x.com/YUIKAORI_STAFF/status/782194311978848256","<a href=""http://twitter.com/download/iphone"" rel=""nofollow"">Twitter for iPhone</a>","#angela_sts, #yuikaori","http://style-market.com/angela/sparking","photo","https://pbs.twimg.com/media/Ctrpk6sVYAEWS08.jpg"
"782115315106713600","小倉 唯「Future Strike」がオープニングテーマのTVアニメ「ViVid Strike!」が本日24:30より放送開始ですよ！！！自身もリンネ役として出演しますので是非チェックして下さいね♪♪ https://t.co/pttpd7Eb7R
#vvst #小倉唯","ja","Tweet","ゆいかおり(小倉 唯＆石原夏織)公式","YUIKAORI_STAFF","","0","276","0","345","0","2016-10-01 16:09:56","https://x.com/YUIKAORI_STAFF/status/782115315106713600","<a href=""http://twitter.com/download/iphone"" rel=""nofollow"">Twitter for iPhone</a>","#vvst, #小倉唯","https://www.youtube.com/watch?v=Yq5ILlY1UGQ","",""
"781780641608142848","≪締切まであと5日！≫
ゆいかおりLIVE TOUR 2017チケット最速先行予約受付の東京公演分お申込みは【10/5(水)18:00】まで！受付終了まで残りわずかです！詳細はコチラからご確認ください♪
https://t.co/HFrBKTXtPB 
#yuikaori https://t.co/oPaY9lVKlB","ja","Tweet","ゆいかおり(小倉 唯＆石原夏織)公式","YUIKAORI_STAFF","","0","91","1","155","0","2016-09-30 18:00:04","https://x.com/YUIKAORI_STAFF/status/781780641608142848","<a href=""http://twitter.com"" rel=""nofollow"">Twitter Web Client</a>","#yuikaori","https://www.yuikaori-entry.com","photo","https://pbs.twimg.com/media/CtlxK0cVUAAnm2k.jpg"
"781741300261400578","アメブロを更新しました。 『ヨナ×ヨナとお知らせ』 
⇒https://t.co/eHMKj9VLbl","ja","Tweet","ゆいかおり(小倉 唯＆石原夏織)公式","YUIKAORI_STAFF","","0","121","0","266","0","2016-09-30 15:23:44","https://x.com/YUIKAORI_STAFF/status/781741300261400578","<a href=""https://mobile.twitter.com"" rel=""nofollow"">Twitter Web App</a>","","http://s.ameblo.jp/ishiharakaori-0806/entry-12205059094.html","",""
"781531922329509889","「鷲崎健のヨルナイト×ヨルナイト」に出演させて頂きました！！！『ゆいかおりLIVE「RAINBOW CANARY!!」～ツアー&amp;日本武道館～』は発売中ですよ♪♪https://t.co/zEdNJHN4RQ #agqr #ヨルナイト https://t.co/K3AcDR2yRP","ja","Tweet","ゆいかおり(小倉 唯＆石原夏織)公式","YUIKAORI_STAFF","","2","247","0","644","1","2016-09-30 01:31:45","https://x.com/YUIKAORI_STAFF/status/781531922329509889","<a href=""http://twitter.com/download/iphone"" rel=""nofollow"">Twitter for iPhone</a>","#agqr, #ヨルナイト","https://www.youtube.com/watch?v=dDvy8FMoas4","photo","https://pbs.twimg.com/media/CtiPFkJUAAA_TQb.jpg"
"781510906924535808","まもなくヨナヨナ出演しますよ〜！！ #agqr #ヨルナイト #yuikaori","ja","Tweet","ゆいかおり(小倉 唯＆石原夏織)公式","YUIKAORI_STAFF","","0","110","1","170","0","2016-09-30 00:08:14","https://x.com/YUIKAORI_STAFF/status/781510906924535808","<a href=""http://twitter.com/download/iphone"" rel=""nofollow"">Twitter for iPhone</a>","#agqr, #ヨルナイト, #yuikaori","","",""
"781497820054327296","この後24時から文化放送 超！A＆G＋にて放送される「鷲崎健のヨルナイト×ヨルナイト」にゆいかおりがゲスト出演しますよーー！！
https://t.co/0KfVnnNPN5 #agqr #ヨルナイト","ja","Tweet","ゆいかおり(小倉 唯＆石原夏織)公式","YUIKAORI_STAFF","","3","166","1","187","0","2016-09-29 23:16:14","https://x.com/YUIKAORI_STAFF/status/781497820054327296","<a href=""http://twitter.com/download/iphone"" rel=""nofollow"">Twitter for iPhone</a>","#agqr, #ヨルナイト","http://joqr.co.jp/yonayona/","",""
"781489985346154496","アメブロを更新しました。 『ヨルナイト×ヨルナイト』 
⇒ https://t.co/UaFSeNr3DU","ja","Tweet","ゆいかおり(小倉 唯＆石原夏織)公式","YUIKAORI_STAFF","","0","126","2","234","0","2016-09-29 22:45:06","https://x.com/YUIKAORI_STAFF/status/781489985346154496","<a href=""https://ameblo.jp/"" rel=""nofollow"">Ameba_Blog</a>","","http://ameblo.jp/ishiharakaori-0806/entry-12204871817.html","",""
"781487025677488128","アメブロを更新しました。 『BD&amp;DVD発売☆』 
⇒ https://t.co/xMu2Rw0vaF","ja","Tweet","ゆいかおり(小倉 唯＆石原夏織)公式","YUIKAORI_STAFF","","1","183","0","317","0","2016-09-29 22:33:20","https://x.com/YUIKAORI_STAFF/status/781487025677488128","<a href=""https://ameblo.jp/"" rel=""nofollow"">Ameba_Blog</a>","","http://ameblo.jp/ogurayui-0815/entry-12204867411.html","",""
"781435213834391552","Theatrical Combat
https://t.co/HnpLuskUop https://t.co/KQ82O2dY4R","en","Tweet","ゆいかおり(小倉 唯＆石原夏織)公式","YUIKAORI_STAFF","","1","487","20","696","0","2016-09-29 19:07:27","https://x.com/YUIKAORI_STAFF/status/781435213834391552","<a href=""http://twitter.com"" rel=""nofollow"">Twitter Web Client</a>","","https://www.youtube.com/watch?v=9rI1uYacIJY","video","https://video.twimg.com/ext_tw_video/781433794288988160/pu/vid/1280x720/kS91JlzfxoORrKke.mp4"
"781349018681028608","ゆいかおりが今夜24時から文化放送 超！A＆G＋にて放送される「鷲崎健のヨルナイト×ヨルナイト」にゲスト出演しますよ♪♪https://t.co/37QusVm3nQ #agqr #ヨルナイト","ja","Tweet","ゆいかおり(小倉 唯＆石原夏織)公式","YUIKAORI_STAFF","","3","186","2","266","0","2016-09-29 13:24:57","https://x.com/YUIKAORI_STAFF/status/781349018681028608","<a href=""http://twitter.com"" rel=""nofollow"">Twitter Web Client</a>","#agqr, #ヨルナイト","http://www.joqr.co.jp/yonayona/","",""
"781328017347923968","発売中のBlu-ray&amp;DVD『ゆいかおりLIVE「RAINBOW CANARY!!」～ツアー&amp;日本武道館～』より
「カナリア」のライブ映像をフルで公開しました！！https://t.co/dG4lCFxSmW
#yuikaori https://t.co/F4P3TzMdBL","ja","Tweet","ゆいかおり(小倉 唯＆石原夏織)公式","YUIKAORI_STAFF","","5","488","10","785","1","2016-09-29 12:01:30","https://x.com/YUIKAORI_STAFF/status/781328017347923968","<a href=""http://twitter.com/download/iphone"" rel=""nofollow"">Twitter for iPhone</a>","#yuikaori","https://www.youtube.com/watch?v=bAxU3DizH90","photo","https://pbs.twimg.com/media/CtfVqARUkAANmFd.jpg"
"781119919412826112","アメブロを更新しました。 『先日！』 
⇒https://t.co/NBLavKfRa9","ja","Tweet","ゆいかおり(小倉 唯＆石原夏織)公式","YUIKAORI_STAFF","","0","154","0","288","0","2016-09-28 22:14:35","https://x.com/YUIKAORI_STAFF/status/781119919412826112","<a href=""https://mobile.twitter.com"" rel=""nofollow"">Twitter Web App</a>","","http://s.ameblo.jp/ishiharakaori-0806/entry-12204534061.html","",""
"780955762377920512","『ゆいかおりLIVE「RAINBOW CANARY!!」〜ツアー&amp;日本武道館〜』のオリジナル特典は下記よりご確認下さいね♪♪
https://t.co/K83tNftC2a  #yuikaori","ja","Tweet","ゆいかおり(小倉 唯＆石原夏織)公式","YUIKAORI_STAFF","","0","96","0","207","0","2016-09-28 11:22:17","https://x.com/YUIKAORI_STAFF/status/780955762377920512","<a href=""http://twitter.com"" rel=""nofollow"">Twitter Web Client</a>","#yuikaori","http://www.kingrecords.co.jp/cs/t/t8621/","",""
"780954070999715840","『ゆいかおりLIVE「RAINBOW CANARY!!」〜ツアー&amp;日本武道館〜』がいよいよ本日発売です！！！
https://t.co/zEdNJHN4RQ #yuikaori https://t.co/M929wMe11v","ja","Tweet","ゆいかおり(小倉 唯＆石原夏織)公式","YUIKAORI_STAFF","","2","240","4","375","0","2016-09-28 11:15:34","https://x.com/YUIKAORI_STAFF/status/780954070999715840","<a href=""http://twitter.com/download/iphone"" rel=""nofollow"">Twitter for iPhone</a>","#yuikaori","https://www.youtube.com/watch?v=dDvy8FMoas4","photo","https://pbs.twimg.com/media/CtaBkxJUMAEB5jP.jpg
https://pbs.twimg.com/media/CtaBkxNUAAAx0hS.jpg
https://pbs.twimg.com/media/CtaBkxVUkAAy7Qr.jpg"
"780711803256918016","「Ring Ring Rainbow!!」のライブ映像を下記にてフルで公開中です！！！ https://t.co/UgEY3hik7n　#yuikaori https://t.co/b8WQXIoT2q","ja","Tweet","ゆいかおり(小倉 唯＆石原夏織)公式","YUIKAORI_STAFF","","1","262","2","561","0","2016-09-27 19:12:53","https://x.com/YUIKAORI_STAFF/status/780711803256918016","<a href=""http://twitter.com"" rel=""nofollow"">Twitter Web Client</a>","#yuikaori","https://www.youtube.com/watch?v=ftNZqtARgw0","photo","https://pbs.twimg.com/media/CtWlJy5UkAAH4xE.jpg"
"780711512914538496","Disc2に収録されるMakingはツアーと日本武道館公演の模様を追った約1時間に及ぶ大ボリューム！！ツアーでのみ披露された楽曲と企画映像も完全収録♪更にBD盤にはビジュアルコメンタリーも収録されていますよ！！https://t.co/4qTB0YSLNm　#yuikaori","ja","Tweet","ゆいかおり(小倉 唯＆石原夏織)公式","YUIKAORI_STAFF","","0","145","0","254","0","2016-09-27 19:11:44","https://x.com/YUIKAORI_STAFF/status/780711512914538496","<a href=""http://twitter.com"" rel=""nofollow"">Twitter Web Client</a>","#yuikaori","https://www.youtube.com/watch?v=knEF4wXA6Gg","",""
"780711264557248512","『ゆいかおりLIVE「RAINBOW CANARY!!」〜ツアー&amp;日本武道館〜』がいよいよ明日発売になりますね！お店さんによっては本日フラゲができるかも！？ぜひぜひチェックして下さいね！！！
https://t.co/zEdNJHN4RQ
#yuikaori https://t.co/nfyUCirAGA","ja","Tweet","ゆいかおり(小倉 唯＆石原夏織)公式","YUIKAORI_STAFF","","0","208","3","333","0","2016-09-27 19:10:45","https://x.com/YUIKAORI_STAFF/status/780711264557248512","<a href=""http://twitter.com"" rel=""nofollow"">Twitter Web Client</a>","#yuikaori","https://www.youtube.com/watch?v=dDvy8FMoas4","photo","https://pbs.twimg.com/media/CtWkjcCUsAALtFO.jpg
https://pbs.twimg.com/media/CtWkmN8VYAAFeVZ.jpg"
"780611013842317313","アメブロを更新しました。 『昨日のむ～ん❤︎』 
⇒ https://t.co/zFSLt2skiG","ja","Tweet","ゆいかおり(小倉 唯＆石原夏織)公式","YUIKAORI_STAFF","","0","226","2","430","0","2016-09-27 12:32:23","https://x.com/YUIKAORI_STAFF/status/780611013842317313","<a href=""https://ameblo.jp/"" rel=""nofollow"">Ameba_Blog</a>","","http://ameblo.jp/ishiharakaori-0806/entry-12204051486.html","",""
"780592131509325824","≪ゆいかおり・小倉唯：公式サイト更新≫
ゆいかおり「angelaのsparking！talking！show！」出演決定！ https://t.co/bVgceQI5Tt
#yuikaori","ja","Tweet","ゆいかおり(小倉 唯＆石原夏織)公式","YUIKAORI_STAFF","","0","156","2","240","0","2016-09-27 11:17:21","https://x.com/YUIKAORI_STAFF/status/780592131509325824","<a href=""http://twitter.com"" rel=""nofollow"">Twitter Web Client</a>","#yuikaori","http://www.yuikaori.info/info/1863/","",""
"780439285518389248","アメブロを更新しました。 『む〜ん☆』 
⇒https://t.co/kkqou4teXD","ja","Tweet","ゆいかおり(小倉 唯＆石原夏織)公式","YUIKAORI_STAFF","","1","222","2","375","0","2016-09-27 01:10:00","https://x.com/YUIKAORI_STAFF/status/780439285518389248","<a href=""https://mobile.twitter.com"" rel=""nofollow"">Twitter Web App</a>","","http://s.ameblo.jp/ogurayui-0815/entry-12203946364.html","",""
"780410149416558592","文化放送 超! A&amp;G+「井口裕香のむ～～～ん ⊂( ＾ω＾)⊃」にゲスト出演させて頂きました！井口さん楽しい時間をありがとうございました！！最新ライブBD&amp;DVDは明後日発売ですよ♪ #muuun #agqr #yuikaori https://t.co/UloOWyOysT","ja","Tweet","ゆいかおり(小倉 唯＆石原夏織)公式","YUIKAORI_STAFF","","3","532","7","984","1","2016-09-26 23:14:13","https://x.com/YUIKAORI_STAFF/status/780410149416558592","<a href=""http://twitter.com/download/iphone"" rel=""nofollow"">Twitter for iPhone</a>","#muuun, #agqr, #yuikaori","","photo","https://pbs.twimg.com/media/CtSS01iUAAABE5Y.jpg"
"780404669080154112","『ゆいかおりLIVE「RAINBOW CANARY!!」〜ツアー&amp;日本武道館〜』より「Ring Ring Rainbow!!」(LIVE RAINBOW CANARY!! ver.)をフルで公開中です♪♪ https://t.co/8CiX3QpvfS
#muuun #agqr","ja","Tweet","ゆいかおり(小倉 唯＆石原夏織)公式","YUIKAORI_STAFF","","0","172","5","263","0","2016-09-26 22:52:26","https://x.com/YUIKAORI_STAFF/status/780404669080154112","<a href=""http://twitter.com/download/iphone"" rel=""nofollow"">Twitter for iPhone</a>","#muuun, #agqr","https://m.youtube.com/watch?spfreload=10&v=ftNZqtARgw0","",""
"780391819880173569","只今放送が始まりました文化放送 超! A&amp;G+「井口裕香のむ～～～ん ⊂( ＾ω＾)⊃」にゆいかおりがゲスト出演しますよ！！22:15分頃から出演しますよ♪♪ #muuun #agqr #yuikaori","ja","Tweet","ゆいかおり(小倉 唯＆石原夏織)公式","YUIKAORI_STAFF","","1","166","2","212","0","2016-09-26 22:01:23","https://x.com/YUIKAORI_STAFF/status/780391819880173569","<a href=""http://twitter.com/download/iphone"" rel=""nofollow"">Twitter for iPhone</a>","#muuun, #agqr, #yuikaori","","",""
"780302056061964288","≪ゆいかおりLIVE TOUR 2017≫ 
愛知・宮城・大阪公演チケット先行予約の当落結果を発表！決済方法選択期間は【10/5(水)まで】！お手続きをお忘れなく♪https://t.co/HFrBKTXtPB
#yuikaori https://t.co/8HdGRe29Cy","ja","Tweet","ゆいかおり(小倉 唯＆石原夏織)公式","YUIKAORI_STAFF","","0","122","3","187","0","2016-09-26 16:04:42","https://x.com/YUIKAORI_STAFF/status/780302056061964288","<a href=""http://twitter.com"" rel=""nofollow"">Twitter Web Client</a>","#yuikaori","https://www.yuikaori-entry.com","photo","https://pbs.twimg.com/media/CtQwMBkUIAEv4a-.jpg"
"780275497510903808","本日22時から放送される文化放送 超！ A&amp;G+「井口裕香のむ～～～ん ⊂( ＾ω＾)⊃」にゆいかおりがゲスト出演しますよ！！是非聞いて下さいね！！！ #muuun #agqr #yuikaori","ja","Tweet","ゆいかおり(小倉 唯＆石原夏織)公式","YUIKAORI_STAFF","","0","207","2","293","0","2016-09-26 14:19:10","https://x.com/YUIKAORI_STAFF/status/780275497510903808","<a href=""http://twitter.com"" rel=""nofollow"">Twitter Web Client</a>","#muuun, #agqr, #yuikaori","","",""
"780074740236988417","【緊急告知！】10/1(土)25時に11/2発売 小倉 唯「Future Strike」のMVを初公開しちゃいます！！お楽しみにっ！！
 #小倉唯 #実ラジ #joqr","ja","Tweet","ゆいかおり(小倉 唯＆石原夏織)公式","YUIKAORI_STAFF","","4","390","2","491","0","2016-09-26 01:01:25","https://x.com/YUIKAORI_STAFF/status/780074740236988417","<a href=""http://twitter.com"" rel=""nofollow"">Twitter Web Client</a>","#小倉唯, #実ラジ, #joqr","","",""
"780073380636561408","9/28発売『ゆいかおりLIVE「RAINBOW CANARY!!」〜ツアー&amp;日本武道館〜』より「Ring Ring Rainbow!!」(LIVE RAINBOW CANARY!! ver.)をフルで公開中！https://t.co/olVfVge5L3 #実ラジ #joqr","ja","Tweet","ゆいかおり(小倉 唯＆石原夏織)公式","YUIKAORI_STAFF","","0","122","1","217","0","2016-09-26 00:56:01","https://x.com/YUIKAORI_STAFF/status/780073380636561408","<a href=""http://twitter.com"" rel=""nofollow"">Twitter Web Client</a>","#実ラジ, #joqr","https://www.youtube.com/watch?v=ftNZqtARgw0&spfreload=10#yuikaori","",""
"780070818604724224","小倉 唯ニューシングル「Future Strike」の一部をTVアニメ「ViVid Strike!」のPVにて試聴できますよ♪https://t.co/pttpd7Eb7R  #小倉唯  #joqr #実ラジ #vivid_strike","ja","Tweet","ゆいかおり(小倉 唯＆石原夏織)公式","YUIKAORI_STAFF","","0","158","1","236","0","2016-09-26 00:45:50","https://x.com/YUIKAORI_STAFF/status/780070818604724224","<a href=""http://twitter.com"" rel=""nofollow"">Twitter Web Client</a>","#小倉唯, #joqr, #実ラジ, #vivid_strike","https://www.youtube.com/watch?v=Yq5ILlY1UGQ","",""
"780065077168779266","まもなく実ラジ始まります♪11/2発売 小倉 唯「Future Strike」の初O.Aもありますので
是非お聞き下さいね！！ #実ラジ #小倉唯 #joqr","ja","Tweet","ゆいかおり(小倉 唯＆石原夏織)公式","YUIKAORI_STAFF","","0","108","2","192","0","2016-09-26 00:23:01","https://x.com/YUIKAORI_STAFF/status/780065077168779266","<a href=""http://twitter.com"" rel=""nofollow"">Twitter Web Client</a>","#実ラジ, #小倉唯, #joqr","","",""
"780062493410402304","アメブロを更新しました。 『初オンエアだよ〜☆』 
⇒https://t.co/6pah2ZRSax","ja","Tweet","ゆいかおり(小倉 唯＆石原夏織)公式","YUIKAORI_STAFF","","0","213","1","364","0","2016-09-26 00:12:45","https://x.com/YUIKAORI_STAFF/status/780062493410402304","<a href=""http://twitter.com/download/iphone"" rel=""nofollow"">Twitter for iPhone</a>","","http://ameblo.jp/ogurayui-0815/entry-12203608267.html","",""
"780014413617045504","本日24:30〜の実ラジでは、小倉 唯「Future Strike」を初O.Aしちゃいます♪♪本楽曲がOPテーマとなるTVアニメ「ViVid Strike!」は10/1より放送スタートですよ！！ #小倉唯 #実ラジ","ja","Tweet","ゆいかおり(小倉 唯＆石原夏織)公式","YUIKAORI_STAFF","","3","328","4","360","0","2016-09-25 21:01:42","https://x.com/YUIKAORI_STAFF/status/780014413617045504","<a href=""http://twitter.com"" rel=""nofollow"">Twitter Web Client</a>","#小倉唯, #実ラジ","","",""
"779855494798127104","いよいよ9/28に『ゆいかおりLIVE「RAINBOW CANARY!!」～ツアー&amp;日本武道館～』が発売されます！！！お楽しみに♪
https://t.co/rUdaUI1S68
#yuikaori #cf_vanguard https://t.co/MedJQcX5gz","ja","Tweet","ゆいかおり(小倉 唯＆石原夏織)公式","YUIKAORI_STAFF","","2","199","1","346","0","2016-09-25 10:30:13","https://x.com/YUIKAORI_STAFF/status/779855494798127104","<a href=""http://twitter.com/download/iphone"" rel=""nofollow"">Twitter for iPhone</a>","#yuikaori, #cf_vanguard","https://m.youtube.com/watch?v=dDvy8FMoas4","photo","https://pbs.twimg.com/media/CtKaXoIUkAAB-0a.jpg
https://pbs.twimg.com/media/CtKaXoNUMAA1bjD.jpg"
"779846778170380288","ゆいかおり「Promise You!!」がEDテーマの「カードファイト!! ヴァンガードG ストライドゲート編」最終回がこのあと10時から放送ですよ〜！是非ご覧下さいね！！ #yuikaori #cf_vanguard","ja","Tweet","ゆいかおり(小倉 唯＆石原夏織)公式","YUIKAORI_STAFF","","0","47","2","145","0","2016-09-25 09:55:35","https://x.com/YUIKAORI_STAFF/status/779846778170380288","<a href=""http://twitter.com/download/iphone"" rel=""nofollow"">Twitter for iPhone</a>","#yuikaori, #cf_vanguard","","",""
"779123314644004864","9/28発売『ゆいかおりLIVE「RAINBOW CANARY!!」～ツアー&amp;日本武道館～』より
「Ring Ring Rainbow!!」をフルで公開
！！！
https://t.co/BcyHoz2iJi
#yuikaori https://t.co/xks35x9qyx","ja","Tweet","ゆいかおり(小倉 唯＆石原夏織)公式","YUIKAORI_STAFF","","3","598","12","787","0","2016-09-23 10:00:48","https://x.com/YUIKAORI_STAFF/status/779123314644004864","<a href=""http://twitter.com/download/iphone"" rel=""nofollow"">Twitter for iPhone</a>","#yuikaori","https://www.youtube.com/watch?v=ftNZqtARgw0&feature=youtu.be","photo","https://pbs.twimg.com/media/CtAAg8bVMAEYRKD.jpg"
"778986974459797509","ゆいかおりが9/29 24時から放送される文化放送 超A&amp;G+「鷲崎健のヨルナイト×ヨルナイト」にゲスト出演することが決定しました！！！
#agqr #ヨルナイト #yuikaori","ja","Tweet","ゆいかおり(小倉 唯＆石原夏織)公式","YUIKAORI_STAFF","","2","243","1","351","0","2016-09-23 00:59:02","https://x.com/YUIKAORI_STAFF/status/778986974459797509","<a href=""http://twitter.com/download/iphone"" rel=""nofollow"">Twitter for iPhone</a>","#agqr, #ヨルナイト, #yuikaori","","",""
"778908450130530304","アメブロを更新しました。 『雨』 
⇒https://t.co/U7eIsTQ2lv","ja","Tweet","ゆいかおり(小倉 唯＆石原夏織)公式","YUIKAORI_STAFF","","1","272","3","479","0","2016-09-22 19:47:00","https://x.com/YUIKAORI_STAFF/status/778908450130530304","<a href=""https://mobile.twitter.com"" rel=""nofollow"">Twitter Web App</a>","","http://s.ameblo.jp/ishiharakaori-0806/entry-12202542422.html","",""
"778618620368723968","アメブロを更新しました。 『(^ ^)☆』 
⇒https://t.co/00oQwLuY9a","ja","Tweet","ゆいかおり(小倉 唯＆石原夏織)公式","YUIKAORI_STAFF","","1","223","1","352","0","2016-09-22 00:35:19","https://x.com/YUIKAORI_STAFF/status/778618620368723968","<a href=""http://twitter.com/download/iphone"" rel=""nofollow"">Twitter for iPhone</a>","","http://ameblo.jp/ogurayui-0815/entry-12202305116.html","",""
"777891062723383296","アメブロを更新しました。 『たくさん…☆』 
⇒https://t.co/TjWX1cuItg","ja","Tweet","ゆいかおり(小倉 唯＆石原夏織)公式","YUIKAORI_STAFF","","1","227","3","407","0","2016-09-20 00:24:16","https://x.com/YUIKAORI_STAFF/status/777891062723383296","<a href=""http://twitter.com"" rel=""nofollow"">Twitter Web Client</a>","","http://ameblo.jp/ogurayui-0815/entry-12201643358.html","",""
"777870188389634048","ゆいかおりが9/26(月) 22時より放送の
文化放送 超A&amp;G+「井口裕香のむ～～～ん ⊂( ＾ω＾)⊃」にゲスト出演します！！！お楽しみにっ！
#muuun #agqr #yuikaori","ja","Tweet","ゆいかおり(小倉 唯＆石原夏織)公式","YUIKAORI_STAFF","","1","397","8","494","0","2016-09-19 23:01:19","https://x.com/YUIKAORI_STAFF/status/777870188389634048","<a href=""http://twitter.com/download/iphone"" rel=""nofollow"">Twitter for iPhone</a>","#muuun, #agqr, #yuikaori","","",""
"777536433808478208","【Making of LIVE TOUR「RAINBOW CANARY!!」(short ver.)】
https://t.co/4qTB0YSLNm
 #yuikaori #joqr #実ラジ","en","Tweet","ゆいかおり(小倉 唯＆石原夏織)公式","YUIKAORI_STAFF","","0","86","2","148","0","2016-09-19 00:55:06","https://x.com/YUIKAORI_STAFF/status/777536433808478208","<a href=""http://twitter.com/download/iphone"" rel=""nofollow"">Twitter for iPhone</a>","#yuikaori, #joqr, #実ラジ","https://www.youtube.com/watch?v=knEF4wXA6Gg","",""
"777536410614046722","【ゆいかおりLIVE「RAINBOW CANARY!!」スペシャルトレーラー】
https://t.co/zEdNJHN4RQ
 #yuikaori #joqr #実ラジ https://t.co/s6Dkl5Jaiu","ja","Tweet","ゆいかおり(小倉 唯＆石原夏織)公式","YUIKAORI_STAFF","","0","91","0","154","0","2016-09-19 00:55:00","https://x.com/YUIKAORI_STAFF/status/777536410614046722","<a href=""http://twitter.com/download/iphone"" rel=""nofollow"">Twitter for iPhone</a>","#yuikaori, #joqr, #実ラジ","https://www.youtube.com/watch?v=dDvy8FMoas4","photo","https://pbs.twimg.com/media/CspdOpWUMAE9ruW.jpg"
"777529445540179969","まもなく「ゆいかおりの実♪」はじまりますよー！！！
#yuikaori #joqr #実ラジ","ja","Tweet","ゆいかおり(小倉 唯＆石原夏織)公式","YUIKAORI_STAFF","","2","43","1","121","0","2016-09-19 00:27:20","https://x.com/YUIKAORI_STAFF/status/777529445540179969","<a href=""http://twitter.com/download/iphone"" rel=""nofollow"">Twitter for iPhone</a>","#yuikaori, #joqr, #実ラジ","","",""
"777511554971344897","今夜放送の実ラジでは、罰ゲーム「弾けないギターで弾き語り」が執行されます！小倉 唯さんによる深夜のリサイタル是非お聞き逃しなく♪♪
 #yuikaori #joqr #実ラジ","ja","Tweet","ゆいかおり(小倉 唯＆石原夏織)公式","YUIKAORI_STAFF","","1","204","5","292","0","2016-09-18 23:16:14","https://x.com/YUIKAORI_STAFF/status/777511554971344897","<a href=""http://twitter.com/download/iphone"" rel=""nofollow"">Twitter for iPhone</a>","#yuikaori, #joqr, #実ラジ","","",""
"776989093049671680","アメブロを更新しました。 『お姉ちゃんの絵本☆』 
⇒https://t.co/cQQz9wnEeD","ja","Tweet","ゆいかおり(小倉 唯＆石原夏織)公式","YUIKAORI_STAFF","","0","232","6","330","0","2016-09-17 12:40:10","https://x.com/YUIKAORI_STAFF/status/776989093049671680","<a href=""http://twitter.com/download/iphone"" rel=""nofollow"">Twitter for iPhone</a>","","http://s.ameblo.jp/ogurayui-0815/entry-12200792820.html","",""
"776794390291292162","アメブロを更新しました。 『ヤングガンガンさん☆』 
⇒https://t.co/DeCVCVdw0R","ja","Tweet","ゆいかおり(小倉 唯＆石原夏織)公式","YUIKAORI_STAFF","","0","193","2","346","0","2016-09-16 23:46:29","https://x.com/YUIKAORI_STAFF/status/776794390291292162","<a href=""https://mobile.twitter.com"" rel=""nofollow"">Twitter Web App</a>","","http://s.ameblo.jp/ogurayui-0815/entry-12200670441.html","",""
"776692154211053568","≪締切まであと1時間！≫
お申込みのお忘れはないですか？ゆいかおりLIVE TOUR 2017愛知、宮城、大阪公演のチケット最速先行予約受付は【本日18:00まで】！https://t.co/aL2l5SvnrA
#yuikaori https://t.co/Rfr5JBss3J","ja","Tweet","ゆいかおり(小倉 唯＆石原夏織)公式","YUIKAORI_STAFF","","0","67","0","114","0","2016-09-16 17:00:14","https://x.com/YUIKAORI_STAFF/status/776692154211053568","<a href=""http://twitter.com"" rel=""nofollow"">Twitter Web Client</a>","#yuikaori","http://www.yuikaori.info/team_yuikaori/","animated_gif","https://video.twimg.com/tweet_video/CsddFv9VIAAyJ9s.mp4"
"776661915506323456","≪締切まであと3時間！≫
ゆいかおりLIVE TOUR 2017愛知、宮城、大阪公演のチケット最速先行予約受付は【本日18:00まで】！お申込をお忘れなく！https://t.co/aL2l5SvnrA
#yuikaori https://t.co/GtDj3StahW","ja","Tweet","ゆいかおり(小倉 唯＆石原夏織)公式","YUIKAORI_STAFF","","0","75","1","123","0","2016-09-16 15:00:04","https://x.com/YUIKAORI_STAFF/status/776661915506323456","<a href=""http://twitter.com"" rel=""nofollow"">Twitter Web Client</a>","#yuikaori","http://www.yuikaori.info/team_yuikaori/","animated_gif","https://video.twimg.com/tweet_video/CsdBwAiUkAAU4Bc.mp4"
"776588224063877121","ゆいかおりLIVE TOUR 2017愛知、宮城、大阪公演のチケット最速先行予約受付は本日18:00まで！！https://t.co/OxQ8gnXMMu   https://t.co/zEdNJHN4RQ
#yuikaori https://t.co/RIBkfsRL2i","ja","Tweet","ゆいかおり(小倉 唯＆石原夏織)公式","YUIKAORI_STAFF","","0","88","1","139","0","2016-09-16 10:07:15","https://x.com/YUIKAORI_STAFF/status/776588224063877121","<a href=""http://twitter.com/download/iphone"" rel=""nofollow"">Twitter for iPhone</a>","#yuikaori","http://yuikaori.info/team_yuikaori/
https://www.youtube.com/watch?v=dDvy8FMoas4","photo","https://pbs.twimg.com/media/Csb-3O2UEAA-vr5.jpg"
"776586699849687041","9/28発売『ゆいかおりLIVE「RAINBOW CANARY!!」〜ツアー&amp;日本武道館〜』のメイキング映像を公開！！！
https://t.co/4qTB0YSLNm　
#yuikaori https://t.co/elmCWht3LT","ja","Tweet","ゆいかおり(小倉 唯＆石原夏織)公式","YUIKAORI_STAFF","","1","414","5","705","0","2016-09-16 10:01:12","https://x.com/YUIKAORI_STAFF/status/776586699849687041","<a href=""http://twitter.com"" rel=""nofollow"">Twitter Web Client</a>","#yuikaori","https://www.youtube.com/watch?v=knEF4wXA6Gg","photo","https://pbs.twimg.com/media/Csb82ANUsAAm3aW.jpg"
"776576123597524992","ゆいかおりが表紙&amp;巻頭特集に登場する「ヤングガンガン No.19」が本日発売！！！是非チェックして下さいね♪　#yuikaori https://t.co/roxZwAKhJL","ja","Tweet","ゆいかおり(小倉 唯＆石原夏織)公式","YUIKAORI_STAFF","","0","421","9","612","2","2016-09-16 09:19:10","https://x.com/YUIKAORI_STAFF/status/776576123597524992","<a href=""http://twitter.com"" rel=""nofollow"">Twitter Web Client</a>","#yuikaori","","photo","https://pbs.twimg.com/media/Csbzxr_UIAYCy6m.jpg"
"776446784734244864","アメブロを更新しました。 『アストロガールズ☆』 
⇒https://t.co/bI3Knw80Zy","ja","Tweet","ゆいかおり(小倉 唯＆石原夏織)公式","YUIKAORI_STAFF","","0","325","8","440","0","2016-09-16 00:45:13","https://x.com/YUIKAORI_STAFF/status/776446784734244864","<a href=""http://twitter.com"" rel=""nofollow"">Twitter Web Client</a>","","http://ameblo.jp/ogurayui-0815/entry-12200372353.html","",""
"776357788595257344","≪締切まであと1日！≫
ゆいかおりLIVE TOUR 2017愛知、宮城、大阪公演のチケット最速先行予約受付は【9/16(金)18:00まで】！お申込みはコチラから！https://t.co/aL2l5SvnrA
#yuikaori https://t.co/NtGNbEoYxI","ja","Tweet","ゆいかおり(小倉 唯＆石原夏織)公式","YUIKAORI_STAFF","","0","112","1","147","0","2016-09-15 18:51:35","https://x.com/YUIKAORI_STAFF/status/776357788595257344","<a href=""http://twitter.com"" rel=""nofollow"">Twitter Web Client</a>","#yuikaori","http://www.yuikaori.info/team_yuikaori/","photo","https://pbs.twimg.com/media/CsYtOQ6UEAEDmPX.jpg"
"775983199834869761","≪締切まであと2日！≫
ゆいかおりLIVE TOUR 2017愛知、宮城、大阪公演のチケット最速先行予約受付は【9/16(金)18:00まで】！お申し込みお忘れなく♪https://t.co/aL2l5SvnrA
#yuikaori https://t.co/pCkNfppER8","ja","Tweet","ゆいかおり(小倉 唯＆石原夏織)公式","YUIKAORI_STAFF","","0","93","1","162","0","2016-09-14 18:03:06","https://x.com/YUIKAORI_STAFF/status/775983199834869761","<a href=""http://twitter.com"" rel=""nofollow"">Twitter Web Client</a>","#yuikaori","http://www.yuikaori.info/team_yuikaori/","photo","https://pbs.twimg.com/media/CsTYdqcVYAEVeqc.jpg"
"775620843615375360","≪締切まであと3日！≫
ゆいかおりLIVE TOUR 2017愛知、宮城、大阪公演のチケット最速先行予約受付は【9/16(金)18:00迄】！詳細はこちらをチェック！https://t.co/aL2l5SvnrA
#yuikaori https://t.co/nK1yKqOWM9","ja","Tweet","ゆいかおり(小倉 唯＆石原夏織)公式","YUIKAORI_STAFF","","0","118","5","164","0","2016-09-13 18:03:14","https://x.com/YUIKAORI_STAFF/status/775620843615375360","<a href=""http://twitter.com"" rel=""nofollow"">Twitter Web Client</a>","#yuikaori","http://www.yuikaori.info/team_yuikaori/","photo","https://pbs.twimg.com/media/CsOO3g4UkAAxSbV.jpg"
"775340168752406528","アメブロを更新しました。 『もう中旬☆』 
⇒https://t.co/8eC8hkaWhk","ja","Tweet","ゆいかおり(小倉 唯＆石原夏織)公式","YUIKAORI_STAFF","","0","201","2","350","0","2016-09-12 23:27:56","https://x.com/YUIKAORI_STAFF/status/775340168752406528","<a href=""https://mobile.twitter.com"" rel=""nofollow"">Twitter Web App</a>","","http://s.ameblo.jp/ogurayui-0815/entry-12199401762.html","",""
"775328975937675268","10月8日(土)に発売される『声優グランプリ11月号』の表紙＆巻頭特集に小倉 唯が登場します！是非チェックしてみてくださいね！！https://t.co/xa9IixOb2j
#小倉唯","ja","Tweet","ゆいかおり(小倉 唯＆石原夏織)公式","YUIKAORI_STAFF","","0","166","5","312","0","2016-09-12 22:43:27","https://x.com/YUIKAORI_STAFF/status/775328975937675268","<a href=""http://twitter.com"" rel=""nofollow"">Twitter Web Client</a>","#小倉唯","http://www.yuikaori.info/info/1840/","",""
"774999900064919552","ゆいかおりLIVE 「RAINBOW CANARY!!」のスペシャルトレーラーはこちらっ♪♪ https://t.co/zEdNJHN4RQ
#yuikaori #joqr #実ラジ","ja","Tweet","ゆいかおり(小倉 唯＆石原夏織)公式","YUIKAORI_STAFF","","1","170","1","241","0","2016-09-12 00:55:49","https://x.com/YUIKAORI_STAFF/status/774999900064919552","<a href=""http://twitter.com/download/iphone"" rel=""nofollow"">Twitter for iPhone</a>","#yuikaori, #joqr, #実ラジ","https://www.youtube.com/watch?v=dDvy8FMoas4","",""
"774997199608434689","小倉 唯ニューシングル「Future Strike」の一部が試聴できるTVアニメ「ViVid Strike!」のPVはこちらから♪https://t.co/pttpd7Eb7R #小倉唯  #joqr #実ラジ #vivid_strike","ja","Tweet","ゆいかおり(小倉 唯＆石原夏織)公式","YUIKAORI_STAFF","","0","138","1","233","0","2016-09-12 00:45:05","https://x.com/YUIKAORI_STAFF/status/774997199608434689","<a href=""http://twitter.com/download/iphone"" rel=""nofollow"">Twitter for iPhone</a>","#小倉唯, #joqr, #実ラジ, #vivid_strike","https://www.youtube.com/watch?v=Yq5ILlY1UGQ","",""
"774992836215255040","まもなく実ラジ始まりますよ！！！
#yuikaori #joqr #実ラジ","ja","Tweet","ゆいかおり(小倉 唯＆石原夏織)公式","YUIKAORI_STAFF","","0","43","0","114","0","2016-09-12 00:27:45","https://x.com/YUIKAORI_STAFF/status/774992836215255040","<a href=""http://twitter.com/download/iphone"" rel=""nofollow"">Twitter for iPhone</a>","#yuikaori, #joqr, #実ラジ","","",""
"774978180645916672","この後24:30〜文化放送にて「ゆいかおりの実♪」が放送！！また、現在ゆいかおりLIVE TOUR2017のチケット最速先行予約受付中ですよ♪☆https://t.co/OxQ8gnXMMu
#yuikaori #joqr #実ラジ https://t.co/TuvoEHRdVF","ja","Tweet","ゆいかおり(小倉 唯＆石原夏織)公式","YUIKAORI_STAFF","","0","100","4","182","0","2016-09-11 23:29:31","https://x.com/YUIKAORI_STAFF/status/774978180645916672","<a href=""http://twitter.com/download/iphone"" rel=""nofollow"">Twitter for iPhone</a>","#yuikaori, #joqr, #実ラジ","http://yuikaori.info/team_yuikaori/","photo","https://pbs.twimg.com/media/CsFGiMwUIAAvAF9.jpg"
"774948282187468804","アメブロを更新しました。 『グリモア♡』 
⇒https://t.co/396BOpozyZ","ja","Tweet","ゆいかおり(小倉 唯＆石原夏織)公式","YUIKAORI_STAFF","","1","147","0","278","0","2016-09-11 21:30:42","https://x.com/YUIKAORI_STAFF/status/774948282187468804","<a href=""http://twitter.com/download/iphone"" rel=""nofollow"">Twitter for iPhone</a>","","http://ameblo.jp/ishiharakaori-0806/entry-12199032460.html","",""
"774173891522498560","ゆいかおりLIVE TOUR2017チケット最速先行予約受付中♪
愛知、宮城、大阪公演の受付期間は１週間後の【9/16(金)18:00迄】!!この機会をお見逃しなく☆https://t.co/aL2l5SvnrA
#yuikaori https://t.co/dke1lDuNDv","ja","Tweet","ゆいかおり(小倉 唯＆石原夏織)公式","YUIKAORI_STAFF","","0","134","0","228","0","2016-09-09 18:13:33","https://x.com/YUIKAORI_STAFF/status/774173891522498560","<a href=""http://twitter.com"" rel=""nofollow"">Twitter Web Client</a>","#yuikaori","http://www.yuikaori.info/team_yuikaori/","photo","https://pbs.twimg.com/media/Cr5qcqeUAAEhl0s.jpg"
"773517353736818689","アメブロを更新しました。 『イベント開催決定☆』
 ⇒https://t.co/AJl8bVduSl","ja","Tweet","ゆいかおり(小倉 唯＆石原夏織)公式","YUIKAORI_STAFF","","0","239","2","408","0","2016-09-07 22:44:43","https://x.com/YUIKAORI_STAFF/status/773517353736818689","<a href=""http://twitter.com/download/iphone"" rel=""nofollow"">Twitter for iPhone</a>","","http://ameblo.jp/ogurayui-0815/entry-12197794567.html","",""
"773447498186850304","9/28発売！『ゆいかおりLIVE「RAINBOW CANARY!!」～ツアー＆日本武道館～』のスペシャルトレーラーを公開しましたよ！！下記よりチェック♪♪
https://t.co/zEdNJI4Ggq
#yuikaori https://t.co/WEYCJq7KRO","ja","Tweet","ゆいかおり(小倉 唯＆石原夏織)公式","YUIKAORI_STAFF","","0","505","17","679","0","2016-09-07 18:07:08","https://x.com/YUIKAORI_STAFF/status/773447498186850304","<a href=""http://twitter.com"" rel=""nofollow"">Twitter Web Client</a>","#yuikaori","https://www.youtube.com/watch?v=dDvy8FMoas4","photo","https://pbs.twimg.com/media/CrvVv6ZWcAAukwr.jpg"
"773151051599912966","アメブロを更新しました。 『実は！』 
⇒https://t.co/WJK2qZU8zW","ja","Tweet","ゆいかおり(小倉 唯＆石原夏織)公式","YUIKAORI_STAFF","","1","244","5","400","0","2016-09-06 22:29:09","https://x.com/YUIKAORI_STAFF/status/773151051599912966","<a href=""https://mobile.twitter.com"" rel=""nofollow"">Twitter Web App</a>","","http://s.ameblo.jp/ishiharakaori-0806/entry-12197473226.html","",""
"773142080965087232","BSスカパーにてゆいかおり特番「Dive into ゆいかおり World!!」が放送中ですよ！！また、現在 ゆいかおりLIVE TOUR2017のチケット先行予約受付中！https://t.co/3sRX4MwQad #ゆいかおり https://t.co/6GJIkaWcFL","ja","Tweet","ゆいかおり(小倉 唯＆石原夏織)公式","YUIKAORI_STAFF","","1","134","1","210","0","2016-09-06 21:53:31","https://x.com/YUIKAORI_STAFF/status/773142080965087232","<a href=""http://twitter.com/download/iphone"" rel=""nofollow"">Twitter for iPhone</a>","#ゆいかおり","http://www.bs-sptv.com/program/2284/","photo","https://pbs.twimg.com/media/CrrAnQ4UkAA1McH.jpg"
"773032380995018752","ゆいかおりLIVE TOUR 2017 チケット最速先行予約受付中♪
公演によって受付期間が異なりますのでお気を付けくださいね！
詳細はコチラ！↓↓↓
https://t.co/aL2l5SvnrA
#yuikaori https://t.co/dSQ8nn9OEF","ja","Tweet","ゆいかおり(小倉 唯＆石原夏織)公式","YUIKAORI_STAFF","","0","202","5","325","0","2016-09-06 14:37:36","https://x.com/YUIKAORI_STAFF/status/773032380995018752","<a href=""http://twitter.com"" rel=""nofollow"">Twitter Web Client</a>","#yuikaori","http://www.yuikaori.info/team_yuikaori/","photo","https://pbs.twimg.com/media/Crpcsm_VMAQAL6z.jpg"
"772766808310816769","9月16日(金)に発売される「ヤングガンガン No.19」の表紙&amp;巻頭特集にゆいかおりが登場します！是非チェックして下さいね！！https://t.co/LTf68dH7YO
#yuikaori","ja","Tweet","ゆいかおり(小倉 唯＆石原夏織)公式","YUIKAORI_STAFF","","0","311","9","425","0","2016-09-05 21:02:19","https://x.com/YUIKAORI_STAFF/status/772766808310816769","<a href=""http://twitter.com/download/iphone"" rel=""nofollow"">Twitter for iPhone</a>","#yuikaori","http://www.square-enix.co.jp/magazine/yg/#ygtop","",""
"772640542840672256","11/2発売！小倉 唯7th Single「Future Strike」発売記念イベントの開催が決定しました！！ ！詳細は下記よりチェック♪♪
https://t.co/VMJUBA5eBk #小倉唯","ja","Tweet","ゆいかおり(小倉 唯＆石原夏織)公式","YUIKAORI_STAFF","","0","311","5","408","0","2016-09-05 12:40:35","https://x.com/YUIKAORI_STAFF/status/772640542840672256","<a href=""http://twitter.com"" rel=""nofollow"">Twitter Web Client</a>","#小倉唯","http://www.yuikaori.info/info/1821/","",""
"772638174115880960","アメブロを更新しました。 『ゆいかおりLIVE TOUR 2017 開催決定☆』
⇒ https://t.co/JsE94SG1C6","ja","Tweet","ゆいかおり(小倉 唯＆石原夏織)公式","YUIKAORI_STAFF","","1","279","1","415","0","2016-09-05 12:31:10","https://x.com/YUIKAORI_STAFF/status/772638174115880960","<a href=""https://ameblo.jp/"" rel=""nofollow"">Ameba_Blog</a>","","http://ameblo.jp/ogurayui-0815/entry-12196981544.html","",""
"772637514817413121","【チケット最速先行開始！】
ゆいかおりライブツアー2017開催決定！ツアーファイナル・NEXT STAGEは国立代々木競技場第一体育館！チケット最速先行受付開始！！https://t.co/aL2l5SvnrA
#yuikaori https://t.co/mXtvMmm2UX","ja","Tweet","ゆいかおり(小倉 唯＆石原夏織)公式","YUIKAORI_STAFF","","3","642","16","883","0","2016-09-05 12:28:33","https://x.com/YUIKAORI_STAFF/status/772637514817413121","<a href=""http://twitter.com/download/iphone"" rel=""nofollow"">Twitter for iPhone</a>","#yuikaori","http://www.yuikaori.info/team_yuikaori/","video","https://video.twimg.com/ext_tw_video/772637453576306688/pu/vid/1280x720/ePpQWTKE1n6ETH4r.mp4"
"772463072321548288","ゆいかおりライブツアー2017の開催が決定！！！チケット最速先行は明日9/5(月)12時からスタートしますよー♪詳しくはこちらっ！！
https://t.co/OxQ8gnXMMu
#yuikaori #joqr #実ラジ https://t.co/aVOvKigUEn","ja","Tweet","ゆいかおり(小倉 唯＆石原夏織)公式","YUIKAORI_STAFF","","0","466","12","544","0","2016-09-05 00:55:22","https://x.com/YUIKAORI_STAFF/status/772463072321548288","<a href=""http://twitter.com/download/iphone"" rel=""nofollow"">Twitter for iPhone</a>","#yuikaori, #joqr, #実ラジ","http://yuikaori.info/team_yuikaori/","photo","https://pbs.twimg.com/media/CrhXDsSUMAAeW4C.jpg"
"772455595739721728","まもなく実ラジ始まりますよー！！！
#yuikaori #joqr #実ラジ","ja","Tweet","ゆいかおり(小倉 唯＆石原夏織)公式","YUIKAORI_STAFF","","2","53","0","117","0","2016-09-05 00:25:40","https://x.com/YUIKAORI_STAFF/status/772455595739721728","<a href=""http://twitter.com/download/iphone"" rel=""nofollow"">Twitter for iPhone</a>","#yuikaori, #joqr, #実ラジ","","",""
"772442460563791873","この後24:30〜は文化放送にて「ゆいかおりの実♪」が放送されますよー！是非お聞き下さいね！！！#yuikaori #joqr #実ラジ","ja","Tweet","ゆいかおり(小倉 唯＆石原夏織)公式","YUIKAORI_STAFF","","1","62","0","144","0","2016-09-04 23:33:28","https://x.com/YUIKAORI_STAFF/status/772442460563791873","<a href=""http://twitter.com/download/iphone"" rel=""nofollow"">Twitter for iPhone</a>","#yuikaori, #joqr, #実ラジ","","",""
"772431458912776193","アメブロを更新しました。 『リリースイベント！！』 
⇒https://t.co/dU16zu8Qk1","ja","Tweet","ゆいかおり(小倉 唯＆石原夏織)公式","YUIKAORI_STAFF","","1","182","0","279","0","2016-09-04 22:49:45","https://x.com/YUIKAORI_STAFF/status/772431458912776193","<a href=""https://mobile.twitter.com"" rel=""nofollow"">Twitter Web App</a>","","http://s.ameblo.jp/ishiharakaori-0806/entry-12196835583.html","",""
"772376309393530880","ゆいかおりライブツアー2017開催決定！ツアーファイナル・NEXT STAGEは国立代々木競技場第一体育館！チケット最速先行は明日9/5(月)正午からになります！https://t.co/aL2l5SvnrA
#yuikaori https://t.co/nj4fr3XqWY","ja","Tweet","ゆいかおり(小倉 唯＆石原夏織)公式","YUIKAORI_STAFF","","15","1582","74","1382","0","2016-09-04 19:10:36","https://x.com/YUIKAORI_STAFF/status/772376309393530880","<a href=""http://twitter.com/download/iphone"" rel=""nofollow"">Twitter for iPhone</a>","#yuikaori","http://www.yuikaori.info/team_yuikaori/","photo","https://pbs.twimg.com/media/CrgIJrwUMAQ37e8.jpg"
"772032547077238784","アメブロを更新しました。 『今日は〜！』 
⇒https://t.co/OMJgaVV3Wp","ja","Tweet","ゆいかおり(小倉 唯＆石原夏織)公式","YUIKAORI_STAFF","","0","129","2","265","0","2016-09-03 20:24:37","https://x.com/YUIKAORI_STAFF/status/772032547077238784","<a href=""http://twitter.com/download/iphone"" rel=""nofollow"">Twitter for iPhone</a>","","http://ameblo.jp/ishiharakaori-0806/entry-12196463758.html","",""
"771732406512386048","アメブロを更新しました。 『アニサマ衣装☆』 
⇒https://t.co/UMq4T89Jzj","ja","Tweet","ゆいかおり(小倉 唯＆石原夏織)公式","YUIKAORI_STAFF","","0","388","11","672","0","2016-09-03 00:31:58","https://x.com/YUIKAORI_STAFF/status/771732406512386048","<a href=""https://mobile.twitter.com"" rel=""nofollow"">Twitter Web App</a>","","http://s.ameblo.jp/ogurayui-0815/entry-12196231999.html","",""
"771648739622522880","アメブロを更新しました。 『Juice up✴︎』
⇒ https://t.co/LB8WeyhB3L","ja","Tweet","ゆいかおり(小倉 唯＆石原夏織)公式","YUIKAORI_STAFF","","1","162","0","294","0","2016-09-02 18:59:30","https://x.com/YUIKAORI_STAFF/status/771648739622522880","<a href=""https://ameblo.jp/"" rel=""nofollow"">Ameba_Blog</a>","","http://ameblo.jp/ishiharakaori-0806/entry-12196128388.html","",""
"771634200415920128","9/28発売、ゆいかおり LIVE「RAINBOW CANARY!!」〜ツアー&amp;日本武道館〜のジャケット写真を公開しました！！更にオリジナル特典絵柄も公開！下記よりチェックしてください！https://t.co/K83tNftC2a https://t.co/9aWcpluwYL","ja","Tweet","ゆいかおり(小倉 唯＆石原夏織)公式","YUIKAORI_STAFF","","1","681","17","943","0","2016-09-02 18:01:44","https://x.com/YUIKAORI_STAFF/status/771634200415920128","<a href=""http://twitter.com"" rel=""nofollow"">Twitter Web Client</a>","","http://www.kingrecords.co.jp/cs/t/t8621/","photo","https://pbs.twimg.com/media/CrVk9ieUMAAmK8A.jpg
https://pbs.twimg.com/media/CrVk-7dVYAEMD4v.jpg"
"771010817374294016","アメブロを更新しました。 『ViVid Strike!☆』 
⇒https://t.co/gehjNEyFBy","ja","Tweet","ゆいかおり(小倉 唯＆石原夏織)公式","YUIKAORI_STAFF","","0","259","4","439","0","2016-09-01 00:44:38","https://x.com/YUIKAORI_STAFF/status/771010817374294016","<a href=""https://mobile.twitter.com"" rel=""nofollow"">Twitter Web App</a>","","http://s.ameblo.jp/ogurayui-0815/entry-12195592205.html","",""
"770819781402382336","本日解禁されたTVアニメ「ViVid Strike!」のPVにて小倉 唯「Future Strike」の一部が試聴できますよ♪ 是非ご覧下さいね！！
https://t.co/pttpd7Eb7R
#vivid_strike #小倉唯","ja","Tweet","ゆいかおり(小倉 唯＆石原夏織)公式","YUIKAORI_STAFF","","0","669","15","730","0","2016-08-31 12:05:31","https://x.com/YUIKAORI_STAFF/status/770819781402382336","<a href=""http://twitter.com/download/iphone"" rel=""nofollow"">Twitter for iPhone</a>","#vivid_strike, #小倉唯","https://www.youtube.com/watch?v=Yq5ILlY1UGQ","",""
"770819570332344320","小倉 唯7枚目のシングル「Future Strike」が11/2に発売されます！こちらは10月1日より放送開始するTVアニメ「ViVid Strike!」のオープニングテーマとなります！https://t.co/rKuxBX37lB
#vivid_strike #小倉唯","ja","Tweet","ゆいかおり(小倉 唯＆石原夏織)公式","YUIKAORI_STAFF","","0","521","2","569","0","2016-08-31 12:04:41","https://x.com/YUIKAORI_STAFF/status/770819570332344320","<a href=""http://twitter.com/download/iphone"" rel=""nofollow"">Twitter for iPhone</a>","#vivid_strike, #小倉唯","http://www.ogurayui.jp/discography/","",""
"770438568103714816","アメブロを更新しました。 『アニサマ2016☆』
 ⇒https://t.co/knHlrcvoqC","ja","Tweet","ゆいかおり(小倉 唯＆石原夏織)公式","YUIKAORI_STAFF","","0","280","1","460","0","2016-08-30 10:50:43","https://x.com/YUIKAORI_STAFF/status/770438568103714816","<a href=""http://twitter.com/download/iphone"" rel=""nofollow"">Twitter for iPhone</a>","","http://s.ameblo.jp/ogurayui-0815/entry-12195048856.html","",""
"769930378026950656","アメブロを更新しました。 『アニサマ2016♡』
 ⇒https://t.co/hV9rhmCxn0","ja","Tweet","ゆいかおり(小倉 唯＆石原夏織)公式","YUIKAORI_STAFF","","0","356","1","649","0","2016-08-29 01:11:21","https://x.com/YUIKAORI_STAFF/status/769930378026950656","<a href=""http://twitter.com/download/iphone"" rel=""nofollow"">Twitter for iPhone</a>","","http://s.ameblo.jp/ishiharakaori-0806/entry-12194659931.html","",""
"769918672995364864","まもなく実ラジ始まります！！是非お聞き下さいねー♪♪
#yuikaori #joqr #実ラジ","ja","Tweet","ゆいかおり(小倉 唯＆石原夏織)公式","YUIKAORI_STAFF","","2","54","3","136","0","2016-08-29 00:24:50","https://x.com/YUIKAORI_STAFF/status/769918672995364864","<a href=""http://twitter.com/download/iphone"" rel=""nofollow"">Twitter for iPhone</a>","#yuikaori, #joqr, #実ラジ","","",""
"769906181464657920","そしてこの後24:30〜は文化放送「ゆいかおりの実♪」が放送です！こちらも是非お聞き下さいね〜！！  #yuikaori #joqr #実ラジ #anisama","ja","Tweet","ゆいかおり(小倉 唯＆石原夏織)公式","YUIKAORI_STAFF","","2","74","2","152","0","2016-08-28 23:35:12","https://x.com/YUIKAORI_STAFF/status/769906181464657920","<a href=""http://twitter.com/download/iphone"" rel=""nofollow"">Twitter for iPhone</a>","#yuikaori, #joqr, #実ラジ, #anisama","","",""
"769901812837003266","petit miladyさん、エラバレシさんと「もってけ！セーラーふく」披露させて頂きました！！素敵なコラボレーションありがとうございました♪♪
#yuikaori #anisama https://t.co/f43Sgk90Ua","ja","Tweet","ゆいかおり(小倉 唯＆石原夏織)公式","YUIKAORI_STAFF","","12","2793","55","4490","8","2016-08-28 23:17:50","https://x.com/YUIKAORI_STAFF/status/769901812837003266","<a href=""http://twitter.com/download/iphone"" rel=""nofollow"">Twitter for iPhone</a>","#yuikaori, #anisama","","photo","https://pbs.twimg.com/media/Cq89XZmUMAA5crC.jpg
https://pbs.twimg.com/media/Cq89XZsVYAAsBy7.jpg"
"769877291656630272","アニサマ2016ありがとうございました！！！9/28には初の武道館公演の模様を完全収録したBD&amp;DVDが発売されます！こちらも是非お楽しみにっ！！
https://t.co/FH5HutxTpM #yuikaori #anisama https://t.co/xI67vi1Djs","ja","Tweet","ゆいかおり(小倉 唯＆石原夏織)公式","YUIKAORI_STAFF","","8","1657","22","2595","4","2016-08-28 21:40:24","https://x.com/YUIKAORI_STAFF/status/769877291656630272","<a href=""http://twitter.com/download/iphone"" rel=""nofollow"">Twitter for iPhone</a>","#yuikaori, #anisama","http://www.yuikaori.info/discography/1709/","photo","https://pbs.twimg.com/media/Cq8nPLAUkAAtxsb.jpg"
"769544846176428032","アメブロを更新しました。 『明日はアニサマ☆』 
⇒https://t.co/3Zl00qUxjQ","ja","Tweet","ゆいかおり(小倉 唯＆石原夏織)公式","YUIKAORI_STAFF","","1","314","2","473","0","2016-08-27 23:39:23","https://x.com/YUIKAORI_STAFF/status/769544846176428032","<a href=""https://mobile.twitter.com"" rel=""nofollow"">Twitter Web App</a>","","http://s.ameblo.jp/ogurayui-0815/entry-12194332521.html","",""
"769160636139831296","アメブロを更新しました。 『ねじねじヘア☆』 
⇒https://t.co/Udev6vM6FN","ja","Tweet","ゆいかおり(小倉 唯＆石原夏織)公式","YUIKAORI_STAFF","","0","220","1","403","0","2016-08-26 22:12:40","https://x.com/YUIKAORI_STAFF/status/769160636139831296","<a href=""https://mobile.twitter.com"" rel=""nofollow"">Twitter Web App</a>","","http://s.ameblo.jp/ogurayui-0815/entry-12194002474.html","",""
"768066255899103232","アメブロを更新しました。 『カワウソクッキー☆』
⇒ https://t.co/BhPr5o4mcN","ja","Tweet","ゆいかおり(小倉 唯＆石原夏織)公式","YUIKAORI_STAFF","","1","430","17","648","0","2016-08-23 21:44:00","https://x.com/YUIKAORI_STAFF/status/768066255899103232","<a href=""https://ameblo.jp/"" rel=""nofollow"">Ameba_Blog</a>","","http://ameblo.jp/ogurayui-0815/entry-12193095689.html","",""
"767740805494689793","アメブロを更新しました。 『「High-Touch☆Summer」☆』
⇒ https://t.co/PLpD7xcgCd","ja","Tweet","ゆいかおり(小倉 唯＆石原夏織)公式","YUIKAORI_STAFF","","1","273","5","431","0","2016-08-23 00:10:46","https://x.com/YUIKAORI_STAFF/status/767740805494689793","<a href=""https://ameblo.jp/"" rel=""nofollow"">Ameba_Blog</a>","","http://ameblo.jp/ogurayui-0815/entry-12192844244.html","",""
"767365995254026240","本日の実ラジですが、オリンピック特番放送のため27:30(朝3時半)からの放送になりますよ！！ 
#yuikaori #joqr #実ラジ","ja","Tweet","ゆいかおり(小倉 唯＆石原夏織)公式","YUIKAORI_STAFF","","1","153","5","168","0","2016-08-21 23:21:24","https://x.com/YUIKAORI_STAFF/status/767365995254026240","<a href=""http://twitter.com/download/iphone"" rel=""nofollow"">Twitter for iPhone</a>","#yuikaori, #joqr, #実ラジ","","",""
"767350226931687424","アメブロを更新しました。 『素敵な1日❤︎』 
⇒https://t.co/iHGX1FrjQh","ja","Tweet","ゆいかおり(小倉 唯＆石原夏織)公式","YUIKAORI_STAFF","","0","217","9","339","0","2016-08-21 22:18:45","https://x.com/YUIKAORI_STAFF/status/767350226931687424","<a href=""https://mobile.twitter.com"" rel=""nofollow"">Twitter Web App</a>","","http://s.ameblo.jp/ishiharakaori-0806/entry-12192485795.html","",""
"767199362808029184","アメブロを更新しました。 『ゆいはたち～サイン会・Instagram～☆』 
⇒https://t.co/vwUfpE9YM9","ja","Tweet","ゆいかおり(小倉 唯＆石原夏織)公式","YUIKAORI_STAFF","","2","225","4","397","0","2016-08-21 12:19:16","https://x.com/YUIKAORI_STAFF/status/767199362808029184","<a href=""https://mobile.twitter.com"" rel=""nofollow"">Twitter Web App</a>","","http://s.ameblo.jp/ogurayui-0815/entry-12192323494.html","",""
"767159331116548096","ゆいかおり「Promise You!!」がEDテーマの「カードファイト!! ヴァンガードG ストライドゲート編」がこのあと10時から放送ですよ！是非ご覧下さいね♪ #yuikaori #cf_vanguard #プロミスユー https://t.co/LMr1SZ2RoD","ja","Tweet","ゆいかおり(小倉 唯＆石原夏織)公式","YUIKAORI_STAFF","","0","88","0","239","0","2016-08-21 09:40:12","https://x.com/YUIKAORI_STAFF/status/767159331116548096","<a href=""http://twitter.com/download/iphone"" rel=""nofollow"">Twitter for iPhone</a>","#yuikaori, #cf_vanguard, #プロミスユー","","photo","https://pbs.twimg.com/media/CqV_WBqUkAAQoGp.jpg"
"766470384774373376","≪ゆいかおり・小倉唯：公式サイト更新≫
小倉 唯ライブグッズ通信販売スケジュール決定！ https://t.co/KL4dLrljHj
#小倉唯","ja","Tweet","ゆいかおり(小倉 唯＆石原夏織)公式","YUIKAORI_STAFF","","1","187","6","295","0","2016-08-19 12:02:34","https://x.com/YUIKAORI_STAFF/status/766470384774373376","<a href=""http://twitter.com"" rel=""nofollow"">Twitter Web Client</a>","#小倉唯","http://www.yuikaori.info/info/1808/","",""
"765159545928753152","アメブロを更新しました。 『21歳☆』 
⇒https://t.co/D4iKHhPhcf","ja","Tweet","ゆいかおり(小倉 唯＆石原夏織)公式","YUIKAORI_STAFF","","12","664","15","889","1","2016-08-15 21:13:46","https://x.com/YUIKAORI_STAFF/status/765159545928753152","<a href=""https://mobile.twitter.com"" rel=""nofollow"">Twitter Web App</a>","","http://s.ameblo.jp/ogurayui-0815/entry-12190650737.html","",""
"764845087108927488","アメブロを更新しました。 『「High-Touch☆Summer」群馬公演・千秋楽☆』
⇒ https://t.co/HyqSwllckr","ja","Tweet","ゆいかおり(小倉 唯＆石原夏織)公式","YUIKAORI_STAFF","","4","343","1","480","0","2016-08-15 00:24:13","https://x.com/YUIKAORI_STAFF/status/764845087108927488","<a href=""https://ameblo.jp/"" rel=""nofollow"">Ameba_Blog</a>","","http://ameblo.jp/ogurayui-0815/entry-12190415346.html","",""
"764826393389572096","本日の実ラジですが、オリンピック特番放送のため28時(朝4時)からの放送になります！！
#yuikaori #joqr #実ラジ","ja","Tweet","ゆいかおり(小倉 唯＆石原夏織)公式","YUIKAORI_STAFF","","1","190","5","191","0","2016-08-14 23:09:56","https://x.com/YUIKAORI_STAFF/status/764826393389572096","<a href=""http://twitter.com/download/iphone"" rel=""nofollow"">Twitter for iPhone</a>","#yuikaori, #joqr, #実ラジ","","",""
"764811070011682816","≪ゆいかおり・小倉唯：公式サイト更新≫
小倉 唯 1st LIVE TOUR「High-Touch☆Summer」グッズ通信販売決定！ 
https://t.co/m4tGOJVPD8
#小倉唯","ja","Tweet","ゆいかおり(小倉 唯＆石原夏織)公式","YUIKAORI_STAFF","","5","278","15","345","0","2016-08-14 22:09:03","https://x.com/YUIKAORI_STAFF/status/764811070011682816","<a href=""http://twitter.com/download/iphone"" rel=""nofollow"">Twitter for iPhone</a>","#小倉唯","http://www.yuikaori.info/info/1802/","",""
"764799678109978624","小倉 唯1st LIVE TOUR「High-Touch☆Summer」千秋楽群馬公演無事終演しました！！1stツアーにご来場頂いたみなさま、応援して下さったみなさま本当にありがとうございました！！！#小倉唯 #HTS https://t.co/XP1NOhVdDi","ja","Tweet","ゆいかおり(小倉 唯＆石原夏織)公式","YUIKAORI_STAFF","","41","1341","42","1773","2","2016-08-14 21:23:47","https://x.com/YUIKAORI_STAFF/status/764799678109978624","<a href=""http://twitter.com/download/iphone"" rel=""nofollow"">Twitter for iPhone</a>","#小倉唯, #HTS","","photo","https://pbs.twimg.com/media/Cp0dPE4UkAAQEDL.jpg
https://pbs.twimg.com/media/Cp0dPE6UkAAPEoD.jpg"
"764687508026163200","いよいよやって参りました！小倉 唯1st LIVE TOUR「High-Touch☆Summer」群馬公演！！千秋楽に相応しい快晴です！！ツアーラスト盛り上がって行きましょう！！！
#小倉唯 #HTS","ja","Tweet","ゆいかおり(小倉 唯＆石原夏織)公式","YUIKAORI_STAFF","","3","270","1","382","0","2016-08-14 13:58:03","https://x.com/YUIKAORI_STAFF/status/764687508026163200","<a href=""http://twitter.com/download/iphone"" rel=""nofollow"">Twitter for iPhone</a>","#小倉唯, #HTS","","",""
"764638090723930112","アメブロを更新しました。 『凱旋公演☆』
 ⇒
https://t.co/qKBZXQXon7","ja","Tweet","ゆいかおり(小倉 唯＆石原夏織)公式","YUIKAORI_STAFF","","0","278","4","413","0","2016-08-14 10:41:41","https://x.com/YUIKAORI_STAFF/status/764638090723930112","<a href=""http://twitter.com/download/iphone"" rel=""nofollow"">Twitter for iPhone</a>","","http://s.ameblo.jp/ogurayui-0815/entry-12190198813.html","",""
"764635847752687616","ゆいかおりニューシングル「Promise You!!」感想等は是非ハッシュタグ(#プロミスユー)をつけて呟いて下さいね♪ https://t.co/bz5AI2KZug
#yuikaori #プロミスユー #cf_vanguard https://t.co/Ek23gc53hI","ja","Tweet","ゆいかおり(小倉 唯＆石原夏織)公式","YUIKAORI_STAFF","","0","69","1","164","0","2016-08-14 10:32:47","https://x.com/YUIKAORI_STAFF/status/764635847752687616","<a href=""http://twitter.com/download/iphone"" rel=""nofollow"">Twitter for iPhone</a>","#プロミスユー, #yuikaori, #プロミスユー, #cf_vanguard","https://www.youtube.com/watch?v=edEfgemc6Rk","photo","https://pbs.twimg.com/media/CpyIQAnVIAE_kMo.jpg"
"764621441262231552","ゆいかおり「Promise You!!」がEDテーマ「カードファイト!! ヴァンガードG ストライドゲート編」はこのあと10時から放送ですよ〜！是非ご覧下さいね！！ #yuikaori #プロミスユー #cf_vanguard","ja","Tweet","ゆいかおり(小倉 唯＆石原夏織)公式","YUIKAORI_STAFF","","0","36","0","110","0","2016-08-14 09:35:32","https://x.com/YUIKAORI_STAFF/status/764621441262231552","<a href=""http://twitter.com/download/iphone"" rel=""nofollow"">Twitter for iPhone</a>","#yuikaori, #プロミスユー, #cf_vanguard","","",""
"764468988185161728","9/4(日)開催！ゆいかおり「Promise You!!」リリース記念イベントの応募締切は8/15(月)必着です！応募方法等は下記よりご確認下さい♪ https://t.co/53mDePipRP #yuikaori #プロミスユー https://t.co/W2qxAFnvWB","ja","Tweet","ゆいかおり(小倉 唯＆石原夏織)公式","YUIKAORI_STAFF","","1","117","1","222","0","2016-08-13 23:29:44","https://x.com/YUIKAORI_STAFF/status/764468988185161728","<a href=""http://twitter.com/download/iphone"" rel=""nofollow"">Twitter for iPhone</a>","#yuikaori, #プロミスユー","http://yuikaori.info/info/1698/","photo","https://pbs.twimg.com/media/Cpvwe-zUkAA0mCv.jpg"
"763730881487917056","アメブロを更新しました。 『Promise You!!☆』 
⇒https://t.co/EEm8Xobl89","ja","Tweet","ゆいかおり(小倉 唯＆石原夏織)公式","YUIKAORI_STAFF","","0","168","1","298","0","2016-08-11 22:36:46","https://x.com/YUIKAORI_STAFF/status/763730881487917056","<a href=""https://mobile.twitter.com"" rel=""nofollow"">Twitter Web App</a>","","http://s.ameblo.jp/ogurayui-0815/entry-12189481009.html","",""
"763599815276007424","9/4(日)開催の「Promise You!!」発売記念イベントでは二人が箱根旅行で撮影してきた映像も公開しちゃいますよ！！！https://t.co/c85I2QUU44 #yuikaori #プロミスユー","ja","Tweet","ゆいかおり(小倉 唯＆石原夏織)公式","YUIKAORI_STAFF","","1","114","4","226","0","2016-08-11 13:55:57","https://x.com/YUIKAORI_STAFF/status/763599815276007424","<a href=""http://twitter.com"" rel=""nofollow"">Twitter Web Client</a>","#yuikaori, #プロミスユー","http://www.yuikaori.info/info/1698/","",""
"763598188250968064","ゆいかおり「Promise You!!」のリリース記念イベントが9/4(日)にラフォーレミュージアム六本木で開催！応募方法等は下記よりご確認下さいね♪https://t.co/c85I2QUU44 #yuikaori #プロミスユー https://t.co/qWOtujCvTJ","ja","Tweet","ゆいかおり(小倉 唯＆石原夏織)公式","YUIKAORI_STAFF","","0","130","0","274","0","2016-08-11 13:49:29","https://x.com/YUIKAORI_STAFF/status/763598188250968064","<a href=""http://twitter.com"" rel=""nofollow"">Twitter Web Client</a>","#yuikaori, #プロミスユー","http://www.yuikaori.info/info/1698/","photo","https://pbs.twimg.com/media/CpjYYMYVUAEnyiO.jpg"
"763345564855435264","「Promise You!!」のDance ver.がiTunes Store他主要配信サイトにて配信中ですよ！！キレキレのダンスご覧あれ！https://t.co/0JOCjVJD3g #yuikaori #プロミスユー","ja","Tweet","ゆいかおり(小倉 唯＆石原夏織)公式","YUIKAORI_STAFF","","0","116","1","261","0","2016-08-10 21:05:39","https://x.com/YUIKAORI_STAFF/status/763345564855435264","<a href=""http://twitter.com/download/iphone"" rel=""nofollow"">Twitter for iPhone</a>","#yuikaori, #プロミスユー","https://itunes.apple.com/jp/music-video/promise-you!!-dance-ver./id1140027150","",""
"763314063791099905","【オリジナルヘッダープレゼント②】
ゆいかおりニューシングル「Promise You!!」発売＆フォロワー3万人突破記念プレゼント、お好きな方を保存して、是非ご利用くださいね！
2枚目はコチラ！↓
#yuikaori #プロミスユー https://t.co/6ZGAoQfRVK","ja","Tweet","ゆいかおり(小倉 唯＆石原夏織)公式","YUIKAORI_STAFF","","3","257","4","494","4","2016-08-10 19:00:29","https://x.com/YUIKAORI_STAFF/status/763314063791099905","<a href=""http://twitter.com"" rel=""nofollow"">Twitter Web Client</a>","#yuikaori, #プロミスユー","","photo","https://pbs.twimg.com/media/CpfV942VUAAo0F5.jpg"
"763313848250015745","【オリジナルヘッダープレゼント①】
ゆいかおりニューシングル「Promise You!!」発売とTwitterフォロワー3万人突破を記念して、2種類のTwitter用ヘッダー画像をプレゼント☆
1枚目はコチラ！↓
#yuikaori https://t.co/8Oaud7YPOg","ja","Tweet","ゆいかおり(小倉 唯＆石原夏織)公式","YUIKAORI_STAFF","","1","224","0","435","2","2016-08-10 18:59:37","https://x.com/YUIKAORI_STAFF/status/763313848250015745","<a href=""http://twitter.com"" rel=""nofollow"">Twitter Web Client</a>","#yuikaori","","photo","https://pbs.twimg.com/media/CpfVh1OUsAAHm6M.jpg"
"763309448227991552","≪ゆいかおり・小倉唯：公式サイト更新≫
【「Promise You!!」配信開始！MUSIC VIDEOに加えDance ver.も配信中！】
【MBSラジオ「ティルドーンアニメ」にコメント出演！】
https://t.co/mgkhThjPYX
#yuikaori","ja","Tweet","ゆいかおり(小倉 唯＆石原夏織)公式","YUIKAORI_STAFF","","0","83","0","150","0","2016-08-10 18:42:08","https://x.com/YUIKAORI_STAFF/status/763309448227991552","<a href=""http://twitter.com"" rel=""nofollow"">Twitter Web Client</a>","#yuikaori","http://www.yuikaori.info/info/","",""
"763289684898291713","【8/10本日発売！Promise You!!オフショット④】
MVのSFシーン！ご覧の通り全編CGでの撮影でした♪完成したMVはこちらで公開中！https://t.co/bz5AI2KZug
#yuikaori #プロミスユー https://t.co/B5mWfcdL60","ja","Tweet","ゆいかおり(小倉 唯＆石原夏織)公式","YUIKAORI_STAFF","","0","123","0","341","1","2016-08-10 17:23:36","https://x.com/YUIKAORI_STAFF/status/763289684898291713","<a href=""http://twitter.com/download/iphone"" rel=""nofollow"">Twitter for iPhone</a>","#yuikaori, #プロミスユー","https://www.youtube.com/watch?v=edEfgemc6Rk","photo","https://pbs.twimg.com/media/Cpe_6I4UIAU-COF.jpg"
"763284753650941952","【8/10本日発売！Promise You!!オフショット③】
MVでの浴衣シーン。ゆいかおりの浴衣はIntro Situationぶりですかね？2人とも似合ってます♪
#yuikaori #プロミスユー https://t.co/EC7od03kQ5","ja","Tweet","ゆいかおり(小倉 唯＆石原夏織)公式","YUIKAORI_STAFF","","0","267","1","635","1","2016-08-10 17:04:01","https://x.com/YUIKAORI_STAFF/status/763284753650941952","<a href=""http://twitter.com/download/iphone"" rel=""nofollow"">Twitter for iPhone</a>","#yuikaori, #プロミスユー","","photo","https://pbs.twimg.com/media/Cpe7a2EVYAAKpx3.jpg"
"763274627841859584","【8/10本日発売！Promise You!!オフショット②】
MV撮影の模様。終始ハイテンションで撮影は進められましたよ！
#yuikaori #プロミスユー https://t.co/535vr7L8qe","ja","Tweet","ゆいかおり(小倉 唯＆石原夏織)公式","YUIKAORI_STAFF","","0","163","0","440","2","2016-08-10 16:23:46","https://x.com/YUIKAORI_STAFF/status/763274627841859584","<a href=""http://twitter.com/download/iphone"" rel=""nofollow"">Twitter for iPhone</a>","#yuikaori, #プロミスユー","","photo","https://pbs.twimg.com/media/CpeyM9eVIAAIZ7I.jpg"
"763251771376439296","【8/10本日発売！Promise You!!オフショット①】
ジャケット写真撮影の模様です。実はこんな風になってました！詳しくは期間限定盤のメイキングをご覧くださいね♪
#yuikaori #プロミスユー https://t.co/SbpGWyHBr4","ja","Tweet","ゆいかおり(小倉 唯＆石原夏織)公式","YUIKAORI_STAFF","","0","217","1","497","1","2016-08-10 14:52:57","https://x.com/YUIKAORI_STAFF/status/763251771376439296","<a href=""http://twitter.com/download/iphone"" rel=""nofollow"">Twitter for iPhone</a>","#yuikaori, #プロミスユー","","photo","https://pbs.twimg.com/media/CpedbuNUEAEMkpo.jpg"
"763247062439690241","アメブロを更新しました。 『1番美味しいn.e.oジンジャーエール❤︎』
⇒ https://t.co/e9vfD7LQIg","ja","Tweet","ゆいかおり(小倉 唯＆石原夏織)公式","YUIKAORI_STAFF","","0","124","0","223","0","2016-08-10 14:34:14","https://x.com/YUIKAORI_STAFF/status/763247062439690241","<a href=""https://ameblo.jp/"" rel=""nofollow"">Ameba_Blog</a>","","http://ameblo.jp/ishiharakaori-0806/entry-12189049972.html","",""
"763235287157714944","本日発売、ゆいかおりニューシングル「Promise You!!」ジャケット写真も夏らしくて爽やかですね〜！ #yuikaori #プロミスユー https://t.co/n6Rczo5KXh","ja","Tweet","ゆいかおり(小倉 唯＆石原夏織)公式","YUIKAORI_STAFF","","0","181","1","352","1","2016-08-10 13:47:27","https://x.com/YUIKAORI_STAFF/status/763235287157714944","<a href=""http://twitter.com/download/iphone"" rel=""nofollow"">Twitter for iPhone</a>","#yuikaori, #プロミスユー","","photo","https://pbs.twimg.com/media/CpeOcY5UkAIsdhm.jpg
https://pbs.twimg.com/media/CpeOcY7UEAAxli4.jpg"
"763189874673319936","更に！本日発売「Promise You!!」のDance ver.がiTunes Store他主要配信サイトにて配信中！！https://t.co/0JOCjVJD3g #yuikaori #プロミスユー","ja","Tweet","ゆいかおり(小倉 唯＆石原夏織)公式","YUIKAORI_STAFF","","1","133","1","236","0","2016-08-10 10:47:00","https://x.com/YUIKAORI_STAFF/status/763189874673319936","<a href=""http://twitter.com"" rel=""nofollow"">Twitter Web Client</a>","#yuikaori, #プロミスユー","https://itunes.apple.com/jp/music-video/promise-you!!-dance-ver./id1140027150","",""
"763186496136290305","カップリング曲「真夏ハプニング」は「カナリア」「倍速∞ラブストレート」作詞作曲の服部祐希さんによる夏にぴったりなサマーパーティーチューン！！ https://t.co/lcAy2IwF7l #yuikaori #プロミスユー https://t.co/lnqxX3TInw","ja","Tweet","ゆいかおり(小倉 唯＆石原夏織)公式","YUIKAORI_STAFF","","1","88","1","194","0","2016-08-10 10:33:34","https://x.com/YUIKAORI_STAFF/status/763186496136290305","<a href=""http://twitter.com"" rel=""nofollow"">Twitter Web Client</a>","#yuikaori, #プロミスユー","https://www.youtube.com/watch?v=i-MfFBKN2Xg","photo","https://pbs.twimg.com/media/CpdiAMjVUAEhjEb.jpg"
"763185671943008256","期間限定盤には「Promise You!!」のMUSIC VIDEOに加えメイキング映像も収録されていますよ！！https://t.co/szq5N20hgD　#yuikaori #プロミスユー https://t.co/GmvkCANfM2","ja","Tweet","ゆいかおり(小倉 唯＆石原夏織)公式","YUIKAORI_STAFF","","0","104","0","226","0","2016-08-10 10:30:18","https://x.com/YUIKAORI_STAFF/status/763185671943008256","<a href=""http://twitter.com"" rel=""nofollow"">Twitter Web Client</a>","#yuikaori, #プロミスユー","https://www.youtube.com/watch?v=8xqzrX39ZWE","photo","https://pbs.twimg.com/media/CpdhTq4VIAAryDO.jpg"
"763185049294348288","いよいよ本日はゆいかおり「Promise You!!」の発売日！！！感想等は是非こちらのハッシュタグ(#プロミスユー)をつけてつぶやいて下さいね！！https://t.co/bz5AI2KZug #yuikaori #プロミスユー https://t.co/wVwGoMk69z","ja","Tweet","ゆいかおり(小倉 唯＆石原夏織)公式","YUIKAORI_STAFF","","0","169","3","280","0","2016-08-10 10:27:49","https://x.com/YUIKAORI_STAFF/status/763185049294348288","<a href=""http://twitter.com"" rel=""nofollow"">Twitter Web Client</a>","#プロミスユー, #yuikaori, #プロミスユー","https://www.youtube.com/watch?v=edEfgemc6Rk","photo","https://pbs.twimg.com/media/CpdfgVQVIAAjxVi.jpg"
"762955677950091264","アメブロを更新しました。 『作ってみた！』
⇒ https://t.co/7uqAdS59IS","ja","Tweet","ゆいかおり(小倉 唯＆石原夏織)公式","YUIKAORI_STAFF","","0","151","0","270","0","2016-08-09 19:16:23","https://x.com/YUIKAORI_STAFF/status/762955677950091264","<a href=""https://ameblo.jp/"" rel=""nofollow"">Ameba_Blog</a>","","http://ameblo.jp/ishiharakaori-0806/entry-12188813821.html","",""
"762937305321525248","音楽ナタリーにてゆいかおり「Promise You!!」の特集記事が掲載されました！！下記よりチェックして下さいね！！！
https://t.co/jyqLx4G68M #yuikaori #プロミスユー https://t.co/zuBXxMaQtW","ja","Tweet","ゆいかおり(小倉 唯＆石原夏織)公式","YUIKAORI_STAFF","","0","185","0","315","0","2016-08-09 18:03:22","https://x.com/YUIKAORI_STAFF/status/762937305321525248","<a href=""http://twitter.com"" rel=""nofollow"">Twitter Web Client</a>","#yuikaori, #プロミスユー","http://natalie.mu/music/pp/yuikaori05","photo","https://pbs.twimg.com/media/CpZ_ZPRVYAAm5hH.jpg"
"762835714350338048","ゆいかおり「Promise You!!」(#プロミスユー )はいよいよ明日8/10発売！！お店さんによっては今日からフライングゲットできるかもしれないですよ！！！
#yuikaori #プロミスユー https://t.co/bw39Kkb7ew","ja","Tweet","ゆいかおり(小倉 唯＆石原夏織)公式","YUIKAORI_STAFF","","4","288","1","475","0","2016-08-09 11:19:41","https://x.com/YUIKAORI_STAFF/status/762835714350338048","<a href=""http://twitter.com/download/iphone"" rel=""nofollow"">Twitter for iPhone</a>","#プロミスユー, #yuikaori, #プロミスユー","","photo","https://pbs.twimg.com/media/CpYjCYGUsAAfJGW.jpg
https://pbs.twimg.com/media/CpYjCVcUIAAFmhs.jpg"
"762821707224670208","≪ゆいかおり・小倉唯：公式サイト更新≫ 
ゆいかおりLIVE『「RAINBOW CANARY!!」～ツアー＆日本武道館～』オリジナル特典決定！ https://t.co/n2DoYK16Fh
#yuikaori","ja","Tweet","ゆいかおり(小倉 唯＆石原夏織)公式","YUIKAORI_STAFF","","0","196","2","256","0","2016-08-09 10:24:02","https://x.com/YUIKAORI_STAFF/status/762821707224670208","<a href=""http://twitter.com"" rel=""nofollow"">Twitter Web Client</a>","#yuikaori","http://www.yuikaori.info/info/1783/","",""
"762674539713040389","アメブロを更新しました。 『「High-Touch☆Summer 」大阪公演☆』
⇒
https://t.co/q33bF1p9c6","ja","Tweet","ゆいかおり(小倉 唯＆石原夏織)公式","YUIKAORI_STAFF","","0","244","0","421","0","2016-08-09 00:39:14","https://x.com/YUIKAORI_STAFF/status/762674539713040389","<a href=""http://twitter.com/download/iphone"" rel=""nofollow"">Twitter for iPhone</a>","","http://s.ameblo.jp/ogurayui-0815/entry-12188608537.html","",""
"762316728361549824","来週8/14の実ラジですが、オリンピック特番の影響で28時(15日朝4時)からの放送になります！！
 #yuikaori #joqr #実ラジ","ja","Tweet","ゆいかおり(小倉 唯＆石原夏織)公式","YUIKAORI_STAFF","","3","140","2","171","0","2016-08-08 00:57:25","https://x.com/YUIKAORI_STAFF/status/762316728361549824","<a href=""http://twitter.com/download/iphone"" rel=""nofollow"">Twitter for iPhone</a>","#yuikaori, #joqr, #実ラジ","","",""
"762311354157891588","フルーツタルト美味しそうですね。。 #yuikaori #joqr #実ラジ https://t.co/S6jIpGWlPR","ja","Tweet","ゆいかおり(小倉 唯＆石原夏織)公式","YUIKAORI_STAFF","","2","313","3","573","0","2016-08-08 00:36:04","https://x.com/YUIKAORI_STAFF/status/762311354157891588","<a href=""http://twitter.com/download/iphone"" rel=""nofollow"">Twitter for iPhone</a>","#yuikaori, #joqr, #実ラジ","","photo","https://pbs.twimg.com/media/CpRGHc7VYAAJO5b.jpg"
"762308779966738432","まもなく実ラジ始まりまーす！！！#yuikaori #joqr #実ラジ","ja","Tweet","ゆいかおり(小倉 唯＆石原夏織)公式","YUIKAORI_STAFF","","0","42","0","98","0","2016-08-08 00:25:50","https://x.com/YUIKAORI_STAFF/status/762308779966738432","<a href=""http://twitter.com/download/iphone"" rel=""nofollow"">Twitter for iPhone</a>","#yuikaori, #joqr, #実ラジ","","",""
"762300017767960576","この後24:30〜文化放送にて「ゆいかおりの実♪」が放送！是非お聞き下さいね♪ #yuikaori #joqr #実ラジ","ja","Tweet","ゆいかおり(小倉 唯＆石原夏織)公式","YUIKAORI_STAFF","","0","54","0","112","0","2016-08-07 23:51:01","https://x.com/YUIKAORI_STAFF/status/762300017767960576","<a href=""http://twitter.com/download/iphone"" rel=""nofollow"">Twitter for iPhone</a>","#yuikaori, #joqr, #実ラジ","","",""
"762098796683595776","8月10日発売、ゆいかおり「Promise You!!」のカップリング曲「真夏ハプニング」の試聴動画を公開しました！！！https://t.co/lcAy2IwF7l #yuikaori #cf_vanguard https://t.co/7s2xI28Qid","ja","Tweet","ゆいかおり(小倉 唯＆石原夏織)公式","YUIKAORI_STAFF","","0","235","0","316","0","2016-08-07 10:31:26","https://x.com/YUIKAORI_STAFF/status/762098796683595776","<a href=""http://twitter.com/download/iphone"" rel=""nofollow"">Twitter for iPhone</a>","#yuikaori, #cf_vanguard","https://www.youtube.com/watch?v=i-MfFBKN2Xg","photo","https://pbs.twimg.com/media/CpOEzdiUIAEYKac.jpg"
"762086658145529856","ゆいかおり「Promise You!!」がEDテーマの「カードファイト!! ヴァンガードG ストライドゲート編」はこのあと10時から放送ですよ！是非ご覧下さいね！！ #yuikaori  #プロミスユー #cf_vanguard","ja","Tweet","ゆいかおり(小倉 唯＆石原夏織)公式","YUIKAORI_STAFF","","0","57","0","126","0","2016-08-07 09:43:12","https://x.com/YUIKAORI_STAFF/status/762086658145529856","<a href=""http://twitter.com/download/iphone"" rel=""nofollow"">Twitter for iPhone</a>","#yuikaori, #プロミスユー, #cf_vanguard","","",""
"761936290308759552","「こむちゃっとカウントダウン」お聞き頂いたみなさまありがとうございました！ゆいかおりニューシングル「Promise You!!」はいよいよ来週8/10発売！！#comcha #agqr #joqr #yuikaori #プロミスユー https://t.co/wCs24QBmQd","ja","Tweet","ゆいかおり(小倉 唯＆石原夏織)公式","YUIKAORI_STAFF","","6","602","8","1127","0","2016-08-06 23:45:42","https://x.com/YUIKAORI_STAFF/status/761936290308759552","<a href=""http://twitter.com/download/iphone"" rel=""nofollow"">Twitter for iPhone</a>","#comcha, #agqr, #joqr, #yuikaori, #プロミスユー","","photo","https://pbs.twimg.com/media/CpLxARHVYAEnhPu.jpg"
"761903787908829184","更に！本日放送の文化放送「こむちゃっとカウントダウン」に石原夏織がゲスト出演します！！23:20頃からの出演予定です！！！こちらも是非お聞き下さいね！！
#comcha #agqr #cho_ag #joqr #radiko #yuikaori #プロミスユー","ja","Tweet","ゆいかおり(小倉 唯＆石原夏織)公式","YUIKAORI_STAFF","","2","122","3","195","0","2016-08-06 21:36:33","https://x.com/YUIKAORI_STAFF/status/761903787908829184","<a href=""http://twitter.com/download/iphone"" rel=""nofollow"">Twitter for iPhone</a>","#comcha, #agqr, #cho_ag, #joqr, #radiko, #yuikaori, #プロミスユー","","",""
"761902862645407746","そして！この後23時からTOKYO MXにて放送のリスアニ！TVではゆいかおり特集が放送されます！！！「体力測定」で二人が対決！！！是非ご覧下さいね！！https://t.co/poWgXJdLMx
#LisAni #yuikaori #プロミスユー","ja","Tweet","ゆいかおり(小倉 唯＆石原夏織)公式","YUIKAORI_STAFF","","1","142","2","180","0","2016-08-06 21:32:52","https://x.com/YUIKAORI_STAFF/status/761902862645407746","<a href=""http://twitter.com/download/iphone"" rel=""nofollow"">Twitter for iPhone</a>","#LisAni, #yuikaori, #プロミスユー","http://lisani.jp/tv","",""
"761899333201440768","小倉唯 1st LIVE TOUR「High-Touch☆Summer」大阪公演に参加された皆様お疲れさまでした！そしてありがとうございました！次はいよいよ千秋楽の群馬公演です！
#小倉唯 #HTS","ja","Tweet","ゆいかおり(小倉 唯＆石原夏織)公式","YUIKAORI_STAFF","","13","280","4","436","0","2016-08-06 21:18:51","https://x.com/YUIKAORI_STAFF/status/761899333201440768","<a href=""http://twitter.com/download/iphone"" rel=""nofollow"">Twitter for iPhone</a>","#小倉唯, #HTS","","",""
"761853038470455300","アメブロを更新しました。『今夜のこむちゃに！』
https://t.co/cVdZGYTrwf","ja","Tweet","ゆいかおり(小倉 唯＆石原夏織)公式","YUIKAORI_STAFF","","0","125","1","205","0","2016-08-06 18:14:53","https://x.com/YUIKAORI_STAFF/status/761853038470455300","<a href=""http://twitter.com/download/iphone"" rel=""nofollow"">Twitter for iPhone</a>","","http://s.ameblo.jp/ishiharakaori-0806/entry-12187859729.html","",""
"761781188574883844","【グッズ情報】
小倉唯オリジナルデザインのハイタッチサマーグラスをご紹介！コップの裏にも実はイラストが…♪ハイタッチサマーグラスでキーンと冷えたお飲み物をいかがですか？
#小倉唯 #HTS https://t.co/3qh2QFzagU","ja","Tweet","ゆいかおり(小倉 唯＆石原夏織)公式","YUIKAORI_STAFF","","0","97","1","208","0","2016-08-06 13:29:23","https://x.com/YUIKAORI_STAFF/status/761781188574883844","<a href=""http://twitter.com/download/iphone"" rel=""nofollow"">Twitter for iPhone</a>","#小倉唯, #HTS","","photo","https://pbs.twimg.com/media/CpJj67GUAAAUAmZ.jpg
https://pbs.twimg.com/media/CpJj67HUkAAjxNP.jpg
https://pbs.twimg.com/media/CpJj67IVMAAhYRa.jpg"
"761777943534186497","ライブ会場CD物販ブースにてCD・BD・DVD1点お買い上げごとにオリジナルブロマイドをプレゼント！こちらはツアー共通特典のブロマイドになります！
※ご購入時に「8/6公演限定特典」とのどちらかをお選びください
#小倉唯 #HTS https://t.co/JFpRrQkHf8","ja","Tweet","ゆいかおり(小倉 唯＆石原夏織)公式","YUIKAORI_STAFF","","0","98","3","208","0","2016-08-06 13:16:29","https://x.com/YUIKAORI_STAFF/status/761777943534186497","<a href=""http://twitter.com/download/iphone"" rel=""nofollow"">Twitter for iPhone</a>","#小倉唯, #HTS","","photo","https://pbs.twimg.com/media/CpJg_zyUsAAFlDb.jpg"
"761777910063648768","【本日限定！】
ライブ会場CD物販ブースにてCD・BD・DVD1点お買い上げごとに本日8/6公演限定のオリジナルブロマイドをプレゼント！！
※ご購入時に「ツアー共通特典」とのどちらかをお選びください
#小倉唯 #HTS https://t.co/8hUTVuac2v","ja","Tweet","ゆいかおり(小倉 唯＆石原夏織)公式","YUIKAORI_STAFF","","0","93","0","162","0","2016-08-06 13:16:21","https://x.com/YUIKAORI_STAFF/status/761777910063648768","<a href=""http://twitter.com/download/iphone"" rel=""nofollow"">Twitter for iPhone</a>","#小倉唯, #HTS","","photo","https://pbs.twimg.com/media/CpJg90gUsAEoYjj.jpg"
"761777789271875585","【グッズ情報】
本日8/6公演の会場限定缶バッジセットはこちらです！たこ焼き！
#小倉唯 #HTS https://t.co/AcFZaae1l0","ja","Tweet","ゆいかおり(小倉 唯＆石原夏織)公式","YUIKAORI_STAFF","","0","172","5","301","0","2016-08-06 13:15:52","https://x.com/YUIKAORI_STAFF/status/761777789271875585","<a href=""http://twitter.com/download/iphone"" rel=""nofollow"">Twitter for iPhone</a>","#小倉唯, #HTS","","photo","https://pbs.twimg.com/media/CpJg2z9UkAAQ0Sf.jpg"
"761777666366111744","本日8/6は小倉唯 1st LIVE TOUR「High-Touch☆Summer」大阪公演です！グッズも販売中！ラインナップをおさらいしましょう！
#小倉唯 #HTS https://t.co/KiZbK4qyG1","ja","Tweet","ゆいかおり(小倉 唯＆石原夏織)公式","YUIKAORI_STAFF","","0","122","1","198","1","2016-08-06 13:15:23","https://x.com/YUIKAORI_STAFF/status/761777666366111744","<a href=""http://twitter.com/download/iphone"" rel=""nofollow"">Twitter for iPhone</a>","#小倉唯, #HTS","","photo","https://pbs.twimg.com/media/CpJgvVfUkAARe52.jpg
https://pbs.twimg.com/media/CpJgvVgUMAATY-6.jpg
https://pbs.twimg.com/media/CpJgvVgVMAQ58He.jpg
https://pbs.twimg.com/media/CpJgvXpUEAAf3u3.jpg"
"761583528257605632","アメブロを更新しました。 『水分補充・お知らせ☆』
⇒ https://t.co/br7V4AGYs5","ja","Tweet","ゆいかおり(小倉 唯＆石原夏織)公式","YUIKAORI_STAFF","","0","262","5","435","0","2016-08-06 00:23:57","https://x.com/YUIKAORI_STAFF/status/761583528257605632","<a href=""https://ameblo.jp/"" rel=""nofollow"">Ameba_Blog</a>","","http://ameblo.jp/ogurayui-0815/entry-12187666106.html","",""
"761577998365581312","アメブロを更新しました。 『23♡』
⇒ https://t.co/bOmAVrwRjU","ja","Tweet","ゆいかおり(小倉 唯＆石原夏織)公式","YUIKAORI_STAFF","","22","578","21","711","0","2016-08-06 00:01:58","https://x.com/YUIKAORI_STAFF/status/761577998365581312","<a href=""https://ameblo.jp/"" rel=""nofollow"">Ameba_Blog</a>","","http://ameblo.jp/ishiharakaori-0806/entry-12187660184.html","",""
"761065153659928576","アメブロを更新しました。 『ふふーん♡』
⇒ https://t.co/KMc5LpFUuk","ja","Tweet","ゆいかおり(小倉 唯＆石原夏織)公式","YUIKAORI_STAFF","","0","151","4","278","0","2016-08-04 14:04:07","https://x.com/YUIKAORI_STAFF/status/761065153659928576","<a href=""https://ameblo.jp/"" rel=""nofollow"">Ameba_Blog</a>","","http://ameblo.jp/ishiharakaori-0806/entry-12187182669.html","",""
"760701821644107776","≪ゆいかおり・小倉唯：公式サイト更新≫ 
石原夏織 出演情報！ 
https://t.co/Y0s77ufAOJ
#yuikaori","ja","Tweet","ゆいかおり(小倉 唯＆石原夏織)公式","YUIKAORI_STAFF","","0","89","4","175","0","2016-08-03 14:00:22","https://x.com/YUIKAORI_STAFF/status/760701821644107776","<a href=""http://twitter.com"" rel=""nofollow"">Twitter Web Client</a>","#yuikaori","http://www.yuikaori.info/info/1777/","",""
"760443202126041088","アメブロを更新しました『暑さと辛さ☆』
⇒
https://t.co/Wu1hsDHIZW","ja","Tweet","ゆいかおり(小倉 唯＆石原夏織)公式","YUIKAORI_STAFF","","0","244","4","411","0","2016-08-02 20:52:42","https://x.com/YUIKAORI_STAFF/status/760443202126041088","<a href=""http://twitter.com/download/iphone"" rel=""nofollow"">Twitter for iPhone</a>","","http://s.ameblo.jp/ogurayui-0815/entry-12186656735.html","",""
"760298037197479936","アメブロを更新しました。 『最近はまっているものとポッピンQ❤︎』
⇒ https://t.co/eZ3zGYHIyd","ja","Tweet","ゆいかおり(小倉 唯＆石原夏織)公式","YUIKAORI_STAFF","","0","141","0","242","0","2016-08-02 11:15:52","https://x.com/YUIKAORI_STAFF/status/760298037197479936","<a href=""https://ameblo.jp/"" rel=""nofollow"">Ameba_Blog</a>","","http://ameblo.jp/ishiharakaori-0806/entry-12186499997.html","",""
"760072898765656064","8月6日放送のリスアニ！TVにてゆいかおりの特集が放送されます！「体力測定」で二人が対決しますよ！是非ご覧下さいね！！https://t.co/qrfFNcRZY5
#LisAni #yuikaori #プロミスユー","ja","Tweet","ゆいかおり(小倉 唯＆石原夏織)公式","YUIKAORI_STAFF","","1","201","4","259","0","2016-08-01 20:21:15","https://x.com/YUIKAORI_STAFF/status/760072898765656064","<a href=""http://twitter.com"" rel=""nofollow"">Twitter Web Client</a>","#LisAni, #yuikaori, #プロミスユー","http://www.lisani.jp/tv","",""
"760070681065197568","≪ゆいかおり・小倉唯：公式サイト更新≫ 
小倉 唯　出演情報！
●TVアニメ「双星の陰陽師」（膳所美玖役）
https://t.co/tTFUZou4Cr
#yuikaori #小倉唯","ja","Tweet","ゆいかおり(小倉 唯＆石原夏織)公式","YUIKAORI_STAFF","","0","145","4","218","0","2016-08-01 20:12:26","https://x.com/YUIKAORI_STAFF/status/760070681065197568","<a href=""http://twitter.com"" rel=""nofollow"">Twitter Web Client</a>","#yuikaori, #小倉唯","http://www.yuikaori.info/info/1771/","",""
"760069668098887680","「リスアニ！TV」にてゆいかおり特集放送決定！ 
https://t.co/EmMwZaGJXH
#yuikaori","ja","Tweet","ゆいかおり(小倉 唯＆石原夏織)公式","YUIKAORI_STAFF","","0","197","3","277","0","2016-08-01 20:08:24","https://x.com/YUIKAORI_STAFF/status/760069668098887680","<a href=""http://twitter.com"" rel=""nofollow"">Twitter Web Client</a>","#yuikaori","http://www.yuikaori.info/info/1774/","",""
"759787428030754817","まもなく実ラジ始まりますよ〜〜！！是非お聞き下さいね！
#yuikaori #joqr #実ラジ","ja","Tweet","ゆいかおり(小倉 唯＆石原夏織)公式","YUIKAORI_STAFF","","0","38","2","99","0","2016-08-01 01:26:53","https://x.com/YUIKAORI_STAFF/status/759787428030754817","<a href=""http://twitter.com/download/iphone"" rel=""nofollow"">Twitter for iPhone</a>","#yuikaori, #joqr, #実ラジ","","",""
"759751946420887552","8/10発売「Promise You!!」のMVはこちらから！！https://t.co/bz5AI2KZug
#yuikaori #プロミスユー #実ラジ #joqr https://t.co/FvukvvWHIK","ja","Tweet","ゆいかおり(小倉 唯＆石原夏織)公式","YUIKAORI_STAFF","","0","164","1","269","0","2016-07-31 23:05:54","https://x.com/YUIKAORI_STAFF/status/759751946420887552","<a href=""http://twitter.com/download/iphone"" rel=""nofollow"">Twitter for iPhone</a>","#yuikaori, #プロミスユー, #実ラジ, #joqr","https://www.youtube.com/watch?v=edEfgemc6Rk","photo","https://pbs.twimg.com/media/CosuXFrVUAAt6fQ.jpg"
"759750727526776832","8/10発売ゆいかおりニューシングル「Promise You!!」のメイキング映像をちょこっとだけ公開しましたよ♪♪ 実ラジが始まるまでの時間に是非！！https://t.co/szq5N20hgD
#yuikaori #プロミスユー #実ラジ #joqr","ja","Tweet","ゆいかおり(小倉 唯＆石原夏織)公式","YUIKAORI_STAFF","","2","253","5","309","0","2016-07-31 23:01:03","https://x.com/YUIKAORI_STAFF/status/759750727526776832","<a href=""http://twitter.com/download/iphone"" rel=""nofollow"">Twitter for iPhone</a>","#yuikaori, #プロミスユー, #実ラジ, #joqr","https://www.youtube.com/watch?v=8xqzrX39ZWE","",""
"759749632012398592","アメブロを更新しました。 『夏休み☆』
⇒ https://t.co/aZr6uGGg5e","ja","Tweet","ゆいかおり(小倉 唯＆石原夏織)公式","YUIKAORI_STAFF","","0","159","0","223","0","2016-07-31 22:56:42","https://x.com/YUIKAORI_STAFF/status/759749632012398592","<a href=""https://ameblo.jp/"" rel=""nofollow"">Ameba_Blog</a>","","http://ameblo.jp/ogurayui-0815/entry-12186044375.html","",""
"759749357230956545","本日の実ラジですが、選挙特番のためいつもより1時間遅い25:30〜の放送になります！！
#yuikaori #joqr #実ラジ","ja","Tweet","ゆいかおり(小倉 唯＆石原夏織)公式","YUIKAORI_STAFF","","0","105","4","140","0","2016-07-31 22:55:36","https://x.com/YUIKAORI_STAFF/status/759749357230956545","<a href=""http://twitter.com/download/iphone"" rel=""nofollow"">Twitter for iPhone</a>","#yuikaori, #joqr, #実ラジ","","",""
"759403340761444352","石原夏織が来週放送の文化放送「こむちゃっとカウントダウン」へ出演する事が決定しました！！！
https://t.co/9pLgjNecNy
#joqr #yuikaori","ja","Tweet","ゆいかおり(小倉 唯＆石原夏織)公式","YUIKAORI_STAFF","","0","304","9","430","0","2016-07-31 00:00:40","https://x.com/YUIKAORI_STAFF/status/759403340761444352","<a href=""http://twitter.com/download/iphone"" rel=""nofollow"">Twitter for iPhone</a>","#joqr, #yuikaori","http://www.joqr.co.jp/comcha/","",""
"757916973921476609","アメブロを更新しました。 『ポケモンGO、、☆』 
⇒https://t.co/YiTVe5goxP","ja","Tweet","ゆいかおり(小倉 唯＆石原夏織)公式","YUIKAORI_STAFF","","1","401","6","514","0","2016-07-26 21:34:22","https://x.com/YUIKAORI_STAFF/status/757916973921476609","<a href=""https://mobile.twitter.com"" rel=""nofollow"">Twitter Web App</a>","","http://s.ameblo.jp/ogurayui-0815/entry-12184451116.html","",""
"757243149647355904","アメブロを更新しました。 『ワンフェス2016☆』
⇒ https://t.co/ikdSaEDgi2","ja","Tweet","ゆいかおり(小倉 唯＆石原夏織)公式","YUIKAORI_STAFF","","0","172","1","257","0","2016-07-25 00:56:50","https://x.com/YUIKAORI_STAFF/status/757243149647355904","<a href=""https://ameblo.jp/"" rel=""nofollow"">Ameba_Blog</a>","","http://ameblo.jp/ogurayui-0815/entry-12183885667.html","",""
"757236864138915840","今日の実ラジでは8/10発売「Promise You!!」に収録されるカップリング曲「真夏ハプニング」を宇宙初解禁しちゃいますよ！！！#yuikaori #joqr #実ラジ","ja","Tweet","ゆいかおり(小倉 唯＆石原夏織)公式","YUIKAORI_STAFF","","0","127","0","175","0","2016-07-25 00:31:51","https://x.com/YUIKAORI_STAFF/status/757236864138915840","<a href=""http://twitter.com/download/iphone"" rel=""nofollow"">Twitter for iPhone</a>","#yuikaori, #joqr, #実ラジ","","",""
"757235886119497729","この後24:30〜は文化放送にて「ゆいかおりの実♪」が放送されます！こちらも是非お聞き下さいね！！！ #yuikaori #joqr #実ラジ","ja","Tweet","ゆいかおり(小倉 唯＆石原夏織)公式","YUIKAORI_STAFF","","0","57","0","103","0","2016-07-25 00:27:58","https://x.com/YUIKAORI_STAFF/status/757235886119497729","<a href=""http://twitter.com/download/iphone"" rel=""nofollow"">Twitter for iPhone</a>","#yuikaori, #joqr, #実ラジ","","",""
"757173250157780992","この後23:30〜MUSIC ON!TVにてゆいかおり「LIVE SELECTION」が放送されます！！詳しい放送情報はこちらっ♪♪
https://t.co/u5EP5pzxly
#yuikaori","ja","Tweet","ゆいかおり(小倉 唯＆石原夏織)公式","YUIKAORI_STAFF","","1","114","1","165","0","2016-07-24 20:19:05","https://x.com/YUIKAORI_STAFF/status/757173250157780992","<a href=""http://twitter.com/download/iphone"" rel=""nofollow"">Twitter for iPhone</a>","#yuikaori","http://www.m-on.jp/program/detail/mon-live-yuikaori/","",""
"757077463545413633","≪ゆいかおり・小倉唯：公式サイト更新≫
MUSIC ON!TVにてゆいかおり「LIVE SELECTION」が放送！ https://t.co/xZY7J1ePuq
#yuikaori","ja","Tweet","ゆいかおり(小倉 唯＆石原夏織)公式","YUIKAORI_STAFF","","0","127","0","186","0","2016-07-24 13:58:27","https://x.com/YUIKAORI_STAFF/status/757077463545413633","<a href=""http://twitter.com"" rel=""nofollow"">Twitter Web Client</a>","#yuikaori","http://www.yuikaori.info/info/1759/","",""
"757014287835537408","この後10時からゆいかおり「Promise You!!」がEDテーマの「カードファイト!! ヴァンガードG ストライドゲート編」が放送されます！！是非ご覧下さい！！ yuikaori #cf_vanguard","ja","Tweet","ゆいかおり(小倉 唯＆石原夏織)公式","YUIKAORI_STAFF","","0","56","0","124","0","2016-07-24 09:47:25","https://x.com/YUIKAORI_STAFF/status/757014287835537408","<a href=""http://twitter.com/download/iphone"" rel=""nofollow"">Twitter for iPhone</a>","#cf_vanguard","","",""
"756293247870259200","8/10発売！！ゆいかおり「Promise You!!」のオリジナル特典を公開しました！！詳細はこちらっ！→https://t.co/Assm1tcayt
#yuikaori #プロミスユー https://t.co/SIVW99obCy","ja","Tweet","ゆいかおり(小倉 唯＆石原夏織)公式","YUIKAORI_STAFF","","1","313","7","532","0","2016-07-22 10:02:16","https://x.com/YUIKAORI_STAFF/status/756293247870259200","<a href=""http://twitter.com/download/iphone"" rel=""nofollow"">Twitter for iPhone</a>","#yuikaori, #プロミスユー","http://www.kingrecords.co.jp/cs/t/t8531/","photo","https://pbs.twimg.com/media/Cn7krFeUAAEykvp.jpg
https://pbs.twimg.com/media/Cn7krFfUAAA7ihh.jpg"
"755635780677144576","≪ゆいかおり・小倉唯：公式サイト更新≫
ゆいかおり掲載情報♪【7月20日情報追加!】 https://t.co/gFK6ANVGlS
#yuikaori","ja","Tweet","ゆいかおり(小倉 唯＆石原夏織)公式","YUIKAORI_STAFF","","0","78","0","172","0","2016-07-20 14:29:43","https://x.com/YUIKAORI_STAFF/status/755635780677144576","<a href=""http://twitter.com"" rel=""nofollow"">Twitter Web Client</a>","#yuikaori","http://www.yuikaori.info/info/1742/","",""
"754699127275991040","実ラジはじまりますよーー！！#yuikaori #joqr #実ラジ","ja","Tweet","ゆいかおり(小倉 唯＆石原夏織)公式","YUIKAORI_STAFF","","0","52","1","117","0","2016-07-18 00:27:48","https://x.com/YUIKAORI_STAFF/status/754699127275991040","<a href=""http://twitter.com/download/iphone"" rel=""nofollow"">Twitter for iPhone</a>","#yuikaori, #joqr, #実ラジ","","",""
"754688791227437057","この後24:30〜は文化放送にて「ゆいかおりの実♪」が放送されますよー！是非お聞き下さいね！！！ #yuikaori #joqr #実ラジ","ja","Tweet","ゆいかおり(小倉 唯＆石原夏織)公式","YUIKAORI_STAFF","","0","68","0","138","0","2016-07-17 23:46:43","https://x.com/YUIKAORI_STAFF/status/754688791227437057","<a href=""http://twitter.com/download/iphone"" rel=""nofollow"">Twitter for iPhone</a>","#yuikaori, #joqr, #実ラジ","","",""
"754661896771342340","アメブロを更新しました。 『「High-Touch☆Summer」名古屋公演☆』
⇒ https://t.co/4k7tHUi5Au","ja","Tweet","ゆいかおり(小倉 唯＆石原夏織)公式","YUIKAORI_STAFF","","0","346","11","493","0","2016-07-17 21:59:51","https://x.com/YUIKAORI_STAFF/status/754661896771342340","<a href=""https://ameblo.jp/"" rel=""nofollow"">Ameba_Blog</a>","","http://ameblo.jp/ogurayui-0815/entry-12181566031.html","",""
"754650270680788992","小倉唯 1st LIVE TOUR「High-Touch☆Summer」愛知公演に参加された皆様お疲れさまでした！そしてありがとうございました！次は大阪です。夏真っ盛りの8月にお会いしましょうっ！
#小倉唯 #HTS","ja","Tweet","ゆいかおり(小倉 唯＆石原夏織)公式","YUIKAORI_STAFF","","15","287","2","477","0","2016-07-17 21:13:39","https://x.com/YUIKAORI_STAFF/status/754650270680788992","<a href=""http://twitter.com/download/iphone"" rel=""nofollow"">Twitter for iPhone</a>","#小倉唯, #HTS","","",""
"754545564038012928","本日7/17公演の会場限定缶バッジセットはこちらです！
#小倉唯 #HTS https://t.co/mNVyJWWPY4","ja","Tweet","ゆいかおり(小倉 唯＆石原夏織)公式","YUIKAORI_STAFF","","0","139","2","314","0","2016-07-17 14:17:35","https://x.com/YUIKAORI_STAFF/status/754545564038012928","<a href=""http://twitter.com/download/iphone"" rel=""nofollow"">Twitter for iPhone</a>","#小倉唯, #HTS","","photo","https://pbs.twimg.com/media/CnivLb3UkAA_aF_.jpg"
"754544858434379776","小倉唯による「PON de Fighting!」振り付け講座動画を公開中！本日参加される皆さん！是非覚えてみてくださいね〜♪
https://t.co/CNrH4CDRj5
#小倉唯 #HTS https://t.co/9IB80x9CDw","ja","Tweet","ゆいかおり(小倉 唯＆石原夏織)公式","YUIKAORI_STAFF","","0","159","2","265","0","2016-07-17 14:14:47","https://x.com/YUIKAORI_STAFF/status/754544858434379776","<a href=""http://twitter.com/download/iphone"" rel=""nofollow"">Twitter for iPhone</a>","#小倉唯, #HTS","https://www.youtube.com/watch?v=BzYlo8iu7bw","photo","https://pbs.twimg.com/media/CniuitQUsAAaCvN.jpg"
"754531912404701184","【本日限定！】
ライブ会場CD物販ブースにてCD・BD・DVD1点お買い上げごとに本日7/17公演限定のオリジナルブロマイドをプレゼント！！
※ご購入時に「ツアー共通特典」とのどちらかをお選びください
#小倉唯 #HTS https://t.co/YJXPkbLRZP","ja","Tweet","ゆいかおり(小倉 唯＆石原夏織)公式","YUIKAORI_STAFF","","0","152","3","296","0","2016-07-17 13:23:21","https://x.com/YUIKAORI_STAFF/status/754531912404701184","<a href=""http://twitter.com/download/iphone"" rel=""nofollow"">Twitter for iPhone</a>","#小倉唯, #HTS","","photo","https://pbs.twimg.com/media/CniixIFVMAAZZ5l.jpg"
"754531502029885442","本日7/17は小倉唯 1st LIVE TOUR「High-Touch☆Summer」愛知公演です！グッズ販売も開始！ラインナップをおさらいしましょう！
#小倉唯 #HTS https://t.co/flzuw5ZEeq","ja","Tweet","ゆいかおり(小倉 唯＆石原夏織)公式","YUIKAORI_STAFF","","1","140","1","225","0","2016-07-17 13:21:43","https://x.com/YUIKAORI_STAFF/status/754531502029885442","<a href=""http://twitter.com/download/iphone"" rel=""nofollow"">Twitter for iPhone</a>","#小倉唯, #HTS","","photo","https://pbs.twimg.com/media/CniiY1sVMAAsO31.jpg
https://pbs.twimg.com/media/CniiY1rUIAAfqX9.jpg
https://pbs.twimg.com/media/CniiY1vVYAAwgnT.jpg
https://pbs.twimg.com/media/CniiY2fUMAAgZkc.jpg"
"754474074651234304","ゆいかおり「Promise You!!」がEDテーマの「カードファイト!! ヴァンガードG ストライドゲート編」はこのあと10時から放送ですよ〜！是非ご覧下さいね！！ #yuikaori #cf_vanguard","ja","Tweet","ゆいかおり(小倉 唯＆石原夏織)公式","YUIKAORI_STAFF","","0","64","0","163","0","2016-07-17 09:33:31","https://x.com/YUIKAORI_STAFF/status/754474074651234304","<a href=""http://twitter.com/download/iphone"" rel=""nofollow"">Twitter for iPhone</a>","#yuikaori, #cf_vanguard","","",""
"754233584634912768","本日25:15〜NHK BSプレミアムにてゆいかおりも出演した「アニメソング史上最大の祭典〜アニメロサマーライブ2015〜」3日目後半の模様が放送されます！是非チェックして下さいね〜！！！ #anisama #yuikaori https://t.co/xqkZrwMWnE","ja","Tweet","ゆいかおり(小倉 唯＆石原夏織)公式","YUIKAORI_STAFF","","1","444","6","792","1","2016-07-16 17:37:54","https://x.com/YUIKAORI_STAFF/status/754233584634912768","<a href=""http://twitter.com/download/iphone"" rel=""nofollow"">Twitter for iPhone</a>","#anisama, #yuikaori","","photo","https://pbs.twimg.com/media/CneTcHJUIAADkYZ.jpg"
"753591962423271424","アメブロを更新しました。 『「Promise You!!」ジャケット☆』
⇒ https://t.co/lA94eV5XJq","ja","Tweet","ゆいかおり(小倉 唯＆石原夏織)公式","YUIKAORI_STAFF","","0","262","1","416","0","2016-07-14 23:08:19","https://x.com/YUIKAORI_STAFF/status/753591962423271424","<a href=""https://ameblo.jp/"" rel=""nofollow"">Ameba_Blog</a>","","http://ameblo.jp/ogurayui-0815/entry-12180651882.html","",""
"753395372941152256","カップリング曲のタイトルは「真夏ハプニング」♪♪こちらは「カナリア」「倍速∞ラブストレート」作詞作曲の服部祐希さんに担当して頂きましたよ！！https://t.co/0RJGHgvbBs
#yuikaori #プロミスユー https://t.co/faUqNZFqDt","ja","Tweet","ゆいかおり(小倉 唯＆石原夏織)公式","YUIKAORI_STAFF","","2","474","4","754","1","2016-07-14 10:07:08","https://x.com/YUIKAORI_STAFF/status/753395372941152256","<a href=""http://twitter.com/download/iphone"" rel=""nofollow"">Twitter for iPhone</a>","#yuikaori, #プロミスユー","http://www.yuikaori.info/discography/","photo","https://pbs.twimg.com/media/CnSZFXVUIAAUIDO.jpg
https://pbs.twimg.com/media/CnSZFZ7UsAAZguj.jpg"
"753394694122459136","8/10発売ゆいかおりニューシングル「Promise You!!」のジャケット写真を公開しました！！！
https://t.co/0RJGHgvbBs
#yuikaori #プロミスユー https://t.co/ObvI65Efrq","ja","Tweet","ゆいかおり(小倉 唯＆石原夏織)公式","YUIKAORI_STAFF","","2","621","10","843","0","2016-07-14 10:04:27","https://x.com/YUIKAORI_STAFF/status/753394694122459136","<a href=""http://twitter.com/download/iphone"" rel=""nofollow"">Twitter for iPhone</a>","#yuikaori, #プロミスユー","http://www.yuikaori.info/discography/","photo","https://pbs.twimg.com/media/CnSYd30VIAQFkgt.jpg
https://pbs.twimg.com/media/CnSYd34VMAAbpRO.jpg"
"752704542089719808","≪ゆいかおり・小倉唯：公式サイト更新≫
ゆいかおり掲載情報♪ https://t.co/gFK6AOdhdq
#yuikaori","ja","Tweet","ゆいかおり(小倉 唯＆石原夏織)公式","YUIKAORI_STAFF","","0","78","0","163","0","2016-07-12 12:22:02","https://x.com/YUIKAORI_STAFF/status/752704542089719808","<a href=""http://twitter.com"" rel=""nofollow"">Twitter Web Client</a>","#yuikaori","http://www.yuikaori.info/info/1742/","",""
"752537090001281024","アメブロを更新しました。 『ハイタッチサマー 幕張2日目☆』
⇒ https://t.co/hdevH97SsB","ja","Tweet","ゆいかおり(小倉 唯＆石原夏織)公式","YUIKAORI_STAFF","","0","352","15","541","0","2016-07-12 01:16:38","https://x.com/YUIKAORI_STAFF/status/752537090001281024","<a href=""https://ameblo.jp/"" rel=""nofollow"">Ameba_Blog</a>","","http://ameblo.jp/ogurayui-0815/entry-12179697444.html","",""
"752471120532545536","≪ゆいかおり：公式サイト更新≫ 
石原夏織、テレビ東京「アニメマシテ」出演！
今夜27:20～の放送です！！
https://t.co/iH4df4zq7d #yuikaori","ja","Tweet","ゆいかおり(小倉 唯＆石原夏織)公式","YUIKAORI_STAFF","","0","158","4","239","0","2016-07-11 20:54:30","https://x.com/YUIKAORI_STAFF/status/752471120532545536","<a href=""http://twitter.com"" rel=""nofollow"">Twitter Web Client</a>","#yuikaori","http://www.yuikaori.info/info/1738/","",""
"752125387614801920","本日の「ゆいかおりの実♪」ですが選挙特番放送のため28時(朝4時!!)からスタートしますよ〜！！！#yuikaori #joqr #実ラジ","ja","Tweet","ゆいかおり(小倉 唯＆石原夏織)公式","YUIKAORI_STAFF","","4","337","27","285","0","2016-07-10 22:00:40","https://x.com/YUIKAORI_STAFF/status/752125387614801920","<a href=""http://twitter.com/download/iphone"" rel=""nofollow"">Twitter for iPhone</a>","#yuikaori, #joqr, #実ラジ","","",""
"752111897684484097","アメブロを更新しました。 『アニメマシテ』
⇒ https://t.co/wKjGetb786","ja","Tweet","ゆいかおり(小倉 唯＆石原夏織)公式","YUIKAORI_STAFF","","0","159","4","256","0","2016-07-10 21:07:04","https://x.com/YUIKAORI_STAFF/status/752111897684484097","<a href=""https://ameblo.jp/"" rel=""nofollow"">Ameba_Blog</a>","","http://ameblo.jp/ishiharakaori-0806/entry-12179261051.html","",""
"752078235253420032","小倉 唯 1st LIVE TOUR「High-Touch☆Summer」幕張メッセ2Days無事終演致しました！！！お越し頂いた皆さま本当にありがとうございました！！！これからツアーに参加される皆さんも宜しくお願いします！！！！#小倉唯 #HTS","ja","Tweet","ゆいかおり(小倉 唯＆石原夏織)公式","YUIKAORI_STAFF","","27","529","4","666","0","2016-07-10 18:53:18","https://x.com/YUIKAORI_STAFF/status/752078235253420032","<a href=""http://twitter.com/download/iphone"" rel=""nofollow"">Twitter for iPhone</a>","#小倉唯, #HTS","","",""
"751973946556182528","カワウソくん「31°C あちぃ…」
#小倉唯 #HTS #カワウソくん https://t.co/a4o9XpDBrz","ja","Tweet","ゆいかおり(小倉 唯＆石原夏織)公式","YUIKAORI_STAFF","","6","436","7","706","1","2016-07-10 11:58:54","https://x.com/YUIKAORI_STAFF/status/751973946556182528","<a href=""http://twitter.com/download/iphone"" rel=""nofollow"">Twitter for iPhone</a>","#小倉唯, #HTS, #カワウソくん","","photo","https://pbs.twimg.com/media/Cm-MUELUIAEV4N-.jpg"
"751960691737698309","【本日限定！】
ライブ会場CD物販ブースにてCD・BD・DVD1点お買い上げごとに本日7/10公演限定のオリジナルブロマイドをプレゼント！！
※ご購入時に「ツアー共通特典」とのどちらかをお選びください
#小倉唯 #HTS https://t.co/EMJX3DDI9h","ja","Tweet","ゆいかおり(小倉 唯＆石原夏織)公式","YUIKAORI_STAFF","","1","136","4","306","0","2016-07-10 11:06:14","https://x.com/YUIKAORI_STAFF/status/751960691737698309","<a href=""http://twitter.com/download/iphone"" rel=""nofollow"">Twitter for iPhone</a>","#小倉唯, #HTS","","photo","https://pbs.twimg.com/media/Cm-AQUiUcAA1Mdq.jpg"
"751960598502477824","ライブ会場CD物販ブースにてCD・BD・DVD1点お買い上げごとにオリジナルブロマイドをプレゼント！こちらはツアー共通特典のブロマイドになります！
※ご購入時に「7/10公演限定特典」とのどちらかをお選びください
#小倉唯 #HTS https://t.co/UUD4o4k7HL","ja","Tweet","ゆいかおり(小倉 唯＆石原夏織)公式","YUIKAORI_STAFF","","0","105","1","242","0","2016-07-10 11:05:52","https://x.com/YUIKAORI_STAFF/status/751960598502477824","<a href=""http://twitter.com/download/iphone"" rel=""nofollow"">Twitter for iPhone</a>","#小倉唯, #HTS","","photo","https://pbs.twimg.com/media/Cm-AK43VYAAbzj3.jpg"
"751955410718830592","ここで小倉唯 1st LIVE TOUR「High-Touch☆Summer」のグッズラインナップをおさらいしましょう♪
#小倉唯 #HTS https://t.co/oRr3hOcYdb","ja","Tweet","ゆいかおり(小倉 唯＆石原夏織)公式","YUIKAORI_STAFF","","0","133","0","234","0","2016-07-10 10:45:15","https://x.com/YUIKAORI_STAFF/status/751955410718830592","<a href=""http://itunes.apple.com/us/app/twitter/id409789998?mt=12"" rel=""nofollow"">Twitter for Mac</a>","#小倉唯, #HTS","","photo","https://pbs.twimg.com/media/Cm97dLbVMAAXMV_.jpg
https://pbs.twimg.com/media/Cm97dGUUkAAcfGm.jpg
https://pbs.twimg.com/media/Cm97dFDVIAAzXl8.jpg
https://pbs.twimg.com/media/Cm97dVKVIAAtSMu.jpg"
"751955235992530944","おはようございます！本日は小倉唯ライブツアー幕張メッセ二日目！良い天気ですね〜！よろしくおねがいします！
#小倉唯 #HTS","ja","Tweet","ゆいかおり(小倉 唯＆石原夏織)公式","YUIKAORI_STAFF","","3","180","0","262","0","2016-07-10 10:44:33","https://x.com/YUIKAORI_STAFF/status/751955235992530944","<a href=""http://itunes.apple.com/us/app/twitter/id409789998?mt=12"" rel=""nofollow"">Twitter for Mac</a>","#小倉唯, #HTS","","",""
"751939999205957632","ゆいかおり「Promise You!!」が本日から「カードファイト!! ヴァンガードG ストライドゲート編」のEDテーマになりますよ！！このあと10時から放送！お見逃しなくっ！ #yuikaori #cf_vanguard","ja","Tweet","ゆいかおり(小倉 唯＆石原夏織)公式","YUIKAORI_STAFF","","1","119","5","172","0","2016-07-10 09:44:00","https://x.com/YUIKAORI_STAFF/status/751939999205957632","<a href=""http://twitter.com/download/iphone"" rel=""nofollow"">Twitter for iPhone</a>","#yuikaori, #cf_vanguard","","",""
"751791180724072448","アメブロを更新しました。 『ポッピンQニコ生！』
⇒ https://t.co/1vvHT65ePo","ja","Tweet","ゆいかおり(小倉 唯＆石原夏織)公式","YUIKAORI_STAFF","","0","162","4","295","0","2016-07-09 23:52:39","https://x.com/YUIKAORI_STAFF/status/751791180724072448","<a href=""https://ameblo.jp/"" rel=""nofollow"">Ameba_Blog</a>","","http://ameblo.jp/ishiharakaori-0806/entry-12179000931.html","",""
"751788427494895616","アメブロを更新しました。 『「High-Touch☆Summer」幕張初日☆』
⇒ https://t.co/ym5IAcE5Gw","ja","Tweet","ゆいかおり(小倉 唯＆石原夏織)公式","YUIKAORI_STAFF","","1","375","1","488","0","2016-07-09 23:41:43","https://x.com/YUIKAORI_STAFF/status/751788427494895616","<a href=""https://ameblo.jp/"" rel=""nofollow"">Ameba_Blog</a>","","http://ameblo.jp/ogurayui-0815/entry-12178997129.html","",""
"751764462638501888","小倉唯 1st LIVE TOUR「High-Touch☆Summer」初日•幕張メッセお疲れさまでした！そしてありがとうございました！ついに始まりましたね〜！
明日の当日券も少しあるようなので、是非是非お越しくださいね〜！
#小倉唯 #HTS","ja","Tweet","ゆいかおり(小倉 唯＆石原夏織)公式","YUIKAORI_STAFF","","11","403","5","518","0","2016-07-09 22:06:29","https://x.com/YUIKAORI_STAFF/status/751764462638501888","<a href=""http://twitter.com/download/iphone"" rel=""nofollow"">Twitter for iPhone</a>","#小倉唯, #HTS","","",""
"751622370071179265","小倉唯 1st LIVE TOUR「High-Touch☆Summer」のグッズラインナップをおさらい！
#小倉唯 #HTS https://t.co/PzE5Xr19W9","ja","Tweet","ゆいかおり(小倉 唯＆石原夏織)公式","YUIKAORI_STAFF","","1","184","5","287","0","2016-07-09 12:41:52","https://x.com/YUIKAORI_STAFF/status/751622370071179265","<a href=""http://itunes.apple.com/us/app/twitter/id409789998?mt=12"" rel=""nofollow"">Twitter for Mac</a>","#小倉唯, #HTS","","photo","https://pbs.twimg.com/media/Cm5MjrOUMAAExmm.jpg
https://pbs.twimg.com/media/Cm5MjnqUsAAwoLV.jpg
https://pbs.twimg.com/media/Cm5Mjk_UkAAfRx8.jpg
https://pbs.twimg.com/media/Cm5Mj0uUEAAqH8A.jpg"
"751621146915643392","【本日限定！】
ライブ会場CD物販ブースにてCD・BD・DVD1点お買い上げごとに本日7/9公演限定のオリジナルブロマイドをプレゼント！！
※ご購入時に「ツアー共通特典」とのどちらかをお選びください
#小倉唯 #HTS https://t.co/YKgPVXW4tZ","ja","Tweet","ゆいかおり(小倉 唯＆石原夏織)公式","YUIKAORI_STAFF","","1","122","1","235","0","2016-07-09 12:37:00","https://x.com/YUIKAORI_STAFF/status/751621146915643392","<a href=""http://twitter.com/download/iphone"" rel=""nofollow"">Twitter for iPhone</a>","#小倉唯, #HTS","","photo","https://pbs.twimg.com/media/Cm5LcYJUcAAXqnz.jpg"
"751621003936096256","ライブ会場CD物販ブースにてCD・BD・DVD1点お買い上げごとにオリジナルブロマイドをプレゼント！こちらはツアー共通特典のブロマイドになります！
※ご購入時に「7/9公演限定特典」とのどちらかをお選びください
#小倉唯 #HTS https://t.co/PHOwzKNYQO","ja","Tweet","ゆいかおり(小倉 唯＆石原夏織)公式","YUIKAORI_STAFF","","0","171","0","335","0","2016-07-09 12:36:26","https://x.com/YUIKAORI_STAFF/status/751621003936096256","<a href=""http://twitter.com/download/iphone"" rel=""nofollow"">Twitter for iPhone</a>","#小倉唯, #HTS","","photo","https://pbs.twimg.com/media/Cm5LT2BUsAEccFK.jpg"
"751617210515206144","カワウソくんチャームかわいい…
みなさんもカワウソくんの写真を投稿してくださいねーー！（キングスタッフ）
#小倉唯 #HTS #カワウソくん https://t.co/EoC4GdUIkJ","ja","Tweet","ゆいかおり(小倉 唯＆石原夏織)公式","YUIKAORI_STAFF","","3","199","6","394","0","2016-07-09 12:21:22","https://x.com/YUIKAORI_STAFF/status/751617210515206144","<a href=""http://twitter.com/download/iphone"" rel=""nofollow"">Twitter for iPhone</a>","#小倉唯, #HTS, #カワウソくん","","photo","https://pbs.twimg.com/media/Cm5H3KLUcAAuE0T.jpg"
"751455606188285952","アメブロを更新しました。 『ツアー&amp;お知らせ☆』
⇒ https://t.co/ho58uBHfXv","ja","Tweet","ゆいかおり(小倉 唯＆石原夏織)公式","YUIKAORI_STAFF","","0","185","1","261","0","2016-07-09 01:39:12","https://x.com/YUIKAORI_STAFF/status/751455606188285952","<a href=""https://ameblo.jp/"" rel=""nofollow"">Ameba_Blog</a>","","http://ameblo.jp/ogurayui-0815/entry-12178712304.html","",""
"751320031644880896","小倉唯 1st LIVE TOUR「High-Touch☆Summer」グッズ紹介いかがでしたか？
他にもパンフレットやTシャツなど、グッズが盛りだくさん！続きはぜひ会場で♪
#小倉唯
https://t.co/rCSE67hZjw https://t.co/1LOVDytZMT","ja","Tweet","ゆいかおり(小倉 唯＆石原夏織)公式","YUIKAORI_STAFF","","1","167","2","291","0","2016-07-08 16:40:29","https://x.com/YUIKAORI_STAFF/status/751320031644880896","<a href=""http://twitter.com"" rel=""nofollow"">Twitter Web Client</a>","#小倉唯","http://www.ogurayui.jp/special/2016/High-Touch-Summer/","photo","https://pbs.twimg.com/media/Cm05dSWUcAAaQ_D.jpg"
"751319327949729792","唯ちゃんのカワウソくん。のイラストがぬいぐるみになっちゃいました！！ボールチェーン付なので、バッグ等につけていつでも一緒♪身につけやすい絶妙なサイズ感がキュートです！
#小倉唯
https://t.co/rCSE67hZjw https://t.co/rsLPmqb3D4","ja","Tweet","ゆいかおり(小倉 唯＆石原夏織)公式","YUIKAORI_STAFF","","0","224","5","376","0","2016-07-08 16:37:41","https://x.com/YUIKAORI_STAFF/status/751319327949729792","<a href=""http://twitter.com"" rel=""nofollow"">Twitter Web Client</a>","#小倉唯","http://www.ogurayui.jp/special/2016/High-Touch-Summer/","photo","https://pbs.twimg.com/media/Cm045CCVMAAFEcv.jpg"
"751318519275368448","唯ちゃんのイラストが夏らしいカラーのグラスになって登場！
センターには愛犬のコナンくん、底にも唯ちゃんのイラストが♡カワウソくん。もひっそり潜んでいますよ♪
#小倉唯
https://t.co/rCSE67hZjw https://t.co/ZTlH29aI1v","ja","Tweet","ゆいかおり(小倉 唯＆石原夏織)公式","YUIKAORI_STAFF","","0","139","2","258","0","2016-07-08 16:34:28","https://x.com/YUIKAORI_STAFF/status/751318519275368448","<a href=""http://twitter.com"" rel=""nofollow"">Twitter Web Client</a>","#小倉唯","http://www.ogurayui.jp/special/2016/High-Touch-Summer/","photo","https://pbs.twimg.com/media/Cm04JY1UEAAWl9V.jpg
https://pbs.twimg.com/media/Cm04K9NUMAAtdIi.jpg"
"751318323250376704","点灯すると鮮やかに光るペンライト☆会場で思いっきり振って唯ちゃんを照らしてくださいね！
そして今回のペンライトは、ライトをつけていなくてもピンクなのです！
#小倉唯
https://t.co/rCSE67hZjw https://t.co/yl3HbNtyfd","ja","Tweet","ゆいかおり(小倉 唯＆石原夏織)公式","YUIKAORI_STAFF","","0","136","1","249","1","2016-07-08 16:33:41","https://x.com/YUIKAORI_STAFF/status/751318323250376704","<a href=""http://twitter.com"" rel=""nofollow"">Twitter Web Client</a>","#小倉唯","http://www.ogurayui.jp/special/2016/High-Touch-Summer/","photo","https://pbs.twimg.com/media/Cm03_xVUkAAn5qM.jpg"
"751318182040711168","いよいよ明日、幕張からスタートします小倉 唯 1st LIVE TOUR「High-Touch☆Summer」！昨日に引き続き、本日もツアーグッズをご紹介します！
#小倉唯
https://t.co/rCSE67hZjw","ja","Tweet","ゆいかおり(小倉 唯＆石原夏織)公式","YUIKAORI_STAFF","","1","96","1","142","0","2016-07-08 16:33:08","https://x.com/YUIKAORI_STAFF/status/751318182040711168","<a href=""http://twitter.com"" rel=""nofollow"">Twitter Web Client</a>","#小倉唯","http://www.ogurayui.jp/special/2016/High-Touch-Summer/","",""
"751243346589257728","小倉 唯ニューシングルは10月から放送開始のTVアニメ「ViVid Strike!」オープニングテーマ！！自身もリンネ・ベルリネッタ役で出演！！
https://t.co/iggu6B7yGb #小倉唯 #ViVid_Strike https://t.co/M7zZmCBi4D","ja","Tweet","ゆいかおり(小倉 唯＆石原夏織)公式","YUIKAORI_STAFF","","1","751","20","616","1","2016-07-08 11:35:45","https://x.com/YUIKAORI_STAFF/status/751243346589257728","<a href=""http://twitter.com"" rel=""nofollow"">Twitter Web Client</a>","#小倉唯, #ViVid_Strike","http://vivid-strike.com","photo","https://pbs.twimg.com/media/CmzyPmpUcAESmHv.jpg"
"751234440798482433","小倉 唯 ニューシングルが10月から放送開始するTVアニメ「ViVid Strike!」のオープニングテーマに決定!!自身もリンネ・ベルリネッタ役で出演します！https://t.co/iggu6B7yGb　#小倉唯","ja","Tweet","ゆいかおり(小倉 唯＆石原夏織)公式","YUIKAORI_STAFF","","3","510","14","453","0","2016-07-08 11:00:22","https://x.com/YUIKAORI_STAFF/status/751234440798482433","<a href=""http://twitter.com"" rel=""nofollow"">Twitter Web Client</a>","#小倉唯","http://vivid-strike.com","",""
"751071297636106240","≪ゆいかおり・小倉唯：公式サイト更新≫
小倉 唯 1st LIVE TOUR「High-Touch☆Summer」幕張公演 当日券に関しまして https://t.co/OxpJZQnuEQ
#小倉唯","ja","Tweet","ゆいかおり(小倉 唯＆石原夏織)公式","YUIKAORI_STAFF","","0","82","1","129","0","2016-07-08 00:12:06","https://x.com/YUIKAORI_STAFF/status/751071297636106240","<a href=""http://twitter.com"" rel=""nofollow"">Twitter Web Client</a>","#小倉唯","http://www.yuikaori.info/info/1714/","",""
"750935211123232768","本日のグッズ紹介はここまで☆
明日もキュートなグッズをどんどんご紹介していきますよ！お楽しみに♪
#小倉唯
https://t.co/rCSE67hZjw","ja","Tweet","ゆいかおり(小倉 唯＆石原夏織)公式","YUIKAORI_STAFF","","1","67","2","156","0","2016-07-07 15:11:20","https://x.com/YUIKAORI_STAFF/status/750935211123232768","<a href=""http://twitter.com"" rel=""nofollow"">Twitter Web Client</a>","#小倉唯","http://www.ogurayui.jp/special/2016/High-Touch-Summer/","",""
"750931627094663173","170cmの男性スタッフが着用するとこのような雰囲気に！
男性でも違和感なく普段使いできそうなアイテムたちです！(着用Tシャツサイズ：S)
#小倉唯
https://t.co/rCSE67hZjw https://t.co/clC7OtoCtr","ja","Tweet","ゆいかおり(小倉 唯＆石原夏織)公式","YUIKAORI_STAFF","","0","217","3","299","0","2016-07-07 14:57:06","https://x.com/YUIKAORI_STAFF/status/750931627094663173","<a href=""http://twitter.com"" rel=""nofollow"">Twitter Web Client</a>","#小倉唯","http://www.ogurayui.jp/special/2016/High-Touch-Summer/","photo","https://pbs.twimg.com/media/CmvYPK5UIAA-QU2.jpg"
"750931273875501056","カラフルなフード付タオルは、夏の暑さや日差し対策にぴったりのアイテム！
フロント部分には3か所スナップボタンがついているので、自分好みに調整してお使いいただけます♪
#小倉唯
https://t.co/rCSE67hZjw https://t.co/hLL5VPVLC6","ja","Tweet","ゆいかおり(小倉 唯＆石原夏織)公式","YUIKAORI_STAFF","","0","618","17","966","0","2016-07-07 14:55:41","https://x.com/YUIKAORI_STAFF/status/750931273875501056","<a href=""http://twitter.com"" rel=""nofollow"">Twitter Web Client</a>","#小倉唯","http://www.ogurayui.jp/special/2016/High-Touch-Summer/","photo","https://pbs.twimg.com/media/CmvX3mEVYAElbmo.jpg"
"750930859201486848","ライブでは必需品のマフラータオル！ビビッドでポップなカラーが目を引きます！
シュシュは夏らしくさわやかなホワイトにたくさん☆が！さっそく唯ちゃんもつけてくれました♪
#小倉唯
https://t.co/rCSE67hZjw https://t.co/gVxaPuc9XT","ja","Tweet","ゆいかおり(小倉 唯＆石原夏織)公式","YUIKAORI_STAFF","","0","382","3","674","0","2016-07-07 14:54:03","https://x.com/YUIKAORI_STAFF/status/750930859201486848","<a href=""http://twitter.com"" rel=""nofollow"">Twitter Web Client</a>","#小倉唯","http://www.ogurayui.jp/special/2016/High-Touch-Summer/","photo","https://pbs.twimg.com/media/CmvXIQxUcAASuDK.jpg
https://pbs.twimg.com/media/CmvXJGlUsAAl3PR.jpg"
"750930061641916416","ペンライトや500mlペットボトルがらくらく入るミニショルダーバッグ！中央のネームタグにはツアータイトルが♪外側と内側の両方にポケットがついているので使い勝手も◎！　
#小倉唯
https://t.co/rCSE67hZjw https://t.co/LvTNir0WJL","ja","Tweet","ゆいかおり(小倉 唯＆石原夏織)公式","YUIKAORI_STAFF","","0","533","11","747","1","2016-07-07 14:50:52","https://x.com/YUIKAORI_STAFF/status/750930061641916416","<a href=""http://twitter.com"" rel=""nofollow"">Twitter Web Client</a>","#小倉唯","http://www.ogurayui.jp/special/2016/High-Touch-Summer/","photo","https://pbs.twimg.com/media/CmvWTPSVUAAS_6X.jpg
https://pbs.twimg.com/media/CmvWa8CUkAAqTVo.jpg"
"750929048906240000","夏の暑さ対策にもバッチリなメッシュキャップ！
正面のロゴ刺繍、☆のさりげない唯ちゃんピンク、つば裏のツアーロゴプリントがポイントです！
#小倉唯
https://t.co/rCSE67hZjw https://t.co/m2K3x8f9ZM","ja","Tweet","ゆいかおり(小倉 唯＆石原夏織)公式","YUIKAORI_STAFF","","1","425","8","661","0","2016-07-07 14:46:51","https://x.com/YUIKAORI_STAFF/status/750929048906240000","<a href=""http://twitter.com"" rel=""nofollow"">Twitter Web Client</a>","#小倉唯","http://www.ogurayui.jp/special/2016/High-Touch-Summer/","photo","https://pbs.twimg.com/media/CmvV8z1UcAEsVWi.jpg
https://pbs.twimg.com/media/CmvV9YZVYAAFHaO.jpg"
"750928848020082688","いよいよ今週末スタートする小倉 唯 1st LIVE TOUR「High-Touch☆Summer」！公演に先駆けて、一部グッズをご紹介☆
夏のライブにぴったりのアイテムたち！是非ご覧ください！
#小倉唯
https://t.co/rCSE67hZjw","ja","Tweet","ゆいかおり(小倉 唯＆石原夏織)公式","YUIKAORI_STAFF","","0","104","2","170","0","2016-07-07 14:46:03","https://x.com/YUIKAORI_STAFF/status/750928848020082688","<a href=""http://twitter.com"" rel=""nofollow"">Twitter Web Client</a>","#小倉唯","http://www.ogurayui.jp/special/2016/High-Touch-Summer/","",""
"750605719376842752","8/10発売のゆいかおり「Promise You!!」のMV公開中！！浴衣のゆいかおりをご堪能あれ♪
 https://t.co/bz5AI2KZug
#yuikaori #プロミスユー","ja","Tweet","ゆいかおり(小倉 唯＆石原夏織)公式","YUIKAORI_STAFF","","1","139","2","234","0","2016-07-06 17:22:03","https://x.com/YUIKAORI_STAFF/status/750605719376842752","<a href=""http://twitter.com/download/iphone"" rel=""nofollow"">Twitter for iPhone</a>","#yuikaori, #プロミスユー","https://www.youtube.com/watch?v=edEfgemc6Rk","",""
"750605186037460992","8/10発売！
ゆいかおりニューシングル「Promise You!!」（作曲:俊龍、作詞:大森祥子）は「約束」を歌った”追っかけ”サマーロックチューン！
#yuikaori #プロミスユー https://t.co/5lS22salmx","ja","Tweet","ゆいかおり(小倉 唯＆石原夏織)公式","YUIKAORI_STAFF","","1","858","21","1277","0","2016-07-06 17:19:56","https://x.com/YUIKAORI_STAFF/status/750605186037460992","<a href=""http://twitter.com/download/iphone"" rel=""nofollow"">Twitter for iPhone</a>","#yuikaori, #プロミスユー","","video","https://video.twimg.com/ext_tw_video/750605123420692480/pu/vid/1280x720/xOH5yfO2iJSx8rFk.mp4"
"750360709398040576","小倉唯　公式ブログを更新しました 『熱い夏☆』
⇒ https://t.co/t9EjaNwG6c","ja","Tweet","ゆいかおり(小倉 唯＆石原夏織)公式","YUIKAORI_STAFF","","0","153","1","281","0","2016-07-06 01:08:28","https://x.com/YUIKAORI_STAFF/status/750360709398040576","<a href=""https://ameblo.jp/"" rel=""nofollow"">Ameba_Blog</a>","","http://ameblo.jp/ogurayui-0815/entry-12177720243.html","",""
"750228510292078592","石原夏織　公式ブログを更新しました 『ふふ♡』
⇒ https://t.co/y9oSXdSpYS","ja","Tweet","ゆいかおり(小倉 唯＆石原夏織)公式","YUIKAORI_STAFF","","0","134","0","249","0","2016-07-05 16:23:10","https://x.com/YUIKAORI_STAFF/status/750228510292078592","<a href=""https://ameblo.jp/"" rel=""nofollow"">Ameba_Blog</a>","","http://ameblo.jp/ishiharakaori-0806/entry-12177559334.html","",""
"749625026467422208","まもなく実ラジはじまりますよー！！ #yuikaori #joqr #実ラジ","ja","Tweet","ゆいかおり(小倉 唯＆石原夏織)公式","YUIKAORI_STAFF","","0","44","1","97","0","2016-07-04 00:25:08","https://x.com/YUIKAORI_STAFF/status/749625026467422208","<a href=""http://twitter.com/download/iphone"" rel=""nofollow"">Twitter for iPhone</a>","#yuikaori, #joqr, #実ラジ","","",""
"749612359044386817","この後24:30〜は「ゆいかおりの実♪」が放送になります！是非お聞き下さいね〜！！  #yuikaori #joqr #実ラジ","ja","Tweet","ゆいかおり(小倉 唯＆石原夏織)公式","YUIKAORI_STAFF","","0","55","0","102","0","2016-07-03 23:34:48","https://x.com/YUIKAORI_STAFF/status/749612359044386817","<a href=""http://twitter.com/download/iphone"" rel=""nofollow"">Twitter for iPhone</a>","#yuikaori, #joqr, #実ラジ","","",""
"749503465177554944","また、現在小倉 唯1st LIVE TOUR「High-Touch☆Summer」幕張公演(7/9&amp;10)のチケット一般発売中ですよ〜！！https://t.co/SkL8DjgbMq  #小倉唯 https://t.co/aHIruL2oqa","ja","Tweet","ゆいかおり(小倉 唯＆石原夏織)公式","YUIKAORI_STAFF","","0","56","2","99","0","2016-07-03 16:22:05","https://x.com/YUIKAORI_STAFF/status/749503465177554944","<a href=""http://twitter.com"" rel=""nofollow"">Twitter Web Client</a>","#小倉唯","http://www.yuikaori.info/info/1661/","video","https://video.twimg.com/ext_tw_video/749503092429692928/pu/vid/1280x720/jqrkqVPRqaqdxSgU.mp4"
"749502887634481153","小倉 唯による「PON de Fighting!」振り付け講座を公開中！7/10(日)の幕張メッセ公演ではライブ映像収録もありますので、是非覚えて下さいね〜♪♪ https://t.co/CNrH4CDRj5 #小倉唯 https://t.co/PhXHhFHmbX","ja","Tweet","ゆいかおり(小倉 唯＆石原夏織)公式","YUIKAORI_STAFF","","1","136","7","268","0","2016-07-03 16:19:48","https://x.com/YUIKAORI_STAFF/status/749502887634481153","<a href=""http://twitter.com"" rel=""nofollow"">Twitter Web Client</a>","#小倉唯","https://www.youtube.com/watch?v=BzYlo8iu7bw","photo","https://pbs.twimg.com/media/CmbC0-AVYAA7jXK.jpg"
"749413967550816256","いっせーので君とだけ！
https://t.co/sm25bKJU1W","ja","Tweet","ゆいかおり(小倉 唯＆石原夏織)公式","YUIKAORI_STAFF","","3","72","2","178","0","2016-07-03 10:26:27","https://x.com/YUIKAORI_STAFF/status/749413967550816256","<a href=""http://twitter.com/download/iphone"" rel=""nofollow"">Twitter for iPhone</a>","","https://www.youtube.com/watch?v=zfg5E8eGvsU","",""
"749404977366388736","この後10時からは、小倉 唯「ハイタッチ☆メモリー」がEDテーマの「カードファイト!! ヴァンガードG ストライドゲート編」がテレビ東京系列・BSジャパンにて放送されますよ！！ #小倉唯 #cf_vanguard","ja","Tweet","ゆいかおり(小倉 唯＆石原夏織)公式","YUIKAORI_STAFF","","1","43","1","104","0","2016-07-03 09:50:44","https://x.com/YUIKAORI_STAFF/status/749404977366388736","<a href=""http://twitter.com/download/iphone"" rel=""nofollow"">Twitter for iPhone</a>","#小倉唯, #cf_vanguard","","",""
"749271137155031040","小倉唯　公式ブログを更新しました 『レガリアと黒ヤギ☆』
⇒ https://t.co/HN5Y4Hcl4B","ja","Tweet","ゆいかおり(小倉 唯＆石原夏織)公式","YUIKAORI_STAFF","","0","170","0","274","0","2016-07-03 00:58:54","https://x.com/YUIKAORI_STAFF/status/749271137155031040","<a href=""https://ameblo.jp/"" rel=""nofollow"">Ameba_Blog</a>","","http://ameblo.jp/ogurayui-0815/entry-12176723917.html","",""
"749266134969356288","ゆいかおり「Promise You!!」は「約束」を歌った”追っかけ”サマーロックチューンです！！是非”追っかけ”の部分を皆さん歌って下さいね！！！
https://t.co/bz5AI2KZug  #yuikaori https://t.co/zWdjN86CrK","ja","Tweet","ゆいかおり(小倉 唯＆石原夏織)公式","YUIKAORI_STAFF","","1","291","4","431","0","2016-07-03 00:39:01","https://x.com/YUIKAORI_STAFF/status/749266134969356288","<a href=""http://twitter.com"" rel=""nofollow"">Twitter Web Client</a>","#yuikaori","https://www.youtube.com/watch?v=edEfgemc6Rk","photo","https://pbs.twimg.com/media/CmXtHK-VIAQ5hFb.jpg"
"749261690391310336","来週7/9から小倉 唯1st LIVE TOUR「High-Touch☆Summer」がスタート！現在幕張公演のチケット一般発売中！10(日)の公演はライブ映像収録があります！https://t.co/SkL8DjgbMq #小倉唯 https://t.co/j99yRjAVIL","ja","Tweet","ゆいかおり(小倉 唯＆石原夏織)公式","YUIKAORI_STAFF","","0","69","2","121","0","2016-07-03 00:21:22","https://x.com/YUIKAORI_STAFF/status/749261690391310336","<a href=""http://twitter.com"" rel=""nofollow"">Twitter Web Client</a>","#小倉唯","http://www.yuikaori.info/info/1661/","video","https://video.twimg.com/ext_tw_video/749261066777997312/pu/vid/1280x720/8NBCTAQmKrx3E6HQ.mp4"
"749260517722583040","また、ゆいかおり「Promise You!!」発売記念イベントの開催も決定しています！9/4ラフォーレミュージアム六本木にて開催しますよっ♪ https://t.co/c85I2QUU44　#yuikaori https://t.co/LMh7D09kGw","ja","Tweet","ゆいかおり(小倉 唯＆石原夏織)公式","YUIKAORI_STAFF","","1","236","2","399","0","2016-07-03 00:16:42","https://x.com/YUIKAORI_STAFF/status/749260517722583040","<a href=""http://twitter.com"" rel=""nofollow"">Twitter Web Client</a>","#yuikaori","http://www.yuikaori.info/info/1698/","photo","https://pbs.twimg.com/media/CmXoccFUIAAsQwr.jpg"
"749260379696435200","“夏”、“約束”をテーマに四つのシチュエーションが交差する、ゆいかおり「Promise You!!」のMVを公開しました！！発売までお楽しみに！
https://t.co/bz5AI2KZug  #yuikaori https://t.co/6mYYN2qxjZ","ja","Tweet","ゆいかおり(小倉 唯＆石原夏織)公式","YUIKAORI_STAFF","","0","530","16","644","0","2016-07-03 00:16:09","https://x.com/YUIKAORI_STAFF/status/749260379696435200","<a href=""http://twitter.com"" rel=""nofollow"">Twitter Web Client</a>","#yuikaori","https://www.youtube.com/watch?v=edEfgemc6Rk","photo","https://pbs.twimg.com/media/CmXoT_tUsAAf7GG.jpg"
"749260205234401280","ゆいかおりニューシングル「Promise You!!」は8/10発売！！作曲:俊龍さん、作詞:大森祥子さんのサマーロックチューン！！！ https://t.co/wH5CcFDm20 #yuikaori https://t.co/LN4I7FkZ9R","ja","Tweet","ゆいかおり(小倉 唯＆石原夏織)公式","YUIKAORI_STAFF","","0","338","2","456","0","2016-07-03 00:15:28","https://x.com/YUIKAORI_STAFF/status/749260205234401280","<a href=""http://twitter.com"" rel=""nofollow"">Twitter Web Client</a>","#yuikaori","https://www.youtube.com/watch?v=vU5qk2oniFk","photo","https://pbs.twimg.com/media/CmXoKoBUkAATLdM.jpg"
"749260091006676992","BD&amp;DVD『ゆいかおり LIVE「RAINBOW CANARY!!」～ツアー&amp;日本武道館～』が9/28に発売決定！初の日本武道館公演の模様を完全収録！！https://t.co/w3hmtEpjzD　#yuikaori https://t.co/nK3i9QUlmA","ja","Tweet","ゆいかおり(小倉 唯＆石原夏織)公式","YUIKAORI_STAFF","","1","501","17","546","1","2016-07-03 00:15:00","https://x.com/YUIKAORI_STAFF/status/749260091006676992","<a href=""http://twitter.com"" rel=""nofollow"">Twitter Web Client</a>","#yuikaori","http://www.yuikaori.info/discography","photo","https://pbs.twimg.com/media/CmXkiXCUMAEo1Mh.jpg"
"749252531130294272","番組の最後ではゆいかおり8/10発売のニューシングル「Promise You!」のMUSIC VIDEOを宇宙初解禁します！お楽しみにっ！#yuikaori #ゆいかおり特番","ja","Tweet","ゆいかおり(小倉 唯＆石原夏織)公式","YUIKAORI_STAFF","","0","92","1","185","0","2016-07-02 23:44:58","https://x.com/YUIKAORI_STAFF/status/749252531130294272","<a href=""http://twitter.com/download/iphone"" rel=""nofollow"">Twitter for iPhone</a>","#yuikaori, #ゆいかおり特番","","",""
"749244048095866880","ゆいかおり1stライブ（2011年•原宿アストロホール）の貴重映像でした…！若いっ…！#yuikaori #ゆいかおり特番","ja","Tweet","ゆいかおり(小倉 唯＆石原夏織)公式","YUIKAORI_STAFF","","1","104","5","217","0","2016-07-02 23:11:16","https://x.com/YUIKAORI_STAFF/status/749244048095866880","<a href=""http://twitter.com/download/iphone"" rel=""nofollow"">Twitter for iPhone</a>","#yuikaori, #ゆいかおり特番","","",""
"749240933531553792","ゆいかおり特番、BSスカパー！にて始まってます！武道館のライブ映像や結成7年間を振り返る対談パートなど、内容盛りだくさんです！新曲Promise You!のMVの宇宙初解禁もお楽しみに！
#yuikaori","ja","Tweet","ゆいかおり(小倉 唯＆石原夏織)公式","YUIKAORI_STAFF","","0","97","2","172","0","2016-07-02 22:58:53","https://x.com/YUIKAORI_STAFF/status/749240933531553792","<a href=""http://twitter.com/download/iphone"" rel=""nofollow"">Twitter for iPhone</a>","#yuikaori","","",""
"749236251115401217","まもなくBSスカパー！にてゆいかおりの特別番組「Dive into ゆいかおり World!!」が放送スタート！！！是非ご覧下さいね！！
https://t.co/cOmyBdeIFV    #yuikaori","ja","Tweet","ゆいかおり(小倉 唯＆石原夏織)公式","YUIKAORI_STAFF","","1","80","1","121","0","2016-07-02 22:40:17","https://x.com/YUIKAORI_STAFF/status/749236251115401217","<a href=""http://twitter.com"" rel=""nofollow"">Twitter Web Client</a>","#yuikaori","http://bs-sptv.com/program/2284/","",""
"749224635812630528","このあと放送のゆいかおり特番、めちゃくちゃレアな映像も流れますよ！必見です。
22:45～BSスカパー！にて放送です！お見逃しなく！https://t.co/cOmyBdeIFV
#yuikaori","ja","Tweet","ゆいかおり(小倉 唯＆石原夏織)公式","YUIKAORI_STAFF","","1","116","4","138","0","2016-07-02 21:54:07","https://x.com/YUIKAORI_STAFF/status/749224635812630528","<a href=""http://twitter.com/download/iphone"" rel=""nofollow"">Twitter for iPhone</a>","#yuikaori","http://bs-sptv.com/program/2284/","",""
"749222348331462656","あと1時間！！！いよいよこの後22:45～BSスカパー！にてゆいかおりの特別番組「Dive into ゆいかおり World!!」が放送になります！！！お見逃しなくっ！
https://t.co/cOmyBdeIFV   #yuikaori","ja","Tweet","ゆいかおり(小倉 唯＆石原夏織)公式","YUIKAORI_STAFF","","0","96","3","128","0","2016-07-02 21:45:02","https://x.com/YUIKAORI_STAFF/status/749222348331462656","<a href=""http://twitter.com/download/iphone"" rel=""nofollow"">Twitter for iPhone</a>","#yuikaori","http://bs-sptv.com/program/2284/","",""
"749177048350879744","あと4時間！！！この後22:45～BSスカパー！にてゆいかおりの特別番組「Dive into ゆいかおり World!!」が放送されます！！！お見逃しなくっ♪♪
https://t.co/cOmyBdeIFV   #yuikaori","ja","Tweet","ゆいかおり(小倉 唯＆石原夏織)公式","YUIKAORI_STAFF","","2","107","4","158","0","2016-07-02 18:45:02","https://x.com/YUIKAORI_STAFF/status/749177048350879744","<a href=""http://twitter.com/download/iphone"" rel=""nofollow"">Twitter for iPhone</a>","#yuikaori","http://bs-sptv.com/program/2284/","",""
"749140692241305600","小倉 唯による「PON de Fighting!」振り付け講座を公開中です！！バッチリ覚えてライブで一緒に踊りましょう♪
https://t.co/auAJPjNIwl
https://t.co/CNrH4CDRj5
#小倉唯 https://t.co/WnZKkx5Lcv","ja","Tweet","ゆいかおり(小倉 唯＆石原夏織)公式","YUIKAORI_STAFF","","0","171","5","256","0","2016-07-02 16:20:34","https://x.com/YUIKAORI_STAFF/status/749140692241305600","<a href=""http://twitter.com/download/iphone"" rel=""nofollow"">Twitter for iPhone</a>","#小倉唯","http://yuikaori.info/info/1661/
https://www.youtube.com/watch?v=BzYlo8iu7bw","photo","https://pbs.twimg.com/media/CmV7dz0UMAA5m5I.jpg"
"749139498097717248","小倉 唯1st LIVE TOUR「High-Touch☆Summer」幕張公演(7/9&amp;7/10)のチケット一般発売中ですよ♪♪ https://t.co/SkL8DjgbMq   #小倉唯 https://t.co/8PwDojkLHJ","ja","Tweet","ゆいかおり(小倉 唯＆石原夏織)公式","YUIKAORI_STAFF","","2","52","1","106","0","2016-07-02 16:15:49","https://x.com/YUIKAORI_STAFF/status/749139498097717248","<a href=""http://twitter.com"" rel=""nofollow"">Twitter Web Client</a>","#小倉唯","http://www.yuikaori.info/info/1661/","video","https://video.twimg.com/ext_tw_video/749138591649968128/pu/vid/1280x720/0F6WCf49csao3cjI.mp4"
"748844421211271169","小倉 唯1st LIVE TOUR「High-Touch☆Summer」幕張公演(7/9&amp;7/10)のチケット一般発売中です！！！https://t.co/SkL8DjgbMq  #小倉唯 https://t.co/FJFOJsPUQE","ja","Tweet","ゆいかおり(小倉 唯＆石原夏織)公式","YUIKAORI_STAFF","","0","67","2","110","0","2016-07-01 20:43:17","https://x.com/YUIKAORI_STAFF/status/748844421211271169","<a href=""http://twitter.com"" rel=""nofollow"">Twitter Web Client</a>","#小倉唯","http://www.yuikaori.info/info/1661/","video","https://video.twimg.com/ext_tw_video/748843929533976576/pu/vid/1280x720/FnNUFrQF5eE-Vcwn.mp4"
"748747638548287492","いよいよ明日放送！！！ゆいかおりの特別番組「Dive into ゆいかおり World!!」は7/2（土）22:45～BSスカパー！にて放送されます！！是非ご覧下さいね♪♪
https://t.co/3sRX4MwQad   #yuikaori","ja","Tweet","ゆいかおり(小倉 唯＆石原夏織)公式","YUIKAORI_STAFF","","0","106","3","167","0","2016-07-01 14:18:42","https://x.com/YUIKAORI_STAFF/status/748747638548287492","<a href=""http://twitter.com"" rel=""nofollow"">Twitter Web Client</a>","#yuikaori","http://www.bs-sptv.com/program/2284/","",""
"748691171937906689","石原夏織　公式ブログを更新しました 『7月2日！！』
⇒ https://t.co/86OlGAk8WE","ja","Tweet","ゆいかおり(小倉 唯＆石原夏織)公式","YUIKAORI_STAFF","","0","131","0","218","0","2016-07-01 10:34:20","https://x.com/YUIKAORI_STAFF/status/748691171937906689","<a href=""https://ameblo.jp/"" rel=""nofollow"">Ameba_Blog</a>","","http://ameblo.jp/ishiharakaori-0806/entry-12176146455.html","",""
"748684955790696449","ゆいかおりニューシングル「Promise You!!」発売記念イベントの開催が決定しました！！！！9月4日(日)にラフォーレミュージアム六本木にて開催しますよ！！応募方法等詳しくは下記をチェックして下さいね♪♪
https://t.co/c85I2QUU44 #yuikaori","ja","Tweet","ゆいかおり(小倉 唯＆石原夏織)公式","YUIKAORI_STAFF","","2","211","7","271","0","2016-07-01 10:09:38","https://x.com/YUIKAORI_STAFF/status/748684955790696449","<a href=""http://twitter.com"" rel=""nofollow"">Twitter Web Client</a>","#yuikaori","http://www.yuikaori.info/info/1698/","",""
"748682788514045952","≪ゆいかおり・小倉唯：公式サイト更新≫ 
ゆいかおりニューシングル「Promise You!!」発売記念イベント開催決定！ https://t.co/c85I2QUU44
#yuikaori","ja","Tweet","ゆいかおり(小倉 唯＆石原夏織)公式","YUIKAORI_STAFF","","0","183","5","227","0","2016-07-01 10:01:01","https://x.com/YUIKAORI_STAFF/status/748682788514045952","<a href=""http://twitter.com"" rel=""nofollow"">Twitter Web Client</a>","#yuikaori","http://www.yuikaori.info/info/1698/","",""
"748469997186351105","小倉 唯1st LIVE TOUR「High-Touch☆Summer」幕張公演(7/9&amp;7/10)のチケット一般発売中ですよ！！
  https://t.co/SkL8DjgbMq 
#小倉唯 https://t.co/SC6YdYxzvM","ja","Tweet","ゆいかおり(小倉 唯＆石原夏織)公式","YUIKAORI_STAFF","","0","59","1","114","0","2016-06-30 19:55:27","https://x.com/YUIKAORI_STAFF/status/748469997186351105","<a href=""http://twitter.com"" rel=""nofollow"">Twitter Web Client</a>","#小倉唯","http://www.yuikaori.info/info/1661/","video","https://video.twimg.com/ext_tw_video/748469711180992512/pu/vid/1280x720/hoqW5igf4jsVV5v5.mp4"
"748412140076175360","いよいよ明後日！7/2（土）22:45～BSスカパー！にてゆいかおりの特別番組「Dive into ゆいかおり World!!」が放送されますよ！！詳しい放送情報は下記よりチェック！！！
https://t.co/3sRX4MwQad  #yuikaori","ja","Tweet","ゆいかおり(小倉 唯＆石原夏織)公式","YUIKAORI_STAFF","","0","139","6","208","0","2016-06-30 16:05:33","https://x.com/YUIKAORI_STAFF/status/748412140076175360","<a href=""http://twitter.com"" rel=""nofollow"">Twitter Web Client</a>","#yuikaori","http://www.bs-sptv.com/program/2284/","",""
"748169223587803136","石原夏織　公式ブログを更新しました 『あくしず戦姫とポッピンQ』
⇒ https://t.co/54EWofDL8o","ja","Tweet","ゆいかおり(小倉 唯＆石原夏織)公式","YUIKAORI_STAFF","","0","129","1","213","0","2016-06-30 00:00:17","https://x.com/YUIKAORI_STAFF/status/748169223587803136","<a href=""https://ameblo.jp/"" rel=""nofollow"">Ameba_Blog</a>","","http://ameblo.jp/ishiharakaori-0806/entry-12175718442.html","",""
"748155643459076096","皆で踊れる「PON de Fighting!」の振り付け動画を公開中！バッチリ覚えてライブで一緒に踊りましょう！！
https://t.co/SkL8DjgbMq

https://t.co/CNrH4CDRj5
#小倉唯 https://t.co/hn1K4KWMId","ja","Tweet","ゆいかおり(小倉 唯＆石原夏織)公式","YUIKAORI_STAFF","","1","314","11","449","0","2016-06-29 23:06:20","https://x.com/YUIKAORI_STAFF/status/748155643459076096","<a href=""http://twitter.com/download/iphone"" rel=""nofollow"">Twitter for iPhone</a>","#小倉唯","http://www.yuikaori.info/info/1661/
https://www.youtube.com/watch?v=BzYlo8iu7bw","photo","https://pbs.twimg.com/media/CmH7lgBUYAAjBG2.jpg"
"747812959091462144","小倉唯　公式ブログを更新しました 『振り付け講座☆』
⇒ https://t.co/myfXCbNW6s","ja","Tweet","ゆいかおり(小倉 唯＆石原夏織)公式","YUIKAORI_STAFF","","0","229","1","362","0","2016-06-29 00:24:37","https://x.com/YUIKAORI_STAFF/status/747812959091462144","<a href=""https://ameblo.jp/"" rel=""nofollow"">Ameba_Blog</a>","","http://ameblo.jp/ogurayui-0815/entry-12175401072.html","",""
"747721729162752000","小倉 唯1st LIVE TOUR「High-Touch☆Summer」幕張公演(7/9&amp;7/10)のチケット一般発売中ですよ♪♪
  https://t.co/SkL8DjxNb0
#小倉唯 https://t.co/3Ozyx4RMbO","ja","Tweet","ゆいかおり(小倉 唯＆石原夏織)公式","YUIKAORI_STAFF","","0","54","0","126","0","2016-06-28 18:22:06","https://x.com/YUIKAORI_STAFF/status/747721729162752000","<a href=""http://twitter.com/download/iphone"" rel=""nofollow"">Twitter for iPhone</a>","#小倉唯","http://www.yuikaori.info/info/1661/","video","https://video.twimg.com/ext_tw_video/747721624665849857/pu/vid/1280x720/a_ZsMvts_8wNGy0e.mp4"
"747716736686956544","皆で踊れる「PON de Fighting!」の振り付け動画を公開！7/10(日)の幕張メッセ公演ではライブ映像収録もありますので、参加される皆さんは予習お願いしますね〜！
https://t.co/CNrH4CVsHF
#小倉唯 https://t.co/1laE7s7DCa","ja","Tweet","ゆいかおり(小倉 唯＆石原夏織)公式","YUIKAORI_STAFF","","1","766","38","1034","1","2016-06-28 18:02:16","https://x.com/YUIKAORI_STAFF/status/747716736686956544","<a href=""http://twitter.com/download/iphone"" rel=""nofollow"">Twitter for iPhone</a>","#小倉唯","https://www.youtube.com/watch?v=BzYlo8iu7bw","photo","https://pbs.twimg.com/media/CmBsZqaWEAAkbJw.jpg"
"747422654966071296","小倉唯　公式ブログを更新しました 『一般発売とグッズ公開〜(^-^)☆』
⇒ https://t.co/xOrTSg0yAL","ja","Tweet","ゆいかおり(小倉 唯＆石原夏織)公式","YUIKAORI_STAFF","","0","249","2","366","0","2016-06-27 22:33:42","https://x.com/YUIKAORI_STAFF/status/747422654966071296","<a href=""https://ameblo.jp/"" rel=""nofollow"">Ameba_Blog</a>","","http://ameblo.jp/ogurayui-0815/entry-12175033900.html","",""
"747396326640390144","小倉 唯1st LIVE TOUR「High-Touch☆Summer」幕張公演(7/9&amp;7/10)のチケット一般発売中ですよ♪♪  https://t.co/SkL8DjgbMq   #小倉唯 https://t.co/AxXgrmH5rl","ja","Tweet","ゆいかおり(小倉 唯＆石原夏織)公式","YUIKAORI_STAFF","","0","69","1","117","0","2016-06-27 20:49:04","https://x.com/YUIKAORI_STAFF/status/747396326640390144","<a href=""http://twitter.com"" rel=""nofollow"">Twitter Web Client</a>","#小倉唯","http://www.yuikaori.info/info/1661/","video","https://video.twimg.com/ext_tw_video/747396075892314112/pu/vid/1280x720/RiODxy1TTLrCcs0v.mp4"
"747310075866275841","7/9(土)よりスタートとなる、
小倉 唯 1st LIVE TOUR「High-Touch☆Summer」ライブグッズ情報が公開となりました☆
皆さん、下記ページでチェックしてくださいね～！！
https://t.co/rCSE67hZjw　#小倉唯","ja","Tweet","ゆいかおり(小倉 唯＆石原夏織)公式","YUIKAORI_STAFF","","0","317","8","317","0","2016-06-27 15:06:21","https://x.com/YUIKAORI_STAFF/status/747310075866275841","<a href=""http://twitter.com"" rel=""nofollow"">Twitter Web Client</a>","#小倉唯","http://www.ogurayui.jp/special/2016/High-Touch-Summer/","",""
"747310040437055489","≪ゆいかおり・小倉唯：公式サイト更新≫ 
小倉 唯 1st LIVE TOUR「High-Touch☆Summer」ライブグッズ情報！
https://t.co/7yRq0QJaa9　#小倉唯","ja","Tweet","ゆいかおり(小倉 唯＆石原夏織)公式","YUIKAORI_STAFF","","1","202","4","233","0","2016-06-27 15:06:12","https://x.com/YUIKAORI_STAFF/status/747310040437055489","<a href=""http://twitter.com"" rel=""nofollow"">Twitter Web Client</a>","#小倉唯","http://www.yuikaori.info/info/1688/","",""
"747310019599699969","≪ゆいかおり・小倉唯：公式サイト更新≫ 
小倉 唯 1st LIVE TOUR「High-Touch☆Summer」ライブ会場CD物販ブース特典情報！
https://t.co/Ni4uNFnWEX　#小倉唯","ja","Tweet","ゆいかおり(小倉 唯＆石原夏織)公式","YUIKAORI_STAFF","","0","109","0","162","0","2016-06-27 15:06:07","https://x.com/YUIKAORI_STAFF/status/747310019599699969","<a href=""http://twitter.com"" rel=""nofollow"">Twitter Web Client</a>","#小倉唯","http://www.yuikaori.info/info/1684/","",""
"747095608234696704","今週7/2（土）22:45～BSスカパー！にてゆいかおりの特別番組「Dive into ゆいかおり World!!」が放送されます！！盛りだくさんの内容になっていますので是非ご覧下さいね！https://t.co/3sRX4MwQad
#実ラジ #yuikaori  #joqr","ja","Tweet","ゆいかおり(小倉 唯＆石原夏織)公式","YUIKAORI_STAFF","","1","168","2","241","0","2016-06-27 00:54:08","https://x.com/YUIKAORI_STAFF/status/747095608234696704","<a href=""http://twitter.com/download/iphone"" rel=""nofollow"">Twitter for iPhone</a>","#実ラジ, #yuikaori, #joqr","http://www.bs-sptv.com/program/2284/","",""
"747087910730555393","まもなく実ラジはじまりますよ〜！！！ #yuikaori #joqr #実ラジ","ja","Tweet","ゆいかおり(小倉 唯＆石原夏織)公式","YUIKAORI_STAFF","","0","49","0","101","0","2016-06-27 00:23:32","https://x.com/YUIKAORI_STAFF/status/747087910730555393","<a href=""http://twitter.com/download/iphone"" rel=""nofollow"">Twitter for iPhone</a>","#yuikaori, #joqr, #実ラジ","","",""
"747077254174281729","この後24:30〜は文化放送にて「ゆいかおりの実♪」が放送になりますよ！！是非お聞き下さいね〜♪  #yuikaori #joqr #実ラジ","ja","Tweet","ゆいかおり(小倉 唯＆石原夏織)公式","YUIKAORI_STAFF","","1","60","1","108","0","2016-06-26 23:41:12","https://x.com/YUIKAORI_STAFF/status/747077254174281729","<a href=""http://twitter.com/download/iphone"" rel=""nofollow"">Twitter for iPhone</a>","#yuikaori, #joqr, #実ラジ","","",""
"747011367639519234","小倉 唯1st LIVE TOUR「High-Touch☆Summer」幕張公演(7/9&amp;7/10)のチケット一般発売中ですよ♪♪  https://t.co/SkL8DjgbMq  　#小倉唯 https://t.co/CGTWyvVzU2","ja","Tweet","ゆいかおり(小倉 唯＆石原夏織)公式","YUIKAORI_STAFF","","0","95","5","156","0","2016-06-26 19:19:23","https://x.com/YUIKAORI_STAFF/status/747011367639519234","<a href=""http://twitter.com"" rel=""nofollow"">Twitter Web Client</a>","#小倉唯","http://www.yuikaori.info/info/1661/","video","https://video.twimg.com/ext_tw_video/747004727729152000/pu/vid/1280x720/zx1GDLIkBXYdNn2q.mp4"
"746877170534866949","いっせーので君とだけ！
https://t.co/sx34RlQdsM…
#小倉唯 #cf_vanguard","ja","Tweet","ゆいかおり(小倉 唯＆石原夏織)公式","YUIKAORI_STAFF","","0","72","0","168","0","2016-06-26 10:26:08","https://x.com/YUIKAORI_STAFF/status/746877170534866949","<a href=""http://twitter.com/download/iphone"" rel=""nofollow"">Twitter for iPhone</a>","#小倉唯, #cf_vanguard","http://youtube.com/watch?v=zfg5E8","",""
"746335293209378816","小倉唯　公式ブログを更新しました 『ゆいはたち☆』
⇒ https://t.co/GZRR6V5d5x","ja","Tweet","ゆいかおり(小倉 唯＆石原夏織)公式","YUIKAORI_STAFF","","0","254","4","350","0","2016-06-24 22:32:54","https://x.com/YUIKAORI_STAFF/status/746335293209378816","<a href=""https://ameblo.jp/"" rel=""nofollow"">Ameba_Blog</a>","","http://ameblo.jp/ogurayui-0815/entry-12174051084.html","",""
"746150364894756864","いよいよ！本日は小倉 唯写真集「ゆいはたち」の発売日です！！！発売記念サイン会、先着購入特典の詳細は下記よりチェックして下さいね♪♪ https://t.co/7BH3iAx36f 
#小倉唯 https://t.co/pRhJj1VFf9","ja","Tweet","ゆいかおり(小倉 唯＆石原夏織)公式","YUIKAORI_STAFF","","2","516","5","676","1","2016-06-24 10:18:04","https://x.com/YUIKAORI_STAFF/status/746150364894756864","<a href=""http://twitter.com/download/iphone"" rel=""nofollow"">Twitter for iPhone</a>","#小倉唯","http://zasshi.tv/s/products/detail/HBTNM160624_001-00-00-00-00-00","photo","https://pbs.twimg.com/media/Clrby4mUgAA4RKv.jpg"
"745993476894928897","小倉唯　公式ブログを更新しました 『明日だよ〜☆』
⇒ https://t.co/Rqg90VFFJF","ja","Tweet","ゆいかおり(小倉 唯＆石原夏織)公式","YUIKAORI_STAFF","","1","281","4","404","0","2016-06-23 23:54:39","https://x.com/YUIKAORI_STAFF/status/745993476894928897","<a href=""https://ameblo.jp/"" rel=""nofollow"">Ameba_Blog</a>","","http://ameblo.jp/ogurayui-0815/entry-12173755334.html","",""
"745935639925915649","小倉 唯1st LIVE TOUR「High-Touch☆Summer」の幕張公演(7/9&amp;7/10)チケット一般発売中♪♪  https://t.co/SkL8DjxNb0 　#小倉唯 https://t.co/p9gwIbXFOq","ja","Tweet","ゆいかおり(小倉 唯＆石原夏織)公式","YUIKAORI_STAFF","","0","78","2","141","0","2016-06-23 20:04:50","https://x.com/YUIKAORI_STAFF/status/745935639925915649","<a href=""http://twitter.com"" rel=""nofollow"">Twitter Web Client</a>","#小倉唯","http://www.yuikaori.info/info/1661/","video","https://video.twimg.com/ext_tw_video/745935061694873601/pu/vid/1280x720/F8GKMX6xfCniGBlZ.mp4"
"745642818123628544","石原夏織　公式ブログを更新しました 『今日は』
⇒ https://t.co/e70IlK020K","ja","Tweet","ゆいかおり(小倉 唯＆石原夏織)公式","YUIKAORI_STAFF","","0","147","2","263","0","2016-06-23 00:41:15","https://x.com/YUIKAORI_STAFF/status/745642818123628544","<a href=""https://ameblo.jp/"" rel=""nofollow"">Ameba_Blog</a>","","http://ameblo.jp/ishiharakaori-0806/entry-12173439487.html","",""
"745621974299213824","小倉 唯1st LIVE TOUR「High-Touch☆Summer」幕張公演(7/9&amp;7/10)のチケット一般発売中ですよ！！ https://t.co/SkL8DjgbMq　#小倉唯 https://t.co/irKT4YSUrO","ja","Tweet","ゆいかおり(小倉 唯＆石原夏織)公式","YUIKAORI_STAFF","","0","104","0","184","0","2016-06-22 23:18:26","https://x.com/YUIKAORI_STAFF/status/745621974299213824","<a href=""http://twitter.com"" rel=""nofollow"">Twitter Web Client</a>","#小倉唯","http://www.yuikaori.info/info/1661/","video","https://video.twimg.com/ext_tw_video/745621759135670273/pu/vid/1280x720/YTSDz-9qiRDkso1G.mp4"
"745316090406801411","小倉唯　公式ブログを更新しました 『特番&amp;写真集☆』
⇒ https://t.co/tRALTpVMjD","ja","Tweet","ゆいかおり(小倉 唯＆石原夏織)公式","YUIKAORI_STAFF","","1","192","0","320","0","2016-06-22 03:02:57","https://x.com/YUIKAORI_STAFF/status/745316090406801411","<a href=""https://ameblo.jp/"" rel=""nofollow"">Ameba_Blog</a>","","http://ameblo.jp/ogurayui-0815/entry-12173134006.html","",""
"745097716976357376","小倉唯初のライブツアー、幕張メッセ公演（7/9&amp;10）のチケット一般発売中！
https://t.co/SkL8DjgbMq
#小倉唯 https://t.co/K6HXJYP7Lc","ja","Tweet","ゆいかおり(小倉 唯＆石原夏織)公式","YUIKAORI_STAFF","","0","125","4","213","0","2016-06-21 12:35:13","https://x.com/YUIKAORI_STAFF/status/745097716976357376","<a href=""http://twitter.com/download/iphone"" rel=""nofollow"">Twitter for iPhone</a>","#小倉唯","http://www.yuikaori.info/info/1661/","video","https://video.twimg.com/ext_tw_video/745097629114130435/pu/vid/1280x720/3RvUoOjUkp9pF8f2.mp4"
"744817504036364289","≪ゆいかおり・小倉 唯：公式サイト更新≫
小倉 唯、Instagramを期間限定で開設！
https://t.co/wkNDSUOpK7　#小倉唯","ja","Tweet","ゆいかおり(小倉 唯＆石原夏織)公式","YUIKAORI_STAFF","","1","209","4","276","0","2016-06-20 18:01:45","https://x.com/YUIKAORI_STAFF/status/744817504036364289","<a href=""http://twitter.com"" rel=""nofollow"">Twitter Web Client</a>","#小倉唯","http://www.yuikaori.info/info/1679/","",""
"744726659266285568","小倉唯　公式ブログを更新しました 『リリースイベント&amp;Instagram☆』
⇒ https://t.co/DjVk60eWPQ","ja","Tweet","ゆいかおり(小倉 唯＆石原夏織)公式","YUIKAORI_STAFF","","0","335","4","456","0","2016-06-20 12:00:46","https://x.com/YUIKAORI_STAFF/status/744726659266285568","<a href=""https://ameblo.jp/"" rel=""nofollow"">Ameba_Blog</a>","","http://ameblo.jp/ogurayui-0815/entry-12172541188.html","",""
"744551508646100992","まもなく実ラジはじまりますよー！！ #yuikaori #joqr #実ラジ","ja","Tweet","ゆいかおり(小倉 唯＆石原夏織)公式","YUIKAORI_STAFF","","0","47","0","95","0","2016-06-20 00:24:47","https://x.com/YUIKAORI_STAFF/status/744551508646100992","<a href=""http://twitter.com/download/iphone"" rel=""nofollow"">Twitter for iPhone</a>","#yuikaori, #joqr, #実ラジ","","",""
"744545266489954304","この後24:30〜は「ゆいかおりの実♪」が放送になりますよ！是非お聞き下さいね〜  #yuikaori #joqr #実ラジ","ja","Tweet","ゆいかおり(小倉 唯＆石原夏織)公式","YUIKAORI_STAFF","","0","49","1","108","0","2016-06-19 23:59:59","https://x.com/YUIKAORI_STAFF/status/744545266489954304","<a href=""http://twitter.com/download/iphone"" rel=""nofollow"">Twitter for iPhone</a>","#yuikaori, #joqr, #実ラジ","","",""
"744341961235062784","小倉 唯1st LIVE TOUR「High-Touch☆Summer」のチケット一般発売が昨日よりスタートしていますよ！！https://t.co/SkL8DjgbMq 
#小倉唯 #cf_vanguard","ja","Tweet","ゆいかおり(小倉 唯＆石原夏織)公式","YUIKAORI_STAFF","","0","50","1","110","0","2016-06-19 10:32:07","https://x.com/YUIKAORI_STAFF/status/744341961235062784","<a href=""http://twitter.com/download/iphone"" rel=""nofollow"">Twitter for iPhone</a>","#小倉唯, #cf_vanguard","http://www.yuikaori.info/info/1661/","",""
"744340456989851648","いっせーので君とだけ！
https://t.co/sm25bKJU1W
#小倉唯 #cf_vanguard","ja","Tweet","ゆいかおり(小倉 唯＆石原夏織)公式","YUIKAORI_STAFF","","1","110","0","199","0","2016-06-19 10:26:08","https://x.com/YUIKAORI_STAFF/status/744340456989851648","<a href=""http://twitter.com/download/iphone"" rel=""nofollow"">Twitter for iPhone</a>","#小倉唯, #cf_vanguard","https://www.youtube.com/watch?v=zfg5E8eGvsU","",""
"744329936731701248","この後10時から放送の「カードファイト!! ヴァンガードG ストライドゲート編」に小倉 唯と石原夏織がそれぞれ、レミー・アルテナ役、リサ・フェリス役として出演しますよ！！是非ご覧下さいね♪♪ #cf_vanguard #yuikaori","ja","Tweet","ゆいかおり(小倉 唯＆石原夏織)公式","YUIKAORI_STAFF","","1","142","2","169","0","2016-06-19 09:44:20","https://x.com/YUIKAORI_STAFF/status/744329936731701248","<a href=""http://twitter.com/download/iphone"" rel=""nofollow"">Twitter for iPhone</a>","#cf_vanguard, #yuikaori","","",""
"744011884513234944","配信中の「ハイタッチ☆メモリー」MUSIC VIDEO(Dance ver.)を少しだけ公開しました！！下記よりチェックして下さいね♪
https://t.co/sm25bKJU1W
#小倉唯","ja","Tweet","ゆいかおり(小倉 唯＆石原夏織)公式","YUIKAORI_STAFF","","0","155","1","256","0","2016-06-18 12:40:30","https://x.com/YUIKAORI_STAFF/status/744011884513234944","<a href=""http://twitter.com"" rel=""nofollow"">Twitter Web Client</a>","#小倉唯","https://www.youtube.com/watch?v=zfg5E8eGvsU","",""
"744008419074400256","小倉唯初のライブツアー、幕張メッセ公演（7/9&amp;10）のチケット一般発売中！
【チケットぴあ】
https://t.co/7EHrIUcK3k
【ローソンチケット】
https://t.co/1o0lvo6Joz
【e+】
https://t.co/GhsvgcR6qe
#小倉唯","ja","Tweet","ゆいかおり(小倉 唯＆石原夏織)公式","YUIKAORI_STAFF","","1","79","3","128","0","2016-06-18 12:26:44","https://x.com/YUIKAORI_STAFF/status/744008419074400256","<a href=""http://itunes.apple.com/us/app/twitter/id409789998?mt=12"" rel=""nofollow"">Twitter for Mac</a>","#小倉唯","http://pia.jp/t
http://l-tike.com/
http://eplus.jp","",""
"744006262766002178","いよいよ本日より小倉 唯1st LIVE TOUR「High-Touch☆Summer」のチケット一般発売がスタートしましたよ！！！
https://t.co/mgkhThjPYX　#小倉唯 https://t.co/mP7ljWnyES","ja","Tweet","ゆいかおり(小倉 唯＆石原夏織)公式","YUIKAORI_STAFF","","0","123","5","185","0","2016-06-18 12:18:10","https://x.com/YUIKAORI_STAFF/status/744006262766002178","<a href=""http://twitter.com"" rel=""nofollow"">Twitter Web Client</a>","#小倉唯","http://www.yuikaori.info/info/","video","https://video.twimg.com/ext_tw_video/744005897341415424/pu/vid/1280x720/VwQJmGR7cGmIp5zQ.mp4"
"743972189586612227","≪ゆいかおり・小倉 唯：公式サイト更新≫
小倉 唯「ハイタッチ☆メモリー」MUSIC VIDEO(Dance ver.)公開！
https://t.co/aOrsm4nHRM　#小倉唯","ja","Tweet","ゆいかおり(小倉 唯＆石原夏織)公式","YUIKAORI_STAFF","","0","153","3","259","0","2016-06-18 10:02:46","https://x.com/YUIKAORI_STAFF/status/743972189586612227","<a href=""http://twitter.com"" rel=""nofollow"">Twitter Web Client</a>","#小倉唯","http://www.yuikaori.info/info/1677/","",""
"743771033295945728","≪ゆいかおり：公式サイト更新≫
ゆいかおり、特別番組の放送日時が決定！
https://t.co/8Z25S1l8KH　#yuikaori","ja","Tweet","ゆいかおり(小倉 唯＆石原夏織)公式","YUIKAORI_STAFF","","0","189","2","265","0","2016-06-17 20:43:27","https://x.com/YUIKAORI_STAFF/status/743771033295945728","<a href=""http://twitter.com"" rel=""nofollow"">Twitter Web Client</a>","#yuikaori","http://www.yuikaori.info/info/1673/","",""
"743702578022645760","石原夏織　公式ブログを更新しました 『！！！』
⇒ https://t.co/PwnGCuLY9t","ja","Tweet","ゆいかおり(小倉 唯＆石原夏織)公式","YUIKAORI_STAFF","","1","129","1","227","0","2016-06-17 16:11:26","https://x.com/YUIKAORI_STAFF/status/743702578022645760","<a href=""https://ameblo.jp/"" rel=""nofollow"">Ameba_Blog</a>","","http://ameblo.jp/ishiharakaori-0806/entry-12171616828.html","",""
"743639681124827137","≪ゆいかおり・小倉 唯：公式サイト更新≫
小倉 唯 1st LIVE TOUR「High-Touch☆Summer」群馬公演 立見販売決定！ 
https://t.co/Y8etLlEqQU　#小倉唯","ja","Tweet","ゆいかおり(小倉 唯＆石原夏織)公式","YUIKAORI_STAFF","","1","148","5","178","0","2016-06-17 12:01:30","https://x.com/YUIKAORI_STAFF/status/743639681124827137","<a href=""http://twitter.com"" rel=""nofollow"">Twitter Web Client</a>","#小倉唯","http://www.yuikaori.info/info/1674/","",""
"743615769401950208","小倉 唯写真集「ゆいはたち」が来週6/24に発売になります！！沖縄ロケにて撮影された、２０歳最後の旅……今までにない、自然体の姿を切り取った１冊になっていますよ！https://t.co/6VEdjVKa7W #小倉唯 https://t.co/l1xubXACs1","ja","Tweet","ゆいかおり(小倉 唯＆石原夏織)公式","YUIKAORI_STAFF","","4","594","10","845","0","2016-06-17 10:26:29","https://x.com/YUIKAORI_STAFF/status/743615769401950208","<a href=""http://twitter.com/download/iphone"" rel=""nofollow"">Twitter for iPhone</a>","#小倉唯","http://zasshi.tv/products/detail/HBTNM160624_001-00-00-00-00-00","photo","https://pbs.twimg.com/media/ClHamONUoAArhxP.jpg"
"743572807171321856","小倉唯　公式ブログを更新しました 『ゆいはたち☆』
⇒ https://t.co/UTK75b69ZZ","ja","Tweet","ゆいかおり(小倉 唯＆石原夏織)公式","YUIKAORI_STAFF","","1","358","5","520","0","2016-06-17 07:35:46","https://x.com/YUIKAORI_STAFF/status/743572807171321856","<a href=""https://ameblo.jp/"" rel=""nofollow"">Ameba_Blog</a>","","http://ameblo.jp/ogurayui-0815/entry-12171488201.html","",""
"743412852292096000","小倉 唯写真集「ゆいはたち」が6月24日発売！
さらに発売記念サイン会の開催と、先着購入特典も決定！
詳細は下記よりチェックして下さいね！https://t.co/6VEdjVKa7W
#小倉唯","ja","Tweet","ゆいかおり(小倉 唯＆石原夏織)公式","YUIKAORI_STAFF","","0","353","0","436","0","2016-06-16 21:00:10","https://x.com/YUIKAORI_STAFF/status/743412852292096000","<a href=""http://twitter.com"" rel=""nofollow"">Twitter Web Client</a>","#小倉唯","http://zasshi.tv/products/detail/HBTNM160624_001-00-00-00-00-00","",""
"743405091407814656","≪ゆいかおり・小倉 唯：公式サイト更新≫
小倉 唯写真集「ゆいはたち」6月24日(金)発売！ 
https://t.co/q4qU1xcETt　#小倉唯","ja","Tweet","ゆいかおり(小倉 唯＆石原夏織)公式","YUIKAORI_STAFF","","0","369","0","409","0","2016-06-16 20:29:20","https://x.com/YUIKAORI_STAFF/status/743405091407814656","<a href=""http://twitter.com"" rel=""nofollow"">Twitter Web Client</a>","#小倉唯","http://www.yuikaori.info/info/1670/","",""
"742733241359048704","小倉唯　公式ブログを更新しました 『最近の〜☆』
⇒ https://t.co/f3TkvsJS3d","ja","Tweet","ゆいかおり(小倉 唯＆石原夏織)公式","YUIKAORI_STAFF","","0","198","0","285","0","2016-06-14 23:59:38","https://x.com/YUIKAORI_STAFF/status/742733241359048704","<a href=""https://ameblo.jp/"" rel=""nofollow"">Ameba_Blog</a>","","http://ameblo.jp/ogurayui-0815/entry-12170778250.html","",""
"742708440292696064","更に！TVアニメ「カードファイト!! ヴァンガードG ストライドゲート編」のEDテーマが7/10の放送からゆいかおり「Promise You!!」になりますよ♪♪ #yuikaori #cf_vanguard","ja","Tweet","ゆいかおり(小倉 唯＆石原夏織)公式","YUIKAORI_STAFF","","1","140","0","170","0","2016-06-14 22:21:05","https://x.com/YUIKAORI_STAFF/status/742708440292696064","<a href=""http://twitter.com/download/iphone"" rel=""nofollow"">Twitter for iPhone</a>","#yuikaori, #cf_vanguard","","",""
"742707466647937024","8/10発売ゆいかおり「Promise You!!」の期間限定盤のうち、初回プレス分のみに封入されるカードの絵柄はこちらです！「カードファイト!! ヴァンガードG」PRカード1枚「プチットリサイタル ナクル」#cf_vanguard https://t.co/uNJlu5E9MV","ja","Tweet","ゆいかおり(小倉 唯＆石原夏織)公式","YUIKAORI_STAFF","","0","132","2","212","0","2016-06-14 22:17:13","https://x.com/YUIKAORI_STAFF/status/742707466647937024","<a href=""http://twitter.com/download/iphone"" rel=""nofollow"">Twitter for iPhone</a>","#cf_vanguard","","photo","https://pbs.twimg.com/media/Ck6ggMsUYAEyPqo.jpg"
"742704249700765696","≪ゆいかおり：公式サイト更新≫
「Promise You!!」封入カードの絵柄公開！
https://t.co/ieiNnlZ8B5　#yuikaori　#cf_vanguard","ja","Tweet","ゆいかおり(小倉 唯＆石原夏織)公式","YUIKAORI_STAFF","","0","75","0","135","0","2016-06-14 22:04:26","https://x.com/YUIKAORI_STAFF/status/742704249700765696","<a href=""http://twitter.com"" rel=""nofollow"">Twitter Web Client</a>","#yuikaori, #cf_vanguard","http://www.yuikaori.info/info/1666/","",""
"742703983240871936","≪ゆいかおり：公式サイト更新≫
「Promise You!!」がTVアニメ「カードファイト!! ヴァンガードG ストライドゲート編」7月10日放送からのEDテーマに決定！！
https://t.co/I2njfdUn7p　#yuikaori　#cf_vanguard","ja","Tweet","ゆいかおり(小倉 唯＆石原夏織)公式","YUIKAORI_STAFF","","0","93","0","149","0","2016-06-14 22:03:23","https://x.com/YUIKAORI_STAFF/status/742703983240871936","<a href=""http://twitter.com"" rel=""nofollow"">Twitter Web Client</a>","#yuikaori, #cf_vanguard","http://www.yuikaori.info/info/1664/","",""
"742213730159579136","小倉唯　公式ブログを更新しました 『(OvO)☆』
⇒ https://t.co/oGw6IG3qyL","ja","Tweet","ゆいかおり(小倉 唯＆石原夏織)公式","YUIKAORI_STAFF","","3","241","0","356","0","2016-06-13 13:35:17","https://x.com/YUIKAORI_STAFF/status/742213730159579136","<a href=""https://ameblo.jp/"" rel=""nofollow"">Ameba_Blog</a>","","http://ameblo.jp/ogurayui-0815/entry-12170237653.html","",""
"742023469223677952","ゆいかおり「Promise You!!」宇宙初解禁しました！いかがでしたでしょうか？これから色々と最新情報お届けして行きますよ〜！今年も熱い夏にしましょうねっ！
#yuikaori #実ラジ #joqr https://t.co/vXITlsyMbR","ja","Tweet","ゆいかおり(小倉 唯＆石原夏織)公式","YUIKAORI_STAFF","","0","395","0","562","0","2016-06-13 00:59:15","https://x.com/YUIKAORI_STAFF/status/742023469223677952","<a href=""http://itunes.apple.com/us/app/twitter/id409789998?mt=12"" rel=""nofollow"">Twitter for Mac</a>","#yuikaori, #実ラジ, #joqr","","photo","https://pbs.twimg.com/media/CkwyaMxVEAAXd5x.jpg"
"742015257585930240","まもなく実ラジはじまりますよー！！ #yuikaori #joqr #実ラジ","ja","Tweet","ゆいかおり(小倉 唯＆石原夏織)公式","YUIKAORI_STAFF","","1","47","0","98","0","2016-06-13 00:26:38","https://x.com/YUIKAORI_STAFF/status/742015257585930240","<a href=""http://twitter.com/download/iphone"" rel=""nofollow"">Twitter for iPhone</a>","#yuikaori, #joqr, #実ラジ","","",""
"741985936511094785","小倉唯　公式ブログを更新しました 『「ハイタッチ☆メモリー」リリースイベント 〜大阪・名古屋〜☆』
⇒ https://t.co/2ZOL9lpjf7","ja","Tweet","ゆいかおり(小倉 唯＆石原夏織)公式","YUIKAORI_STAFF","","1","302","0","435","0","2016-06-12 22:30:07","https://x.com/YUIKAORI_STAFF/status/741985936511094785","<a href=""https://ameblo.jp/"" rel=""nofollow"">Ameba_Blog</a>","","http://ameblo.jp/ogurayui-0815/entry-12170062096.html","",""
"741971958972047360","遂に‼︎本日24:30からの実ラジにて、8/10発売ゆいかおりニューシングル「Promise You!!」(プロミスユー)を宇宙初解禁しちゃいますよ♪
お聴き逃しなくっ！！ #yuikaori #joqr #実ラジ","ja","Tweet","ゆいかおり(小倉 唯＆石原夏織)公式","YUIKAORI_STAFF","","1","248","0","300","0","2016-06-12 21:34:34","https://x.com/YUIKAORI_STAFF/status/741971958972047360","<a href=""http://twitter.com/download/iphone"" rel=""nofollow"">Twitter for iPhone</a>","#yuikaori, #joqr, #実ラジ","","",""
"741805312466771969","【チケット情報】
小倉 唯1stライブツアー「High-Touch☆Summer」7/9(土)・10(日)幕張メッセ公演の各プレイガイド先行受付中！まもなく受付終了！
https://t.co/wvaF7vl6YU
#小倉唯 https://t.co/KPFieOG0OZ","ja","Tweet","ゆいかおり(小倉 唯＆石原夏織)公式","YUIKAORI_STAFF","","0","79","0","126","0","2016-06-12 10:32:23","https://x.com/YUIKAORI_STAFF/status/741805312466771969","<a href=""http://twitter.com/download/iphone"" rel=""nofollow"">Twitter for iPhone</a>","#小倉唯","http://www.yuikaori.info/info/1650/","video","https://video.twimg.com/ext_tw_video/741805025907744768/pu/vid/1280x720/de-ZcLdqSaXJHnhb.mp4"
"741804672885751808","来週放送予定の「カードファイト!! ヴァンガードG ストライドゲート編」36話「歌姫の三重奏」に小倉 唯と石原夏織がそれぞれ、レミー・アルテナ役、リサ・フェリス役として出演しますよ♪♪ #cf_vanguard #yuikaori","ja","Tweet","ゆいかおり(小倉 唯＆石原夏織)公式","YUIKAORI_STAFF","","2","190","0","192","0","2016-06-12 10:29:50","https://x.com/YUIKAORI_STAFF/status/741804672885751808","<a href=""http://twitter.com/download/iphone"" rel=""nofollow"">Twitter for iPhone</a>","#cf_vanguard, #yuikaori","","",""
"741803827863552000","いっせーので君とだけ！
https://t.co/igXsJsnIbb
#小倉唯 #cf_vanguard","ja","Tweet","ゆいかおり(小倉 唯＆石原夏織)公式","YUIKAORI_STAFF","","0","86","0","162","0","2016-06-12 10:26:29","https://x.com/YUIKAORI_STAFF/status/741803827863552000","<a href=""http://twitter.com/download/iphone"" rel=""nofollow"">Twitter for iPhone</a>","#小倉唯, #cf_vanguard","https://www.youtube.com/watch?v=38lJ9cpYUV8","",""
"741788335048249345","この後10時からは、小倉 唯「ハイタッチ☆メモリー」がEDテーマの「カードファイト!! ヴァンガードG ストライドゲート編」がテレビ東京系列・BSジャパンにて放送されますよ〜！ #小倉唯 #cf_vanguard","ja","Tweet","ゆいかおり(小倉 唯＆石原夏織)公式","YUIKAORI_STAFF","","1","55","0","96","0","2016-06-12 09:24:55","https://x.com/YUIKAORI_STAFF/status/741788335048249345","<a href=""http://twitter.com/download/iphone"" rel=""nofollow"">Twitter for iPhone</a>","#小倉唯, #cf_vanguard","","",""
"741570024108744705","石原夏織　公式ブログを更新しました 『カードファイト!! ヴァンガードG』
⇒ https://t.co/GD89w2gj6V","ja","Tweet","ゆいかおり(小倉 唯＆石原夏織)公式","YUIKAORI_STAFF","","2","118","0","199","0","2016-06-11 18:57:26","https://x.com/YUIKAORI_STAFF/status/741570024108744705","<a href=""https://ameblo.jp/"" rel=""nofollow"">Ameba_Blog</a>","","http://ameblo.jp/ishiharakaori-0806/entry-12169653081.html","",""
"741491878940397568","【チケット情報】
小倉 唯1stライブツアー「High-Touch☆Summer」7/9(土)・10(日)幕張メッセ公演の各プレイガイド先行受付中！まもなく受付終了！
https://t.co/wvaF7vl6YU
#小倉唯 https://t.co/UwG0wY8kKq","ja","Tweet","ゆいかおり(小倉 唯＆石原夏織)公式","YUIKAORI_STAFF","","0","79","0","158","0","2016-06-11 13:46:54","https://x.com/YUIKAORI_STAFF/status/741491878940397568","<a href=""http://twitter.com/download/iphone"" rel=""nofollow"">Twitter for iPhone</a>","#小倉唯","http://www.yuikaori.info/info/1650/","video","https://video.twimg.com/ext_tw_video/741491829397278721/pu/vid/1280x720/3xGIKzsirOuIHqkO.mp4"
"741195135845699586","≪ゆいかおり・小倉 唯：公式サイト更新≫
小倉 唯 1st LIVE TOUR「High-Touch☆Summer」チケット一般発売情報！
https://t.co/SkL8DjgbMq　#小倉唯","ja","Tweet","ゆいかおり(小倉 唯＆石原夏織)公式","YUIKAORI_STAFF","","0","50","1","103","0","2016-06-10 18:07:45","https://x.com/YUIKAORI_STAFF/status/741195135845699586","<a href=""http://twitter.com"" rel=""nofollow"">Twitter Web Client</a>","#小倉唯","http://www.yuikaori.info/info/1661/","",""
"741182238268608513","【チケット情報】
小倉 唯1stライブツアー「High-Touch☆Summer」7/9(土)・10(日)幕張メッセ公演の各プレイガイド先行受付中！一般発売前の最後のチャンス！https://t.co/wvaF7vl6YU
#小倉唯 https://t.co/DZU4IQUQV5","ja","Tweet","ゆいかおり(小倉 唯＆石原夏織)公式","YUIKAORI_STAFF","","0","84","0","144","0","2016-06-10 17:16:30","https://x.com/YUIKAORI_STAFF/status/741182238268608513","<a href=""http://twitter.com/download/iphone"" rel=""nofollow"">Twitter for iPhone</a>","#小倉唯","http://www.yuikaori.info/info/1650/","video","https://video.twimg.com/ext_tw_video/741182178474610688/pu/vid/1280x720/cp4SABg1FOclSV7G.mp4"
"740906149310926848","【チケット情報】
小倉 唯1stライブツアー「High-Touch☆Summer」7/9(土)・10(日)幕張メッセ公演の各プレイガイド先行受付中！一般発売前の最後のチャンス！https://t.co/wvaF7vl6YU
#小倉唯 https://t.co/fM1bpJZ0LW","ja","Tweet","ゆいかおり(小倉 唯＆石原夏織)公式","YUIKAORI_STAFF","","0","122","0","236","0","2016-06-09 22:59:26","https://x.com/YUIKAORI_STAFF/status/740906149310926848","<a href=""http://twitter.com/download/iphone"" rel=""nofollow"">Twitter for iPhone</a>","#小倉唯","http://www.yuikaori.info/info/1650/","video","https://video.twimg.com/ext_tw_video/740906101902712832/pu/vid/1280x720/zXhXb3_tL0Twy4uM.mp4"
"740823969872400384","小倉 唯「ハイタッチ☆メモリー」(Dance ver.)が各種主要配信サイトにて配信中です！こちらも是非チェックして下さいね♪♪
◼︎iTunes Store https://t.co/YEgadcoAel ◼︎レコチョク https://t.co/N6aiQg2GG1 #小倉唯","ja","Tweet","ゆいかおり(小倉 唯＆石原夏織)公式","YUIKAORI_STAFF","","2","202","0","323","0","2016-06-09 17:32:52","https://x.com/YUIKAORI_STAFF/status/740823969872400384","<a href=""http://twitter.com"" rel=""nofollow"">Twitter Web Client</a>","#小倉唯","https://itunes.apple.com/jp/music-video/haitatchi-memori-dance-ver./id1121892001
https://recochoku.jp/song/product/1004376824/","",""
"740732842578055172","【チケット情報】
小倉 唯1stライブツアー「High-Touch☆Summer」7/9(土)・10(日)幕張メッセ公演のプレイガイド先行受付中！一般発売前の最後のチャンス！
https://t.co/wvaF7vl6YU
#小倉唯 https://t.co/RMXWCkS349","ja","Tweet","ゆいかおり(小倉 唯＆石原夏織)公式","YUIKAORI_STAFF","","1","145","0","271","0","2016-06-09 11:30:46","https://x.com/YUIKAORI_STAFF/status/740732842578055172","<a href=""http://twitter.com/download/iphone"" rel=""nofollow"">Twitter for iPhone</a>","#小倉唯","http://www.yuikaori.info/info/1650/","video","https://video.twimg.com/ext_tw_video/740732730405617664/pu/vid/1280x720/sTphrja7LgEB3k9s.mp4"
"740386040528015360","【チケット情報】
小倉 唯1stライブツアー「High-Touch☆Summer」7/9(土)・10(日)幕張メッセ公演の各プレイガイド先行が開始！一般発売前の最後のチャンス！https://t.co/wvaF7vl6YU
#小倉唯 https://t.co/x3WhVufwvP","ja","Tweet","ゆいかおり(小倉 唯＆石原夏織)公式","YUIKAORI_STAFF","","0","302","0","495","0","2016-06-08 12:32:42","https://x.com/YUIKAORI_STAFF/status/740386040528015360","<a href=""http://twitter.com/download/iphone"" rel=""nofollow"">Twitter for iPhone</a>","#小倉唯","http://www.yuikaori.info/info/1650/","video","https://video.twimg.com/ext_tw_video/740385932507893760/pu/vid/1280x720/oGtdNgikXSy54TDh.mp4"
"740362702338416640","≪ゆいかおり・小倉 唯：公式サイト更新≫
小倉 唯&amp;石原夏織、「カードファイト!! ヴァンガードG ストライドゲート編」出演決定！
https://t.co/SWKdjPyWBj　#yuikaori　#小倉唯　 #cf_vanguard","ja","Tweet","ゆいかおり(小倉 唯＆石原夏織)公式","YUIKAORI_STAFF","","0","130","0","164","0","2016-06-08 10:59:58","https://x.com/YUIKAORI_STAFF/status/740362702338416640","<a href=""http://twitter.com"" rel=""nofollow"">Twitter Web Client</a>","#yuikaori, #小倉唯, #cf_vanguard","http://www.yuikaori.info/info/1654/","",""
"740202249670926336","小倉唯　公式ブログを更新しました 『さくらんぼ〜☆』
⇒ https://t.co/UMzB5pAwBH","ja","Tweet","ゆいかおり(小倉 唯＆石原夏織)公式","YUIKAORI_STAFF","","0","253","0","374","0","2016-06-08 00:22:23","https://x.com/YUIKAORI_STAFF/status/740202249670926336","<a href=""https://ameblo.jp/"" rel=""nofollow"">Ameba_Blog</a>","","http://ameblo.jp/ogurayui-0815/entry-12168443100.html","",""
"740171027003506688","テレビ東京系列・BSジャパンにて放送中の「カードファイト!! ヴァンガードG ストライドゲート編」の36話「歌姫の三重奏」に小倉 唯と石原夏織がそれぞれ、レミー・アルテナ役、リサ・フェリス役として出演しますよ！！！6/19(日)放送予定です！！ #cf_vanguard","ja","Tweet","ゆいかおり(小倉 唯＆石原夏織)公式","YUIKAORI_STAFF","","0","264","0","304","0","2016-06-07 22:18:19","https://x.com/YUIKAORI_STAFF/status/740171027003506688","<a href=""http://twitter.com/download/iphone"" rel=""nofollow"">Twitter for iPhone</a>","#cf_vanguard","","",""
"739636009168572417","ゆいかおりの新曲「Promise You!!」(作詞：大森祥子／作曲：俊龍／編曲：中西亮輔)。お待たせしました、6/12（日）の実ラジにて宇宙初解禁します！安心してください。期待していてください。また新たな名曲が生まれてしまいました！#yuikaori #実ラジ","ja","Tweet","ゆいかおり(小倉 唯＆石原夏織)公式","YUIKAORI_STAFF","","1","526","0","567","0","2016-06-06 10:52:21","https://x.com/YUIKAORI_STAFF/status/739636009168572417","<a href=""http://twitter.com/download/iphone"" rel=""nofollow"">Twitter for iPhone</a>","#yuikaori, #実ラジ","","",""
"739486817762709504","小倉 唯「ハイタッチ☆メモリー」の看板間違い探しの答えですが、『1.外壁の色が変わっている 2.紫色の葉っぱが消えている 3.衣装が赤一色になっている 4.風船がスイカになっている』 でしたよ！！！ #小倉唯 https://t.co/ProdpNIgWy","ja","Tweet","ゆいかおり(小倉 唯＆石原夏織)公式","YUIKAORI_STAFF","","3","186","0","374","0","2016-06-06 00:59:31","https://x.com/YUIKAORI_STAFF/status/739486817762709504","<a href=""http://twitter.com/download/iphone"" rel=""nofollow"">Twitter for iPhone</a>","#小倉唯","","photo","https://pbs.twimg.com/media/CkMvVcWVAAAMh-A.jpg"
"739478596016689152","まもなく実ラジはじまりますよー！！ #yuikaori #joqr #実ラジ","ja","Tweet","ゆいかおり(小倉 唯＆石原夏織)公式","YUIKAORI_STAFF","","1","45","0","88","0","2016-06-06 00:26:50","https://x.com/YUIKAORI_STAFF/status/739478596016689152","<a href=""http://twitter.com/download/iphone"" rel=""nofollow"">Twitter for iPhone</a>","#yuikaori, #joqr, #実ラジ","","",""
"739473786517389316","小倉唯　公式ブログを更新しました 『「ハイタッチ☆メモリー」リリースイベント 〜仙台〜☆』
⇒ https://t.co/wEg0kZnHmx","ja","Tweet","ゆいかおり(小倉 唯＆石原夏織)公式","YUIKAORI_STAFF","","0","211","0","356","0","2016-06-06 00:07:44","https://x.com/YUIKAORI_STAFF/status/739473786517389316","<a href=""https://ameblo.jp/"" rel=""nofollow"">Ameba_Blog</a>","","http://ameblo.jp/ogurayui-0815/entry-12167769631.html","",""
"739465046258917376","この後24:30〜は文化放送にて「ゆいかおりの実♪」が放送になります！是非お聞き下さいね♪  #yuikaori #joqr #実ラジ","ja","Tweet","ゆいかおり(小倉 唯＆石原夏織)公式","YUIKAORI_STAFF","","3","58","0","102","0","2016-06-05 23:33:00","https://x.com/YUIKAORI_STAFF/status/739465046258917376","<a href=""http://twitter.com/download/iphone"" rel=""nofollow"">Twitter for iPhone</a>","#yuikaori, #joqr, #実ラジ","","",""
"739421028728737793","石原夏織　公式ブログを更新しました 『あぁ〜 嬉しいような切ないような 笑』
⇒ https://t.co/LDIZnk8A5T","ja","Tweet","ゆいかおり(小倉 唯＆石原夏織)公式","YUIKAORI_STAFF","","0","162","0","269","0","2016-06-05 20:38:05","https://x.com/YUIKAORI_STAFF/status/739421028728737793","<a href=""https://ameblo.jp/"" rel=""nofollow"">Ameba_Blog</a>","","http://ameblo.jp/ishiharakaori-0806/entry-12167687757.html","",""
"739267071679156224","いっせーので君とだけ！
https://t.co/igXsJsnIbb
#小倉唯 #cf_vanguard","ja","Tweet","ゆいかおり(小倉 唯＆石原夏織)公式","YUIKAORI_STAFF","","0","122","0","204","0","2016-06-05 10:26:19","https://x.com/YUIKAORI_STAFF/status/739267071679156224","<a href=""http://twitter.com/download/iphone"" rel=""nofollow"">Twitter for iPhone</a>","#小倉唯, #cf_vanguard","https://www.youtube.com/watch?v=38lJ9cpYUV8","",""
"739255875483770881","この後10時からは、小倉 唯「ハイタッチ☆メモリー」がEDテーマの「カードファイト!! ヴァンガードG ストライドゲート編」がテレビ東京系列・BSジャパンにて放送されますよーー！！ #小倉唯 #cf_vanguard","ja","Tweet","ゆいかおり(小倉 唯＆石原夏織)公式","YUIKAORI_STAFF","","0","50","0","107","0","2016-06-05 09:41:50","https://x.com/YUIKAORI_STAFF/status/739255875483770881","<a href=""http://twitter.com/download/iphone"" rel=""nofollow"">Twitter for iPhone</a>","#小倉唯, #cf_vanguard","","",""
"738750312744247296","小倉唯　公式ブログを更新しました 『久々の☆』
⇒ https://t.co/fmb6qce1ta","ja","Tweet","ゆいかおり(小倉 唯＆石原夏織)公式","YUIKAORI_STAFF","","0","175","0","259","0","2016-06-04 00:12:54","https://x.com/YUIKAORI_STAFF/status/738750312744247296","<a href=""https://ameblo.jp/"" rel=""nofollow"">Ameba_Blog</a>","","http://ameblo.jp/ogurayui-0815/entry-12167112711.html","",""
"738019771380207616","小倉唯　公式ブログを更新しました 『6月〜☆』
⇒ https://t.co/KRZo3ov9D7","ja","Tweet","ゆいかおり(小倉 唯＆石原夏織)公式","YUIKAORI_STAFF","","0","192","0","308","0","2016-06-01 23:49:59","https://x.com/YUIKAORI_STAFF/status/738019771380207616","<a href=""https://ameblo.jp/"" rel=""nofollow"">Ameba_Blog</a>","","http://ameblo.jp/ogurayui-0815/entry-12166451499.html","",""
"737955762547265536","≪ゆいかおり・小倉 唯：公式サイト更新≫
小倉 唯 1st LIVE TOUR「High-Touch☆Summer」一般プレイガイド チケット先行受付情報！
https://t.co/wvaF7vl6YU　#小倉唯","ja","Tweet","ゆいかおり(小倉 唯＆石原夏織)公式","YUIKAORI_STAFF","","0","83","0","133","0","2016-06-01 19:35:39","https://x.com/YUIKAORI_STAFF/status/737955762547265536","<a href=""http://twitter.com"" rel=""nofollow"">Twitter Web Client</a>","#小倉唯","http://www.yuikaori.info/info/1650/","",""
"737649769992978432","石原夏織　公式ブログを更新しました 『楽しい1日！』
⇒ https://t.co/fB7ABrEA3s","ja","Tweet","ゆいかおり(小倉 唯＆石原夏織)公式","YUIKAORI_STAFF","","0","157","0","289","0","2016-05-31 23:19:44","https://x.com/YUIKAORI_STAFF/status/737649769992978432","<a href=""https://ameblo.jp/"" rel=""nofollow"">Ameba_Blog</a>","","http://ameblo.jp/ishiharakaori-0806/entry-12166095845.html","",""
"737599527591370753","小倉 唯「ハイタッチ☆メモリー」看板の間違い探しですが、『タイトル「ハイタッチ☆メモリー???」/画鋲/斜めになっている』は答えに含みませんよ！この他に4つの間違いがあります！！答えは日曜日に公開しますよ〜♪ #小倉唯 https://t.co/Dev02RCqzl","ja","Tweet","ゆいかおり(小倉 唯＆石原夏織)公式","YUIKAORI_STAFF","","10","238","0","438","0","2016-05-31 20:00:05","https://x.com/YUIKAORI_STAFF/status/737599527591370753","<a href=""http://twitter.com/download/iphone"" rel=""nofollow"">Twitter for iPhone</a>","#小倉唯","","photo","https://pbs.twimg.com/media/Cjx63HsUgAAUede.jpg"
"736950239513305089","5/16～5/22にJR秋葉原駅に掲載されていた、小倉 唯「ハイタッチ☆メモリー」の看板ですが、実は間違い探しになっていました！画鋲で斜めに貼られている「ハイタッチ☆メモリー???」のジャケ写には4つの間違いがありますよ！！#小倉唯 https://t.co/zFGfgkeeot","ja","Tweet","ゆいかおり(小倉 唯＆石原夏織)公式","YUIKAORI_STAFF","","4","384","0","570","0","2016-05-30 01:00:03","https://x.com/YUIKAORI_STAFF/status/736950239513305089","<a href=""http://twitter.com/download/iphone"" rel=""nofollow"">Twitter for iPhone</a>","#小倉唯","","photo","https://pbs.twimg.com/media/CjosVORUYAMvlPK.jpg
https://pbs.twimg.com/media/CjosVORUUAUIzys.jpg"
"736941497006718978","まもなく実ラジはじまりますよっ♪♪ #yuikaori #joqr #実ラジ","ja","Tweet","ゆいかおり(小倉 唯＆石原夏織)公式","YUIKAORI_STAFF","","0","36","0","92","0","2016-05-30 00:25:19","https://x.com/YUIKAORI_STAFF/status/736941497006718978","<a href=""http://twitter.com/download/iphone"" rel=""nofollow"">Twitter for iPhone</a>","#yuikaori, #joqr, #実ラジ","","",""
"736931129102458881","この後24:30〜は「ゆいかおりの実♪」が放送になります！是非お聞き下さいね〜！！  #yuikaori #joqr #実ラジ","ja","Tweet","ゆいかおり(小倉 唯＆石原夏織)公式","YUIKAORI_STAFF","","2","43","0","90","0","2016-05-29 23:44:07","https://x.com/YUIKAORI_STAFF/status/736931129102458881","<a href=""http://twitter.com/download/iphone"" rel=""nofollow"">Twitter for iPhone</a>","#yuikaori, #joqr, #実ラジ","","",""
"736838915944910848","小倉唯　公式ブログを更新しました 『移動〜☆』
⇒ https://t.co/9EbkY7FhIv","ja","Tweet","ゆいかおり(小倉 唯＆石原夏織)公式","YUIKAORI_STAFF","","0","127","0","238","0","2016-05-29 17:37:42","https://x.com/YUIKAORI_STAFF/status/736838915944910848","<a href=""https://ameblo.jp/"" rel=""nofollow"">Ameba_Blog</a>","","http://ameblo.jp/ogurayui-0815/entry-12165300968.html","",""
"736716408000675840","この後10時からは、小倉 唯「ハイタッチ☆メモリー」がEDテーマの「カードファイト!! ヴァンガードG ストライドゲート編」がテレビ東京系列・BSジャパンにて放送されますよ！！ #小倉唯 #cf_vanguard","ja","Tweet","ゆいかおり(小倉 唯＆石原夏織)公式","YUIKAORI_STAFF","","0","51","0","143","0","2016-05-29 09:30:53","https://x.com/YUIKAORI_STAFF/status/736716408000675840","<a href=""http://twitter.com/download/iphone"" rel=""nofollow"">Twitter for iPhone</a>","#小倉唯, #cf_vanguard","","",""
"736171527163379712","石原夏織　公式ブログを更新しました 『最近は〜』
⇒ https://t.co/1H51VlsuVA","ja","Tweet","ゆいかおり(小倉 唯＆石原夏織)公式","YUIKAORI_STAFF","","0","164","0","256","0","2016-05-27 21:25:44","https://x.com/YUIKAORI_STAFF/status/736171527163379712","<a href=""https://ameblo.jp/"" rel=""nofollow"">Ameba_Blog</a>","","http://ameblo.jp/ishiharakaori-0806/entry-12164724014.html","",""
"736171376730509312","小倉唯　公式ブログを更新しました 『チーズケーキ☆』
⇒ https://t.co/C4qQfl5HfQ","ja","Tweet","ゆいかおり(小倉 唯＆石原夏織)公式","YUIKAORI_STAFF","","0","200","0","307","0","2016-05-27 21:25:08","https://x.com/YUIKAORI_STAFF/status/736171376730509312","<a href=""https://ameblo.jp/"" rel=""nofollow"">Ameba_Blog</a>","","http://ameblo.jp/ogurayui-0815/entry-12164726000.html","",""
"735820108342296576","小倉唯　公式ブログを更新しました 『冬が恋しい☆』
⇒ https://t.co/hVIlSQpRHq","ja","Tweet","ゆいかおり(小倉 唯＆石原夏織)公式","YUIKAORI_STAFF","","0","270","0","379","0","2016-05-26 22:09:19","https://x.com/YUIKAORI_STAFF/status/735820108342296576","<a href=""https://ameblo.jp/"" rel=""nofollow"">Ameba_Blog</a>","","http://ameblo.jp/ogurayui-0815/entry-12164417298.html","",""
"735745512444301313","≪ゆいかおり：公式サイト更新≫
ゆいかおりLIVE TOUR「RAINBOW CANARY!!」＆ ゆいかおりLIVE「RAINBOW CANARY!!」〜Brightest Stage〜 グッズお届け予定日決定のお知らせ
https://t.co/ZhBzBD0cm6","ja","Tweet","ゆいかおり(小倉 唯＆石原夏織)公式","YUIKAORI_STAFF","","0","73","0","138","0","2016-05-26 17:12:54","https://x.com/YUIKAORI_STAFF/status/735745512444301313","<a href=""http://twitter.com"" rel=""nofollow"">Twitter Web Client</a>","","http://www.yuikaori.info/info/1648/","",""
"735696839559651328","【本日18:00締切】
小倉 唯 1st LIVE TOUR「High-Touch☆Summer」チケット2次先行予約受付に当選された皆さん！ 
(1)決済選択期間(本日18:00まで)
(2)代金の支払い
お早めに手続きくださいー！https://t.co/lnkviS1zin","ja","Tweet","ゆいかおり(小倉 唯＆石原夏織)公式","YUIKAORI_STAFF","","1","31","0","77","0","2016-05-26 13:59:29","https://x.com/YUIKAORI_STAFF/status/735696839559651328","<a href=""http://twitter.com"" rel=""nofollow"">Twitter Web Client</a>","","https://www.ogurayui-entry.com","",""
"735323596017520641","【明日18:00締切】
小倉 唯 1st LIVE TOUR「High-Touch☆Summer」チケット2次先行予約受付に当選された皆さん！ 
(1)決済選択期間(明日5/26 18:00まで)
(2)代金の支払い
をお忘れなく♪ https://t.co/lnkviSjaGX","ja","Tweet","ゆいかおり(小倉 唯＆石原夏織)公式","YUIKAORI_STAFF","","0","36","0","97","0","2016-05-25 13:16:21","https://x.com/YUIKAORI_STAFF/status/735323596017520641","<a href=""http://twitter.com"" rel=""nofollow"">Twitter Web Client</a>","","https://www.ogurayui-entry.com","",""
"735125437387415552","小倉唯　公式ブログを更新しました 『(^o^)/～☆』
⇒ https://t.co/nZDBIeQrau","ja","Tweet","ゆいかおり(小倉 唯＆石原夏織)公式","YUIKAORI_STAFF","","0","185","0","329","0","2016-05-25 00:08:56","https://x.com/YUIKAORI_STAFF/status/735125437387415552","<a href=""https://ameblo.jp/"" rel=""nofollow"">Ameba_Blog</a>","","http://ameblo.jp/ogurayui-0815/entry-12163798309.html","",""
"734957071410438145","≪ゆいかおり・小倉唯：公式サイト更新≫
「ハイタッチ☆メモリー」配信＆限定ポストカードプレゼント！
https://t.co/QbotgiBeJ0　#小倉唯","ja","Tweet","ゆいかおり(小倉 唯＆石原夏織)公式","YUIKAORI_STAFF","","0","76","0","137","0","2016-05-24 12:59:55","https://x.com/YUIKAORI_STAFF/status/734957071410438145","<a href=""http://twitter.com"" rel=""nofollow"">Twitter Web Client</a>","#小倉唯","http://www.yuikaori.info/info/1644/","",""
"734763135152889860","小倉唯　公式ブログを更新しました 『グアム〜☆』
⇒ https://t.co/rX5DDk4cG2","ja","Tweet","ゆいかおり(小倉 唯＆石原夏織)公式","YUIKAORI_STAFF","","0","247","0","396","0","2016-05-24 00:09:17","https://x.com/YUIKAORI_STAFF/status/734763135152889860","<a href=""https://ameblo.jp/"" rel=""nofollow"">Ameba_Blog</a>","","http://ameblo.jp/ogurayui-0815/entry-12163467019.html","",""
"734414401000734720","≪ゆいかおり・小倉唯：公式サイト更新≫
ゆいかおりニューシングル「Promise You!!」発売決定！ https://t.co/eE8K4iP2Zu　#yuikaori","ja","Tweet","ゆいかおり(小倉 唯＆石原夏織)公式","YUIKAORI_STAFF","","0","318","0","330","0","2016-05-23 01:03:32","https://x.com/YUIKAORI_STAFF/status/734414401000734720","<a href=""http://twitter.com"" rel=""nofollow"">Twitter Web Client</a>","#yuikaori","http://www.yuikaori.info/info/1642/","",""
"734412029738389504","ゆいかおり12枚目のニューシングル「Promise You!!」(プロミスユー)が8/10に発売される事が決定しました！！！！作曲は俊龍さん♪♪作詞は大森祥子さんです♪♪実ラジでの宇宙初解禁も予定していますのでお楽しみにっ！！！
#yuikaori #joqr #実ラジ","ja","Tweet","ゆいかおり(小倉 唯＆石原夏織)公式","YUIKAORI_STAFF","","1","685","0","602","0","2016-05-23 00:54:07","https://x.com/YUIKAORI_STAFF/status/734412029738389504","<a href=""http://twitter.com/download/iphone"" rel=""nofollow"">Twitter for iPhone</a>","#yuikaori, #joqr, #実ラジ","","",""
"734405360904069120","まもなく実ラジはじまりますよー！！ #yuikaori #joqr #実ラジ","ja","Tweet","ゆいかおり(小倉 唯＆石原夏織)公式","YUIKAORI_STAFF","","1","43","0","95","0","2016-05-23 00:27:37","https://x.com/YUIKAORI_STAFF/status/734405360904069120","<a href=""http://twitter.com/download/iphone"" rel=""nofollow"">Twitter for iPhone</a>","#yuikaori, #joqr, #実ラジ","","",""
"734390176915427328","この後24:30〜は「ゆいかおりの実♪」が放送になります♪♪是非お聞き下さいね〜！！  #yuikaori #joqr #実ラジ","ja","Tweet","ゆいかおり(小倉 唯＆石原夏織)公式","YUIKAORI_STAFF","","1","54","0","122","0","2016-05-22 23:27:17","https://x.com/YUIKAORI_STAFF/status/734390176915427328","<a href=""http://twitter.com/download/iphone"" rel=""nofollow"">Twitter for iPhone</a>","#yuikaori, #joqr, #実ラジ","","",""
"734193595213709312","いっせーので君とだけ！
https://t.co/igXsJsnIbb
#小倉唯 #cf_vanguard","ja","Tweet","ゆいかおり(小倉 唯＆石原夏織)公式","YUIKAORI_STAFF","","0","135","0","227","0","2016-05-22 10:26:08","https://x.com/YUIKAORI_STAFF/status/734193595213709312","<a href=""http://twitter.com/download/iphone"" rel=""nofollow"">Twitter for iPhone</a>","#小倉唯, #cf_vanguard","https://www.youtube.com/watch?v=38lJ9cpYUV8","",""
"734181603602104320","この後10時から、小倉 唯「ハイタッチ☆メモリー」がEDテーマの「カードファイト!! ヴァンガードG ストライドゲート編」がテレビ東京系列・BSジャパンにて放送されますよ！！ #小倉唯 #cf_vanguard","ja","Tweet","ゆいかおり(小倉 唯＆石原夏織)公式","YUIKAORI_STAFF","","0","40","0","118","0","2016-05-22 09:38:29","https://x.com/YUIKAORI_STAFF/status/734181603602104320","<a href=""http://twitter.com/download/iphone"" rel=""nofollow"">Twitter for iPhone</a>","#小倉唯, #cf_vanguard","","",""
"734036948294082560","小倉唯　公式ブログを更新しました 『ダンスシーン&amp;イベント☆』
⇒ https://t.co/2UJpWvd4yH","ja","Tweet","ゆいかおり(小倉 唯＆石原夏織)公式","YUIKAORI_STAFF","","1","255","0","406","0","2016-05-22 00:03:40","https://x.com/YUIKAORI_STAFF/status/734036948294082560","<a href=""https://ameblo.jp/"" rel=""nofollow"">Ameba_Blog</a>","","http://ameblo.jp/ogurayui-0815/entry-12162768028.html","",""
"733644562904842240","≪ゆいかおり・小倉唯：公式サイト更新≫
小倉 唯 コメント出演情報！
https://t.co/RyPFiWGFwB　#小倉唯","ja","Tweet","ゆいかおり(小倉 唯＆石原夏織)公式","YUIKAORI_STAFF","","0","60","0","140","0","2016-05-20 22:04:28","https://x.com/YUIKAORI_STAFF/status/733644562904842240","<a href=""http://twitter.com"" rel=""nofollow"">Twitter Web Client</a>","#小倉唯","http://www.yuikaori.info/info/1634/","",""
"733617233226665985","小倉 唯ニューシングル「ハイタッチ☆メモリー」発売記念イベントの応募締切は、【週明け 5月23日（月）消印有効】です！
イベント参加を検討されている皆さん、こちらのURLから内容を確認の上、お早めに応募くださいね♪
URL：https://t.co/rEXooIJx6P　#小倉唯","ja","Tweet","ゆいかおり(小倉 唯＆石原夏織)公式","YUIKAORI_STAFF","","0","92","0","164","0","2016-05-20 20:15:53","https://x.com/YUIKAORI_STAFF/status/733617233226665985","<a href=""http://twitter.com"" rel=""nofollow"">Twitter Web Client</a>","#小倉唯","http://www.yuikaori.info/info/1516/","",""
"733335296226394112","ヨルナイト×ヨルナイトご覧頂いたみなさま、鷲崎さんありがとうございました！！！！小倉 唯ニューシングル「ハイタッチ☆メモリー」は発売中ですよ♪♪  
 #ヨルナイト #agqr #小倉唯 https://t.co/4Wo3T49KXD","ja","Tweet","ゆいかおり(小倉 唯＆石原夏織)公式","YUIKAORI_STAFF","","0","271","1","638","1","2016-05-20 01:35:33","https://x.com/YUIKAORI_STAFF/status/733335296226394112","<a href=""http://twitter.com/download/iphone"" rel=""nofollow"">Twitter for iPhone</a>","#ヨルナイト, #agqr, #小倉唯","","photo","https://pbs.twimg.com/media/Ci1UcnkU4AA0-Av.jpg"
"733309537659166720","小倉唯　公式ブログを更新しました 『MVと生放送☆』
⇒ https://t.co/SHUdqAfmRe","ja","Tweet","ゆいかおり(小倉 唯＆石原夏織)公式","YUIKAORI_STAFF","","1","186","0","264","0","2016-05-19 23:53:12","https://x.com/YUIKAORI_STAFF/status/733309537659166720","<a href=""https://ameblo.jp/"" rel=""nofollow"">Ameba_Blog</a>","","http://ameblo.jp/ogurayui-0815/entry-12162088130.html","",""
"733308751281672192","まもなく24時から放送の文化放送 超!A&amp;G＋「鷲崎健のヨルナイト×ヨルナイト」、小倉 唯出演待機中ですよ♪ https://t.co/0KfVnnNPN5 
#小倉唯","ja","Tweet","ゆいかおり(小倉 唯＆石原夏織)公式","YUIKAORI_STAFF","","0","136","0","144","0","2016-05-19 23:50:05","https://x.com/YUIKAORI_STAFF/status/733308751281672192","<a href=""http://twitter.com/download/iphone"" rel=""nofollow"">Twitter for iPhone</a>","#小倉唯","http://joqr.co.jp/yonayona/","",""
"733228559079112707","そして！本日24時からは小倉 唯が文化放送 超!A&amp;G＋「鷲崎健のヨルナイト×ヨルナイト」にゲスト出演しますよ！！是非お聞き下さいね♪♪　https://t.co/37QusVm3nQ 
#小倉唯","ja","Tweet","ゆいかおり(小倉 唯＆石原夏織)公式","YUIKAORI_STAFF","","0","206","0","215","0","2016-05-19 18:31:25","https://x.com/YUIKAORI_STAFF/status/733228559079112707","<a href=""http://twitter.com"" rel=""nofollow"">Twitter Web Client</a>","#小倉唯","http://www.joqr.co.jp/yonayona/","",""
"733228240156794881","JR秋葉原駅 山手線・京浜東北線ホーム行きエスカレーターに掲載されている小倉 唯「ハイタッチ☆メモリー」の看板はもうご覧になりましたか!?　今週日曜日まで掲載予定ですのでお近くに来た際は是非ご覧下さいね！！#小倉唯","ja","Tweet","ゆいかおり(小倉 唯＆石原夏織)公式","YUIKAORI_STAFF","","2","161","0","231","0","2016-05-19 18:30:09","https://x.com/YUIKAORI_STAFF/status/733228240156794881","<a href=""http://twitter.com"" rel=""nofollow"">Twitter Web Client</a>","#小倉唯","","",""
"732955025182363648","小倉唯　公式ブログを更新しました 『ハイタッチ☆メモリー発売☆』
⇒ https://t.co/hzjP0HI4Q8","ja","Tweet","ゆいかおり(小倉 唯＆石原夏織)公式","YUIKAORI_STAFF","","0","231","0","356","1","2016-05-19 00:24:30","https://x.com/YUIKAORI_STAFF/status/732955025182363648","<a href=""https://ameblo.jp/"" rel=""nofollow"">Ameba_Blog</a>","","http://ameblo.jp/ogurayui-0815/entry-12161753272.html","",""
"732895573251002368","≪ゆいかおり・小倉唯：公式サイト更新≫
ナタリーにて小倉 唯6thシングル「ハイタッチ☆メモリー」のインタビュー特集記事掲載！
https://t.co/qFpKEUOssg　#小倉唯","ja","Tweet","ゆいかおり(小倉 唯＆石原夏織)公式","YUIKAORI_STAFF","","0","104","0","191","0","2016-05-18 20:28:15","https://x.com/YUIKAORI_STAFF/status/732895573251002368","<a href=""http://twitter.com"" rel=""nofollow"">Twitter Web Client</a>","#小倉唯","http://www.yuikaori.info/info/1631/","",""
"732747463900024832","更に、期間限定盤には「ハイタッチ☆メモリー」のMUSIC VIDEOと、その撮影の模様を追ったメイキング映像が収録されていますよ♪♪是非チェックして下さいね！！！
https://t.co/hfbNpmgksF #小倉唯","ja","Tweet","ゆいかおり(小倉 唯＆石原夏織)公式","YUIKAORI_STAFF","","0","115","0","206","0","2016-05-18 10:39:43","https://x.com/YUIKAORI_STAFF/status/732747463900024832","<a href=""http://twitter.com/download/iphone"" rel=""nofollow"">Twitter for iPhone</a>","#小倉唯","https://www.youtube.com/watch?v=vuzGplI7Lkk","",""
"732747145149747200","そして、表題曲「ハイタッチ☆メモリー」は放送中のTVアニメ「カードファイト!! ヴァンガードG ストライドゲート編」のEDテーマとなっています！グアムで撮影されたMVも必見ですよ♪♪ https://t.co/igXsJsnIbb
#小倉唯","ja","Tweet","ゆいかおり(小倉 唯＆石原夏織)公式","YUIKAORI_STAFF","","0","135","0","212","0","2016-05-18 10:38:27","https://x.com/YUIKAORI_STAFF/status/732747145149747200","<a href=""http://twitter.com/download/iphone"" rel=""nofollow"">Twitter for iPhone</a>","#小倉唯","https://www.youtube.com/watch?v=38lJ9cpYUV8","",""
"732746987066425344","カップリング曲「TO BE ALIVE」はPS Vita/PS4用ソフト「サモンナイト６ 失われた境界たち」の主題歌！！こちらの試聴動画も公開中ですよ♪ 
https://t.co/x17Lw9e1fG
 #小倉唯","ja","Tweet","ゆいかおり(小倉 唯＆石原夏織)公式","YUIKAORI_STAFF","","0","107","0","188","0","2016-05-18 10:37:50","https://x.com/YUIKAORI_STAFF/status/732746987066425344","<a href=""http://twitter.com/download/iphone"" rel=""nofollow"">Twitter for iPhone</a>","#小倉唯","https://www.youtube.com/watch?v=Y6sa2chipgs","",""
"732746887648808960","本日は小倉 唯ニューシングル「ハイタッチ☆メモリー」の発売日ですよ！！！ #小倉唯 https://t.co/RWxZjf0UyZ","ja","Tweet","ゆいかおり(小倉 唯＆石原夏織)公式","YUIKAORI_STAFF","","5","705","1","831","1","2016-05-18 10:37:26","https://x.com/YUIKAORI_STAFF/status/732746887648808960","<a href=""http://twitter.com/download/iphone"" rel=""nofollow"">Twitter for iPhone</a>","#小倉唯","","photo","https://pbs.twimg.com/media/Cis9aAuU4AE0I8J.jpg
https://pbs.twimg.com/media/Cis9aAxUoAAC5s5.jpg"
"732607252171886593","小倉唯　公式ブログを更新しました 『今日から☆』
⇒ https://t.co/VTy612kbDU","ja","Tweet","ゆいかおり(小倉 唯＆石原夏織)公式","YUIKAORI_STAFF","","1","220","0","333","0","2016-05-18 01:22:34","https://x.com/YUIKAORI_STAFF/status/732607252171886593","<a href=""https://ameblo.jp/"" rel=""nofollow"">Ameba_Blog</a>","","http://ameblo.jp/ogurayui-0815/entry-12161432191.html","",""
"732404242430885888","小倉唯ニューシングル「ハイタッチ☆メモリー」いよいよ明日5/18（水）に発売です！今日もフライングゲットできるかも！？
#小倉唯 #ogurayui https://t.co/xgpBaXU934","ja","Tweet","ゆいかおり(小倉 唯＆石原夏織)公式","YUIKAORI_STAFF","","0","1003","3","1263","0","2016-05-17 11:55:53","https://x.com/YUIKAORI_STAFF/status/732404242430885888","<a href=""http://twitter.com/download/iphone"" rel=""nofollow"">Twitter for iPhone</a>","#小倉唯, #ogurayui","","video","https://video.twimg.com/ext_tw_video/732404198952689667/pu/vid/1280x720/D5WnP4oJHOOF1anK.mp4"
"732378928728301568","小倉唯　公式ブログを更新しました 『重大発表…？☆』
⇒ https://t.co/aiSLUwH7rS","ja","Tweet","ゆいかおり(小倉 唯＆石原夏織)公式","YUIKAORI_STAFF","","0","358","0","451","0","2016-05-17 10:15:18","https://x.com/YUIKAORI_STAFF/status/732378928728301568","<a href=""https://ameblo.jp/"" rel=""nofollow"">Ameba_Blog</a>","","http://ameblo.jp/ogurayui-0815/entry-12161175185.html","",""
"732197384776646656","≪ゆいかおり・小倉唯：公式サイト更新≫
B.L.T.VOICE GIRLSを発行する東京ニュース通信社より、小倉唯写真集の発売が決定！！
https://t.co/uD43CzTvlI　#小倉唯","ja","Tweet","ゆいかおり(小倉 唯＆石原夏織)公式","YUIKAORI_STAFF","","0","322","0","314","0","2016-05-16 22:13:54","https://x.com/YUIKAORI_STAFF/status/732197384776646656","<a href=""http://twitter.com"" rel=""nofollow"">Twitter Web Client</a>","#小倉唯","http://www.yuikaori.info/info/1626/","",""
"732134454831894529","いよいよ明後日発売！！小倉 唯ニューシングル「ハイタッチ☆メモリー」のカップリング曲「TO BE ALIVE」の試聴動画を公開しましたよ！！https://t.co/x17Lw9e1fG
  #小倉唯","ja","Tweet","ゆいかおり(小倉 唯＆石原夏織)公式","YUIKAORI_STAFF","","0","165","0","250","0","2016-05-16 18:03:51","https://x.com/YUIKAORI_STAFF/status/732134454831894529","<a href=""http://twitter.com/download/iphone"" rel=""nofollow"">Twitter for iPhone</a>","#小倉唯","https://www.youtube.com/watch?v=Y6sa2chipgs","",""
"732134252079255552","≪ゆいかおり・小倉唯：公式サイト更新≫
小倉 唯、ニューシングルのカップリング曲試聴動画公開！
https://t.co/L2IA8813F2　#小倉唯","ja","Tweet","ゆいかおり(小倉 唯＆石原夏織)公式","YUIKAORI_STAFF","","0","110","0","183","0","2016-05-16 18:03:02","https://x.com/YUIKAORI_STAFF/status/732134252079255552","<a href=""http://twitter.com"" rel=""nofollow"">Twitter Web Client</a>","#小倉唯","http://www.yuikaori.info/info/1623/","",""
"732089059397378048","小倉 唯 1st LIVE TOUR「High-Touch☆Summer」チケット2次先行予約受付の当落結果を発表しました！
お申し込みされた皆さん、申し込みページへログイン(https://t.co/lnkviS1zin )して結果を確認くださいね～♪　#小倉唯","ja","Tweet","ゆいかおり(小倉 唯＆石原夏織)公式","YUIKAORI_STAFF","","2","84","0","120","0","2016-05-16 15:03:27","https://x.com/YUIKAORI_STAFF/status/732089059397378048","<a href=""http://twitter.com"" rel=""nofollow"">Twitter Web Client</a>","#小倉唯","https://www.ogurayui-entry.com","",""
"731868396371906561","まもなく実ラジはじまりますよ〜♪！#yuikaori #joqr #実ラジ","ja","Tweet","ゆいかおり(小倉 唯＆石原夏織)公式","YUIKAORI_STAFF","","2","45","0","83","0","2016-05-16 00:26:37","https://x.com/YUIKAORI_STAFF/status/731868396371906561","<a href=""http://twitter.com/download/iphone"" rel=""nofollow"">Twitter for iPhone</a>","#yuikaori, #joqr, #実ラジ","","",""
"731853209451397120","この後24:30〜文化放送にて「ゆいかおりの実♪」が放送になりますよ〜！是非お聞き下さいねっ！ #yuikaori #joqr #実ラジ","ja","Tweet","ゆいかおり(小倉 唯＆石原夏織)公式","YUIKAORI_STAFF","","0","53","0","100","0","2016-05-15 23:26:16","https://x.com/YUIKAORI_STAFF/status/731853209451397120","<a href=""http://twitter.com/download/iphone"" rel=""nofollow"">Twitter for iPhone</a>","#yuikaori, #joqr, #実ラジ","","",""
"731816155761926144","『声優アーツ』お聞き頂きありがとうございました！！小倉 唯「ハイタッチ☆メモリー」は来週5月18日発売ですよ♪♪ #nhkらじらー #小倉唯 https://t.co/R7Nka2L3aE","ja","Tweet","ゆいかおり(小倉 唯＆石原夏織)公式","YUIKAORI_STAFF","","3","323","0","580","1","2016-05-15 20:59:02","https://x.com/YUIKAORI_STAFF/status/731816155761926144","<a href=""http://twitter.com/download/iphone"" rel=""nofollow"">Twitter for iPhone</a>","#nhkらじらー, #小倉唯","","photo","https://pbs.twimg.com/media/Cifu5o5VAAAASPc.jpg"
"731802240197873664","まもなくNHKラジオ第1「らじらー！サンデー」の『声優アーツ』に小倉 唯が出演しますよ！！！
https://t.co/u4RzLUyZce #nhkらじらー #小倉唯","ja","Tweet","ゆいかおり(小倉 唯＆石原夏織)公式","YUIKAORI_STAFF","","0","85","0","101","0","2016-05-15 20:03:44","https://x.com/YUIKAORI_STAFF/status/731802240197873664","<a href=""http://twitter.com/download/iphone"" rel=""nofollow"">Twitter for iPhone</a>","#nhkらじらー, #小倉唯","http://www.nhk.or.jp/radirer/","",""
"731788533992579072","石原夏織　公式ブログを更新しました 『撮影〜❤︎』
⇒ https://t.co/2pqFu2q8ia","ja","Tweet","ゆいかおり(小倉 唯＆石原夏織)公式","YUIKAORI_STAFF","","0","145","0","254","0","2016-05-15 19:09:17","https://x.com/YUIKAORI_STAFF/status/731788533992579072","<a href=""https://ameblo.jp/"" rel=""nofollow"">Ameba_Blog</a>","","http://ameblo.jp/ishiharakaori-0806/entry-12160640540.html","",""
"731761064300318720","本日20:05からのNHKラジオ第1「らじらー！サンデー」内『声優アーツ』に小倉 唯がゲスト出演致します！！是非お聞き下さいね！！！
https://t.co/u4RzLUyZce #nhkらじらー #小倉唯","ja","Tweet","ゆいかおり(小倉 唯＆石原夏織)公式","YUIKAORI_STAFF","","0","114","0","130","0","2016-05-15 17:20:07","https://x.com/YUIKAORI_STAFF/status/731761064300318720","<a href=""http://twitter.com/download/iphone"" rel=""nofollow"">Twitter for iPhone</a>","#nhkらじらー, #小倉唯","http://www.nhk.or.jp/radirer/","",""
"731645368807497728","この後10時から小倉 唯「ハイタッチ☆メモリー」がEDテーマの「カードファイト!! ヴァンガードG ストライドゲート編」がテレビ東京系列・BSジャパンにて放送になります！！   #小倉唯  #yuikaori #cf_vanguard","ja","Tweet","ゆいかおり(小倉 唯＆石原夏織)公式","YUIKAORI_STAFF","","0","59","0","122","0","2016-05-15 09:40:23","https://x.com/YUIKAORI_STAFF/status/731645368807497728","<a href=""http://twitter.com/download/iphone"" rel=""nofollow"">Twitter for iPhone</a>","#小倉唯, #yuikaori, #cf_vanguard","","",""
"731473636196913152","小倉唯　公式ブログを更新しました 『リスアニ！TV&amp;お知らせ☆』
⇒ https://t.co/xqDslE5aWt","ja","Tweet","ゆいかおり(小倉 唯＆石原夏織)公式","YUIKAORI_STAFF","","0","253","0","398","0","2016-05-14 22:17:59","https://x.com/YUIKAORI_STAFF/status/731473636196913152","<a href=""https://ameblo.jp/"" rel=""nofollow"">Ameba_Blog</a>","","http://ameblo.jp/ogurayui-0815/entry-12160373693.html","",""
"731456959090561024","この後23時からTOKYO MX「リスアニ！TV 5th Season」にて、小倉 唯の特集が放送されます！！念願だったカワウソとのハイタッチはできたのでしょうか。。 https://t.co/qrfFNcRZY5
#LisAni #小倉唯","ja","Tweet","ゆいかおり(小倉 唯＆石原夏織)公式","YUIKAORI_STAFF","","0","199","0","273","0","2016-05-14 21:11:43","https://x.com/YUIKAORI_STAFF/status/731456959090561024","<a href=""http://twitter.com/download/iphone"" rel=""nofollow"">Twitter for iPhone</a>","#LisAni, #小倉唯","http://www.lisani.jp/tv","",""
"731046747753959424","≪ゆいかおり・小倉唯：公式サイト更新≫
小倉 唯「ハイタッチ☆メモリー」プロモーション情報
https://t.co/14IyLn1pFn　#小倉唯","ja","Tweet","ゆいかおり(小倉 唯＆石原夏織)公式","YUIKAORI_STAFF","","0","86","0","163","0","2016-05-13 18:01:41","https://x.com/YUIKAORI_STAFF/status/731046747753959424","<a href=""http://twitter.com"" rel=""nofollow"">Twitter Web Client</a>","#小倉唯","http://www.yuikaori.info/info/1621/","",""
"730789968386260992","≪ゆいかおり・小倉唯：公式サイト更新≫
小倉 唯、文化放送 超！A&amp;G+「鷲崎健のヨルナイト×ヨルナイト」にゲスト出演決定！
https://t.co/6RsI8seSTQ　#小倉唯","ja","Tweet","ゆいかおり(小倉 唯＆石原夏織)公式","YUIKAORI_STAFF","","0","145","0","209","0","2016-05-13 01:01:20","https://x.com/YUIKAORI_STAFF/status/730789968386260992","<a href=""http://twitter.com"" rel=""nofollow"">Twitter Web Client</a>","#小倉唯","http://www.yuikaori.info/info/1619/","",""
"730767041737547778","小倉唯　公式ブログを更新しました 『簡単？☆』
⇒ https://t.co/GebdtvtfEm","ja","Tweet","ゆいかおり(小倉 唯＆石原夏織)公式","YUIKAORI_STAFF","","0","168","0","259","0","2016-05-12 23:30:14","https://x.com/YUIKAORI_STAFF/status/730767041737547778","<a href=""https://ameblo.jp/"" rel=""nofollow"">Ameba_Blog</a>","","http://ameblo.jp/ogurayui-0815/entry-12159739206.html","",""
"730697933771837440","≪ゆいかおり・小倉唯：公式サイト更新≫
ゆいかおり、特別番組の放送が決定！
https://t.co/ShxZrgkcj3　 #yuikaori","ja","Tweet","ゆいかおり(小倉 唯＆石原夏織)公式","YUIKAORI_STAFF","","0","179","0","263","0","2016-05-12 18:55:37","https://x.com/YUIKAORI_STAFF/status/730697933771837440","<a href=""http://twitter.com"" rel=""nofollow"">Twitter Web Client</a>","#yuikaori","http://www.yuikaori.info/info/1617/","",""
"730402151810273280","アメブロを更新しました。 『(^o^)/☆』
⇒ https://t.co/4oNUxateiV","ja","Tweet","ゆいかおり(小倉 唯＆石原夏織)公式","YUIKAORI_STAFF","","0","175","0","264","0","2016-05-11 23:20:17","https://x.com/YUIKAORI_STAFF/status/730402151810273280","<a href=""https://ameblo.jp/"" rel=""nofollow"">Ameba_Blog</a>","","http://ameblo.jp/ogurayui-0815/entry-12159392808.html","",""
"729853753197617153","≪ゆいかおり・小倉唯：公式サイト更新≫
小倉 唯 掲載情報♪
https://t.co/CQNmVk70cY　#小倉唯","ja","Tweet","ゆいかおり(小倉 唯＆石原夏織)公式","YUIKAORI_STAFF","","0","57","0","114","0","2016-05-10 11:01:09","https://x.com/YUIKAORI_STAFF/status/729853753197617153","<a href=""http://twitter.com"" rel=""nofollow"">Twitter Web Client</a>","#小倉唯","http://www.yuikaori.info/info/1615/","",""
"729678009502814208","アメブロを更新しました。 『母の日☆』
⇒ https://t.co/bVBmXRmfxc","ja","Tweet","ゆいかおり(小倉 唯＆石原夏織)公式","YUIKAORI_STAFF","","0","165","0","256","0","2016-05-09 23:22:48","https://x.com/YUIKAORI_STAFF/status/729678009502814208","<a href=""https://ameblo.jp/"" rel=""nofollow"">Ameba_Blog</a>","","http://ameblo.jp/ogurayui-0815/entry-12158759145.html","",""
"729598596681629696","先ほど18:00にて、小倉 唯 1st LIVE TOUR「High-Touch☆Summer」チケット2次先行予約受付を締切ました！たくさんのお申込みありがとうございます♪当落結果発表は、5/16(月)15:00予定です！https://t.co/lnkviS1zin　#小倉唯","ja","Tweet","ゆいかおり(小倉 唯＆石原夏織)公式","YUIKAORI_STAFF","","0","54","0","96","0","2016-05-09 18:07:15","https://x.com/YUIKAORI_STAFF/status/729598596681629696","<a href=""http://twitter.com"" rel=""nofollow"">Twitter Web Client</a>","#小倉唯","https://www.ogurayui-entry.com","",""
"729583180710207489","【あと1時間！】
小倉 唯 1st LIVE TOUR「High-Touch☆Summer」チケット2次先行予約受付は、【この後 5/9(月)18:00締切】です！
お申し込みまだ間に合います！手続きはURLから☆
URL：https://t.co/lnkviS1zin　#小倉唯","ja","Tweet","ゆいかおり(小倉 唯＆石原夏織)公式","YUIKAORI_STAFF","","0","46","0","79","0","2016-05-09 17:05:59","https://x.com/YUIKAORI_STAFF/status/729583180710207489","<a href=""http://twitter.com"" rel=""nofollow"">Twitter Web Client</a>","#小倉唯","https://www.ogurayui-entry.com","",""
"729507751135612929","【あと6時間！】
小倉 唯 1st LIVE TOUR「High-Touch☆Summer」チケット2次先行予約受付は、【本日  5/9(月)18:00締切】ですよー！！
ご検討中の方も、お申し込み間に合いますっ！
URL：https://t.co/lnkviS1zin　#小倉唯","ja","Tweet","ゆいかおり(小倉 唯＆石原夏織)公式","YUIKAORI_STAFF","","0","58","0","100","0","2016-05-09 12:06:16","https://x.com/YUIKAORI_STAFF/status/729507751135612929","<a href=""http://twitter.com"" rel=""nofollow"">Twitter Web Client</a>","#小倉唯","https://www.ogurayui-entry.com","",""
"729319039764336643","≪ゆいかおり・小倉唯：公式サイト更新≫
小倉 唯、NHKラジオ第1「らじらー！サンデー」内『声優アーツ』ゲスト出演決定！
https://t.co/Ca8AAxYTZf　#小倉唯","ja","Tweet","ゆいかおり(小倉 唯＆石原夏織)公式","YUIKAORI_STAFF","","0","126","0","192","0","2016-05-08 23:36:23","https://x.com/YUIKAORI_STAFF/status/729319039764336643","<a href=""http://twitter.com"" rel=""nofollow"">Twitter Web Client</a>","#小倉唯","http://www.yuikaori.info/info/1613/","",""
"729315667267063813","この後24:30〜文化放送にて「ゆいかおりの実♪」が放送になりますよ〜！是非お聞き下さいね！！ #yuikaori #joqr #実ラジ","ja","Tweet","ゆいかおり(小倉 唯＆石原夏織)公式","YUIKAORI_STAFF","","0","54","0","118","0","2016-05-08 23:22:59","https://x.com/YUIKAORI_STAFF/status/729315667267063813","<a href=""http://twitter.com/download/iphone"" rel=""nofollow"">Twitter for iPhone</a>","#yuikaori, #joqr, #実ラジ","","",""
"729306095294906368","≪ゆいかおり・小倉唯：公式サイト更新≫
「リスアニ！TV」にて小倉 唯特集 放送決定！
https://t.co/N0cX39v1mG　#小倉唯","ja","Tweet","ゆいかおり(小倉 唯＆石原夏織)公式","YUIKAORI_STAFF","","1","198","0","266","0","2016-05-08 22:44:57","https://x.com/YUIKAORI_STAFF/status/729306095294906368","<a href=""http://twitter.com"" rel=""nofollow"">Twitter Web Client</a>","#小倉唯","http://www.yuikaori.info/info/1611/","",""
"729166895958515713","【あと1日！】
小倉 唯 1st LIVE TOUR「High-Touch☆Summer」チケット2次先行予約受付中！
締切は【明日 5/9(月)18:00】となっていますー！
こちらのURLからお手続きください☆
URL：https://t.co/lnkviS1zin　#小倉唯","ja","Tweet","ゆいかおり(小倉 唯＆石原夏織)公式","YUIKAORI_STAFF","","0","51","0","96","0","2016-05-08 13:31:49","https://x.com/YUIKAORI_STAFF/status/729166895958515713","<a href=""http://twitter.com"" rel=""nofollow"">Twitter Web Client</a>","#小倉唯","https://www.ogurayui-entry.com","",""
"729120191855005696","いっせーので君とだけ！
#小倉唯 #cf_vanguard","ja","Tweet","ゆいかおり(小倉 唯＆石原夏織)公式","YUIKAORI_STAFF","","3","101","0","244","0","2016-05-08 10:26:14","https://x.com/YUIKAORI_STAFF/status/729120191855005696","<a href=""http://twitter.com/download/iphone"" rel=""nofollow"">Twitter for iPhone</a>","#小倉唯, #cf_vanguard","","",""
"729109364452134912","この後10時から小倉 唯「ハイタッチ☆メモリー」がEDテーマの「カードファイト!! ヴァンガードG ストライドゲート編」がテレビ東京系列・BSジャパンにて放送されますよ〜！！！   #小倉唯  #yuikaori #cf_vanguard","ja","Tweet","ゆいかおり(小倉 唯＆石原夏織)公式","YUIKAORI_STAFF","","0","63","0","141","0","2016-05-08 09:43:13","https://x.com/YUIKAORI_STAFF/status/729109364452134912","<a href=""http://twitter.com/download/iphone"" rel=""nofollow"">Twitter for iPhone</a>","#小倉唯, #yuikaori, #cf_vanguard","","",""
"728934417742188544","エジソンでの集合写真です！！お聞き頂いた皆様ありがとうございました！！！小倉 唯「ハイタッチ☆メモリー」は5/18発売ですよ♪♪ #agson #agqr #joqr #小倉唯 https://t.co/LopgaHOnAK","ja","Tweet","ゆいかおり(小倉 唯＆石原夏織)公式","YUIKAORI_STAFF","","3","770","0","1380","1","2016-05-07 22:08:02","https://x.com/YUIKAORI_STAFF/status/728934417742188544","<a href=""http://twitter.com/download/iphone"" rel=""nofollow"">Twitter for iPhone</a>","#agson, #agqr, #joqr, #小倉唯","","photo","https://pbs.twimg.com/media/Ch2x-D7UoAEXZgU.jpg"
"728928838139285505","【あと2日！】
小倉 唯 1st LIVE TOUR「High-Touch☆Summer」チケット2次先行予約受付をただいま実施中です☆
締切は【5/9(月)18:00】！
ぜひ下記URLからお手続きくださいねー♪
URL：https://t.co/lnkviS1zin　#小倉唯","ja","Tweet","ゆいかおり(小倉 唯＆石原夏織)公式","YUIKAORI_STAFF","","0","67","0","100","0","2016-05-07 21:45:52","https://x.com/YUIKAORI_STAFF/status/728928838139285505","<a href=""http://twitter.com"" rel=""nofollow"">Twitter Web Client</a>","#小倉唯","https://www.ogurayui-entry.com","",""
"728917431922532352","小倉 唯エジソン出演待機中です！！21:15頃の出演になります！是非お聞き下さいね♪♪
#agson #agqr #joqr #小倉唯","ja","Tweet","ゆいかおり(小倉 唯＆石原夏織)公式","YUIKAORI_STAFF","","0","141","0","176","0","2016-05-07 21:00:33","https://x.com/YUIKAORI_STAFF/status/728917431922532352","<a href=""http://twitter.com/download/iphone"" rel=""nofollow"">Twitter for iPhone</a>","#agson, #agqr, #joqr, #小倉唯","","",""
"728817629956202497","今夜21時から放送される文化放送「A&amp;G TRIBAL RADIO エジソン」に小倉唯がゲスト出演しますよ〜！！是非お聞き下さいね♪♪  https://t.co/KTzzmtHutR   #agson #agqr #joqr #小倉唯","ja","Tweet","ゆいかおり(小倉 唯＆石原夏織)公式","YUIKAORI_STAFF","","0","166","0","203","0","2016-05-07 14:23:58","https://x.com/YUIKAORI_STAFF/status/728817629956202497","<a href=""http://twitter.com/download/iphone"" rel=""nofollow"">Twitter for iPhone</a>","#agson, #agqr, #joqr, #小倉唯","http://www.joqr.co.jp/agson/","",""
"728630348158930944","アメブロを更新しました。 『(^O^)☆』
⇒ https://t.co/3RU7KCk8jv","ja","Tweet","ゆいかおり(小倉 唯＆石原夏織)公式","YUIKAORI_STAFF","","0","165","0","298","0","2016-05-07 01:59:46","https://x.com/YUIKAORI_STAFF/status/728630348158930944","<a href=""https://ameblo.jp/"" rel=""nofollow"">Ameba_Blog</a>","","http://ameblo.jp/ogurayui-0815/entry-12157738402.html","",""
"728424373263073281","【あと3日！】
小倉 唯 1st LIVE TOUR「High-Touch☆Summer」チケット2次先行予約受付の締切は【5/9(月)18:00】です！！
申し込み忘れのないよう、下記URLからお手続きください♪
URL：https://t.co/lnkviS1zin　#小倉唯","ja","Tweet","ゆいかおり(小倉 唯＆石原夏織)公式","YUIKAORI_STAFF","","0","53","0","103","0","2016-05-06 12:21:18","https://x.com/YUIKAORI_STAFF/status/728424373263073281","<a href=""http://twitter.com"" rel=""nofollow"">Twitter Web Client</a>","#小倉唯","https://www.ogurayui-entry.com","",""
"728230266892746752","アメブロを更新しました。 『ポッピンQ』
⇒ https://t.co/2NN39IrJGm","ja","Tweet","ゆいかおり(小倉 唯＆石原夏織)公式","YUIKAORI_STAFF","","0","153","0","257","0","2016-05-05 23:30:00","https://x.com/YUIKAORI_STAFF/status/728230266892746752","<a href=""https://ameblo.jp/"" rel=""nofollow"">Ameba_Blog</a>","","http://ameblo.jp/ishiharakaori-0806/entry-12157364139.html","",""
"728153959773261824","【あと4日！】
小倉 唯 1st LIVE TOUR「High-Touch☆Summer」チケット2次先行予約受付の締切は【5/9(月)18:00まで】ですよー！！
お申し込み手続きは、こちらのURLからどうぞ！
URL：https://t.co/lnkviS1zin　#小倉唯","ja","Tweet","ゆいかおり(小倉 唯＆石原夏織)公式","YUIKAORI_STAFF","","0","72","0","117","0","2016-05-05 18:26:47","https://x.com/YUIKAORI_STAFF/status/728153959773261824","<a href=""http://twitter.com"" rel=""nofollow"">Twitter Web Client</a>","#小倉唯","https://www.ogurayui-entry.com","",""
"727885831684263936","アメブロを更新しました。 『花と緑のぐんまづくり2016☆』
⇒ https://t.co/egd6MVMI4V","ja","Tweet","ゆいかおり(小倉 唯＆石原夏織)公式","YUIKAORI_STAFF","","1","230","0","325","0","2016-05-05 00:41:20","https://x.com/YUIKAORI_STAFF/status/727885831684263936","<a href=""https://ameblo.jp/"" rel=""nofollow"">Ameba_Blog</a>","","http://ameblo.jp/ogurayui-0815/entry-12157023122.html","",""
"727833033680658432","アメブロを更新しました。 『明日はマチ★アソビ！』
⇒ https://t.co/LNbbD9zkl1","ja","Tweet","ゆいかおり(小倉 唯＆石原夏織)公式","YUIKAORI_STAFF","","0","166","0","262","0","2016-05-04 21:11:32","https://x.com/YUIKAORI_STAFF/status/727833033680658432","<a href=""https://ameblo.jp/"" rel=""nofollow"">Ameba_Blog</a>","","http://ameblo.jp/ishiharakaori-0806/entry-12156945487.html","",""
"727680285270122496","【あと5日！】
小倉 唯 1st LIVE TOUR「High-Touch☆Summer」チケット2次先行予約受付の締切は【5/9(月)18:00まで】♪
お悩み中の方も！お申し込み手続きは、こちらのURLから☆
URL：https://t.co/lnkviS1zin　#小倉唯","ja","Tweet","ゆいかおり(小倉 唯＆石原夏織)公式","YUIKAORI_STAFF","","0","73","0","123","0","2016-05-04 11:04:34","https://x.com/YUIKAORI_STAFF/status/727680285270122496","<a href=""http://twitter.com"" rel=""nofollow"">Twitter Web Client</a>","#小倉唯","https://www.ogurayui-entry.com","",""
"727186851115622401","アメブロを更新しました。 『Making☆』
⇒ https://t.co/m3ZIo2SaKq","ja","Tweet","ゆいかおり(小倉 唯＆石原夏織)公式","YUIKAORI_STAFF","","0","203","0","339","0","2016-05-03 02:23:50","https://x.com/YUIKAORI_STAFF/status/727186851115622401","<a href=""https://ameblo.jp/"" rel=""nofollow"">Ameba_Blog</a>","","http://ameblo.jp/ogurayui-0815/entry-12156365995.html","",""
"726797397133684736","アメブロを更新しました。 『大ヴァンガ祭×大バディ祭2016☆』
⇒ https://t.co/oopMDc2B6b","ja","Tweet","ゆいかおり(小倉 唯＆石原夏織)公式","YUIKAORI_STAFF","","0","292","0","406","0","2016-05-02 00:36:17","https://x.com/YUIKAORI_STAFF/status/726797397133684736","<a href=""https://ameblo.jp/"" rel=""nofollow"">Ameba_Blog</a>","","http://ameblo.jp/ogurayui-0815/entry-12156007616.html","",""
"726794981915025412","まもなく実ラジはじまりますよ♪♪#yuikaori #joqr #実ラジ","ja","Tweet","ゆいかおり(小倉 唯＆石原夏織)公式","YUIKAORI_STAFF","","0","44","0","106","0","2016-05-02 00:26:41","https://x.com/YUIKAORI_STAFF/status/726794981915025412","<a href=""http://twitter.com/download/iphone"" rel=""nofollow"">Twitter for iPhone</a>","#yuikaori, #joqr, #実ラジ","","",""
"726774256726495233","この後24:30〜文化放送にて「ゆいかおりの実♪」が放送になります！！是非聞いて下さいねーー！！ #yuikaori #joqr #実ラジ","ja","Tweet","ゆいかおり(小倉 唯＆石原夏織)公式","YUIKAORI_STAFF","","0","60","0","108","0","2016-05-01 23:04:20","https://x.com/YUIKAORI_STAFF/status/726774256726495233","<a href=""http://twitter.com/download/iphone"" rel=""nofollow"">Twitter for iPhone</a>","#yuikaori, #joqr, #実ラジ","","",""
"726635991541272576","≪ゆいかおり・小倉唯：公式サイト更新≫
小倉 唯、文化放送「A&amp;G TRIBAL RADIO エジソン」出演決定！
https://t.co/Sigv8oYf6b　#小倉唯","ja","Tweet","ゆいかおり(小倉 唯＆石原夏織)公式","YUIKAORI_STAFF","","0","139","0","191","0","2016-05-01 13:54:55","https://x.com/YUIKAORI_STAFF/status/726635991541272576","<a href=""http://twitter.com"" rel=""nofollow"">Twitter Web Client</a>","#小倉唯","http://www.yuikaori.info/info/1600/","",""
"726586109535252480","さらに☆小倉 唯 1st LIVE TOUR「High-Touch☆Summer」チケット2次先行予約も受付中です！
締切は【5/9(月)18:00まで】♪
こちらもお忘れなくー！！
お申し込みは下記URLから！
URL：https://t.co/lnkviS1zin 　#小倉唯","ja","Tweet","ゆいかおり(小倉 唯＆石原夏織)公式","YUIKAORI_STAFF","","0","58","0","123","0","2016-05-01 10:36:42","https://x.com/YUIKAORI_STAFF/status/726586109535252480","<a href=""http://twitter.com"" rel=""nofollow"">Twitter Web Client</a>","#小倉唯","https://www.ogurayui-entry.com","",""
"726584649783242752","5月18日発売、小倉 唯「ハイタッチ☆メモリー」の期間限定盤に収録されるメイキング映像を少しだけ公開しましたよ！！！
https://t.co/hfbNpmgksF
#小倉唯 #cf_vanguard","ja","Tweet","ゆいかおり(小倉 唯＆石原夏織)公式","YUIKAORI_STAFF","","1","230","0","305","0","2016-05-01 10:30:54","https://x.com/YUIKAORI_STAFF/status/726584649783242752","<a href=""http://twitter.com/download/iphone"" rel=""nofollow"">Twitter for iPhone</a>","#小倉唯, #cf_vanguard","https://www.youtube.com/watch?v=vuzGplI7Lkk","",""
"726583485985492994","いっせーので君とだけ！
#小倉唯 #cf_vanguard","ja","Tweet","ゆいかおり(小倉 唯＆石原夏織)公式","YUIKAORI_STAFF","","0","124","0","241","0","2016-05-01 10:26:16","https://x.com/YUIKAORI_STAFF/status/726583485985492994","<a href=""http://twitter.com/download/iphone"" rel=""nofollow"">Twitter for iPhone</a>","#小倉唯, #cf_vanguard","","",""
"726575632868474880","まもなく！10時から小倉 唯「ハイタッチ☆メモリー」がEDテーマ「カードファイト!! ヴァンガードG ストライドゲート編」かテレビ東京系列・BSジャパンにて放送されますよ！！   #小倉唯  #yuikaori #cf_vanguard","ja","Tweet","ゆいかおり(小倉 唯＆石原夏織)公式","YUIKAORI_STAFF","","0","56","0","138","0","2016-05-01 09:55:04","https://x.com/YUIKAORI_STAFF/status/726575632868474880","<a href=""http://twitter.com/download/iphone"" rel=""nofollow"">Twitter for iPhone</a>","#小倉唯, #yuikaori, #cf_vanguard","","",""
"726336997602684928","ただいま、小倉 唯 1st LIVE TOUR「High-Touch☆Summer」チケット2次先行予約受付中です！
締切は【5/9(月)18:00まで】♪
お申し込み手続きは、こちらのURLからできますよー☆
URL：https://t.co/lnkviS1zin　#小倉唯","ja","Tweet","ゆいかおり(小倉 唯＆石原夏織)公式","YUIKAORI_STAFF","","0","91","0","149","0","2016-04-30 18:06:49","https://x.com/YUIKAORI_STAFF/status/726336997602684928","<a href=""http://twitter.com"" rel=""nofollow"">Twitter Web Client</a>","#小倉唯","https://www.ogurayui-entry.com","",""
"726076007120138240","アメブロを更新しました。 『お料理とお知らせ☆』
⇒ https://t.co/TLv6oM5gyH","ja","Tweet","ゆいかおり(小倉 唯＆石原夏織)公式","YUIKAORI_STAFF","","0","176","0","255","0","2016-04-30 00:49:44","https://x.com/YUIKAORI_STAFF/status/726076007120138240","<a href=""https://ameblo.jp/"" rel=""nofollow"">Ameba_Blog</a>","","http://ameblo.jp/ogurayui-0815/entry-12155324229.html","",""
"725570518775033856","≪ゆいかおり・小倉唯：公式サイト更新≫
小倉 唯の出演情報を更新しました☆
https://t.co/9IT8M7mr7s　#小倉唯","ja","Tweet","ゆいかおり(小倉 唯＆石原夏織)公式","YUIKAORI_STAFF","","0","71","0","137","0","2016-04-28 15:21:06","https://x.com/YUIKAORI_STAFF/status/725570518775033856","<a href=""http://twitter.com"" rel=""nofollow"">Twitter Web Client</a>","#小倉唯","http://www.yuikaori.info/profile/","",""
"725520564157214722","本日12:00より、小倉 唯 1st LIVE TOUR「High-Touch☆Summer」チケット2次先行予約受付を開始しました♪
締切は【5/9(月)18:00まで】です！
お申し込み手続きは、こちらからどうぞ☆　https://t.co/lnkviS1zin　#小倉唯","ja","Tweet","ゆいかおり(小倉 唯＆石原夏織)公式","YUIKAORI_STAFF","","0","165","0","181","0","2016-04-28 12:02:36","https://x.com/YUIKAORI_STAFF/status/725520564157214722","<a href=""http://twitter.com"" rel=""nofollow"">Twitter Web Client</a>","#小倉唯","https://www.ogurayui-entry.com","",""
"725520331750809604","≪ゆいかおり・小倉唯：公式サイト更新≫
小倉 唯 1st LIVE TOUR「High-Touch☆Summer」チケット2次先行予約受付実施！
https://t.co/ZTYTk0zftO　#小倉唯","ja","Tweet","ゆいかおり(小倉 唯＆石原夏織)公式","YUIKAORI_STAFF","","0","115","0","163","0","2016-04-28 12:01:41","https://x.com/YUIKAORI_STAFF/status/725520331750809604","<a href=""http://twitter.com"" rel=""nofollow"">Twitter Web Client</a>","#小倉唯","http://www.yuikaori.info/info/1591/","",""
"725332499795079170","アメブロを更新しました。 『マチ★アソビVol.16』
⇒ https://t.co/tE0xMNwDZc","ja","Tweet","ゆいかおり(小倉 唯＆石原夏織)公式","YUIKAORI_STAFF","","0","160","0","262","0","2016-04-27 23:35:18","https://x.com/YUIKAORI_STAFF/status/725332499795079170","<a href=""https://ameblo.jp/"" rel=""nofollow"">Ameba_Blog</a>","","http://ameblo.jp/ishiharakaori-0806/entry-12154650202.html","",""
"725329448371781633","今週日曜日(5月1日)に開催される大ヴァンガ祭に小倉 唯が出演します！メインステージにて「ハイタッチ☆メモリー」のフルサイズを初披露する予定です！！詳しくは下記をご覧下さいね♪♪ https://t.co/zU9dwJlHww
#小倉唯  #cf_vanguard","ja","Tweet","ゆいかおり(小倉 唯＆石原夏織)公式","YUIKAORI_STAFF","","0","193","0","241","0","2016-04-27 23:23:11","https://x.com/YUIKAORI_STAFF/status/725329448371781633","<a href=""http://twitter.com/download/iphone"" rel=""nofollow"">Twitter for iPhone</a>","#小倉唯, #cf_vanguard","http://bushiroad.com/sp/vgbf-fes2016/stage/index.html","",""
"725221748413632512","激突！ゆいかおり「絵心対決」のアンケートに投票して頂いたみなさまありがとうございました！！作者は、、A→夏織ちゃん B→唯ちゃん でした！#yuikaori #joqr #実ラジ https://t.co/QtyVDNkide","ja","Tweet","ゆいかおり(小倉 唯＆石原夏織)公式","YUIKAORI_STAFF","","0","264","0","443","0","2016-04-27 16:15:13","https://x.com/YUIKAORI_STAFF/status/725221748413632512","<a href=""http://twitter.com/download/iphone"" rel=""nofollow"">Twitter for iPhone</a>","#yuikaori, #joqr, #実ラジ","","photo","https://pbs.twimg.com/media/ChCBU4gUoAAtHLE.jpg
https://pbs.twimg.com/media/ChCBU4iUgAAUXIo.jpg"
"724618733755330560","アメブロを更新しました。 『湿布☆』
⇒ https://t.co/6EkRwWJlyL","ja","Tweet","ゆいかおり(小倉 唯＆石原夏織)公式","YUIKAORI_STAFF","","0","196","0","308","0","2016-04-26 00:19:03","https://x.com/YUIKAORI_STAFF/status/724618733755330560","<a href=""https://ameblo.jp/"" rel=""nofollow"">Ameba_Blog</a>","","http://ameblo.jp/ogurayui-0815/entry-12154002226.html","",""
"724442233710104578","≪ゆいかおり・小倉唯：公式サイト更新≫
小倉 唯 掲載情報♪
https://t.co/8LVVHS657P　#小倉唯","ja","Tweet","ゆいかおり(小倉 唯＆石原夏織)公式","YUIKAORI_STAFF","","0","65","0","140","0","2016-04-25 12:37:42","https://x.com/YUIKAORI_STAFF/status/724442233710104578","<a href=""http://twitter.com"" rel=""nofollow"">Twitter Web Client</a>","#小倉唯","http://www.yuikaori.info/info/1589/","",""
"724426036956389377","≪ゆいかおり・小倉唯：公式サイト更新≫
「ハイタッチ☆メモリー」TVサイズ先行配信開始！
https://t.co/rfo6nbZKdv　#小倉唯　#cf_vanguard　#サモンナイト","ja","Tweet","ゆいかおり(小倉 唯＆石原夏織)公式","YUIKAORI_STAFF","","0","107","0","181","0","2016-04-25 11:33:21","https://x.com/YUIKAORI_STAFF/status/724426036956389377","<a href=""http://twitter.com"" rel=""nofollow"">Twitter Web Client</a>","#小倉唯, #cf_vanguard, #サモンナイト","http://www.yuikaori.info/info/1586/","",""
"724265288133271553","どちらの方が上手いと思いますか？？是非投票して下さいね！！作者は後ほど公表します！ #yuikaori #joqr #実ラジ","ja","Tweet","ゆいかおり(小倉 唯＆石原夏織)公式","YUIKAORI_STAFF","","2","261","0","201","0","2016-04-25 00:54:35","https://x.com/YUIKAORI_STAFF/status/724265288133271553","<a href=""http://twitter.com/download/iphone"" rel=""nofollow"">Twitter for iPhone</a>","#yuikaori, #joqr, #実ラジ","","",""
"724265155089985536","激突！ゆいかおりで二人が書いた北海道です！#yuikaori #joqr #実ラジ https://t.co/SaLWCx4ZzO","ja","Tweet","ゆいかおり(小倉 唯＆石原夏織)公式","YUIKAORI_STAFF","","19","492","0","479","1","2016-04-25 00:54:03","https://x.com/YUIKAORI_STAFF/status/724265155089985536","<a href=""http://twitter.com/download/iphone"" rel=""nofollow"">Twitter for iPhone</a>","#yuikaori, #joqr, #実ラジ","","photo","https://pbs.twimg.com/media/Cg0bUDtVEAA8bes.jpg
https://pbs.twimg.com/media/Cg0bUDsUYAEYQb7.jpg"
"724258325194375169","まもなく実ラジはじまりますよ〜♪#yuikaori #joqr #実ラジ","ja","Tweet","ゆいかおり(小倉 唯＆石原夏織)公式","YUIKAORI_STAFF","","0","54","0","111","0","2016-04-25 00:26:55","https://x.com/YUIKAORI_STAFF/status/724258325194375169","<a href=""http://twitter.com/download/iphone"" rel=""nofollow"">Twitter for iPhone</a>","#yuikaori, #joqr, #実ラジ","","",""
"724240338437595136","アメブロを更新しました。 『MV公開☆』
⇒ https://t.co/qbDp8QUSpL","ja","Tweet","ゆいかおり(小倉 唯＆石原夏織)公式","YUIKAORI_STAFF","","1","291","0","398","0","2016-04-24 23:15:27","https://x.com/YUIKAORI_STAFF/status/724240338437595136","<a href=""https://ameblo.jp/"" rel=""nofollow"">Ameba_Blog</a>","","http://ameblo.jp/ogurayui-0815/entry-12153636974.html","",""
"724237941384482816","この後24:30~は文化放送にて「ゆいかおりの実♪」が放送になります！是非聴いて下さいね〜〜！！#yuikaori #joqr #実ラジ","ja","Tweet","ゆいかおり(小倉 唯＆石原夏織)公式","YUIKAORI_STAFF","","0","70","0","133","0","2016-04-24 23:05:55","https://x.com/YUIKAORI_STAFF/status/724237941384482816","<a href=""http://twitter.com/download/iphone"" rel=""nofollow"">Twitter for iPhone</a>","#yuikaori, #joqr, #実ラジ","","",""
"724047790083440641","小倉 唯「ハイタッチ☆メモリー」のMUSIC VIDEOを公開しました♪♪5月18日発売ですよ！！！　https://t.co/igXsJsnIbb
#小倉唯 #cf_vanguard","ja","Tweet","ゆいかおり(小倉 唯＆石原夏織)公式","YUIKAORI_STAFF","","1","604","0","584","0","2016-04-24 10:30:19","https://x.com/YUIKAORI_STAFF/status/724047790083440641","<a href=""http://twitter.com/download/iphone"" rel=""nofollow"">Twitter for iPhone</a>","#小倉唯, #cf_vanguard","https://www.youtube.com/watch?v=38lJ9cpYUV8","",""
"724047316533923840","小倉 唯「ハイタッチ☆メモリー」期間限定盤のうち初回プレス分にのみヴァンガードのカードが封入されます！""封入特典「カードファイト!! ヴァンガードG」PRカード1枚「ワンダーフリル ナノカ」” #小倉唯 #cf_vanguard https://t.co/KlzaXpxOvN","ja","Tweet","ゆいかおり(小倉 唯＆石原夏織)公式","YUIKAORI_STAFF","","1","110","0","199","0","2016-04-24 10:28:27","https://x.com/YUIKAORI_STAFF/status/724047316533923840","<a href=""http://twitter.com/download/iphone"" rel=""nofollow"">Twitter for iPhone</a>","#小倉唯, #cf_vanguard","","photo","https://pbs.twimg.com/media/CgxVKb2U0AAk1WP.jpg"
"724046775921713152","いっせーので君とだけ！
#小倉唯 #cf_vanguard","ja","Tweet","ゆいかおり(小倉 唯＆石原夏織)公式","YUIKAORI_STAFF","","0","134","0","255","0","2016-04-24 10:26:18","https://x.com/YUIKAORI_STAFF/status/724046775921713152","<a href=""http://twitter.com/download/iphone"" rel=""nofollow"">Twitter for iPhone</a>","#小倉唯, #cf_vanguard","","",""
"724039235297107968","まもなく10時からは、小倉唯「ハイタッチ☆メモリー」がEDテーマの「カードファイト!! ヴァンガードG ストライドゲート編」がテレビ東京系列・BSジャパンにて放送されますよ！！ #小倉唯 #cf_vanguard","ja","Tweet","ゆいかおり(小倉 唯＆石原夏織)公式","YUIKAORI_STAFF","","0","90","0","171","0","2016-04-24 09:56:20","https://x.com/YUIKAORI_STAFF/status/724039235297107968","<a href=""http://twitter.com/download/iphone"" rel=""nofollow"">Twitter for iPhone</a>","#小倉唯, #cf_vanguard","","",""
"723617878897909760","アメブロを更新しました。 『レガリア☆』
⇒ https://t.co/757qq6hhCC","ja","Tweet","ゆいかおり(小倉 唯＆石原夏織)公式","YUIKAORI_STAFF","","0","154","0","257","0","2016-04-23 06:02:01","https://x.com/YUIKAORI_STAFF/status/723617878897909760","<a href=""https://ameblo.jp/"" rel=""nofollow"">Ameba_Blog</a>","","http://ameblo.jp/ogurayui-0815/entry-12153021706.html","",""
"723540513979162624","アメブロを更新しました。 『シュガー・ラッシュ♪♪』
⇒ https://t.co/2Ti9rY1GCe","ja","Tweet","ゆいかおり(小倉 唯＆石原夏織)公式","YUIKAORI_STAFF","","0","142","0","243","0","2016-04-23 00:54:35","https://x.com/YUIKAORI_STAFF/status/723540513979162624","<a href=""https://ameblo.jp/"" rel=""nofollow"">Ameba_Blog</a>","","http://ameblo.jp/ishiharakaori-0806/entry-12152994454.html","",""
"723136734557396992","アメブロを更新しました。 『ジャケ写☆』
⇒ https://t.co/bQdRAqeTgY","ja","Tweet","ゆいかおり(小倉 唯＆石原夏織)公式","YUIKAORI_STAFF","","0","207","0","330","0","2016-04-21 22:10:07","https://x.com/YUIKAORI_STAFF/status/723136734557396992","<a href=""https://ameblo.jp/"" rel=""nofollow"">Ameba_Blog</a>","","http://ameblo.jp/ogurayui-0815/entry-12152610463.html","",""
"722954131183292416","また「ハイタッチ☆メモリー」の期間限定盤のうち初回プレス分にのみヴァンガードのカードが封入されます！！ ""封入特典「カードファイト!! ヴァンガードG」PRカード1枚「ワンダーフリル ナノカ」""  #小倉唯 #cf_vanguard https://t.co/3ypew02iSq","ja","Tweet","ゆいかおり(小倉 唯＆石原夏織)公式","YUIKAORI_STAFF","","0","407","0","352","0","2016-04-21 10:04:31","https://x.com/YUIKAORI_STAFF/status/722954131183292416","<a href=""http://twitter.com"" rel=""nofollow"">Twitter Web Client</a>","#小倉唯, #cf_vanguard","","photo","https://pbs.twimg.com/media/Cghy8YKUYAAAq8N.png"
"722953441413206016","5月18日発売、小倉唯「ハイタッチ☆メモリー」のジャケット写真を公開しました！！！赤色の衣装が期間限定盤、緑色の衣装が通常盤のジャケットです♪♪https://t.co/rKuxBX37lB  #小倉唯 #cf_vanguard https://t.co/goXXtWy8py","ja","Tweet","ゆいかおり(小倉 唯＆石原夏織)公式","YUIKAORI_STAFF","","1","853","0","1020","1","2016-04-21 10:01:46","https://x.com/YUIKAORI_STAFF/status/722953441413206016","<a href=""http://twitter.com"" rel=""nofollow"">Twitter Web Client</a>","#小倉唯, #cf_vanguard","http://www.ogurayui.jp/discography/","photo","https://pbs.twimg.com/media/CghyUoSU4AE4F5X.jpg
https://pbs.twimg.com/media/CghyUsBVEAIDei_.jpg"
"722797324431282179","アメブロを更新しました。 『カマンベールチーズ☆』
⇒ https://t.co/mYLLF6Sawv","ja","Tweet","ゆいかおり(小倉 唯＆石原夏織)公式","YUIKAORI_STAFF","","0","176","0","267","0","2016-04-20 23:41:25","https://x.com/YUIKAORI_STAFF/status/722797324431282179","<a href=""https://ameblo.jp/"" rel=""nofollow"">Ameba_Blog</a>","","http://ameblo.jp/ogurayui-0815/entry-12152307108.html","",""
"722442547830726657","アメブロを更新しました。 『ブログ☆』
⇒ https://t.co/EhsmZtuw7M","ja","Tweet","ゆいかおり(小倉 唯＆石原夏織)公式","YUIKAORI_STAFF","","1","236","0","368","0","2016-04-20 00:11:40","https://x.com/YUIKAORI_STAFF/status/722442547830726657","<a href=""https://ameblo.jp/"" rel=""nofollow"">Ameba_Blog</a>","","http://ameblo.jp/ogurayui-0815/entry-12151991138.html","",""
"722073026766897152","アメブロを更新しました。 『(^-^)☆』
⇒ https://t.co/GIbNMY5X4I","ja","Tweet","ゆいかおり(小倉 唯＆石原夏織)公式","YUIKAORI_STAFF","","1","277","0","410","0","2016-04-18 23:43:19","https://x.com/YUIKAORI_STAFF/status/722073026766897152","<a href=""https://ameblo.jp/"" rel=""nofollow"">Ameba_Blog</a>","","http://ameblo.jp/ogurayui-0815/entry-12151657938.html","",""
"721721540300017664","まもなく実ラジはじまりますよーー！ #yuikaori #joqr #実ラジ","ja","Tweet","ゆいかおり(小倉 唯＆石原夏織)公式","YUIKAORI_STAFF","","0","59","0","113","0","2016-04-18 00:26:38","https://x.com/YUIKAORI_STAFF/status/721721540300017664","<a href=""http://twitter.com/download/iphone"" rel=""nofollow"">Twitter for iPhone</a>","#yuikaori, #joqr, #実ラジ","","",""
"721720480181293056","アメブロを更新しました。 『SPOT映像☆』
⇒ https://t.co/7eCG2TJmpV","ja","Tweet","ゆいかおり(小倉 唯＆石原夏織)公式","YUIKAORI_STAFF","","0","192","0","291","0","2016-04-18 00:22:26","https://x.com/YUIKAORI_STAFF/status/721720480181293056","<a href=""https://ameblo.jp/"" rel=""nofollow"">Ameba_Blog</a>","","http://ameblo.jp/ogurayui-0815/entry-12151343993.html","",""
"721708913301663744","この後24:30〜文化放送にて「ゆいかおりの実♪」が放送になりますよ〜！是非お聞き下さいね♪♪ #yuikaori #joqr #実ラジ","ja","Tweet","ゆいかおり(小倉 唯＆石原夏織)公式","YUIKAORI_STAFF","","0","79","0","134","0","2016-04-17 23:36:28","https://x.com/YUIKAORI_STAFF/status/721708913301663744","<a href=""http://twitter.com/download/iphone"" rel=""nofollow"">Twitter for iPhone</a>","#yuikaori, #joqr, #実ラジ","","",""
"721511311259992064","5月18日発売、小倉 唯「ハイタッチ☆メモリー」のSPOTは下記よりチェックです！！ 
https://t.co/XwRZPabVHK
#小倉唯 #cf_vanguard","ja","Tweet","ゆいかおり(小倉 唯＆石原夏織)公式","YUIKAORI_STAFF","","1","440","0","441","0","2016-04-17 10:31:16","https://x.com/YUIKAORI_STAFF/status/721511311259992064","<a href=""http://twitter.com/download/iphone"" rel=""nofollow"">Twitter for iPhone</a>","#小倉唯, #cf_vanguard","https://m.youtube.com/watch?v=QYv9JVzACwk","",""
"721509822324039680","いっせーので君とだけ！
 #小倉唯 #cf_vanguard","ja","Tweet","ゆいかおり(小倉 唯＆石原夏織)公式","YUIKAORI_STAFF","","1","188","0","304","0","2016-04-17 10:25:21","https://x.com/YUIKAORI_STAFF/status/721509822324039680","<a href=""http://twitter.com/download/iphone"" rel=""nofollow"">Twitter for iPhone</a>","#小倉唯, #cf_vanguard","","",""
"721498106395627520","いよいよこの後10時から小倉唯「ハイタッチ☆メモリー」がEDテーマの「カードファイト!! ヴァンガードG ストライドゲート編」がテレビ東京系列・BSジャパンにて放送スタートですよ！！  #小倉唯   #cf_vanguard","ja","Tweet","ゆいかおり(小倉 唯＆石原夏織)公式","YUIKAORI_STAFF","","3","162","0","209","0","2016-04-17 09:38:48","https://x.com/YUIKAORI_STAFF/status/721498106395627520","<a href=""http://twitter.com/download/iphone"" rel=""nofollow"">Twitter for iPhone</a>","#小倉唯, #cf_vanguard","","",""
"721350581588090880","アメブロを更新しました。 『ガンガンGA&amp;特典☆』
⇒ https://t.co/ATUMhk89HN","ja","Tweet","ゆいかおり(小倉 唯＆石原夏織)公式","YUIKAORI_STAFF","","0","289","0","404","0","2016-04-16 23:52:35","https://x.com/YUIKAORI_STAFF/status/721350581588090880","<a href=""https://ameblo.jp/"" rel=""nofollow"">Ameba_Blog</a>","","http://ameblo.jp/ogurayui-0815/entry-12151001061.html","",""
"720808742074232832","【本日18:00締切！】
小倉 唯 ライブツアー「High-Touch☆Summer」チケット最速先行に当選された皆さん！
下記お手続きがまだの方は、お急ぎくださいー！
1.決済選択期間(※本日18:00まで※)
2.代金の支払い
https://t.co/lnkviS1zin","ja","Tweet","ゆいかおり(小倉 唯＆石原夏織)公式","YUIKAORI_STAFF","","1","61","0","88","0","2016-04-15 11:59:30","https://x.com/YUIKAORI_STAFF/status/720808742074232832","<a href=""http://twitter.com"" rel=""nofollow"">Twitter Web Client</a>","","https://www.ogurayui-entry.com","",""
"720779679070691328","5月18日発売、小倉 唯「ハイタッチ☆メモリー」のオリジナル特典情報はこちらっ！！
https://t.co/hZmyBcSDTP
#小倉唯 #yuikaori","ja","Tweet","ゆいかおり(小倉 唯＆石原夏織)公式","YUIKAORI_STAFF","","1","183","0","228","0","2016-04-15 10:04:01","https://x.com/YUIKAORI_STAFF/status/720779679070691328","<a href=""http://twitter.com"" rel=""nofollow"">Twitter Web Client</a>","#小倉唯, #yuikaori","http://www.kingrecords.co.jp/cs/t/t7950/","",""
"720779394202017793","≪ゆいかおり・小倉唯：公式サイト更新≫
小倉唯「ハイタッチ☆メモリー」オリジナル特典情報
https://t.co/q3gTyy6Itu　#小倉唯","ja","Tweet","ゆいかおり(小倉 唯＆石原夏織)公式","YUIKAORI_STAFF","","1","112","0","168","0","2016-04-15 10:02:53","https://x.com/YUIKAORI_STAFF/status/720779394202017793","<a href=""http://twitter.com"" rel=""nofollow"">Twitter Web Client</a>","#小倉唯","http://www.yuikaori.info/info/1576/","",""
"720779346542075904","≪小倉唯：公式サイト更新≫
小倉唯 公式サイト TOP＆PROFILEページ、アーティスト写真更新！
https://t.co/A8Zc0D9OdV　#小倉唯","ja","Tweet","ゆいかおり(小倉 唯＆石原夏織)公式","YUIKAORI_STAFF","","1","91","0","137","0","2016-04-15 10:02:42","https://x.com/YUIKAORI_STAFF/status/720779346542075904","<a href=""http://twitter.com"" rel=""nofollow"">Twitter Web Client</a>","#小倉唯","http://www.ogurayui.jp","",""
"720779221413470208","小倉 唯公式HPが5月18日発売の「ハイタッチ☆メモリー」仕様になりましたよ♪ 是非チェックして下さいね！https://t.co/A8Zc0D9OdV
#小倉唯 #yuikaori","ja","Tweet","ゆいかおり(小倉 唯＆石原夏織)公式","YUIKAORI_STAFF","","0","133","0","169","0","2016-04-15 10:02:12","https://x.com/YUIKAORI_STAFF/status/720779221413470208","<a href=""http://twitter.com"" rel=""nofollow"">Twitter Web Client</a>","#小倉唯, #yuikaori","http://www.ogurayui.jp","",""
"720519704180301824","【明日18:00締切！】
小倉 唯 ライブツアー「High-Touch☆Summer」チケット最速先行に当選された皆さん！
1.決済選択期間(4/15 18:00まで)
2.代金の支払い
上記を行わないと、当選が無効になります…！　https://t.co/lnkviSjaGX","ja","Tweet","ゆいかおり(小倉 唯＆石原夏織)公式","YUIKAORI_STAFF","","0","64","0","97","0","2016-04-14 16:50:58","https://x.com/YUIKAORI_STAFF/status/720519704180301824","<a href=""http://twitter.com"" rel=""nofollow"">Twitter Web Client</a>","","https://www.ogurayui-entry.com","",""
"720266740991524864","アメブロを更新しました。 『3年生☆』
⇒ https://t.co/2aDpDMzHKG","ja","Tweet","ゆいかおり(小倉 唯＆石原夏織)公式","YUIKAORI_STAFF","","0","184","0","261","0","2016-04-14 00:05:47","https://x.com/YUIKAORI_STAFF/status/720266740991524864","<a href=""https://ameblo.jp/"" rel=""nofollow"">Ameba_Blog</a>","","http://ameblo.jp/ogurayui-0815/entry-12150014147.html","",""
"720089244639694848","【あと2日】
小倉 唯 ライブツアー「High-Touch☆Summer」チケット最速先行に当選された皆さん！
下記手続きはお済みですか？
1.決済選択期間(4/15 18:00まで ※今週金曜 18:00まで)
2.代金の支払い　https://t.co/lnkviS1zin","ja","Tweet","ゆいかおり(小倉 唯＆石原夏織)公式","YUIKAORI_STAFF","","4","72","0","123","0","2016-04-13 12:20:29","https://x.com/YUIKAORI_STAFF/status/720089244639694848","<a href=""http://twitter.com"" rel=""nofollow"">Twitter Web Client</a>","","https://www.ogurayui-entry.com","",""
"719415484530106368","小倉 唯 1st LIVE TOUR「High-Touch☆Summer」チケット最速先行予約受付に当選された皆さん！ 
(1)決済選択期間(4/15 18:00まで ※今週金曜 18:00まで)
(2)代金の支払い
をお忘れなく♪　https://t.co/lnkviS1zin","ja","Tweet","ゆいかおり(小倉 唯＆石原夏織)公式","YUIKAORI_STAFF","","2","77","0","138","0","2016-04-11 15:43:12","https://x.com/YUIKAORI_STAFF/status/719415484530106368","<a href=""http://twitter.com"" rel=""nofollow"">Twitter Web Client</a>","","https://www.ogurayui-entry.com","",""
"719185003167416320","まもなく実ラジはじまりますよ〜！！ #yuikaori #joqr #実ラジ","ja","Tweet","ゆいかおり(小倉 唯＆石原夏織)公式","YUIKAORI_STAFF","","0","49","0","107","0","2016-04-11 00:27:21","https://x.com/YUIKAORI_STAFF/status/719185003167416320","<a href=""http://twitter.com/download/iphone"" rel=""nofollow"">Twitter for iPhone</a>","#yuikaori, #joqr, #実ラジ","","",""
"719165086997172225","この後24:30〜文化放送にて「ゆいかおりの実♪」が放送になります！！是非お聞き下さいね〜♪ #yuikaori #joqr #実ラジ","ja","Tweet","ゆいかおり(小倉 唯＆石原夏織)公式","YUIKAORI_STAFF","","1","65","0","122","0","2016-04-10 23:08:12","https://x.com/YUIKAORI_STAFF/status/719165086997172225","<a href=""http://twitter.com/download/iphone"" rel=""nofollow"">Twitter for iPhone</a>","#yuikaori, #joqr, #実ラジ","","",""
"719158440971472897","アメブロを更新しました。 『休日〜❤︎』
⇒ https://t.co/LyF29jFD91","ja","Tweet","ゆいかおり(小倉 唯＆石原夏織)公式","YUIKAORI_STAFF","","0","123","0","236","0","2016-04-10 22:41:48","https://x.com/YUIKAORI_STAFF/status/719158440971472897","<a href=""https://ameblo.jp/"" rel=""nofollow"">Ameba_Blog</a>","","http://ameblo.jp/ishiharakaori-0806/entry-12148930920.html","",""
"719071461600694272","アメブロを更新しました。 『配信スタート&amp;LINEスタンプ☆』
⇒ https://t.co/uzTwBEEzXo","ja","Tweet","ゆいかおり(小倉 唯＆石原夏織)公式","YUIKAORI_STAFF","","0","217","0","328","0","2016-04-10 16:56:10","https://x.com/YUIKAORI_STAFF/status/719071461600694272","<a href=""https://ameblo.jp/"" rel=""nofollow"">Ameba_Blog</a>","","http://ameblo.jp/ogurayui-0815/entry-12148804137.html","",""
"718664466838134784","≪ゆいかおり：公式サイト更新≫
ゆいかおり掲載情報♪
https://t.co/03GUBpovIz　#yuikaori","ja","Tweet","ゆいかおり(小倉 唯＆石原夏織)公式","YUIKAORI_STAFF","","0","63","0","133","0","2016-04-09 13:58:55","https://x.com/YUIKAORI_STAFF/status/718664466838134784","<a href=""http://twitter.com"" rel=""nofollow"">Twitter Web Client</a>","#yuikaori","http://www.yuikaori.info/info/1571/","",""
"718392901428977664","小倉 唯 1st LIVE TOUR「High-Touch☆Summer」チケット最速先行予約受付に当選された皆さん！ 
(1)決済選択期間(4/15 18:00まで)
(2)支払期限までに代金のお支払い
各手続きをお忘れなく～！　https://t.co/lnkviSjaGX","ja","Tweet","ゆいかおり(小倉 唯＆石原夏織)公式","YUIKAORI_STAFF","","3","88","0","141","0","2016-04-08 19:59:49","https://x.com/YUIKAORI_STAFF/status/718392901428977664","<a href=""http://twitter.com"" rel=""nofollow"">Twitter Web Client</a>","","https://www.ogurayui-entry.com","",""
"717744140402831361","アメブロを更新しました。 『1日警察署長〜春の全国交通安全運動〜☆』
⇒ https://t.co/jkbZc3wqt9","ja","Tweet","ゆいかおり(小倉 唯＆石原夏織)公式","YUIKAORI_STAFF","","0","673","0","758","0","2016-04-07 01:01:52","https://x.com/YUIKAORI_STAFF/status/717744140402831361","<a href=""https://ameblo.jp/"" rel=""nofollow"">Ameba_Blog</a>","","http://ameblo.jp/ogurayui-0815/entry-12147554617.html","",""
"717595316988416000","この2つの手続きを忘れてしまったり、指定の期日を過ぎてしまうと【当選が無効】になります！
申し込みページにログインし(https://t.co/lnkviS1zin)、お早めに手続きくださいね！！　#小倉唯","ja","Tweet","ゆいかおり(小倉 唯＆石原夏織)公式","YUIKAORI_STAFF","","1","83","0","143","0","2016-04-06 15:10:30","https://x.com/YUIKAORI_STAFF/status/717595316988416000","<a href=""http://twitter.com"" rel=""nofollow"">Twitter Web Client</a>","#小倉唯","https://www.ogurayui-entry.com","",""
"717595279227158528","小倉 唯 1st LIVE TOUR「High-Touch☆Summer」チケット最速先行予約受付に当選された皆さん！ 
(1)決済選択期間(4/15 18:00まで)に、決済方法を選択する
(2)画面またはメールに表示された【支払期限まで】に、指定の方法にて代金を支払う
→続く","ja","Tweet","ゆいかおり(小倉 唯＆石原夏織)公式","YUIKAORI_STAFF","","0","129","0","191","0","2016-04-06 15:10:21","https://x.com/YUIKAORI_STAFF/status/717595279227158528","<a href=""http://twitter.com"" rel=""nofollow"">Twitter Web Client</a>","","","",""
"717594482565210112","小倉 唯 1st LIVE TOUR「High-Touch☆Summer」チケット最速先行予約受付の当落結果を発表しました！
お申し込みされた皆さん、申し込みページへログイン(https://t.co/lnkviS1zin)し結果を確認くださいね～♪　#小倉唯
→続く","ja","Tweet","ゆいかおり(小倉 唯＆石原夏織)公式","YUIKAORI_STAFF","","0","170","0","212","0","2016-04-06 15:07:11","https://x.com/YUIKAORI_STAFF/status/717594482565210112","<a href=""http://twitter.com"" rel=""nofollow"">Twitter Web Client</a>","#小倉唯","https://www.ogurayui-entry.com","",""
"716656299790827521","アメブロを更新しました。 『ガッチャ！』
⇒ https://t.co/0wZkJNSgHM","ja","Tweet","ゆいかおり(小倉 唯＆石原夏織)公式","YUIKAORI_STAFF","","1","127","0","268","0","2016-04-04 00:59:11","https://x.com/YUIKAORI_STAFF/status/716656299790827521","<a href=""https://ameblo.jp/"" rel=""nofollow"">Ameba_Blog</a>","","http://ameblo.jp/ishiharakaori-0806/entry-12146455938.html","",""
"716647726549585920","まもなく実ラジはじまりますよー！！ #yuikaori #joqr #実ラジ","ja","Tweet","ゆいかおり(小倉 唯＆石原夏織)公式","YUIKAORI_STAFF","","0","63","0","127","0","2016-04-04 00:25:07","https://x.com/YUIKAORI_STAFF/status/716647726549585920","<a href=""http://twitter.com/download/iphone"" rel=""nofollow"">Twitter for iPhone</a>","#yuikaori, #joqr, #実ラジ","","",""
"716628095298461696","この後24:30〜文化放送にて「ゆいかおりの実♪」が放送になりますよ〜！是非お聞き下さいね！！ #yuikaori #joqr #実ラジ","ja","Tweet","ゆいかおり(小倉 唯＆石原夏織)公式","YUIKAORI_STAFF","","0","79","0","153","0","2016-04-03 23:07:06","https://x.com/YUIKAORI_STAFF/status/716628095298461696","<a href=""http://twitter.com/download/iphone"" rel=""nofollow"">Twitter for iPhone</a>","#yuikaori, #joqr, #実ラジ","","",""
"715919589431848960","アメブロを更新しました。 『えへへ(^-^)☆』
⇒ https://t.co/jt8SeiUzUn","ja","Tweet","ゆいかおり(小倉 唯＆石原夏織)公式","YUIKAORI_STAFF","","0","359","0","532","0","2016-04-02 00:11:45","https://x.com/YUIKAORI_STAFF/status/715919589431848960","<a href=""https://ameblo.jp/"" rel=""nofollow"">Ameba_Blog</a>","","http://ameblo.jp/ogurayui-0815/entry-12145717070.html","",""
"715907255720280064","この後、23:59をもって今年のエイプリルフール企画を終了しちゃいます…。
ぜひ今のうちに目に焼き付けてくださいねー！
【ゆいかおり】https://t.co/sIDdZCXWdR　#yuikaori 
【小倉 唯】https://t.co/A8Zc0D9OdV　#小倉唯","ja","Tweet","ゆいかおり(小倉 唯＆石原夏織)公式","YUIKAORI_STAFF","","0","125","0","202","0","2016-04-01 23:22:45","https://x.com/YUIKAORI_STAFF/status/715907255720280064","<a href=""http://twitter.com"" rel=""nofollow"">Twitter Web Client</a>","#yuikaori, #小倉唯","http://www.yuikaori.info
http://www.ogurayui.jp","",""
"715906849774546945","ゆいかおりサイトの写真は、LIVE TOUR「RAINBOW CANARY!!」内の映像コーナーから、愛知・神奈川公演をチョイスしてみました☆
小倉 唯サイトの写真は、1st LIVE「HAPPY JAM」内の映像コーナーで大活躍してくれたカワウソくんでした♪
→続く","ja","Tweet","ゆいかおり(小倉 唯＆石原夏織)公式","YUIKAORI_STAFF","","0","103","0","215","0","2016-04-01 23:21:08","https://x.com/YUIKAORI_STAFF/status/715906849774546945","<a href=""http://twitter.com"" rel=""nofollow"">Twitter Web Client</a>","","","",""
"715906486908522496","本日１日、エイプリルフール企画にお付き合いくださりありがとうございましたー！！
【ゆいかおり公式サイト】https://t.co/sIDdZCXWdR　#yuikaori 
【小倉 唯 公式サイト】https://t.co/A8Zc0D9OdV　#小倉唯
→続く","ja","Tweet","ゆいかおり(小倉 唯＆石原夏織)公式","YUIKAORI_STAFF","","0","93","0","196","0","2016-04-01 23:19:42","https://x.com/YUIKAORI_STAFF/status/715906486908522496","<a href=""http://twitter.com"" rel=""nofollow"">Twitter Web Client</a>","#yuikaori, #小倉唯","http://www.yuikaori.info
http://www.ogurayui.jp","",""
"715557474456064000","本日4/1は、エイプリルフール♪
ということで、ゆいかおり・小倉 唯 公式サイトTOPページをスペシャル仕様にしちゃいましたー☆
【ゆいかおり】https://t.co/sIDdZCXWdR
【小倉 唯】https://t.co/A8Zc0D9OdV　#yuikaori　#小倉唯","ja","Tweet","ゆいかおり(小倉 唯＆石原夏織)公式","YUIKAORI_STAFF","","2","460","0","419","0","2016-04-01 00:12:50","https://x.com/YUIKAORI_STAFF/status/715557474456064000","<a href=""http://twitter.com"" rel=""nofollow"">Twitter Web Client</a>","#yuikaori, #小倉唯","http://www.yuikaori.info
http://www.ogurayui.jp","",""
"715556442632167424","アメブロを更新しました。 『アイカツ！とここたま』
⇒ https://t.co/XxSTBLx19N","ja","Tweet","ゆいかおり(小倉 唯＆石原夏織)公式","YUIKAORI_STAFF","","0","134","0","221","0","2016-04-01 00:08:44","https://x.com/YUIKAORI_STAFF/status/715556442632167424","<a href=""https://ameblo.jp/"" rel=""nofollow"">Ameba_Blog</a>","","http://ameblo.jp/ishiharakaori-0806/entry-12145335709.html","",""
"715554709575053313","≪ゆいかおり・小倉 唯：公式サイト更新≫
ゆいかおり・小倉 唯 公式サイトTOPページを更新しました…？？
あれれ…？あれ…？
【ゆいかおり】https://t.co/sIDdZCXWdR　#yuikaori
【小倉 唯】https://t.co/A8Zc0D9OdV　#小倉唯","ja","Tweet","ゆいかおり(小倉 唯＆石原夏織)公式","YUIKAORI_STAFF","","8","457","0","423","0","2016-04-01 00:01:51","https://x.com/YUIKAORI_STAFF/status/715554709575053313","<a href=""http://twitter.com"" rel=""nofollow"">Twitter Web Client</a>","#yuikaori, #小倉唯","http://www.yuikaori.info
http://www.ogurayui.jp","",""
"715455563266568192","アメブロを更新しました。 『スターオーシャン5☆』
⇒ https://t.co/VWODdd13va","ja","Tweet","ゆいかおり(小倉 唯＆石原夏織)公式","YUIKAORI_STAFF","","0","179","0","266","0","2016-03-31 17:27:53","https://x.com/YUIKAORI_STAFF/status/715455563266568192","<a href=""https://ameblo.jp/"" rel=""nofollow"">Ameba_Blog</a>","","http://ameblo.jp/ogurayui-0815/entry-12145179888.html","",""
"715210955097907200","アメブロを更新しました。 『実デジ 生放送〜♪』
⇒ https://t.co/9GotS4Rnnw","ja","Tweet","ゆいかおり(小倉 唯＆石原夏織)公式","YUIKAORI_STAFF","","0","131","0","257","0","2016-03-31 01:15:54","https://x.com/YUIKAORI_STAFF/status/715210955097907200","<a href=""https://ameblo.jp/"" rel=""nofollow"">Ameba_Blog</a>","","http://ameblo.jp/ishiharakaori-0806/entry-12144984747.html","",""
"715177312526798848","「復刻版！ゆいかおりの実♪デジタル」ご覧頂きましてありがとうございました！！「ゆいかおりの実♪」は毎週日曜日24:30〜文化放送にて放送中です！！ #yuikaori #agqr #実デジ https://t.co/LQmJEJsUzC","ja","Tweet","ゆいかおり(小倉 唯＆石原夏織)公式","YUIKAORI_STAFF","","30","753","0","1281","3","2016-03-30 23:02:13","https://x.com/YUIKAORI_STAFF/status/715177312526798848","<a href=""http://twitter.com/download/iphone"" rel=""nofollow"">Twitter for iPhone</a>","#yuikaori, #agqr, #実デジ","","photo","https://pbs.twimg.com/media/CezR73eXIAAKOFw.jpg"
"715162753690771456","「復刻版！ゆいかおりの実♪デジタル」ではメールを大募集中！テーマは「オトナになったなぁと思った時」。宛先は yuikaori@joqr.net です！
＜視聴ページ(超!A&amp;G HP)＞ https://t.co/ltXexC9l4x  #yuikaori #agqr #実デジ","ja","Tweet","ゆいかおり(小倉 唯＆石原夏織)公式","YUIKAORI_STAFF","","0","116","0","138","0","2016-03-30 22:04:22","https://x.com/YUIKAORI_STAFF/status/715162753690771456","<a href=""http://twitter.com/download/iphone"" rel=""nofollow"">Twitter for iPhone</a>","#yuikaori, #agqr, #実デジ","http://www.agqr.jp/","",""
"715159264247939073","まもなく「復刻版！ゆいかおりの実♪デジタル」生放送始まりますよー！！
＜視聴ページ(超!A&amp;G HP)＞ https://t.co/ltXexC9l4x 
#yuikaori #joqr #実ラジ https://t.co/uO5y1Z1OSJ","ja","Tweet","ゆいかおり(小倉 唯＆石原夏織)公式","YUIKAORI_STAFF","","1","234","0","239","0","2016-03-30 21:50:30","https://x.com/YUIKAORI_STAFF/status/715159264247939073","<a href=""http://twitter.com/download/iphone"" rel=""nofollow"">Twitter for iPhone</a>","#yuikaori, #joqr, #実ラジ","http://www.agqr.jp/","photo","https://pbs.twimg.com/media/CezBjI0WEAA2TuQ.jpg"
"715158521021530112","アメブロを更新しました。 『復刻版〜☆』
⇒ https://t.co/9wIm8pIsZ7","ja","Tweet","ゆいかおり(小倉 唯＆石原夏織)公式","YUIKAORI_STAFF","","1","156","0","199","0","2016-03-30 21:47:33","https://x.com/YUIKAORI_STAFF/status/715158521021530112","<a href=""https://ameblo.jp/"" rel=""nofollow"">Ameba_Blog</a>","","http://ameblo.jp/ogurayui-0815/entry-12144911595.html","",""
"715154761503211521","「復刻版！ゆいかおりの実♪デジタル」あと30分ですよ〜！♪
 ＜視聴ページ(超!A&amp;G HP)＞ 
agqr.jp 
#yuikaori #agqr #実デジ https://t.co/v45ccqzIoR","ja","Tweet","ゆいかおり(小倉 唯＆石原夏織)公式","YUIKAORI_STAFF","","3","253","1","293","2","2016-03-30 21:32:36","https://x.com/YUIKAORI_STAFF/status/715154761503211521","<a href=""http://twitter.com/download/iphone"" rel=""nofollow"">Twitter for iPhone</a>","#yuikaori, #agqr, #実デジ","","photo","https://pbs.twimg.com/media/Cey9bU-XEAA-4Ew.jpg"
"715146944935370758","「復刻版！ゆいかおりの実♪デジタル」生放送まであと1時間ですよー！！22時から１時間動画付き生放送でお送りしますので是非ご覧くださいね〜♪
 ＜視聴ページ(超!A&amp;G HP)＞ https://t.co/ltXexC9l4x 
#yuikaori #joqr #実ラジ","ja","Tweet","ゆいかおり(小倉 唯＆石原夏織)公式","YUIKAORI_STAFF","","0","206","0","229","0","2016-03-30 21:01:33","https://x.com/YUIKAORI_STAFF/status/715146944935370758","<a href=""http://twitter.com"" rel=""nofollow"">Twitter Web Client</a>","#yuikaori, #joqr, #実ラジ","http://www.agqr.jp/","",""
"715065609839452160","いよいよ本日の22:00から！
スペシャル復刻版「ゆいかおりの実♪デジタル」が生放送になりますよー！
1時間の動画付き生放送です！お楽しみにっ！

＜視聴ページ(超!A&amp;G HP)＞
https://t.co/ltXexC9l4x

#実ラジ #yuikaori  #joqr","ja","Tweet","ゆいかおり(小倉 唯＆石原夏織)公式","YUIKAORI_STAFF","","2","387","0","407","0","2016-03-30 15:38:21","https://x.com/YUIKAORI_STAFF/status/715065609839452160","<a href=""http://twitter.com/download/iphone"" rel=""nofollow"">Twitter for iPhone</a>","#実ラジ, #yuikaori, #joqr","http://www.agqr.jp/","",""
"714788101466378245","アメブロを更新しました。 『アニサマ！！』
⇒ https://t.co/5GSvOieou8","ja","Tweet","ゆいかおり(小倉 唯＆石原夏織)公式","YUIKAORI_STAFF","","0","157","0","255","0","2016-03-29 21:15:38","https://x.com/YUIKAORI_STAFF/status/714788101466378245","<a href=""https://ameblo.jp/"" rel=""nofollow"">Ameba_Blog</a>","","http://ameblo.jp/ishiharakaori-0806/entry-12144543911.html","",""
"714366094035722240","≪ゆいかおり：公式サイト更新≫
石原夏織の出演情報を更新しました☆
https://t.co/9IT8M7mr7s　#yuikaori","ja","Tweet","ゆいかおり(小倉 唯＆石原夏織)公式","YUIKAORI_STAFF","","0","69","0","144","0","2016-03-28 17:18:43","https://x.com/YUIKAORI_STAFF/status/714366094035722240","<a href=""http://twitter.com"" rel=""nofollow"">Twitter Web Client</a>","#yuikaori","http://www.yuikaori.info/profile/","",""
"714119659734208512","【実デジメール募集2】「贅沢な朝ご飯と言えば？」「クッキーを食べる時の擬音語と言えば？」「ライブ中、お客さんに向けてする仕草と言えば？」など「○○と言えば？」に繋がることならなんでもOK！いつもの宛先 yuikaori@joqr.net まで送ってください♪ #yuikaori","ja","Tweet","ゆいかおり(小倉 唯＆石原夏織)公式","YUIKAORI_STAFF","","0","135","0","218","0","2016-03-28 00:59:29","https://x.com/YUIKAORI_STAFF/status/714119659734208512","<a href=""http://twitter.com/download/iphone"" rel=""nofollow"">Twitter for iPhone</a>","#yuikaori","","",""
"714119599562711041","【実デジメール募集1】3/30（水）22:00～文化放送 超！A&amp;G+で生放送でお送りする「復刻版！ゆいかおりの実♪デジタル」に向けて、皆さんからゆいかおりの“シンクロ率”をはかる「シンクロチャレンジ」のお題を募集します！（続く→）#yuikaori #実ラジ","ja","Tweet","ゆいかおり(小倉 唯＆石原夏織)公式","YUIKAORI_STAFF","","0","159","0","241","0","2016-03-28 00:59:14","https://x.com/YUIKAORI_STAFF/status/714119599562711041","<a href=""http://twitter.com/download/iphone"" rel=""nofollow"">Twitter for iPhone</a>","#yuikaori, #実ラジ","","",""
"714118356740091904","激突ファイトの結果はこちらです！！ #yuikaori #joqr #実ラジ https://t.co/8UpPw1ubrx","ja","Tweet","ゆいかおり(小倉 唯＆石原夏織)公式","YUIKAORI_STAFF","","1","215","1","403","1","2016-03-28 00:54:18","https://x.com/YUIKAORI_STAFF/status/714118356740091904","<a href=""http://twitter.com/download/iphone"" rel=""nofollow"">Twitter for iPhone</a>","#yuikaori, #joqr, #実ラジ","","photo","https://pbs.twimg.com/media/CekO2f_WIAEuzd-.jpg"
"714111323391418368","まもなく実ラジはじまりますよっ！！ #yuikaori #joqr #実ラジ","ja","Tweet","ゆいかおり(小倉 唯＆石原夏織)公式","YUIKAORI_STAFF","","1","65","0","134","0","2016-03-28 00:26:21","https://x.com/YUIKAORI_STAFF/status/714111323391418368","<a href=""http://twitter.com/download/iphone"" rel=""nofollow"">Twitter for iPhone</a>","#yuikaori, #joqr, #実ラジ","","",""
"714090850410635264","この後24:30〜は文化放送にて「ゆいかおりの実♪」が放送になりますよ！！是非お聞き下さいね〜♪ #yuikaori #joqr #実ラジ","ja","Tweet","ゆいかおり(小倉 唯＆石原夏織)公式","YUIKAORI_STAFF","","0","64","0","130","0","2016-03-27 23:05:00","https://x.com/YUIKAORI_STAFF/status/714090850410635264","<a href=""http://twitter.com/download/iphone"" rel=""nofollow"">Twitter for iPhone</a>","#yuikaori, #joqr, #実ラジ","","",""
"714058250111455232","アメブロを更新しました。 『お知らせです！』
⇒ https://t.co/b1U4I4CtNg","ja","Tweet","ゆいかおり(小倉 唯＆石原夏織)公式","YUIKAORI_STAFF","","0","145","0","255","0","2016-03-27 20:55:28","https://x.com/YUIKAORI_STAFF/status/714058250111455232","<a href=""https://ameblo.jp/"" rel=""nofollow"">Ameba_Blog</a>","","http://ameblo.jp/ishiharakaori-0806/entry-12143822556.html","",""
"713738381641932800","アメブロを更新しました。 『公開録音❤︎』
⇒ https://t.co/tFFY2nHZi6","ja","Tweet","ゆいかおり(小倉 唯＆石原夏織)公式","YUIKAORI_STAFF","","0","175","0","281","0","2016-03-26 23:44:25","https://x.com/YUIKAORI_STAFF/status/713738381641932800","<a href=""https://ameblo.jp/"" rel=""nofollow"">Ameba_Blog</a>","","http://ameblo.jp/ishiharakaori-0806/entry-12143530023.html","",""
"713711862089523200","アメブロを更新しました。 『アニサマ&amp;AnimeJapan☆』
⇒ https://t.co/rUIfXBIAVz","ja","Tweet","ゆいかおり(小倉 唯＆石原夏織)公式","YUIKAORI_STAFF","","0","322","0","423","0","2016-03-26 21:59:02","https://x.com/YUIKAORI_STAFF/status/713711862089523200","<a href=""https://ameblo.jp/"" rel=""nofollow"">Ameba_Blog</a>","","http://ameblo.jp/ogurayui-0815/entry-12143487004.html","",""
"713618851880022016","アメブロを更新しました。 『今夜は！』
⇒ https://t.co/q1ipxbOro0","ja","Tweet","ゆいかおり(小倉 唯＆石原夏織)公式","YUIKAORI_STAFF","","0","119","0","220","0","2016-03-26 15:49:27","https://x.com/YUIKAORI_STAFF/status/713618851880022016","<a href=""https://ameblo.jp/"" rel=""nofollow"">Ameba_Blog</a>","","http://ameblo.jp/ishiharakaori-0806/entry-12143364014.html","",""
"713597264703266817","ゆいかおり・小倉 唯が「Animelo Summer Live 2016 刻-TOKI-」の最終日、8/28(日)に出演することが決定しました！！ https://t.co/kEO12TFGw2  #anisama　#yuikaori　#小倉唯","ja","Tweet","ゆいかおり(小倉 唯＆石原夏織)公式","YUIKAORI_STAFF","","0","309","0","329","0","2016-03-26 14:23:40","https://x.com/YUIKAORI_STAFF/status/713597264703266817","<a href=""http://twitter.com/download/iphone"" rel=""nofollow"">Twitter for iPhone</a>","#anisama, #yuikaori, #小倉唯","http://anisama.tv/","",""
"713594229872676864","≪ゆいかおり・小倉 唯：公式サイト更新≫
「Animelo Summer Live 2016 刻-TOKI-」出演決定！
https://t.co/8dVKBdFjmX　#yuikaori　#小倉唯","ja","Tweet","ゆいかおり(小倉 唯＆石原夏織)公式","YUIKAORI_STAFF","","0","252","0","239","0","2016-03-26 14:11:36","https://x.com/YUIKAORI_STAFF/status/713594229872676864","<a href=""http://twitter.com"" rel=""nofollow"">Twitter Web Client</a>","#yuikaori, #小倉唯","http://www.yuikaori.info/info/1563/","",""
"713382917548826624","アメブロを更新しました。 『ぐんまづくり2016☆』
⇒ https://t.co/t2qKscfxLk","ja","Tweet","ゆいかおり(小倉 唯＆石原夏織)公式","YUIKAORI_STAFF","","0","245","0","387","0","2016-03-26 00:11:56","https://x.com/YUIKAORI_STAFF/status/713382917548826624","<a href=""https://ameblo.jp/"" rel=""nofollow"">Ameba_Blog</a>","","http://ameblo.jp/ogurayui-0815/entry-12143177313.html","",""
"713205497281642497","≪ゆいかおり・小倉 唯：公式サイト更新≫
小倉 唯＆石原夏織の出演情報を更新しました☆
https://t.co/9IT8M7mr7s　#yuikaori","ja","Tweet","ゆいかおり(小倉 唯＆石原夏織)公式","YUIKAORI_STAFF","","0","78","0","145","0","2016-03-25 12:26:55","https://x.com/YUIKAORI_STAFF/status/713205497281642497","<a href=""http://twitter.com"" rel=""nofollow"">Twitter Web Client</a>","#yuikaori","http://www.yuikaori.info/profile/","",""
"713200301809868801","ゆいかおりライブグッズ通信販売、ただ今受付中です☆
受付期間は【3/28(月)午前11:59まで】！
お申し込みはこちらから♪→https://t.co/tJg15BLpth
#RAINBOW_CANARY #yuikaori","ja","Tweet","ゆいかおり(小倉 唯＆石原夏織)公式","YUIKAORI_STAFF","","0","73","0","138","0","2016-03-25 12:06:17","https://x.com/YUIKAORI_STAFF/status/713200301809868801","<a href=""http://twitter.com"" rel=""nofollow"">Twitter Web Client</a>","#RAINBOW_CANARY, #yuikaori","http://kingeshop.jp/shop/contents1/yuikaori_goods.aspx","",""
"713028099487588352","アメブロを更新しました。 『かみさまみならい ヒミツのここたま❤︎』
⇒ https://t.co/nppYj51O2S","ja","Tweet","ゆいかおり(小倉 唯＆石原夏織)公式","YUIKAORI_STAFF","","0","183","0","287","0","2016-03-25 00:42:00","https://x.com/YUIKAORI_STAFF/status/713028099487588352","<a href=""https://ameblo.jp/"" rel=""nofollow"">Ameba_Blog</a>","","http://ameblo.jp/ishiharakaori-0806/entry-12142827180.html","",""
"712429993893072896","アメブロを更新しました。 『おはよう〜(^-^)☆』
⇒ https://t.co/QEytBC8dU1","ja","Tweet","ゆいかおり(小倉 唯＆石原夏織)公式","YUIKAORI_STAFF","","0","183","0","321","0","2016-03-23 09:05:21","https://x.com/YUIKAORI_STAFF/status/712429993893072896","<a href=""https://ameblo.jp/"" rel=""nofollow"">Ameba_Blog</a>","","http://ameblo.jp/ogurayui-0815/entry-12142180145.html","",""
"712203339262349312","先ほど18:00にて、小倉 唯 1st LIVE TOUR「High-Touch☆Summer」チケット最速先行予約受付を締切ました！たくさんのお申込みありがとうございました♪当落結果発表は、4/6(水)15:00予定です！https://t.co/lnkviS1zin　#小倉唯","ja","Tweet","ゆいかおり(小倉 唯＆石原夏織)公式","YUIKAORI_STAFF","","0","123","0","167","0","2016-03-22 18:04:42","https://x.com/YUIKAORI_STAFF/status/712203339262349312","<a href=""http://twitter.com"" rel=""nofollow"">Twitter Web Client</a>","#小倉唯","https://www.ogurayui-entry.com","",""
"712186714169561089","【締切まで、あと1時間！】
小倉 唯 1st LIVE TOUR「High-Touch☆Summer」チケット最速先行予約受付は＜この後、18:00で締切＞となります！！
お急ぎください～！
お申し込みはこちらからです☆→https://t.co/lnkviS1zin 　#小倉唯","ja","Tweet","ゆいかおり(小倉 唯＆石原夏織)公式","YUIKAORI_STAFF","","0","79","0","104","0","2016-03-22 16:58:39","https://x.com/YUIKAORI_STAFF/status/712186714169561089","<a href=""http://twitter.com"" rel=""nofollow"">Twitter Web Client</a>","#小倉唯","https://www.ogurayui-entry.com","",""
"712185993147736064","≪ゆいかおり・小倉唯：公式サイト更新≫
小倉 唯、「大ヴァンガ祭×大バディ祭2016」出演決定！
https://t.co/14BBPL1FYu　#小倉唯","ja","Tweet","ゆいかおり(小倉 唯＆石原夏織)公式","YUIKAORI_STAFF","","0","141","0","167","0","2016-03-22 16:55:47","https://x.com/YUIKAORI_STAFF/status/712185993147736064","<a href=""http://twitter.com"" rel=""nofollow"">Twitter Web Client</a>","#小倉唯","http://www.yuikaori.info/info/1556/","",""
"712110410032291841","【締切まで、あと6時間！】
小倉 唯 1st LIVE TOUR「High-Touch☆Summer」チケット最速先行予約受付は＜本日22日(火)18:00 締切＞！
申し込むなら、今ですよ～！！！
お手続きはこちらから☆→https://t.co/lnkviS1zin　#小倉唯","ja","Tweet","ゆいかおり(小倉 唯＆石原夏織)公式","YUIKAORI_STAFF","","0","103","0","127","0","2016-03-22 11:55:26","https://x.com/YUIKAORI_STAFF/status/712110410032291841","<a href=""http://twitter.com"" rel=""nofollow"">Twitter Web Client</a>","#小倉唯","https://www.ogurayui-entry.com","",""
"711836185602076672","【締切まで、あと1日！】
小倉 唯 1st LIVE TOUR「High-Touch☆Summer」チケット最速先行予約受付は＜明日22日(火)18:00 締切＞ですよー！
お悩み中の皆さん、お申し込みこちらからどうぞ☆→https://t.co/lnkviS1zin 　#小倉唯","ja","Tweet","ゆいかおり(小倉 唯＆石原夏織)公式","YUIKAORI_STAFF","","0","113","0","158","0","2016-03-21 17:45:46","https://x.com/YUIKAORI_STAFF/status/711836185602076672","<a href=""http://twitter.com"" rel=""nofollow"">Twitter Web Client</a>","#小倉唯","https://www.ogurayui-entry.com","",""
"711574931977281536","まもなく実ラジ始まりますよ〜♪ #yuikaori #joqr #実ラジ","ja","Tweet","ゆいかおり(小倉 唯＆石原夏織)公式","YUIKAORI_STAFF","","0","62","0","120","0","2016-03-21 00:27:38","https://x.com/YUIKAORI_STAFF/status/711574931977281536","<a href=""http://twitter.com/download/iphone"" rel=""nofollow"">Twitter for iPhone</a>","#yuikaori, #joqr, #実ラジ","","",""
"711555344099487744","24:30〜文化放送にて「ゆいかおりの実♪」が放送になります！是非お聞き下さいね！！ #yuikaori #joqr #実ラジ","ja","Tweet","ゆいかおり(小倉 唯＆石原夏織)公式","YUIKAORI_STAFF","","0","57","0","124","0","2016-03-20 23:09:48","https://x.com/YUIKAORI_STAFF/status/711555344099487744","<a href=""http://twitter.com/download/iphone"" rel=""nofollow"">Twitter for iPhone</a>","#yuikaori, #joqr, #実ラジ","","",""
"711494875074572290","アメブロを更新しました。 『ゾンミちゃん☆』
⇒ https://t.co/ALT4T2HbET","ja","Tweet","ゆいかおり(小倉 唯＆石原夏織)公式","YUIKAORI_STAFF","","0","147","0","259","0","2016-03-20 19:09:31","https://x.com/YUIKAORI_STAFF/status/711494875074572290","<a href=""https://ameblo.jp/"" rel=""nofollow"">Ameba_Blog</a>","","http://ameblo.jp/ogurayui-0815/entry-12141264420.html","",""
"711398990055546880","【締切まで、あと2日！】
小倉 唯 1st LIVE TOUR「High-Touch☆Summer」チケット最速先行予約受付は＜22日(火)18:00 締切＞！
申込はこちらhttps://t.co/lnkviS1zin　#小倉唯
https://t.co/CWpiuytptF","ja","Tweet","ゆいかおり(小倉 唯＆石原夏織)公式","YUIKAORI_STAFF","","0","92","0","134","0","2016-03-20 12:48:31","https://x.com/YUIKAORI_STAFF/status/711398990055546880","<a href=""http://twitter.com"" rel=""nofollow"">Twitter Web Client</a>","#小倉唯","https://www.ogurayui-entry.com
https://youtu.be/F-ozxYJlkuY","",""
"711092796258525184","【締切まで、あと3日！】
小倉 唯 1st LIVE TOUR「High-Touch☆Summer」チケット最速先行予約受付の締切は＜22日(火)18:00＞！
申込はこちらhttps://t.co/lnkviS1zin　#小倉唯　https://t.co/CWpiuytptF","ja","Tweet","ゆいかおり(小倉 唯＆石原夏織)公式","YUIKAORI_STAFF","","0","96","0","148","0","2016-03-19 16:31:48","https://x.com/YUIKAORI_STAFF/status/711092796258525184","<a href=""http://twitter.com"" rel=""nofollow"">Twitter Web Client</a>","#小倉唯","https://www.ogurayui-entry.com
https://youtu.be/F-ozxYJlkuY","",""
"710662421560492032","≪ゆいかおり：公式サイト更新≫
ゆいかおりライブグッズ通信販売スケジュール決定！
https://t.co/noRqy8fUJZ　#RAINBOW_CANARY #yuikaori","ja","Tweet","ゆいかおり(小倉 唯＆石原夏織)公式","YUIKAORI_STAFF","","1","205","0","282","0","2016-03-18 12:01:39","https://x.com/YUIKAORI_STAFF/status/710662421560492032","<a href=""http://twitter.com"" rel=""nofollow"">Twitter Web Client</a>","#RAINBOW_CANARY, #yuikaori","http://www.yuikaori.info/info/1552/","",""
"710637008280883201","【締切まで、あと4日！】
小倉 唯 1st LIVE TOUR「High-Touch☆Summer」チケット最速先行予約受付、＜締切は 22日(火)18:00＞ですよー！
お申し込みはこちらから♪→https://t.co/lnkviS1zin　#小倉唯","ja","Tweet","ゆいかおり(小倉 唯＆石原夏織)公式","YUIKAORI_STAFF","","0","86","0","151","0","2016-03-18 10:20:40","https://x.com/YUIKAORI_STAFF/status/710637008280883201","<a href=""http://twitter.com"" rel=""nofollow"">Twitter Web Client</a>","#小倉唯","https://www.ogurayui-entry.com","",""
"710614603198107650","アメブロを更新しました。 『ハイタッチサマー☆』
⇒ https://t.co/i3hdcwljbV","ja","Tweet","ゆいかおり(小倉 唯＆石原夏織)公式","YUIKAORI_STAFF","","0","256","0","360","0","2016-03-18 08:51:38","https://x.com/YUIKAORI_STAFF/status/710614603198107650","<a href=""https://ameblo.jp/"" rel=""nofollow"">Ameba_Blog</a>","","http://ameblo.jp/ogurayui-0815/entry-12140399820.html","",""
"710303712770588672","【締切まで、あと5日！】
小倉 唯 1st LIVE TOUR「High-Touch☆Summer」チケット最速先行予約受付実施中♪
＜締切は 22日(火)18:00＞です！ https://t.co/lnkviS1zin　#小倉唯
https://t.co/CWpiuytptF","ja","Tweet","ゆいかおり(小倉 唯＆石原夏織)公式","YUIKAORI_STAFF","","0","139","0","188","0","2016-03-17 12:16:16","https://x.com/YUIKAORI_STAFF/status/710303712770588672","<a href=""http://twitter.com"" rel=""nofollow"">Twitter Web Client</a>","#小倉唯","https://www.ogurayui-entry.com
https://youtu.be/F-ozxYJlkuY","",""
"709912196382232576","アメブロを更新しました。 『武道館。』
⇒ https://t.co/KOBe9j0Dpd","ja","Tweet","ゆいかおり(小倉 唯＆石原夏織)公式","YUIKAORI_STAFF","","3","512","0","652","0","2016-03-16 10:20:31","https://x.com/YUIKAORI_STAFF/status/709912196382232576","<a href=""https://ameblo.jp/"" rel=""nofollow"">Ameba_Blog</a>","","http://ameblo.jp/ogurayui-0815/entry-12139717922.html","",""
"709370914199089153","アメブロを更新しました。 『めざましテレビ❤︎』
⇒ https://t.co/YMa1xX1M2A","ja","Tweet","ゆいかおり(小倉 唯＆石原夏織)公式","YUIKAORI_STAFF","","1","289","0","392","0","2016-03-14 22:29:40","https://x.com/YUIKAORI_STAFF/status/709370914199089153","<a href=""https://ameblo.jp/"" rel=""nofollow"">Ameba_Blog</a>","","http://ameblo.jp/ishiharakaori-0806/entry-12139243242.html","",""
"709322954329473024","明日3/15(火)5:25〜放送のフジテレビ「めざましテレビ」にて、ゆいかおり日本武道館公演の模様をOAすることが決定しました！みなさん是非チェックしてくださいね！※生放送のため放送内容は変更の可能性がございます。https://t.co/uWPeYPClql #yuikaori","ja","Tweet","ゆいかおり(小倉 唯＆石原夏織)公式","YUIKAORI_STAFF","","1","660","0","589","0","2016-03-14 19:19:05","https://x.com/YUIKAORI_STAFF/status/709322954329473024","<a href=""http://twitter.com"" rel=""nofollow"">Twitter Web Client</a>","#yuikaori","http://www.fujitv.co.jp/meza/","",""
"709319362126086145","≪ゆいかおり：公式サイト更新≫
フジテレビ「めざましテレビ」にて日本武道館公演の模様をOA！
https://t.co/Zlk2VpWNXf　#RAINBOW_CANARY #yuikaori","ja","Tweet","ゆいかおり(小倉 唯＆石原夏織)公式","YUIKAORI_STAFF","","1","507","0","487","0","2016-03-14 19:04:49","https://x.com/YUIKAORI_STAFF/status/709319362126086145","<a href=""http://twitter.com"" rel=""nofollow"">Twitter Web Client</a>","#RAINBOW_CANARY, #yuikaori","http://www.yuikaori.info/info/1538/","",""
"709215572790095873","小倉 唯 1st LIVE TOUR「High-Touch☆Summer」の特設サイトはこちらです！！
https://t.co/rCSE67hZjw
#小倉唯 https://t.co/p2aT2c6mVp","ja","Tweet","ゆいかおり(小倉 唯＆石原夏織)公式","YUIKAORI_STAFF","","1","264","0","310","0","2016-03-14 12:12:23","https://x.com/YUIKAORI_STAFF/status/709215572790095873","<a href=""http://twitter.com/download/iphone"" rel=""nofollow"">Twitter for iPhone</a>","#小倉唯","http://www.ogurayui.jp/special/2016/High-Touch-Summer/","photo","https://pbs.twimg.com/media/CdejzCkUMAAB6TO.jpg"
"709215233907105793","小倉 唯 1st LIVE TOUR「High-Touch☆Summerの開催が決定！チケット最速先行予約も22日(火)まで受付中です！下記よりお申込み頂けますよ〜♪
https://t.co/NpT3epqPBz
#小倉唯 https://t.co/2jJ37aeu16","ja","Tweet","ゆいかおり(小倉 唯＆石原夏織)公式","YUIKAORI_STAFF","","0","246","0","305","0","2016-03-14 12:11:03","https://x.com/YUIKAORI_STAFF/status/709215233907105793","<a href=""http://twitter.com/download/iphone"" rel=""nofollow"">Twitter for iPhone</a>","#小倉唯","https://www.ogurayui-entry.com/","photo","https://pbs.twimg.com/media/CdejfX-VIAA9gZk.jpg"
"709214937101414401","YouTubeのチャンネル登録は下記よりお願いします！！
【ゆいかおりYouTube OFFICIAL CHANNEL】
https://t.co/60zw9ZC6hC
【小倉 唯YouTube OFFICIAL CHANNEL】
https://t.co/SZWur22ccN","ja","Tweet","ゆいかおり(小倉 唯＆石原夏織)公式","YUIKAORI_STAFF","","0","108","0","198","0","2016-03-14 12:09:52","https://x.com/YUIKAORI_STAFF/status/709214937101414401","<a href=""http://twitter.com/download/iphone"" rel=""nofollow"">Twitter for iPhone</a>","","https://www.youtube.com/channel/UCwOIIYo5R9RIrkjxZ-qKG_w
https://www.youtube.com/channel/UCw6Y7niyneaJezhnkBSOqkQ","",""
"709055687800664064","小倉 唯 1st LIVE TOUR「High-Touch☆Summer」特設サイトもオープンしました！
https://t.co/rCSE67hZjw　#小倉唯","ja","Tweet","ゆいかおり(小倉 唯＆石原夏織)公式","YUIKAORI_STAFF","","0","254","0","353","0","2016-03-14 01:37:04","https://x.com/YUIKAORI_STAFF/status/709055687800664064","<a href=""http://twitter.com"" rel=""nofollow"">Twitter Web Client</a>","#小倉唯","http://www.ogurayui.jp/special/2016/High-Touch-Summer/","",""
"709055512009003008","大変お待たせいたしました！
小倉 唯 1st LIVE TOUR「High-Touch☆Summer」チケット最速先行予約受付は、こちらからお申し込みいただけます！
https://t.co/NpT3epqPBz　#小倉唯","ja","Tweet","ゆいかおり(小倉 唯＆石原夏織)公式","YUIKAORI_STAFF","","1","258","0","380","0","2016-03-14 01:36:22","https://x.com/YUIKAORI_STAFF/status/709055512009003008","<a href=""http://twitter.com"" rel=""nofollow"">Twitter Web Client</a>","#小倉唯","https://www.ogurayui-entry.com/","",""
"709055285407551488","【日程】
2016年7月9日(土)/ 7月10日(日) 千葉 幕張メッセ イベントホール  
2016年7月17日(日)愛知 一宮市民会館
2016年8月6日(土)大阪 オリックス劇場  
2016年8月14日(日)群馬 桐生市市民文化会館 シルクホール","ja","Tweet","ゆいかおり(小倉 唯＆石原夏織)公式","YUIKAORI_STAFF","","1","453","0","445","0","2016-03-14 01:35:28","https://x.com/YUIKAORI_STAFF/status/709055285407551488","<a href=""http://twitter.com"" rel=""nofollow"">Twitter Web Client</a>","","","",""
"709054536527163392","小倉 唯1st LIVE TOUR「High-Touch⭐︎Summer」の開催が決定しました！！
https://t.co/sZDScI3VxG 
動画のリンク先から是非チャンネル登録もしてくださいね♪
#yuikaori #小倉唯","ja","Tweet","ゆいかおり(小倉 唯＆石原夏織)公式","YUIKAORI_STAFF","","0","335","0","380","0","2016-03-14 01:32:29","https://x.com/YUIKAORI_STAFF/status/709054536527163392","<a href=""http://twitter.com"" rel=""nofollow"">Twitter Web Client</a>","#yuikaori, #小倉唯","https://www.youtube.com/watch?v=F-ozxYJlkuY","",""
"709051839811948544","ゆいかおり、小倉 唯YouTubeチャンネルはこちらです！
【ゆいかおりYouTube OFFICIAL CHANNEL】
https://t.co/60zw9ZC6hC
【小倉 唯YouTube OFFICIAL CHANNEL】
https://t.co/SZWur22ccN","ja","Tweet","ゆいかおり(小倉 唯＆石原夏織)公式","YUIKAORI_STAFF","","0","225","0","360","0","2016-03-14 01:21:46","https://x.com/YUIKAORI_STAFF/status/709051839811948544","<a href=""http://twitter.com"" rel=""nofollow"">Twitter Web Client</a>","","https://www.youtube.com/channel/UCwOIIYo5R9RIrkjxZ-qKG_w
https://www.youtube.com/channel/UCw6Y7niyneaJezhnkBSOqkQ","",""
"709049014499430400","≪ゆいかおり・小倉唯：公式サイト更新≫
小倉 唯 1st LIVE TOUR「High-Touch☆Summer」チケット最速先行予約受付実施！
https://t.co/rTHDBlQM4N　#小倉唯","ja","Tweet","ゆいかおり(小倉 唯＆石原夏織)公式","YUIKAORI_STAFF","","1","306","0","394","0","2016-03-14 01:10:33","https://x.com/YUIKAORI_STAFF/status/709049014499430400","<a href=""http://twitter.com"" rel=""nofollow"">Twitter Web Client</a>","#小倉唯","http://www.yuikaori.info/info/1524/","",""
"709048991137157124","≪ゆいかおり・小倉唯：公式サイト更新≫
小倉 唯 1st LIVE TOUR「High-Touch☆Summer」の開催が決定！
https://t.co/obmvqGuExi　#小倉唯","ja","Tweet","ゆいかおり(小倉 唯＆石原夏織)公式","YUIKAORI_STAFF","","0","449","0","419","0","2016-03-14 01:10:27","https://x.com/YUIKAORI_STAFF/status/709048991137157124","<a href=""http://twitter.com"" rel=""nofollow"">Twitter Web Client</a>","#小倉唯","http://www.yuikaori.info/info/1523/","",""
"709048848899973120","≪ゆいかおり・小倉唯：公式サイト更新≫
ゆいかおり・小倉 唯のYouTubeオフィシャルチャンネルが開設！
https://t.co/RitnXg7BgF　#yuikaori　#小倉唯","ja","Tweet","ゆいかおり(小倉 唯＆石原夏織)公式","YUIKAORI_STAFF","","2","252","0","336","0","2016-03-14 01:09:53","https://x.com/YUIKAORI_STAFF/status/709048848899973120","<a href=""http://twitter.com"" rel=""nofollow"">Twitter Web Client</a>","#yuikaori, #小倉唯","http://www.yuikaori.info/info/1522","",""
"709038037024419840","まもなく実ラジ始まりますよ〜♪今日で第101回目の放送になります！是非お聞き下さいねー！！ #yuikaori #joqr #実ラジ","ja","Tweet","ゆいかおり(小倉 唯＆石原夏織)公式","YUIKAORI_STAFF","","2","75","0","138","0","2016-03-14 00:26:55","https://x.com/YUIKAORI_STAFF/status/709038037024419840","<a href=""http://twitter.com/download/iphone"" rel=""nofollow"">Twitter for iPhone</a>","#yuikaori, #joqr, #実ラジ","","",""
"709031172735508481","この後24:30〜は「ゆいかおりの実♪」が放送になります！是非お聞き下さいね！！ #yuikaori #joqr #実ラジ","ja","Tweet","ゆいかおり(小倉 唯＆石原夏織)公式","YUIKAORI_STAFF","","0","83","0","136","0","2016-03-13 23:59:39","https://x.com/YUIKAORI_STAFF/status/709031172735508481","<a href=""http://twitter.com/download/iphone"" rel=""nofollow"">Twitter for iPhone</a>","#yuikaori, #joqr, #実ラジ","","",""
"708931555532472321","アメブロを更新しました。 『武道館公演2！！』
⇒ https://t.co/Y3Z5k0qv0q","ja","Tweet","ゆいかおり(小倉 唯＆石原夏織)公式","YUIKAORI_STAFF","","0","234","0","399","0","2016-03-13 17:23:48","https://x.com/YUIKAORI_STAFF/status/708931555532472321","<a href=""https://ameblo.jp/"" rel=""nofollow"">Ameba_Blog</a>","","http://ameblo.jp/ishiharakaori-0806/entry-12138761310.html","",""
"708846585984131072","≪ゆいかおり・小倉唯：公式サイト更新≫
小倉 唯6thシングル「ハイタッチ☆メモリー」発売記念イベント開催決定！
https://t.co/rEXooIJx6P　#小倉唯","ja","Tweet","ゆいかおり(小倉 唯＆石原夏織)公式","YUIKAORI_STAFF","","1","333","0","447","0","2016-03-13 11:46:10","https://x.com/YUIKAORI_STAFF/status/708846585984131072","<a href=""http://twitter.com"" rel=""nofollow"">Twitter Web Client</a>","#小倉唯","http://www.yuikaori.info/info/1516/","",""
"708672798370082816","ゆいかおり、自身初の武道館公演で魅せた！8,000人のファンの前で全21曲を熱唱（music.jpニュース） - Yahoo!ニュース https://t.co/mBjJ8eif4m","ja","Tweet","ゆいかおり(小倉 唯＆石原夏織)公式","YUIKAORI_STAFF","","2","747","0","982","0","2016-03-13 00:15:36","https://x.com/YUIKAORI_STAFF/status/708672798370082816","<a href=""http://twitter.com/download/iphone"" rel=""nofollow"">Twitter for iPhone</a>","","
http://headlines.yahoo.co.jp/hl?a=20160312-00116623-lisn-musi","",""
"708668549615628289","アメブロを更新しました。 『武道館！！』
⇒ https://t.co/nTrpbr1IHH","ja","Tweet","ゆいかおり(小倉 唯＆石原夏織)公式","YUIKAORI_STAFF","","0","492","0","729","0","2016-03-12 23:58:43","https://x.com/YUIKAORI_STAFF/status/708668549615628289","<a href=""https://ameblo.jp/"" rel=""nofollow"">Ameba_Blog</a>","","http://ameblo.jp/ishiharakaori-0806/entry-12138551991.html","",""
"708668324142456832","アメブロを更新しました。 『Brightest Stage〜日本武道館公演〜☆』
⇒ https://t.co/ffR1HsjNhv","ja","Tweet","ゆいかおり(小倉 唯＆石原夏織)公式","YUIKAORI_STAFF","","1","456","0","641","0","2016-03-12 23:57:49","https://x.com/YUIKAORI_STAFF/status/708668324142456832","<a href=""https://ameblo.jp/"" rel=""nofollow"">Ameba_Blog</a>","","http://ameblo.jp/ogurayui-0815/entry-12138553876.html","",""
"708648926266531841","改めまして、本日は本当に本当にありがとうございました！！！またみなさまにお会いできる日を楽しみにしておりますっ♪ #RAINBOW_CANARY #yuikaori https://t.co/cw3a0VcE1F","ja","Tweet","ゆいかおり(小倉 唯＆石原夏織)公式","YUIKAORI_STAFF","","44","1257","3","1668","1","2016-03-12 22:40:44","https://x.com/YUIKAORI_STAFF/status/708648926266531841","<a href=""http://twitter.com/download/iphone"" rel=""nofollow"">Twitter for iPhone</a>","#RAINBOW_CANARY, #yuikaori","","photo","https://pbs.twimg.com/media/CdWgbkJVAAAYHXn.jpg"
"708623771704229889","≪ゆいかおり：公式サイト更新≫
ゆいかおりライブグッズ通信販売決定！
https://t.co/QDUmq7kh73　#RAINBOW_CANARY　#yuikaori","ja","Tweet","ゆいかおり(小倉 唯＆石原夏織)公式","YUIKAORI_STAFF","","8","362","0","404","0","2016-03-12 21:00:47","https://x.com/YUIKAORI_STAFF/status/708623771704229889","<a href=""http://twitter.com"" rel=""nofollow"">Twitter Web Client</a>","#RAINBOW_CANARY, #yuikaori","http://www.yuikaori.info/info/1518/","",""
"708621278022774784","ゆいかおり初の日本武道館公演無事終演しました！！みなさん本当にありがとうございました！！！夏には12枚目のシングルをリリースします！これからも応援宜しくお願いします！！！
#RAINBOW_CANARY #yuikaori","ja","Tweet","ゆいかおり(小倉 唯＆石原夏織)公式","YUIKAORI_STAFF","","36","890","0","1064","0","2016-03-12 20:50:52","https://x.com/YUIKAORI_STAFF/status/708621278022774784","<a href=""http://twitter.com/download/iphone"" rel=""nofollow"">Twitter for iPhone</a>","#RAINBOW_CANARY, #yuikaori","","",""
"708560184180781058","ゆいかおり日本武道館公演、開場となりました♪
開演は、17:30予定！！
２人と一緒に最高なライブにする準備はできていますかー！？
#RAINBOW_CANARY #yuikaori https://t.co/VJvOJvzqSC","ja","Tweet","ゆいかおり(小倉 唯＆石原夏織)公式","YUIKAORI_STAFF","","8","460","0","639","0","2016-03-12 16:48:06","https://x.com/YUIKAORI_STAFF/status/708560184180781058","<a href=""http://twitter.com"" rel=""nofollow"">Twitter Web Client</a>","#RAINBOW_CANARY, #yuikaori","","photo","https://pbs.twimg.com/media/CdVPu4lUAAAKhna.jpg"
"708458353085648896","ゆいかおりも会場入りしましたよ〜！
みなさんをお迎えする準備を進めています☆
#RAINBOW_CANARY #yuikaori https://t.co/x84tZGkn56","ja","Tweet","ゆいかおり(小倉 唯＆石原夏織)公式","YUIKAORI_STAFF","","0","440","1","687","0","2016-03-12 10:03:28","https://x.com/YUIKAORI_STAFF/status/708458353085648896","<a href=""http://twitter.com"" rel=""nofollow"">Twitter Web Client</a>","#RAINBOW_CANARY, #yuikaori","","photo","https://pbs.twimg.com/media/CdTzHhrUMAAxMaf.jpg"
"708451746528374784","日本武道館会場限定の、CD•Blu-ray•DVD購入特典はこちらっ！
CD•Blu-ray・DVD販売エリアは時計台下で展開中です！
#RAINBOW_CANARY #yuikaori https://t.co/OluuDBmuCM","ja","Tweet","ゆいかおり(小倉 唯＆石原夏織)公式","YUIKAORI_STAFF","","0","189","0","301","1","2016-03-12 09:37:13","https://x.com/YUIKAORI_STAFF/status/708451746528374784","<a href=""http://twitter.com"" rel=""nofollow"">Twitter Web Client</a>","#RAINBOW_CANARY, #yuikaori","","photo","https://pbs.twimg.com/media/CdTtG4eUUAE0BFN.jpg
https://pbs.twimg.com/media/CdTtG-jVIAAPFPa.jpg"
"708451280427941893","グッズ販売エリアにあるモニュメントは、もちろん撮影OKです♪
日本武道館公演 来場記念にぜひ☆
#RAINBOW_CANARY #yuikaori https://t.co/a5IkpG3FrR","ja","Tweet","ゆいかおり(小倉 唯＆石原夏織)公式","YUIKAORI_STAFF","","0","284","0","479","1","2016-03-12 09:35:22","https://x.com/YUIKAORI_STAFF/status/708451280427941893","<a href=""http://twitter.com"" rel=""nofollow"">Twitter Web Client</a>","#RAINBOW_CANARY, #yuikaori","","photo","https://pbs.twimg.com/media/CdTsr2YUUAAA1t_.jpg"
"708450906031783936","グッズ販売エリアにＴシャツ・パーカーのサンプルを置いていますので、
ぜひお手にとってサイズチェックしてくださいね♪
#RAINBOW_CANARY #yuikaori https://t.co/kQdEqJIosH","ja","Tweet","ゆいかおり(小倉 唯＆石原夏織)公式","YUIKAORI_STAFF","","1","151","0","256","0","2016-03-12 09:33:53","https://x.com/YUIKAORI_STAFF/status/708450906031783936","<a href=""http://twitter.com"" rel=""nofollow"">Twitter Web Client</a>","#RAINBOW_CANARY, #yuikaori","","photo","https://pbs.twimg.com/media/CdTsWDrUkAEMNSQ.jpg"
"708450425482010624","グッズ販売は、予定を早め9:30よりスタートしました。
ラインナップ確認はこちらから！→https://t.co/HAJHB7Rdse
#RAINBOW_CANARY #yuikaori","ja","Tweet","ゆいかおり(小倉 唯＆石原夏織)公式","YUIKAORI_STAFF","","3","194","0","189","0","2016-03-12 09:31:58","https://x.com/YUIKAORI_STAFF/status/708450425482010624","<a href=""http://twitter.com"" rel=""nofollow"">Twitter Web Client</a>","#RAINBOW_CANARY, #yuikaori","http://www.yuikaori.info/special/2016/brightest-stage/","",""
"708449950623924224","やってきました！
ゆいかおりLIVE「RAINBOW CANARY!!」～Brightest Stage～ 日本武道館っ！！
最高の１日にしましょうね〜！！！
#RAINBOW_CANARY　#yuikaori https://t.co/EprxFMDG0U","ja","Tweet","ゆいかおり(小倉 唯＆石原夏織)公式","YUIKAORI_STAFF","","2","678","3","812","2","2016-03-12 09:30:05","https://x.com/YUIKAORI_STAFF/status/708449950623924224","<a href=""http://twitter.com"" rel=""nofollow"">Twitter Web Client</a>","#RAINBOW_CANARY, #yuikaori","","photo","https://pbs.twimg.com/media/CdTrecNVAAAmd27.jpg
https://pbs.twimg.com/media/CdTreZZUMAAiWhJ.jpg"
"708424636455751680","≪ゆいかおり：公式サイト更新≫ 
ゆいかおりLIVE「RAINBOW CANARY!!」～Brightest Stage～ 当日券について
https://t.co/Koy5OLDVtZ　#RAINBOW_CANARY #yuikaori","ja","Tweet","ゆいかおり(小倉 唯＆石原夏織)公式","YUIKAORI_STAFF","","0","121","0","129","0","2016-03-12 07:49:29","https://x.com/YUIKAORI_STAFF/status/708424636455751680","<a href=""http://twitter.com"" rel=""nofollow"">Twitter Web Client</a>","#RAINBOW_CANARY, #yuikaori","http://www.yuikaori.info/info/1512/","",""
"708292578886594560","みなさんをお迎えする準備はばっちり整っています☆
日本武道館周辺、やはり寒いので…暖かくしてお越しくださいね〜！！
それでは、明日！
ゆいかおり＆スタッフ一同、みなさんのご来場をお待ちしています♪
#RAINBOW_CANARY　#yuikaori","ja","Tweet","ゆいかおり(小倉 唯＆石原夏織)公式","YUIKAORI_STAFF","","6","296","0","416","0","2016-03-11 23:04:44","https://x.com/YUIKAORI_STAFF/status/708292578886594560","<a href=""http://twitter.com"" rel=""nofollow"">Twitter Web Client</a>","#RAINBOW_CANARY, #yuikaori","","",""
"708291294276136960","いよいよ明日3/12(土)！
ゆいかおり初となる武道館公演の幕が開きます！！！
みなさん、盛り上がる準備はできていますか〜？
#RAINBOW_CANARY　#yuikaori https://t.co/gyIEyAKD93","ja","Tweet","ゆいかおり(小倉 唯＆石原夏織)公式","YUIKAORI_STAFF","","17","659","1","752","1","2016-03-11 22:59:38","https://x.com/YUIKAORI_STAFF/status/708291294276136960","<a href=""http://twitter.com"" rel=""nofollow"">Twitter Web Client</a>","#RAINBOW_CANARY, #yuikaori","","photo","https://pbs.twimg.com/media/CdRbLbFUAAEopJf.jpg"
"708188456829059072","アメブロを更新しました。 『あと1日❤︎』
⇒ https://t.co/Nhu7DPAiMT","ja","Tweet","ゆいかおり(小倉 唯＆石原夏織)公式","YUIKAORI_STAFF","","1","170","0","255","0","2016-03-11 16:11:00","https://x.com/YUIKAORI_STAFF/status/708188456829059072","<a href=""https://ameblo.jp/"" rel=""nofollow"">Ameba_Blog</a>","","http://ameblo.jp/ishiharakaori-0806/entry-12138054581.html","",""
"708102032003960833","≪Team YUIKAORI：REPORT更新≫
いよいよ明日、ゆいかおり武道館公演が開幕っ！
～Brightest Stage～ グッズ紹介 ☆ その7 を更新しました♪
https://t.co/1gJAPeHv6v　#RAINBOW_CANARY #yuikaori","ja","Tweet","ゆいかおり(小倉 唯＆石原夏織)公式","YUIKAORI_STAFF","","1","94","0","149","0","2016-03-11 10:27:34","https://x.com/YUIKAORI_STAFF/status/708102032003960833","<a href=""http://twitter.com"" rel=""nofollow"">Twitter Web Client</a>","#RAINBOW_CANARY, #yuikaori","http://yuikaori-report.info","",""
"707916683629830144","アメブロを更新しました。 『サモンナイト6発売・グッズ紹介☆』
⇒ https://t.co/MpJ9S2Z6jo","ja","Tweet","ゆいかおり(小倉 唯＆石原夏織)公式","YUIKAORI_STAFF","","0","124","0","175","0","2016-03-10 22:11:04","https://x.com/YUIKAORI_STAFF/status/707916683629830144","<a href=""https://ameblo.jp/"" rel=""nofollow"">Ameba_Blog</a>","","http://ameblo.jp/ogurayui-0815/entry-12137821045.html","",""
"707907324107558912","≪Team YUIKAORI：REPORT更新≫
ゆいかおり武道館公演まで、あと２日！
～Brightest Stage～ グッズ紹介 ☆ その5〜6 を更新しました♪
https://t.co/1gJAPeHv6v  #RAINBOW_CANARY #yuikaori","ja","Tweet","ゆいかおり(小倉 唯＆石原夏織)公式","YUIKAORI_STAFF","","0","92","0","138","0","2016-03-10 21:33:53","https://x.com/YUIKAORI_STAFF/status/707907324107558912","<a href=""http://twitter.com"" rel=""nofollow"">Twitter Web Client</a>","#RAINBOW_CANARY, #yuikaori","http://yuikaori-report.info","",""
"707810386964307968","アメブロを更新しました。 『あと2日❤︎』
⇒ https://t.co/dfEjsGsxS1","ja","Tweet","ゆいかおり(小倉 唯＆石原夏織)公式","YUIKAORI_STAFF","","0","178","0","282","0","2016-03-10 15:08:41","https://x.com/YUIKAORI_STAFF/status/707810386964307968","<a href=""https://ameblo.jp/"" rel=""nofollow"">Ameba_Blog</a>","","http://ameblo.jp/ishiharakaori-0806/entry-12137685458.html","",""
"707536522065522688","≪Team YUIKAORI：REPORT更新≫
ゆいかおり武道館公演まで、あと３日！
～Brightest Stage～ グッズ紹介 ☆ その3〜4 を更新しました♪
https://t.co/1gJAPeHv6v #RAINBOW_CANARY #yuikaori","ja","Tweet","ゆいかおり(小倉 唯＆石原夏織)公式","YUIKAORI_STAFF","","0","99","0","155","0","2016-03-09 21:00:26","https://x.com/YUIKAORI_STAFF/status/707536522065522688","<a href=""http://twitter.com"" rel=""nofollow"">Twitter Web Client</a>","#RAINBOW_CANARY, #yuikaori","http://yuikaori-report.info","",""
"707225473986613254","アメブロを更新しました。 『再びですが、、』
⇒ https://t.co/zdl4z98FJ8","ja","Tweet","ゆいかおり(小倉 唯＆石原夏織)公式","YUIKAORI_STAFF","","0","131","0","222","0","2016-03-09 00:24:27","https://x.com/YUIKAORI_STAFF/status/707225473986613254","<a href=""https://ameblo.jp/"" rel=""nofollow"">Ameba_Blog</a>","","http://ameblo.jp/ishiharakaori-0806/entry-12137172679.html","",""
"707158237326352384","≪Team YUIKAORI：REPORT更新≫
ゆいかおり武道館公演まで、あと４日！
～Brightest Stage～ グッズ紹介 ☆ その1〜2 を更新しました♪
https://t.co/1gJAPeHv6v  #RAINBOW_CANARY #yuikaori","ja","Tweet","ゆいかおり(小倉 唯＆石原夏織)公式","YUIKAORI_STAFF","","0","94","0","162","0","2016-03-08 19:57:16","https://x.com/YUIKAORI_STAFF/status/707158237326352384","<a href=""http://twitter.com"" rel=""nofollow"">Twitter Web Client</a>","#RAINBOW_CANARY, #yuikaori","http://yuikaori-report.info","",""
"706510264800120832","スペシャル復刻版「ゆいかおりの実♪デジタル」の放送が決定しました！！！文化放送 超!A&amp;G+にて3月30日(水)22:00〜1時間動画付き生放送でお送りしますよ〜♪♪ お楽しみにっ！！https://t.co/hyFH0rAdQa実ラジ #yuikaori  #joqr","ja","Tweet","ゆいかおり(小倉 唯＆石原夏織)公式","YUIKAORI_STAFF","","0","364","0","470","0","2016-03-07 01:02:28","https://x.com/YUIKAORI_STAFF/status/706510264800120832","<a href=""http://twitter.com/download/iphone"" rel=""nofollow"">Twitter for iPhone</a>","#yuikaori, #joqr","http://www.yuikaori.info/info/1509/#","",""
"706509861832364032","≪ゆいかおり：公式サイト更新≫ 
スペシャル復刻版「ゆいかおりの実♪デジタル」の放送が決定！ https://t.co/hFD2mQbOly　#yuikaori","ja","Tweet","ゆいかおり(小倉 唯＆石原夏織)公式","YUIKAORI_STAFF","","0","228","0","296","0","2016-03-07 01:00:52","https://x.com/YUIKAORI_STAFF/status/706509861832364032","<a href=""http://twitter.com"" rel=""nofollow"">Twitter Web Client</a>","#yuikaori","http://www.yuikaori.info/info/1509/","",""
"706501159612067840","まもなく記念すべき第100回目の実ラジが放送になりますよー♪♪お聴き逃しなくっ！！#実ラジ #yuikaori  #joqr","ja","Tweet","ゆいかおり(小倉 唯＆石原夏織)公式","YUIKAORI_STAFF","","1","127","0","174","0","2016-03-07 00:26:17","https://x.com/YUIKAORI_STAFF/status/706501159612067840","<a href=""http://twitter.com/download/iphone"" rel=""nofollow"">Twitter for iPhone</a>","#実ラジ, #yuikaori, #joqr","","",""
"706477857422200833","いよいよ本日100回目の放送を迎えます「ゆいかおりの実♪」は文化放送にて24:30〜放送になります！！今までの実ラジ歴代名場面をプレイバックしますので是非聞いてくださいねー！！#実ラジ #yuikaori  #joqr","ja","Tweet","ゆいかおり(小倉 唯＆石原夏織)公式","YUIKAORI_STAFF","","1","136","0","204","0","2016-03-06 22:53:41","https://x.com/YUIKAORI_STAFF/status/706477857422200833","<a href=""http://twitter.com/download/iphone"" rel=""nofollow"">Twitter for iPhone</a>","#実ラジ, #yuikaori, #joqr","","",""
"706477753625812992","【ゆいかおり武道館グッズ紹介 その７☆】
さて〜。お楽しみいただけたでしょうか？
武道館公演グッズは、こちらより確認できます！事前チェックをお忘れなく♪
ライブグッズページはこちら→https://t.co/HAJHB7Rdse
#yuikaori　#RAINBOW_CANARY","ja","Tweet","ゆいかおり(小倉 唯＆石原夏織)公式","YUIKAORI_STAFF","","3","85","0","159","0","2016-03-06 22:53:16","https://x.com/YUIKAORI_STAFF/status/706477753625812992","<a href=""http://twitter.com"" rel=""nofollow"">Twitter Web Client</a>","#yuikaori, #RAINBOW_CANARY","http://www.yuikaori.info/special/2016/brightest-stage/","",""
"706477459168833536","【ゆいかおり武道館グッズ紹介 その６☆】
最後は、ペンライト＆iPhoneケース！！！！！！
ペンライトは、ピンク・ブルーに輝きます〜♪
iPhoneケースは、6/6s専用ですよ☆
#yuikaori　#RAINBOW_CANARY https://t.co/WSXSdnPqu3","ja","Tweet","ゆいかおり(小倉 唯＆石原夏織)公式","YUIKAORI_STAFF","","0","510","0","940","1","2016-03-06 22:52:06","https://x.com/YUIKAORI_STAFF/status/706477459168833536","<a href=""http://twitter.com"" rel=""nofollow"">Twitter Web Client</a>","#yuikaori, #RAINBOW_CANARY","","photo","https://pbs.twimg.com/media/Cc3pgVCVIAA5w1t.jpg"
"706476902886715392","【ゆいかおり武道館グッズ紹介 その５☆】
そして、ニットキャップ！！！！！
唯ちゃんから、かぶりかたのコツを教えてもらいました♪
深くかぶりすぎないのが、ポイント！
#yuikaori　#RAINBOW_CANARY https://t.co/lRUjygFKMV","ja","Tweet","ゆいかおり(小倉 唯＆石原夏織)公式","YUIKAORI_STAFF","","1","630","0","1042","1","2016-03-06 22:49:54","https://x.com/YUIKAORI_STAFF/status/706476902886715392","<a href=""http://twitter.com"" rel=""nofollow"">Twitter Web Client</a>","#yuikaori, #RAINBOW_CANARY","","photo","https://pbs.twimg.com/media/Cc3o_8bUcAAXoQN.jpg"
"706476119638171649","【ゆいかおり武道館グッズ紹介 その４☆】
お次は、Ｙ＆Ｋパーカー！！！！
夏織ちゃんが着ているパーカーは、Ｓサイズになります♪
バックプリントにも注目です！
#yuikaori　#RAINBOW_CANARY https://t.co/8szQNDuraf","ja","Tweet","ゆいかおり(小倉 唯＆石原夏織)公式","YUIKAORI_STAFF","","2","484","0","835","1","2016-03-06 22:46:47","https://x.com/YUIKAORI_STAFF/status/706476119638171649","<a href=""http://twitter.com"" rel=""nofollow"">Twitter Web Client</a>","#yuikaori, #RAINBOW_CANARY","","photo","https://pbs.twimg.com/media/Cc3oST4UkAEiEe9.jpg
https://pbs.twimg.com/media/Cc3oSXAVAAA6OrO.jpg"
"706475451426799616","【ゆいかおり武道館グッズ紹介 その３☆】
ライブのマストアイテム、マフラータオル！！！
このタオルにも、ゆいかおりカラーを配色していますよ〜♪
#yuikaori　#RAINBOW_CANARY https://t.co/bhRJrlZsOM","ja","Tweet","ゆいかおり(小倉 唯＆石原夏織)公式","YUIKAORI_STAFF","","0","386","0","758","1","2016-03-06 22:44:07","https://x.com/YUIKAORI_STAFF/status/706475451426799616","<a href=""http://twitter.com"" rel=""nofollow"">Twitter Web Client</a>","#yuikaori, #RAINBOW_CANARY","","photo","https://pbs.twimg.com/media/Cc3nrYyUcAAPNP9.jpg"
"706474439781711874","【ゆいかおり武道館グッズ紹介 その２☆】
まずは、ゆいかおりプロデュースＴシャツ＆リストバンド！！
唯ちゃん・夏織ちゃんそれぞれのカラーでまとめてみるのもいいですよね〜。
#yuikaori　#RAINBOW_CANARY https://t.co/HAXoLIlRsP","ja","Tweet","ゆいかおり(小倉 唯＆石原夏織)公式","YUIKAORI_STAFF","","3","569","0","1003","1","2016-03-06 22:40:06","https://x.com/YUIKAORI_STAFF/status/706474439781711874","<a href=""http://twitter.com"" rel=""nofollow"">Twitter Web Client</a>","#yuikaori, #RAINBOW_CANARY","","photo","https://pbs.twimg.com/media/Cc3mwkwVAAEhXET.jpg"
"706473461158285313","【ゆいかおり武道館グッズ紹介 その１☆】
いよいよ開幕まで、あと6日！！
ゆいかおり武道館公演グッズ、続々と完成しています♪
今日は特別に、ちょこっとだけお見せしちゃいますよ〜！
https://t.co/HAJHB7Rdse
#yuikaori　#RAINBOW_CANARY","ja","Tweet","ゆいかおり(小倉 唯＆石原夏織)公式","YUIKAORI_STAFF","","0","166","0","225","0","2016-03-06 22:36:13","https://x.com/YUIKAORI_STAFF/status/706473461158285313","<a href=""http://twitter.com"" rel=""nofollow"">Twitter Web Client</a>","#yuikaori, #RAINBOW_CANARY","http://www.yuikaori.info/special/2016/brightest-stage/","",""
"706341097996312576","アメブロを更新しました。 『最終リハ〜☆』
⇒ https://t.co/KxV2C0sIvO","ja","Tweet","ゆいかおり(小倉 唯＆石原夏織)公式","YUIKAORI_STAFF","","1","176","0","233","0","2016-03-06 13:50:15","https://x.com/YUIKAORI_STAFF/status/706341097996312576","<a href=""https://ameblo.jp/"" rel=""nofollow"">Ameba_Blog</a>","","http://ameblo.jp/ogurayui-0815/entry-12136233674.html","",""
"705938105707028480","【ただいま受付中！】
3/12(土)開催♪
ゆいかおり日本武道館公演、2階スタンド後方立見チケットの販売をスタートしました！
チケットを手に入れるラストチャンス…！お見逃しなく☆
https://t.co/aFl7P0hfRU 　#yuikaori　#RAINBOW_CANARY","ja","Tweet","ゆいかおり(小倉 唯＆石原夏織)公式","YUIKAORI_STAFF","","0","81","0","103","0","2016-03-05 11:08:54","https://x.com/YUIKAORI_STAFF/status/705938105707028480","<a href=""http://twitter.com"" rel=""nofollow"">Twitter Web Client</a>","#yuikaori, #RAINBOW_CANARY","http://www.yuikaori.info/info/1506/","",""
"705366459275292672","アメブロを更新しました。 『わー❤︎』
⇒ https://t.co/ETzlHjdzN9","ja","Tweet","ゆいかおり(小倉 唯＆石原夏織)公式","YUIKAORI_STAFF","","0","120","0","221","0","2016-03-03 21:17:23","https://x.com/YUIKAORI_STAFF/status/705366459275292672","<a href=""https://ameblo.jp/"" rel=""nofollow"">Ameba_Blog</a>","","http://ameblo.jp/ishiharakaori-0806/entry-12135294991.html","",""
"705274910159953921","3/12(土)開催☆
ゆいかおり日本武道館公演、2階スタンド後方立見チケットの販売が決定♪
受付は【3/5(土)AM10:00スタート】！
チケットを手に入れる最後のチャンスです！
https://t.co/aFl7P0hfRU　#yuikaori　#RAINBOW_CANARY","ja","Tweet","ゆいかおり(小倉 唯＆石原夏織)公式","YUIKAORI_STAFF","","1","120","0","128","0","2016-03-03 15:13:36","https://x.com/YUIKAORI_STAFF/status/705274910159953921","<a href=""http://twitter.com"" rel=""nofollow"">Twitter Web Client</a>","#yuikaori, #RAINBOW_CANARY","http://www.yuikaori.info/info/1506/","",""
"705272503719989248","≪ゆいかおり：公式サイト更新≫ 
ゆいかおりLIVE「RAINBOW CANARY!!」～Brightest Stage～ 立見販売決定！ 
https://t.co/aFl7P0hfRU　#yuikaori　#RAINBOW_CANARY","ja","Tweet","ゆいかおり(小倉 唯＆石原夏織)公式","YUIKAORI_STAFF","","0","112","0","110","0","2016-03-03 15:04:02","https://x.com/YUIKAORI_STAFF/status/705272503719989248","<a href=""http://twitter.com"" rel=""nofollow"">Twitter Web Client</a>","#yuikaori, #RAINBOW_CANARY","http://www.yuikaori.info/info/1506/","",""
"705179741603508224","アメブロを更新しました。 『colorful☆』
⇒ https://t.co/qIfXNmx641","ja","Tweet","ゆいかおり(小倉 唯＆石原夏織)公式","YUIKAORI_STAFF","","0","180","0","260","0","2016-03-03 08:55:26","https://x.com/YUIKAORI_STAFF/status/705179741603508224","<a href=""https://ameblo.jp/"" rel=""nofollow"">Ameba_Blog</a>","","http://ameblo.jp/ogurayui-0815/entry-12135073296.html","",""
"704696929788100608","アメブロを更新しました。 『武道館の☆』
⇒ https://t.co/q4trROp9ru","ja","Tweet","ゆいかおり(小倉 唯＆石原夏織)公式","YUIKAORI_STAFF","","0","126","0","197","0","2016-03-02 00:56:55","https://x.com/YUIKAORI_STAFF/status/704696929788100608","<a href=""https://ameblo.jp/"" rel=""nofollow"">Ameba_Blog</a>","","http://ameblo.jp/ogurayui-0815/entry-12134660512.html","",""
"704547903394574338","いよいよ、3/12(土)開催♪
ゆいかおり日本武道館公演のライブグッズ情報が公開となりました！！
皆さん、下記よりチェックしてくださいね～！
https://t.co/dL72yPvTKi　#yuikaori　#RAINBOW_CANARY","ja","Tweet","ゆいかおり(小倉 唯＆石原夏織)公式","YUIKAORI_STAFF","","1","333","0","300","0","2016-03-01 15:04:44","https://x.com/YUIKAORI_STAFF/status/704547903394574338","<a href=""http://twitter.com"" rel=""nofollow"">Twitter Web Client</a>","#yuikaori, #RAINBOW_CANARY","http://www.yuikaori.info/special/2016/brightest-stage/index.html","",""
"704547772712681473","≪ゆいかおり：公式サイト更新≫ 
ゆいかおりLIVE「RAINBOW CANARY!!」～Brightest Stage～ライブグッズ情報！
https://t.co/3Xcvppr4T4　#yuikaori　#RAINBOW_CANARY","ja","Tweet","ゆいかおり(小倉 唯＆石原夏織)公式","YUIKAORI_STAFF","","1","237","0","242","0","2016-03-01 15:04:13","https://x.com/YUIKAORI_STAFF/status/704547772712681473","<a href=""http://twitter.com"" rel=""nofollow"">Twitter Web Client</a>","#yuikaori, #RAINBOW_CANARY","http://www.yuikaori.info/info/1503/","",""
"704547694014935040","≪ゆいかおり：公式サイト更新≫ 
ゆいかおりLIVE「RAINBOW CANARY!!」～Brightest Stage～ライブ会場CD物販ブース特典情報！
https://t.co/pshKBuGDYF　#yuikaori　#RAINBOW_CANARY","ja","Tweet","ゆいかおり(小倉 唯＆石原夏織)公式","YUIKAORI_STAFF","","0","97","0","128","0","2016-03-01 15:03:54","https://x.com/YUIKAORI_STAFF/status/704547694014935040","<a href=""http://twitter.com"" rel=""nofollow"">Twitter Web Client</a>","#yuikaori, #RAINBOW_CANARY","http://www.yuikaori.info/info/1496/","",""
"704330437372411904","アメブロを更新しました。 『グラブル☆』
⇒ https://t.co/yRgiBaHIxn","ja","Tweet","ゆいかおり(小倉 唯＆石原夏織)公式","YUIKAORI_STAFF","","0","204","0","273","0","2016-03-01 00:40:36","https://x.com/YUIKAORI_STAFF/status/704330437372411904","<a href=""https://ameblo.jp/"" rel=""nofollow"">Ameba_Blog</a>","","http://ameblo.jp/ogurayui-0815/entry-12134294263.html","",""
"703972860331556865","アメブロを更新しました。 『(^O^)！☆』
⇒ https://t.co/xFp5IO20gJ","ja","Tweet","ゆいかおり(小倉 唯＆石原夏織)公式","YUIKAORI_STAFF","","0","151","0","256","0","2016-02-29 00:59:43","https://x.com/YUIKAORI_STAFF/status/703972860331556865","<a href=""https://ameblo.jp/"" rel=""nofollow"">Ameba_Blog</a>","","http://ameblo.jp/ogurayui-0815/entry-12133924835.html","",""
"703964569597685762","まもなく実ラジはじまりますよ〜♪ #yuikaori #joqr #実ラジ","ja","Tweet","ゆいかおり(小倉 唯＆石原夏織)公式","YUIKAORI_STAFF","","0","43","0","80","0","2016-02-29 00:26:47","https://x.com/YUIKAORI_STAFF/status/703964569597685762","<a href=""http://twitter.com/download/iphone"" rel=""nofollow"">Twitter for iPhone</a>","#yuikaori, #joqr, #実ラジ","","",""
"703948396717998080","この後24:30〜文化放送にて「ゆいかおりの実♪」が放送になります！是非是非お聞き下さいねー！！  #yuikaori #joqr #実ラジ","ja","Tweet","ゆいかおり(小倉 唯＆石原夏織)公式","YUIKAORI_STAFF","","0","50","0","106","0","2016-02-28 23:22:31","https://x.com/YUIKAORI_STAFF/status/703948396717998080","<a href=""http://twitter.com/download/iphone"" rel=""nofollow"">Twitter for iPhone</a>","#yuikaori, #joqr, #実ラジ","","",""
"703393827449491456","≪ゆいかおり：公式サイト更新≫
ゆいかおりLIVE「RAINBOW CANARY!!」～Brightest Stage～ チケットSOLD OUTのお知らせ
https://t.co/DFGdGuoHzP　#yuikaori","ja","Tweet","ゆいかおり(小倉 唯＆石原夏織)公式","YUIKAORI_STAFF","","4","261","0","185","0","2016-02-27 10:38:51","https://x.com/YUIKAORI_STAFF/status/703393827449491456","<a href=""http://twitter.com"" rel=""nofollow"">Twitter Web Client</a>","#yuikaori","http://www.yuikaori.info/info/1497/","",""
"703358223672213504","【本日 am10:00スタート☆】
3/12(土)開催！ゆいかおり日本武道館公演チケットの一般発売がスタート♪
いよいよ2週間後には、ゆいかおり初の武道館公演の幕が開きます…！
チケット販売情報はこちらでチェック→https://t.co/vugdJOJutf　#yuikaori","ja","Tweet","ゆいかおり(小倉 唯＆石原夏織)公式","YUIKAORI_STAFF","","1","131","0","142","0","2016-02-27 08:17:22","https://x.com/YUIKAORI_STAFF/status/703358223672213504","<a href=""http://twitter.com"" rel=""nofollow"">Twitter Web Client</a>","#yuikaori","http://www.yuikaori.info/info/1493/","",""
"702829989339615233","アメブロを更新しました。 『ふふふ〜ん❤︎』
⇒ https://t.co/nt4e3PEVOw","ja","Tweet","ゆいかおり(小倉 唯＆石原夏織)公式","YUIKAORI_STAFF","","0","164","0","273","0","2016-02-25 21:18:22","https://x.com/YUIKAORI_STAFF/status/702829989339615233","<a href=""https://ameblo.jp/"" rel=""nofollow"">Ameba_Blog</a>","","http://ameblo.jp/ishiharakaori-0806/entry-12132771160.html","",""
"702513869680291840","アメブロを更新しました。 『リリア&amp;大ヴァンガ祭☆』
⇒ https://t.co/yAXy8MJtG0","ja","Tweet","ゆいかおり(小倉 唯＆石原夏織)公式","YUIKAORI_STAFF","","0","147","0","215","0","2016-02-25 00:22:13","https://x.com/YUIKAORI_STAFF/status/702513869680291840","<a href=""https://ameblo.jp/"" rel=""nofollow"">Ameba_Blog</a>","","http://ameblo.jp/ogurayui-0815/entry-12132488062.html","",""
"702147142312267777","アメブロを更新しました。 『HKT48さん☆』
⇒ https://t.co/FhCC7R6fK3","ja","Tweet","ゆいかおり(小倉 唯＆石原夏織)公式","YUIKAORI_STAFF","","1","362","0","425","0","2016-02-24 00:04:58","https://x.com/YUIKAORI_STAFF/status/702147142312267777","<a href=""https://ameblo.jp/"" rel=""nofollow"">Ameba_Blog</a>","","http://ameblo.jp/ogurayui-0815/entry-12132136932.html","",""
"701610094081867777","アメブロを更新しました。 『ニューシングル☆』
⇒ https://t.co/0z0gHYdCZV","ja","Tweet","ゆいかおり(小倉 唯＆石原夏織)公式","YUIKAORI_STAFF","","2","228","0","266","0","2016-02-22 12:30:56","https://x.com/YUIKAORI_STAFF/status/701610094081867777","<a href=""https://ameblo.jp/"" rel=""nofollow"">Ameba_Blog</a>","","http://ameblo.jp/ogurayui-0815/entry-12131538278.html","",""
"701602594519560192","≪ゆいかおり：公式サイト更新≫
animelo mix presents ゆいかおりLIVE「RAINBOW CANARY!!」～Brightest Stage～ チケット一般発売情報！
https://t.co/vugdJOJutf　#yuikaori","ja","Tweet","ゆいかおり(小倉 唯＆石原夏織)公式","YUIKAORI_STAFF","","0","68","0","95","0","2016-02-22 12:01:08","https://x.com/YUIKAORI_STAFF/status/701602594519560192","<a href=""http://twitter.com"" rel=""nofollow"">Twitter Web Client</a>","#yuikaori","http://www.yuikaori.info/info/1493/","",""
"701437396076761088","「ハイタッチ☆メモリー」は4月17日から放送開始のTVアニメ「カードファイト!!ヴァンガードGストライドゲート編」のEDテーマ、「TO BE ALIVE」は3月10日発売のPS4/PS Vita専用ゲームソフト「サモンナイト6 失われた境界たち」の主題歌です！！#yuikaori","ja","Tweet","ゆいかおり(小倉 唯＆石原夏織)公式","YUIKAORI_STAFF","","0","337","0","301","1","2016-02-22 01:04:41","https://x.com/YUIKAORI_STAFF/status/701437396076761088","<a href=""http://twitter.com"" rel=""nofollow"">Twitter Web Client</a>","#yuikaori","","",""
"701436817577345025","小倉 唯ニューシングル「ハイタッチ☆メモリー」の発売が決定しました！！5月18日発売ですよー！！https://t.co/yB7qN0I1nM  #yuikaori  #小倉唯 #joqr","ja","Tweet","ゆいかおり(小倉 唯＆石原夏織)公式","YUIKAORI_STAFF","","0","408","0","396","0","2016-02-22 01:02:24","https://x.com/YUIKAORI_STAFF/status/701436817577345025","<a href=""http://twitter.com/download/iphone"" rel=""nofollow"">Twitter for iPhone</a>","#yuikaori, #小倉唯, #joqr","http://www.yuikaori.info/info/1489/","",""
"701436445689417728","≪ゆいかおり・小倉 唯：公式サイト更新≫
小倉 唯ニューシングル「ハイタッチ☆メモリー」発売決定！
https://t.co/yB7qN0I1nM　#小倉唯　#yuikaori","ja","Tweet","ゆいかおり(小倉 唯＆石原夏織)公式","YUIKAORI_STAFF","","0","310","0","298","0","2016-02-22 01:00:55","https://x.com/YUIKAORI_STAFF/status/701436445689417728","<a href=""http://twitter.com"" rel=""nofollow"">Twitter Web Client</a>","#小倉唯, #yuikaori","http://www.yuikaori.info/info/1489/","",""
"701436000325664768","「歴代実ラジ名場面」を送って頂いた実ラジリスナーの中から、抽選で10名様に番組ノベルティ“新実バッチ”（缶バッチ）をプレゼントしますよー！たくさんの投稿お待ちしております！！#実ラジ #yuikaori  #joqr","ja","Tweet","ゆいかおり(小倉 唯＆石原夏織)公式","YUIKAORI_STAFF","","0","64","0","123","0","2016-02-22 00:59:09","https://x.com/YUIKAORI_STAFF/status/701436000325664768","<a href=""http://twitter.com/download/iphone"" rel=""nofollow"">Twitter for iPhone</a>","#実ラジ, #yuikaori, #joqr","","",""
"701435879437414401","3月6日の放送で実ラジが100回目の放送を迎えます！実ラジリスナーのみなさんからの「歴代実ラジ名場面」を募集中です！みなさんの印象に残ったエピソードと好きな理由を書いて

yuikaori@joqr.net

まで送ってくださいね♪たくさんの投稿お待ちしています！#実ラジ","ja","Tweet","ゆいかおり(小倉 唯＆石原夏織)公式","YUIKAORI_STAFF","","0","94","0","150","0","2016-02-22 00:58:40","https://x.com/YUIKAORI_STAFF/status/701435879437414401","<a href=""http://twitter.com/download/iphone"" rel=""nofollow"">Twitter for iPhone</a>","#実ラジ","","",""
"701427730206707712","まもなく実ラジはじまりますよー！！ #yuikaori #joqr #実ラジ","ja","Tweet","ゆいかおり(小倉 唯＆石原夏織)公式","YUIKAORI_STAFF","","0","52","0","87","0","2016-02-22 00:26:17","https://x.com/YUIKAORI_STAFF/status/701427730206707712","<a href=""http://twitter.com/download/iphone"" rel=""nofollow"">Twitter for iPhone</a>","#yuikaori, #joqr, #実ラジ","","",""
"701408390388412416","この後24:30〜は文化放送にて「ゆいかおりの実♪」が放送されますよー！！是非聞いてくださいね〜♪ #yuikaori #joqr #実ラジ","ja","Tweet","ゆいかおり(小倉 唯＆石原夏織)公式","YUIKAORI_STAFF","","0","57","0","103","0","2016-02-21 23:09:26","https://x.com/YUIKAORI_STAFF/status/701408390388412416","<a href=""http://twitter.com/download/iphone"" rel=""nofollow"">Twitter for iPhone</a>","#yuikaori, #joqr, #実ラジ","","",""
"700700520676110337","アメブロを更新しました。 『davines☆』
⇒ https://t.co/paFYPICyyD","ja","Tweet","ゆいかおり(小倉 唯＆石原夏織)公式","YUIKAORI_STAFF","","0","127","0","229","0","2016-02-20 00:16:37","https://x.com/YUIKAORI_STAFF/status/700700520676110337","<a href=""https://ameblo.jp/"" rel=""nofollow"">Ameba_Blog</a>","","http://ameblo.jp/ogurayui-0815/entry-12130669812.html","",""
"700298931045969920","アメブロを更新しました。 『アイカツ！』
⇒ https://t.co/HY850AfF4H","ja","Tweet","ゆいかおり(小倉 唯＆石原夏織)公式","YUIKAORI_STAFF","","0","260","0","323","0","2016-02-18 21:40:50","https://x.com/YUIKAORI_STAFF/status/700298931045969920","<a href=""https://ameblo.jp/"" rel=""nofollow"">Ameba_Blog</a>","","http://ameblo.jp/ishiharakaori-0806/entry-12130256050.html","",""
"699979707199008768","アメブロを更新しました。 『10cm…☆』
⇒ https://t.co/uZAiH3wAiD","ja","Tweet","ゆいかおり(小倉 唯＆石原夏織)公式","YUIKAORI_STAFF","","0","157","0","274","0","2016-02-18 00:32:21","https://x.com/YUIKAORI_STAFF/status/699979707199008768","<a href=""https://ameblo.jp/"" rel=""nofollow"">Ameba_Blog</a>","","http://ameblo.jp/ogurayui-0815/entry-12129964671.html","",""
"699894253095227392","【訂正】
先日告知させて頂きました実ラジ放送100回につきまして、
3月6日の放送をもって100回の誤りでございました。誠に申し訳ございません。「歴代実ラジ名場面」につきましても、3月6日の放送にてお送りさせて頂きます。引き続きみなさんからのエピソード、お待ちしております！","ja","Tweet","ゆいかおり(小倉 唯＆石原夏織)公式","YUIKAORI_STAFF","","0","125","0","186","0","2016-02-17 18:52:48","https://x.com/YUIKAORI_STAFF/status/699894253095227392","<a href=""http://twitter.com/download/iphone"" rel=""nofollow"">Twitter for iPhone</a>","","","",""
"698899851736551425","さらに！「歴代実ラジ名場面」を送って頂いた実ラジリスナーの中から、
抽選で10名様に番組ノベルティ“新実バッチ”（缶バッチ）をプレゼントします！ぜひたくさんの投稿お待ちしています～！
#実ラジ #yuikaori  #joqr","ja","Tweet","ゆいかおり(小倉 唯＆石原夏織)公式","YUIKAORI_STAFF","","0","115","0","172","0","2016-02-15 01:01:24","https://x.com/YUIKAORI_STAFF/status/698899851736551425","<a href=""http://twitter.com/download/iphone"" rel=""nofollow"">Twitter for iPhone</a>","#実ラジ, #yuikaori, #joqr","","",""
"698899798640840704","2月28日の放送で実ラジが100回目の放送を迎えます！そこで、実ラジリスナーのみなさんから「歴代実ラジ名場面」を募集します！みなさんの印象に残ったエピソードを好きな理由を書いて

yuikaori@joqr.net

まで送ってくださいね♪たくさんの投稿お待ちしています！#実ラジ","ja","Tweet","ゆいかおり(小倉 唯＆石原夏織)公式","YUIKAORI_STAFF","","0","174","0","236","0","2016-02-15 01:01:11","https://x.com/YUIKAORI_STAFF/status/698899798640840704","<a href=""http://twitter.com/download/iphone"" rel=""nofollow"">Twitter for iPhone</a>","#実ラジ","","",""
"698891447295090693","まもなく実ラジはじまりますよー♪ #yuikaori #joqr #実ラジ","ja","Tweet","ゆいかおり(小倉 唯＆石原夏織)公式","YUIKAORI_STAFF","","0","42","0","85","0","2016-02-15 00:28:00","https://x.com/YUIKAORI_STAFF/status/698891447295090693","<a href=""http://twitter.com/download/iphone"" rel=""nofollow"">Twitter for iPhone</a>","#yuikaori, #joqr, #実ラジ","","",""
"698880718961676288","この後24:30〜文化放送にて「ゆいかおりの実♪」が放送されますよ〜！是非是非聞いて下さいね！！ #yuikaori #joqr #実ラジ","ja","Tweet","ゆいかおり(小倉 唯＆石原夏織)公式","YUIKAORI_STAFF","","0","55","0","89","0","2016-02-14 23:45:22","https://x.com/YUIKAORI_STAFF/status/698880718961676288","<a href=""http://twitter.com/download/iphone"" rel=""nofollow"">Twitter for iPhone</a>","#yuikaori, #joqr, #実ラジ","","",""
"698867552512913408","アメブロを更新しました。 『Valentine's Day☆』
⇒ https://t.co/vyNlkTd7yP","ja","Tweet","ゆいかおり(小倉 唯＆石原夏織)公式","YUIKAORI_STAFF","","1","201","0","256","0","2016-02-14 22:53:03","https://x.com/YUIKAORI_STAFF/status/698867552512913408","<a href=""https://ameblo.jp/"" rel=""nofollow"">Ameba_Blog</a>","","http://ameblo.jp/ogurayui-0815/entry-12128854347.html","",""
"698076930906587136","ゆいかおりLIVE「RAINBOW CANARY!!」～Brightest Stage～（日本武道館公演）まで、あとちょうど1ヶ月になりました！
一般プレイガイドでのチケット先行も開始しました！ぜひお見逃し無く！https://t.co/3LihGPDTfB 　#yuikaori","ja","Tweet","ゆいかおり(小倉 唯＆石原夏織)公式","YUIKAORI_STAFF","","0","100","0","152","0","2016-02-12 18:31:24","https://x.com/YUIKAORI_STAFF/status/698076930906587136","<a href=""http://twitter.com"" rel=""nofollow"">Twitter Web Client</a>","#yuikaori","http://www.yuikaori.info/info/1482/","",""
"698070670672920577","≪ゆいかおり：公式サイト更新≫ 
animelo mix presents ゆいかおりLIVE「RAINBOW CANARY!!」～Brightest Stage～一般プレイガイド チケット先行受付開始！
https://t.co/3LihGPDTfB　#yuikaori","ja","Tweet","ゆいかおり(小倉 唯＆石原夏織)公式","YUIKAORI_STAFF","","0","75","0","105","0","2016-02-12 18:06:32","https://x.com/YUIKAORI_STAFF/status/698070670672920577","<a href=""http://twitter.com"" rel=""nofollow"">Twitter Web Client</a>","#yuikaori","http://www.yuikaori.info/info/1482/","",""
"697437218692968449","アメブロを更新しました。 『アプリ…☆』
⇒ https://t.co/8WyA9OhlhD","ja","Tweet","ゆいかおり(小倉 唯＆石原夏織)公式","YUIKAORI_STAFF","","2","149","0","245","0","2016-02-11 00:09:25","https://x.com/YUIKAORI_STAFF/status/697437218692968449","<a href=""https://ameblo.jp/"" rel=""nofollow"">Ameba_Blog</a>","","http://ameblo.jp/ogurayui-0815/entry-12127365678.html","",""
"696527983599710209","アメブロを更新しました。 『朝から☆』
⇒ https://t.co/59uiFcGyPA","ja","Tweet","ゆいかおり(小倉 唯＆石原夏織)公式","YUIKAORI_STAFF","","0","122","0","188","0","2016-02-08 11:56:26","https://x.com/YUIKAORI_STAFF/status/696527983599710209","<a href=""https://ameblo.jp/"" rel=""nofollow"">Ameba_Blog</a>","","http://ameblo.jp/ogurayui-0815/entry-12126396041.html","",""
"696504286729998341","アメブロを更新しました。 『お久しぶり〜！』
⇒ https://t.co/MczmuoyIhg","ja","Tweet","ゆいかおり(小倉 唯＆石原夏織)公式","YUIKAORI_STAFF","","0","104","0","196","0","2016-02-08 10:22:17","https://x.com/YUIKAORI_STAFF/status/696504286729998341","<a href=""https://ameblo.jp/"" rel=""nofollow"">Ameba_Blog</a>","","http://ameblo.jp/ishiharakaori-0806/entry-12126369766.html","",""
"696354835461853184","まもなく実ラジはじまりますよー！！ #yuikaori #joqr #実ラジ","ja","Tweet","ゆいかおり(小倉 唯＆石原夏織)公式","YUIKAORI_STAFF","","0","46","0","102","0","2016-02-08 00:28:25","https://x.com/YUIKAORI_STAFF/status/696354835461853184","<a href=""http://twitter.com/download/iphone"" rel=""nofollow"">Twitter for iPhone</a>","#yuikaori, #joqr, #実ラジ","","",""
"696336134083706880","この後24:30〜は「ゆいかおりの実♪」が放送になります！是非お聞き下さいね〜♪  #yuikaori #joqr #実ラジ","ja","Tweet","ゆいかおり(小倉 唯＆石原夏織)公式","YUIKAORI_STAFF","","0","52","0","100","0","2016-02-07 23:14:06","https://x.com/YUIKAORI_STAFF/status/696336134083706880","<a href=""http://twitter.com/download/iphone"" rel=""nofollow"">Twitter for iPhone</a>","#yuikaori, #joqr, #実ラジ","","",""
"695625684077547522","アメブロを更新しました。 『釜めし〜☆』
⇒ https://t.co/5kD2aSihIm","ja","Tweet","ゆいかおり(小倉 唯＆石原夏織)公式","YUIKAORI_STAFF","","0","116","0","161","0","2016-02-06 00:11:01","https://x.com/YUIKAORI_STAFF/status/695625684077547522","<a href=""https://ameblo.jp/"" rel=""nofollow"">Ameba_Blog</a>","","http://ameblo.jp/ogurayui-0815/entry-12125523739.html","",""
"694898483531153408","アメブロを更新しました。 『節分〜☆』
⇒ https://t.co/r6cb3zSbFh","ja","Tweet","ゆいかおり(小倉 唯＆石原夏織)公式","YUIKAORI_STAFF","","1","181","0","288","0","2016-02-04 00:01:23","https://x.com/YUIKAORI_STAFF/status/694898483531153408","<a href=""https://ameblo.jp/"" rel=""nofollow"">Ameba_Blog</a>","","http://ameblo.jp/ogurayui-0815/entry-12124791785.html","",""
"694175159079477248","アメブロを更新しました。 『敗北…☆』
⇒ https://t.co/qQLBLYnVDh","ja","Tweet","ゆいかおり(小倉 唯＆石原夏織)公式","YUIKAORI_STAFF","","0","97","0","151","0","2016-02-02 00:07:09","https://x.com/YUIKAORI_STAFF/status/694175159079477248","<a href=""https://ameblo.jp/"" rel=""nofollow"">Ameba_Blog</a>","","http://ameblo.jp/ogurayui-0815/entry-12124052827.html","",""
"693827075002597376","本日の激突！ゆいかおり！「ティッシュどこまで長く切れるかバトル！」対戦結果はこちらです！#yuikaori #jogr #実ラジ https://t.co/wR7bEiKg7S","ja","Tweet","ゆいかおり(小倉 唯＆石原夏織)公式","YUIKAORI_STAFF","","0","271","1","491","2","2016-02-01 01:04:00","https://x.com/YUIKAORI_STAFF/status/693827075002597376","<a href=""http://twitter.com"" rel=""nofollow"">Twitter Web Client</a>","#yuikaori, #jogr, #実ラジ","","photo","https://pbs.twimg.com/media/CaD4DDZUAAAqJU1.jpg"
"693818022893453312","まもなく実ラジはじまりますよ〜！！#yuikaori #joqr #実ラジ","ja","Tweet","ゆいかおり(小倉 唯＆石原夏織)公式","YUIKAORI_STAFF","","0","42","0","80","0","2016-02-01 00:28:01","https://x.com/YUIKAORI_STAFF/status/693818022893453312","<a href=""http://twitter.com/download/iphone"" rel=""nofollow"">Twitter for iPhone</a>","#yuikaori, #joqr, #実ラジ","","",""
"693798728952471552","この後24:30〜は文化放送「ゆいかおりの実♪」が放送になりますよー！是非聞いて下さいね〜♪  #yuikaori #joqr #実ラジ","ja","Tweet","ゆいかおり(小倉 唯＆石原夏織)公式","YUIKAORI_STAFF","","0","49","0","97","0","2016-01-31 23:11:21","https://x.com/YUIKAORI_STAFF/status/693798728952471552","<a href=""http://twitter.com/download/iphone"" rel=""nofollow"">Twitter for iPhone</a>","#yuikaori, #joqr, #実ラジ","","",""
"693797730099945474","アメブロを更新しました。 『サモンナイト6の〜☆』
⇒ https://t.co/NlaCKGKyv0","ja","Tweet","ゆいかおり(小倉 唯＆石原夏織)公式","YUIKAORI_STAFF","","0","115","0","172","0","2016-01-31 23:07:23","https://x.com/YUIKAORI_STAFF/status/693797730099945474","<a href=""https://ameblo.jp/"" rel=""nofollow"">Ameba_Blog</a>","","http://ameblo.jp/ogurayui-0815/entry-12123605117.html","",""
"693019538548473856","アメブロを更新しました。 『今夜から☆』
⇒ https://t.co/HABMmFM3gC","ja","Tweet","ゆいかおり(小倉 唯＆石原夏織)公式","YUIKAORI_STAFF","","0","172","0","253","0","2016-01-29 19:35:08","https://x.com/YUIKAORI_STAFF/status/693019538548473856","<a href=""https://ameblo.jp/"" rel=""nofollow"">Ameba_Blog</a>","","http://ameblo.jp/ogurayui-0815/entry-12122844744.html","",""
"692537543347298304","アメブロを更新しました。 『(^O^)♪☆』
⇒ https://t.co/YWeEFIVJAY","ja","Tweet","ゆいかおり(小倉 唯＆石原夏織)公式","YUIKAORI_STAFF","","0","98","0","161","0","2016-01-28 11:39:51","https://x.com/YUIKAORI_STAFF/status/692537543347298304","<a href=""https://ameblo.jp/"" rel=""nofollow"">Ameba_Blog</a>","","http://ameblo.jp/ogurayui-0815/entry-12122352500.html","",""
"692005278200365060","ブログを更新しました。 『ねこ☆』
⇒ https://t.co/RUoOSxuOB1","ja","Tweet","ゆいかおり(小倉 唯＆石原夏織)公式","YUIKAORI_STAFF","","0","150","0","220","0","2016-01-27 00:24:49","https://x.com/YUIKAORI_STAFF/status/692005278200365060","<a href=""https://ameblo.jp/"" rel=""nofollow"">Ameba_Blog</a>","","http://ameblo.jp/ogurayui-0815/entry-12121896818.html","",""
"691895623369543681","≪ゆいかおり・小倉 唯：公式サイト更新≫
小倉 唯＆石原夏織の出演情報を更新しました☆
https://t.co/9IT8M74QfU　#yuikaori","ja","Tweet","ゆいかおり(小倉 唯＆石原夏織)公式","YUIKAORI_STAFF","","0","66","0","114","0","2016-01-26 17:09:06","https://x.com/YUIKAORI_STAFF/status/691895623369543681","<a href=""http://twitter.com"" rel=""nofollow"">Twitter Web Client</a>","#yuikaori","http://www.yuikaori.info/profile/","",""
"691788839606710272","【本日 1/26(火)まで！】
ゆいかおり日本武道館公演、チケット最速先行予約受付にて決済方法を選択された皆さん！
代金の支払期限は、＜本日 1/26(火)まで＞！お早めにご入金くださいね〜☆","ja","Tweet","ゆいかおり(小倉 唯＆石原夏織)公式","YUIKAORI_STAFF","","0","52","0","57","0","2016-01-26 10:04:46","https://x.com/YUIKAORI_STAFF/status/691788839606710272","<a href=""http://twitter.com"" rel=""nofollow"">Twitter Web Client</a>","","","",""
"691616247373410304","ブログを更新しました。 『Seoul❤︎』
⇒ https://t.co/wVsQrYo6Nm","ja","Tweet","ゆいかおり(小倉 唯＆石原夏織)公式","YUIKAORI_STAFF","","0","143","0","238","0","2016-01-25 22:38:57","https://x.com/YUIKAORI_STAFF/status/691616247373410304","<a href=""https://ameblo.jp/"" rel=""nofollow"">Ameba_Blog</a>","","http://ameblo.jp/ishiharakaori-0806/entry-12121529864.html","",""
"691555533505998848","【明日 1/26(火)まで！】
ゆいかおり日本武道館公演、チケット最速先行予約受付にて決済方法を選択された皆さん！
代金の支払期限は、＜明日 1/26(火)まで＞です！お忘れなく～☆","ja","Tweet","ゆいかおり(小倉 唯＆石原夏織)公式","YUIKAORI_STAFF","","0","37","0","61","0","2016-01-25 18:37:42","https://x.com/YUIKAORI_STAFF/status/691555533505998848","<a href=""http://twitter.com"" rel=""nofollow"">Twitter Web Client</a>","","","",""
"691532002953003008","【あと1時間！】
ゆいかおり日本武道館公演、チケット最速先行予約受付に当選された皆さん！
決済選択期間は、＜この後 18:00締切＞ですよ！！
こちらから（https://t.co/HFrBKTXtPB）お手続き、急いでください～！","ja","Tweet","ゆいかおり(小倉 唯＆石原夏織)公式","YUIKAORI_STAFF","","1","45","0","63","0","2016-01-25 17:04:12","https://x.com/YUIKAORI_STAFF/status/691532002953003008","<a href=""http://twitter.com"" rel=""nofollow"">Twitter Web Client</a>","","https://www.yuikaori-entry.com","",""
"691516184005468160","【あと2時間！】
ゆいかおり日本武道館公演、チケット最速先行予約受付に当選された皆さん！
決済選択期間は、＜本日 18:00まで＞！
急いで、こちらから（https://t.co/HFrBKTXtPB）お手続きくださいっ！！","ja","Tweet","ゆいかおり(小倉 唯＆石原夏織)公式","YUIKAORI_STAFF","","0","51","0","63","0","2016-01-25 16:01:20","https://x.com/YUIKAORI_STAFF/status/691516184005468160","<a href=""http://twitter.com"" rel=""nofollow"">Twitter Web Client</a>","","https://www.yuikaori-entry.com","",""
"691463058649034752","ゆいかおり日本武道館公演、 チケット最速先行予約受付に当選された皆さん！
決済選択期間は【本日 18:00まで】です！！
決済方法を選択しないと【当選が無効】になってしまいます…！急いでお手続きください。
手続きはこちら（https://t.co/HFrBKTXtPB）から☆","ja","Tweet","ゆいかおり(小倉 唯＆石原夏織)公式","YUIKAORI_STAFF","","0","64","0","79","0","2016-01-25 12:30:14","https://x.com/YUIKAORI_STAFF/status/691463058649034752","<a href=""http://twitter.com"" rel=""nofollow"">Twitter Web Client</a>","","https://www.yuikaori-entry.com","",""
"691280940815880192","まもなく実ラジはじまりますよーー！！ #yuikaori #joqr #実ラジ","ja","Tweet","ゆいかおり(小倉 唯＆石原夏織)公式","YUIKAORI_STAFF","","0","61","0","96","0","2016-01-25 00:26:34","https://x.com/YUIKAORI_STAFF/status/691280940815880192","<a href=""http://twitter.com/download/iphone"" rel=""nofollow"">Twitter for iPhone</a>","#yuikaori, #joqr, #実ラジ","","",""
"691268189326483457","この後24:30〜は「ゆいかおりの実♪」が放送になりますよー！！是非是非聞いて下さいね〜♪ #yuikaori #joqr #実ラジ","ja","Tweet","ゆいかおり(小倉 唯＆石原夏織)公式","YUIKAORI_STAFF","","0","58","0","92","0","2016-01-24 23:35:54","https://x.com/YUIKAORI_STAFF/status/691268189326483457","<a href=""http://twitter.com/download/iphone"" rel=""nofollow"">Twitter for iPhone</a>","#yuikaori, #joqr, #実ラジ","","",""
"691265567261478914","ブログを更新しました。 『ダンデライオン感謝祭☆』
⇒ https://t.co/qvm2TuZESa","ja","Tweet","ゆいかおり(小倉 唯＆石原夏織)公式","YUIKAORI_STAFF","","0","165","0","257","0","2016-01-24 23:25:28","https://x.com/YUIKAORI_STAFF/status/691265567261478914","<a href=""https://ameblo.jp/"" rel=""nofollow"">Ameba_Blog</a>","","http://ameblo.jp/ogurayui-0815/entry-12121180379.html","",""
"691253060148944896","ブログを更新しました。 『あーー、楽しかったー！！』
⇒ https://t.co/gcyZd1jXmr","ja","Tweet","ゆいかおり(小倉 唯＆石原夏織)公式","YUIKAORI_STAFF","","1","193","0","294","0","2016-01-24 22:35:47","https://x.com/YUIKAORI_STAFF/status/691253060148944896","<a href=""https://ameblo.jp/"" rel=""nofollow"">Ameba_Blog</a>","","http://ameblo.jp/ishiharakaori-0806/entry-12121158375.html","",""
"691065138573479937","ゆいかおり日本武道館公演、 チケット最速先行予約受付に当選された皆さん！
 決済選択期間は【明日18:00まで】です！！
(1)決済選択期間→(2)代金のお支払い を忘れてしまうと【当選が無効】になります。
手続きはこちら（https://t.co/HFrBKTXtPB）から☆","ja","Tweet","ゆいかおり(小倉 唯＆石原夏織)公式","YUIKAORI_STAFF","","0","66","0","95","0","2016-01-24 10:09:03","https://x.com/YUIKAORI_STAFF/status/691065138573479937","<a href=""http://twitter.com"" rel=""nofollow"">Twitter Web Client</a>","","https://www.yuikaori-entry.com","",""
"690792673968390144","ゆいかおり日本武道館公演、 チケット最速先行予約受付に当選された皆さん！ 

(1)決済選択期間(1/25 18:00まで)
(2)代金のお支払い
をお忘れなく！

忘れてしまうと【当選が無効】になってしまいます！
お手続きはこちら→https://t.co/HFrBKTXtPB","ja","Tweet","ゆいかおり(小倉 唯＆石原夏織)公式","YUIKAORI_STAFF","","1","75","0","105","0","2016-01-23 16:06:22","https://x.com/YUIKAORI_STAFF/status/690792673968390144","<a href=""http://twitter.com"" rel=""nofollow"">Twitter Web Client</a>","","https://www.yuikaori-entry.com","",""
"690387732976254976","ゆいかおり日本武道館公演、チケット最速先行予約受付にて当選された皆さん！
決済選択期間は【1/25(月)18:00まで】です！お早めに手続きをおすませくださいね♪
お手続きはこちら→https://t.co/HFrBKTFSY3　#RAINBOW_CANARY #yuikaori","ja","Tweet","ゆいかおり(小倉 唯＆石原夏織)公式","YUIKAORI_STAFF","","1","90","0","114","0","2016-01-22 13:17:16","https://x.com/YUIKAORI_STAFF/status/690387732976254976","<a href=""http://twitter.com"" rel=""nofollow"">Twitter Web Client</a>","#RAINBOW_CANARY, #yuikaori","https://www.yuikaori-entry.com","",""
"690153675629682688","ブログを更新しました。 『みたらし団子☆』
⇒ https://t.co/foJ9XUZCa3","ja","Tweet","ゆいかおり(小倉 唯＆石原夏織)公式","YUIKAORI_STAFF","","0","140","0","212","0","2016-01-21 21:47:13","https://x.com/YUIKAORI_STAFF/status/690153675629682688","<a href=""https://ameblo.jp/"" rel=""nofollow"">Ameba_Blog</a>","","http://ameblo.jp/ogurayui-0815/entry-12120081565.html","",""
"689807095714058241","ブログを更新しました。 『( ´ ▽ ` )ﾉ☆』
⇒ https://t.co/83dZBhNm0R","ja","Tweet","ゆいかおり(小倉 唯＆石原夏織)公式","YUIKAORI_STAFF","","0","165","0","281","0","2016-01-20 22:50:02","https://x.com/YUIKAORI_STAFF/status/689807095714058241","<a href=""https://ameblo.jp/"" rel=""nofollow"">Ameba_Blog</a>","","http://ameblo.jp/ogurayui-0815/entry-12119753377.html","",""
"689456589187579905","ブログを更新しました。 『初雪？☆』
⇒ https://t.co/XcEt18mxT1","ja","Tweet","ゆいかおり(小倉 唯＆石原夏織)公式","YUIKAORI_STAFF","","0","135","0","211","0","2016-01-19 23:37:15","https://x.com/YUIKAORI_STAFF/status/689456589187579905","<a href=""https://ameblo.jp/"" rel=""nofollow"">Ameba_Blog</a>","","http://ameblo.jp/ogurayui-0815/entry-12119411630.html","",""
"689282065070604288","≪ゆいかおり：公式サイト更新≫ 
ゆいかおりLIVE「RAINBOW CANARY!!」～Brightest Stage～ animelo mix会員限定チケット先行受付開始！
https://t.co/TZDhGOdegE　#RAINBOW_CANARY #yuikaori","ja","Tweet","ゆいかおり(小倉 唯＆石原夏織)公式","YUIKAORI_STAFF","","0","82","0","109","0","2016-01-19 12:03:45","https://x.com/YUIKAORI_STAFF/status/689282065070604288","<a href=""http://twitter.com"" rel=""nofollow"">Twitter Web Client</a>","#RAINBOW_CANARY, #yuikaori","http://www.yuikaori.info/info/1465/","",""
"688981828829450240","この手続きを忘れてしまったり、指定の期日を過ぎてしまうと【当選が無効】となってしまいます。
申し込みページにログインし(https://t.co/HFrBKTXtPB )、お早めに手続きくださいね！！","ja","Tweet","ゆいかおり(小倉 唯＆石原夏織)公式","YUIKAORI_STAFF","","0","63","0","121","0","2016-01-18 16:10:43","https://x.com/YUIKAORI_STAFF/status/688981828829450240","<a href=""http://twitter.com"" rel=""nofollow"">Twitter Web Client</a>","","https://www.yuikaori-entry.com","",""
"688981606929858561","ゆいかおり日本武道館公演、チケット最速先行予約受付にて当選された皆さん！
この後、2つの手続きが必要となります！

(1)決済選択期間(～1/25 18:00まで)に、決済方法を選択する
(2)画面またはメールに表示された【支払期限まで】に、指定の方法にて代金を支払う

→続く","ja","Tweet","ゆいかおり(小倉 唯＆石原夏織)公式","YUIKAORI_STAFF","","1","81","0","141","0","2016-01-18 16:09:50","https://x.com/YUIKAORI_STAFF/status/688981606929858561","<a href=""http://twitter.com"" rel=""nofollow"">Twitter Web Client</a>","","","",""
"688966772553203712","3/12(土)開催☆ゆいかおり日本武道館公演、チケット最速先行予約受付の当落結果を発表しました！
お申し込みされた皆さん、申し込みページへログイン(https://t.co/HFrBKTXtPB)し結果を確認くださいね～♪　#RAINBOW_CANARY #yuikaori","ja","Tweet","ゆいかおり(小倉 唯＆石原夏織)公式","YUIKAORI_STAFF","","13","193","0","186","0","2016-01-18 15:10:53","https://x.com/YUIKAORI_STAFF/status/688966772553203712","<a href=""http://twitter.com"" rel=""nofollow"">Twitter Web Client</a>","#RAINBOW_CANARY, #yuikaori","https://www.yuikaori-entry.com","",""
"688744092948271104","まもなく実ラジはじまりますよ〜！！ #yuikaori #joqr #実ラジ","ja","Tweet","ゆいかおり(小倉 唯＆石原夏織)公式","YUIKAORI_STAFF","","0","44","0","92","0","2016-01-18 00:26:02","https://x.com/YUIKAORI_STAFF/status/688744092948271104","<a href=""http://twitter.com/download/iphone"" rel=""nofollow"">Twitter for iPhone</a>","#yuikaori, #joqr, #実ラジ","","",""
"688730754163949568","この後24:30〜は「ゆいかおりの実♪」が放送です！是非お聞き下さいね〜♪ #yuikaori #joqr #実ラジ","ja","Tweet","ゆいかおり(小倉 唯＆石原夏織)公式","YUIKAORI_STAFF","","2","57","0","106","0","2016-01-17 23:33:02","https://x.com/YUIKAORI_STAFF/status/688730754163949568","<a href=""http://twitter.com/download/iphone"" rel=""nofollow"">Twitter for iPhone</a>","#yuikaori, #joqr, #実ラジ","","",""
"688375275046895616","ブログを更新しました。 『センター☆』
⇒ https://t.co/U2wsetjmo1","ja","Tweet","ゆいかおり(小倉 唯＆石原夏織)公式","YUIKAORI_STAFF","","0","193","0","262","0","2016-01-17 00:00:29","https://x.com/YUIKAORI_STAFF/status/688375275046895616","<a href=""https://ameblo.jp/"" rel=""nofollow"">Ameba_Blog</a>","","http://ameblo.jp/ogurayui-0815/entry-12118291818.html","",""
"688146045218390017","ブログを更新しました。 『1日☆』
⇒ https://t.co/h9A3shApgG","ja","Tweet","ゆいかおり(小倉 唯＆石原夏織)公式","YUIKAORI_STAFF","","0","147","0","217","0","2016-01-16 08:49:36","https://x.com/YUIKAORI_STAFF/status/688146045218390017","<a href=""https://ameblo.jp/"" rel=""nofollow"">Ameba_Blog</a>","","http://ameblo.jp/ogurayui-0815/entry-12117997110.html","",""
"687626219131551745","ブログを更新しました。 『チークコレクション☆』
⇒ https://t.co/ImyIBAlD9P","ja","Tweet","ゆいかおり(小倉 唯＆石原夏織)公式","YUIKAORI_STAFF","","0","184","0","332","0","2016-01-14 22:24:00","https://x.com/YUIKAORI_STAFF/status/687626219131551745","<a href=""https://ameblo.jp/"" rel=""nofollow"">Ameba_Blog</a>","","http://ameblo.jp/ogurayui-0815/entry-12117489488.html","",""
"686837750557884416","ゆいかおり日本武道館公演のチケット最速先行予約受付、先ほど18:00で締切となりました！
お申し込みいただきました皆さん、ありがとうございました☆
当落結果発表は、1/18(月)15:00 予定です！今しばらくお待ちください！！　#RAINBOW_CANARY #yuikaori","ja","Tweet","ゆいかおり(小倉 唯＆石原夏織)公式","YUIKAORI_STAFF","","0","112","0","143","0","2016-01-12 18:10:55","https://x.com/YUIKAORI_STAFF/status/686837750557884416","<a href=""http://twitter.com"" rel=""nofollow"">Twitter Web Client</a>","#RAINBOW_CANARY, #yuikaori","","",""
"686822512433344512","【残り1時間っ！】
ゆいかおり日本武道館公演のチケット最速先行予約受付＜この後 18:00締切＞！
お悩み中の方、まだ間に合いますよ→https://t.co/vrunPCecYx
https://t.co/XFUfqAP5Zh　#RAINBOW_CANARY #yuikaori","ja","Tweet","ゆいかおり(小倉 唯＆石原夏織)公式","YUIKAORI_STAFF","","0","101","0","96","0","2016-01-12 17:10:22","https://x.com/YUIKAORI_STAFF/status/686822512433344512","<a href=""http://twitter.com"" rel=""nofollow"">Twitter Web Client</a>","#RAINBOW_CANARY, #yuikaori","https://www.yuikaori-entry.com/
https://www.youtube.com/watch?v=fQZ1rPmF3XM","",""
"686738769517518849","【残り6時間☆】
ゆいかおり日本武道館公演のチケット最速先行予約受は、＜本日18:00締切＞！
まだ間に合います！申込みはこちら♪→https://t.co/vrunPCecYx
https://t.co/XFUfqAP5Zh　#RAINBOW_CANARY #yuikaori","ja","Tweet","ゆいかおり(小倉 唯＆石原夏織)公式","YUIKAORI_STAFF","","0","121","0","122","0","2016-01-12 11:37:36","https://x.com/YUIKAORI_STAFF/status/686738769517518849","<a href=""http://twitter.com"" rel=""nofollow"">Twitter Web Client</a>","#RAINBOW_CANARY, #yuikaori","https://www.yuikaori-entry.com/
https://www.youtube.com/watch?v=fQZ1rPmF3XM","",""
"686567573891104769","ブログを更新しました。 『成人祝い☆』
⇒ https://t.co/iVVAgNfdVS","ja","Tweet","ゆいかおり(小倉 唯＆石原夏織)公式","YUIKAORI_STAFF","","4","724","0","779","0","2016-01-12 00:17:20","https://x.com/YUIKAORI_STAFF/status/686567573891104769","<a href=""https://ameblo.jp/"" rel=""nofollow"">Ameba_Blog</a>","","http://ameblo.jp/ogurayui-0815/entry-12116455557.html","",""
"686392008701689856","【明日18:00締切！！】
ゆいかおり日本武道館公演のチケット最速先行予約受付は、明日18:00締切です！
お申込はこちらから☆→https://t.co/vrunPCecYx
https://t.co/XFUfqAP5Zh　#RAINBOW_CANARY #yuikaori","ja","Tweet","ゆいかおり(小倉 唯＆石原夏織)公式","YUIKAORI_STAFF","","0","153","0","141","0","2016-01-11 12:39:42","https://x.com/YUIKAORI_STAFF/status/686392008701689856","<a href=""http://twitter.com"" rel=""nofollow"">Twitter Web Client</a>","#RAINBOW_CANARY, #yuikaori","https://www.yuikaori-entry.com/
https://www.youtube.com/watch?v=fQZ1rPmF3XM","",""
"686207390862057472","まもなく実ラジはじまりますよ〜♪ #yuikaori #joqr #実ラジ","ja","Tweet","ゆいかおり(小倉 唯＆石原夏織)公式","YUIKAORI_STAFF","","0","57","0","91","0","2016-01-11 00:26:05","https://x.com/YUIKAORI_STAFF/status/686207390862057472","<a href=""http://twitter.com/download/iphone"" rel=""nofollow"">Twitter for iPhone</a>","#yuikaori, #joqr, #実ラジ","","",""
"686189665724928000","この後24:30〜は文化放送「ゆいかおりの実♪」が放送になります！是非お聞き下さい！！ #yuikaori #joqr #実ラジ","ja","Tweet","ゆいかおり(小倉 唯＆石原夏織)公式","YUIKAORI_STAFF","","0","68","0","118","0","2016-01-10 23:15:39","https://x.com/YUIKAORI_STAFF/status/686189665724928000","<a href=""http://twitter.com/download/iphone"" rel=""nofollow"">Twitter for iPhone</a>","#yuikaori, #joqr, #実ラジ","","",""
"685488022838624256","ブログを更新しました。 『(^-^)♪☆』
⇒ https://t.co/6e6mIrS9fH","ja","Tweet","ゆいかおり(小倉 唯＆石原夏織)公式","YUIKAORI_STAFF","","0","114","0","195","0","2016-01-09 00:47:35","https://x.com/YUIKAORI_STAFF/status/685488022838624256","<a href=""https://ameblo.jp/"" rel=""nofollow"">Ameba_Blog</a>","","http://ameblo.jp/ogurayui-0815/entry-12115376426.html","",""
"685378814147350528","【1/12(火)18:00締切】
3/12(土)開催！ゆいかおり日本武道館公演のチケット最速先行予約受付を実施中♪
お申込はこちら☆→https://t.co/vrunPCecYx
https://t.co/XFUfqAP5Zh #RAINBOW_CANARY #yuikaori","ja","Tweet","ゆいかおり(小倉 唯＆石原夏織)公式","YUIKAORI_STAFF","","0","113","0","135","0","2016-01-08 17:33:37","https://x.com/YUIKAORI_STAFF/status/685378814147350528","<a href=""http://twitter.com"" rel=""nofollow"">Twitter Web Client</a>","#RAINBOW_CANARY, #yuikaori","https://www.yuikaori-entry.com/
https://www.youtube.com/watch?v=fQZ1rPmF3XM","",""
"684748903380484098","ブログを更新しました。 『今年も☆』
⇒ https://t.co/l9eF5m6YdR","ja","Tweet","ゆいかおり(小倉 唯＆石原夏織)公式","YUIKAORI_STAFF","","0","159","0","269","0","2016-01-06 23:50:35","https://x.com/YUIKAORI_STAFF/status/684748903380484098","<a href=""https://ameblo.jp/"" rel=""nofollow"">Ameba_Blog</a>","","http://ameblo.jp/ogurayui-0815/entry-12114637029.html","",""
"684394309072756736","ブログを更新しました。 『ぷにぷに☆』
⇒ https://t.co/Bx5vfCKsPZ","ja","Tweet","ゆいかおり(小倉 唯＆石原夏織)公式","YUIKAORI_STAFF","","0","179","0","244","0","2016-01-06 00:21:33","https://x.com/YUIKAORI_STAFF/status/684394309072756736","<a href=""https://ameblo.jp/"" rel=""nofollow"">Ameba_Blog</a>","","http://ameblo.jp/ogurayui-0815/entry-12114282455.html","",""
"684332491725869056","ブログを更新しました。 『オフー！』
⇒ https://t.co/JHkjp3W26D","ja","Tweet","ゆいかおり(小倉 唯＆石原夏織)公式","YUIKAORI_STAFF","","0","131","0","250","0","2016-01-05 20:15:54","https://x.com/YUIKAORI_STAFF/status/684332491725869056","<a href=""https://ameblo.jp/"" rel=""nofollow"">Ameba_Blog</a>","","http://ameblo.jp/ishiharakaori-0806/entry-12114180063.html","",""
"683682277637795842","実ラジお聞き頂きありがとうございました！！日本武道館公演のチケット最速先行予約受付はこちらhttps://t.co/vrunPCecYxです！！https://t.co/XFUfqAP5Zh  #RAINBOW_CANARY #yuikaori #joqr #実ラジ","ja","Tweet","ゆいかおり(小倉 唯＆石原夏織)公式","YUIKAORI_STAFF","","0","161","0","242","0","2016-01-04 01:12:11","https://x.com/YUIKAORI_STAFF/status/683682277637795842","<a href=""http://twitter.com/download/iphone"" rel=""nofollow"">Twitter for iPhone</a>","#RAINBOW_CANARY, #yuikaori, #joqr, #実ラジ","https://www.yuikaori-entry.com/
https://www.youtube.com/watch?v=fQZ1rPmF3XM","",""
"683675557351919616","ブログを更新しました。 『RAINBOW CANARY!!〜最終日&amp;重大発表！！〜☆』
⇒ https://t.co/SlfUgVkbDa","ja","Tweet","ゆいかおり(小倉 唯＆石原夏織)公式","YUIKAORI_STAFF","","0","309","0","388","0","2016-01-04 00:45:29","https://x.com/YUIKAORI_STAFF/status/683675557351919616","<a href=""https://ameblo.jp/"" rel=""nofollow"">Ameba_Blog</a>","","http://ameblo.jp/ogurayui-0815/entry-12113553069.html","",""
"683668712046473218","ブログを更新しました。 『ツアー完走！！』
⇒ https://t.co/Cp2oJqbRkK","ja","Tweet","ゆいかおり(小倉 唯＆石原夏織)公式","YUIKAORI_STAFF","","0","281","0","374","0","2016-01-04 00:18:17","https://x.com/YUIKAORI_STAFF/status/683668712046473218","<a href=""https://ameblo.jp/"" rel=""nofollow"">Ameba_Blog</a>","","http://ameblo.jp/ishiharakaori-0806/entry-12113545474.html","",""
"683663683742912512","この後24:30〜は「ゆいかおりの実♪」が放送になります！こちらも是非お聞き下さいね！！！ #RAINBOW_CANARY #yuikaori #joqr #実ラジ","ja","Tweet","ゆいかおり(小倉 唯＆石原夏織)公式","YUIKAORI_STAFF","","0","101","0","137","0","2016-01-03 23:58:18","https://x.com/YUIKAORI_STAFF/status/683663683742912512","<a href=""http://twitter.com/download/iphone"" rel=""nofollow"">Twitter for iPhone</a>","#RAINBOW_CANARY, #yuikaori, #joqr, #実ラジ","","",""
"683622915829411840","ゆいかおりLIVE「RAINBOW CANARY!!」～Brightest Stage～のチケット最速先行予約受付をスタート！
受付はこちら https://t.co/HFrBKTXtPB です！！！  #RAINBOW_CANARY #yuikaori","ja","Tweet","ゆいかおり(小倉 唯＆石原夏織)公式","YUIKAORI_STAFF","","4","309","0","346","0","2016-01-03 21:16:18","https://x.com/YUIKAORI_STAFF/status/683622915829411840","<a href=""http://twitter.com"" rel=""nofollow"">Twitter Web Client</a>","#RAINBOW_CANARY, #yuikaori","https://www.yuikaori-entry.com","",""
"683601477898600450","「RAINBOW CANARY!!~Brightest Stage~」と題して、日本武道館にて追加公演の開催が決定しました！！！！3月12日開催です！！！#RAINBOW_CANARY #yuikaori https://t.co/qtMH0u5VmI","ja","Tweet","ゆいかおり(小倉 唯＆石原夏織)公式","YUIKAORI_STAFF","","40","2564","3","1897","2","2016-01-03 19:51:07","https://x.com/YUIKAORI_STAFF/status/683601477898600450","<a href=""http://twitter.com/download/iphone"" rel=""nofollow"">Twitter for iPhone</a>","#RAINBOW_CANARY, #yuikaori","","photo","https://pbs.twimg.com/media/CXyj68lUQAACpV7.jpg"
"683541860963319808","「RAINBOW CANARY!!」神奈川公演2日目、16:00開場予定です！！
ツアーファイナル公演、がんばります❤️（かおり）
最後まで楽しんでいきましょう✨（ゆい）　#RAINBOW_CANARY #yuikaori https://t.co/W9De2p9qJP","ja","Tweet","ゆいかおり(小倉 唯＆石原夏織)公式","YUIKAORI_STAFF","","9","367","0","521","0","2016-01-03 15:54:13","https://x.com/YUIKAORI_STAFF/status/683541860963319808","<a href=""http://twitter.com"" rel=""nofollow"">Twitter Web Client</a>","#RAINBOW_CANARY, #yuikaori","","photo","https://pbs.twimg.com/media/CXxtszwUMAAWwE-.jpg"
"683487743763066880","グッズ販売は、予定を早め11:45よりスタートっ！
皆さん、ぜひお立ち寄りくださいね〜！　#RAINBOW_CANARY #yuikaori https://t.co/QntjjjqwT2","ja","Tweet","ゆいかおり(小倉 唯＆石原夏織)公式","YUIKAORI_STAFF","","0","116","0","208","0","2016-01-03 12:19:11","https://x.com/YUIKAORI_STAFF/status/683487743763066880","<a href=""http://twitter.com"" rel=""nofollow"">Twitter Web Client</a>","#RAINBOW_CANARY, #yuikaori","","photo","https://pbs.twimg.com/media/CXw8excUQAAirG6.jpg"
"683486287056117761","CD•Blu-ray•DVD購入特典はこちら！！！
横浜会場限定の特典もぜひチェックしてくださいね！ #RAINBOW_CANARY #yuikaori https://t.co/XRRuN1RFFE","ja","Tweet","ゆいかおり(小倉 唯＆石原夏織)公式","YUIKAORI_STAFF","","0","71","0","170","1","2016-01-03 12:13:24","https://x.com/YUIKAORI_STAFF/status/683486287056117761","<a href=""http://twitter.com"" rel=""nofollow"">Twitter Web Client</a>","#RAINBOW_CANARY, #yuikaori","","photo","https://pbs.twimg.com/media/CXw7J9pUMAA3YIu.jpg"
"683485470811029504","いよいよ本日！
ゆいかおりライブツアー「RAINBOW CANARY!!」千秋楽☆神奈川公演、2日目です！！
よろしくお願いいたします！！！　#RAINBOW_CANARY #yuikaori https://t.co/RlrKsCyA8d","ja","Tweet","ゆいかおり(小倉 唯＆石原夏織)公式","YUIKAORI_STAFF","","4","293","0","404","0","2016-01-03 12:10:09","https://x.com/YUIKAORI_STAFF/status/683485470811029504","<a href=""http://twitter.com"" rel=""nofollow"">Twitter Web Client</a>","#RAINBOW_CANARY, #yuikaori","","photo","https://pbs.twimg.com/media/CXw6aNUU0AEYxuU.jpg
https://pbs.twimg.com/media/CXw6aNuUMAAFFFf.jpg
https://pbs.twimg.com/media/CXw6ZLBUsAAOqx1.jpg"
"683313784962727936","ブログを更新しました。 『RAINBOW CANARY!!〜横浜〜☆』
⇒ https://t.co/deIMXHeYA0","ja","Tweet","ゆいかおり(小倉 唯＆石原夏織)公式","YUIKAORI_STAFF","","0","203","0","283","0","2016-01-03 00:47:56","https://x.com/YUIKAORI_STAFF/status/683313784962727936","<a href=""https://ameblo.jp/"" rel=""nofollow"">Ameba_Blog</a>","","http://ameblo.jp/ogurayui-0815/entry-12113204554.html","",""
"683302109639389184","ブログを更新しました。 『ありがとうございました！』
⇒ https://t.co/aN0AJEszAC","ja","Tweet","ゆいかおり(小倉 唯＆石原夏織)公式","YUIKAORI_STAFF","","0","202","0","299","0","2016-01-03 00:01:32","https://x.com/YUIKAORI_STAFF/status/683302109639389184","<a href=""https://ameblo.jp/"" rel=""nofollow"">Ameba_Blog</a>","","http://ameblo.jp/ishiharakaori-0806/entry-12113191008.html","",""
"683267183611215873","神奈川公演初日無事終演致しました！！ご来場頂いた皆さんありがとうございました！！！！
#RAINBOW_CANARY #yuikaori","ja","Tweet","ゆいかおり(小倉 唯＆石原夏織)公式","YUIKAORI_STAFF","","28","327","0","457","0","2016-01-02 21:42:45","https://x.com/YUIKAORI_STAFF/status/683267183611215873","<a href=""http://twitter.com/download/iphone"" rel=""nofollow"">Twitter for iPhone</a>","#RAINBOW_CANARY, #yuikaori","","",""
"683192703446679552","ゆいかおりライブツアー「RAINBOW CANARY!!」神奈川公演初日、まもなく開場となります！！ 開演は18:00予定♪
皆さんライブの予習をしつつ、しばらくお待ちくださいね〜！#RAINBOW_CANARY #yuikaori https://t.co/qoTvNU05ly","ja","Tweet","ゆいかおり(小倉 唯＆石原夏織)公式","YUIKAORI_STAFF","","2","331","0","417","0","2016-01-02 16:46:48","https://x.com/YUIKAORI_STAFF/status/683192703446679552","<a href=""http://twitter.com"" rel=""nofollow"">Twitter Web Client</a>","#RAINBOW_CANARY, #yuikaori","","photo","https://pbs.twimg.com/media/CXswJCqUAAAUA1e.jpg"
"683117125595103233","グッズ販売は、予定を早め11:30よりスタートしました♪
各サイズのＴシャツを展示していますので、ぜひお手にとってサイズ感みてくださいね！　#RAINBOW_CANARY #yuikaori https://t.co/nk11rq2XTE","ja","Tweet","ゆいかおり(小倉 唯＆石原夏織)公式","YUIKAORI_STAFF","","2","155","1","231","0","2016-01-02 11:46:29","https://x.com/YUIKAORI_STAFF/status/683117125595103233","<a href=""http://twitter.com"" rel=""nofollow"">Twitter Web Client</a>","#RAINBOW_CANARY, #yuikaori","","photo","https://pbs.twimg.com/media/CXrrZGfUAAEPTNk.jpg
https://pbs.twimg.com/media/CXrrZ3eUMAM7YSE.jpg"
"683107025572642816","横浜会場限定のCD•Blu-ray•DVD購入特典はこちらです！！！#RAINBOW_CANARY #yuikaori https://t.co/wlLL1LY3Cv","ja","Tweet","ゆいかおり(小倉 唯＆石原夏織)公式","YUIKAORI_STAFF","","1","155","0","261","1","2016-01-02 11:06:21","https://x.com/YUIKAORI_STAFF/status/683107025572642816","<a href=""http://twitter.com/download/iphone"" rel=""nofollow"">Twitter for iPhone</a>","#RAINBOW_CANARY, #yuikaori","","photo","https://pbs.twimg.com/media/CXriODMUkAE9Kq0.jpg"
"683106143825072129","本日はゆいかおりライブツアー「RAINBOW CANARY!!」神奈川公演初日です！！宜しくお願い致します！！！ #RAINBOW_CANARY #yuikaori https://t.co/UWPiX3poiF","ja","Tweet","ゆいかおり(小倉 唯＆石原夏織)公式","YUIKAORI_STAFF","","8","258","0","343","0","2016-01-02 11:02:50","https://x.com/YUIKAORI_STAFF/status/683106143825072129","<a href=""http://twitter.com/download/iphone"" rel=""nofollow"">Twitter for iPhone</a>","#RAINBOW_CANARY, #yuikaori","","photo","https://pbs.twimg.com/media/CXrhauGUEAAZW--.jpg"
"683096933842341888","ブログを更新しました。 『あけましておめでとうございます』
⇒ https://t.co/YlfjHNzqsa","ja","Tweet","ゆいかおり(小倉 唯＆石原夏織)公式","YUIKAORI_STAFF","","0","140","0","211","0","2016-01-02 10:26:15","https://x.com/YUIKAORI_STAFF/status/683096933842341888","<a href=""https://ameblo.jp/"" rel=""nofollow"">Ameba_Blog</a>","","http://ameblo.jp/ishiharakaori-0806/entry-12112949029.html","",""
"682879232339345408","ブログを更新しました。 『2016年☆』
⇒ https://t.co/FoMLvcSDpQ","ja","Tweet","ゆいかおり(小倉 唯＆石原夏織)公式","YUIKAORI_STAFF","","0","204","0","343","0","2016-01-01 20:01:10","https://x.com/YUIKAORI_STAFF/status/682879232339345408","<a href=""https://ameblo.jp/"" rel=""nofollow"">Ameba_Blog</a>","","http://ameblo.jp/ogurayui-0815/entry-12112763756.html","",""
"682848270025015296","明日・明後日の会場、場外の一部が海に面しているため、朝夜と冷え込む可能性があります…。
あたたかくしてご来場くださいね！
それでは明日・明後日、会場にてお会いしましょう♪
皆さん、よろしくお願いします☆　#RAINBOW_CANARY #yuikaori","ja","Tweet","ゆいかおり(小倉 唯＆石原夏織)公式","YUIKAORI_STAFF","","8","143","0","194","0","2016-01-01 17:58:08","https://x.com/YUIKAORI_STAFF/status/682848270025015296","<a href=""http://twitter.com"" rel=""nofollow"">Twitter Web Client</a>","#RAINBOW_CANARY, #yuikaori","","",""
"682847620209852417","ゆいかおりライブツアー「RAINBOW CANARY‼︎」ライブグッズ情報は、
こちら（https://t.co/HNsEfBn0aH）からご確認ください！ #RAINBOW_CANARY #yuikaori","ja","Tweet","ゆいかおり(小倉 唯＆石原夏織)公式","YUIKAORI_STAFF","","0","55","0","120","0","2016-01-01 17:55:34","https://x.com/YUIKAORI_STAFF/status/682847620209852417","<a href=""http://twitter.com"" rel=""nofollow"">Twitter Web Client</a>","#RAINBOW_CANARY, #yuikaori","http://www.yuikaori.info/special/2015/rainbow-canary/index.html","",""
"682847144051474432","ゆいかおりライブツアー「RAINBOW CANARY‼︎」
明日1/2(土)・翌3(日)は、神奈川県・パシフィコ横浜 国立大ホール公演です♪
参加予定のみなさん、盛り上がる準備はできていますかー！？ #RAINBOW_CANARY #yuikaori","ja","Tweet","ゆいかおり(小倉 唯＆石原夏織)公式","YUIKAORI_STAFF","","11","178","0","195","0","2016-01-01 17:53:40","https://x.com/YUIKAORI_STAFF/status/682847144051474432","<a href=""http://twitter.com"" rel=""nofollow"">Twitter Web Client</a>","#RAINBOW_CANARY, #yuikaori","","",""
"682843419702505472","≪Team YUIKAORI：REPORT更新≫
RAINBOW CANARY!! グッズ撮影 ☆ オフショット その5 を更新♪
皆さんはどの衣装・シーンがお気に入りでしたか〜？
https://t.co/1gJAPeHv6v #RAINBOW_CANARY #yuikaori","ja","Tweet","ゆいかおり(小倉 唯＆石原夏織)公式","YUIKAORI_STAFF","","3","78","0","132","0","2016-01-01 17:38:52","https://x.com/YUIKAORI_STAFF/status/682843419702505472","<a href=""http://twitter.com"" rel=""nofollow"">Twitter Web Client</a>","#RAINBOW_CANARY, #yuikaori","http://yuikaori-report.info","",""
"682577186486759428","ﾟ*｡☆ヾ(´∀｀)｛Happy New Year〜♪｝(´∀｀)ノ☆。*ﾟ
ゆいかおり＆小倉 唯公式サイトを、2016年スペシャル仕様にプチチェンジ！
2016年もゆいかおりと皆さんで、楽しい１年を築けますように☆
今年も2人の応援をよろしくお願いします♪  #yuikaori","ja","Tweet","ゆいかおり(小倉 唯＆石原夏織)公式","YUIKAORI_STAFF","","39","446","0","804","0","2016-01-01 00:00:57","https://x.com/YUIKAORI_STAFF/status/682577186486759428","<a href=""http://twitter.com"" rel=""nofollow"">Twitter Web Client</a>","#yuikaori","","",""
"682524107284467712","ブログを更新しました。 『ありがとうございました』
⇒ https://t.co/qZ74L6P1ll","ja","Tweet","ゆいかおり(小倉 唯＆石原夏織)公式","YUIKAORI_STAFF","","0","202","0","285","0","2015-12-31 20:30:02","https://x.com/YUIKAORI_STAFF/status/682524107284467712","<a href=""https://ameblo.jp/"" rel=""nofollow"">Ameba_Blog</a>","","http://ameblo.jp/ishiharakaori-0806/entry-12112346125.html","",""
"682456170229940224","ブログを更新しました。 『ご報告』
⇒ https://t.co/h2iKGJ4pVH","ja","Tweet","ゆいかおり(小倉 唯＆石原夏織)公式","YUIKAORI_STAFF","","7","1155","0","583","0","2015-12-31 16:00:05","https://x.com/YUIKAORI_STAFF/status/682456170229940224","<a href=""https://ameblo.jp/"" rel=""nofollow"">Ameba_Blog</a>","","http://ameblo.jp/ogurayui-0815/entry-12112234565.html","",""
"682410865329487872","≪Team YUIKAORI：REPORT更新≫
RAINBOW CANARY!! グッズ撮影 ☆ オフショット その4 を更新しました♪
https://t.co/1gJAPeHv6v 　#RAINBOW_CANARY #yuikaori","ja","Tweet","ゆいかおり(小倉 唯＆石原夏織)公式","YUIKAORI_STAFF","","1","50","0","123","0","2015-12-31 13:00:03","https://x.com/YUIKAORI_STAFF/status/682410865329487872","<a href=""http://twitter.com"" rel=""nofollow"">Twitter Web Client</a>","#RAINBOW_CANARY, #yuikaori","http://yuikaori-report.info","",""
"682159676419485696","≪Team YUIKAORI：REPORT更新≫
RAINBOW CANARY!! グッズ撮影 ☆ オフショット その3 を更新しました♪
https://t.co/1gJAPeHv6v　#RAINBOW_CANARY #yuikaori","ja","Tweet","ゆいかおり(小倉 唯＆石原夏織)公式","YUIKAORI_STAFF","","0","65","0","139","0","2015-12-30 20:21:55","https://x.com/YUIKAORI_STAFF/status/682159676419485696","<a href=""http://twitter.com"" rel=""nofollow"">Twitter Web Client</a>","#RAINBOW_CANARY, #yuikaori","http://yuikaori-report.info","",""
"681880558712930304","ブログを更新しました。 『らいと☆』
⇒ https://t.co/XklUirdm0I","ja","Tweet","ゆいかおり(小倉 唯＆石原夏織)公式","YUIKAORI_STAFF","","0","84","0","163","0","2015-12-30 01:52:48","https://x.com/YUIKAORI_STAFF/status/681880558712930304","<a href=""https://ameblo.jp/"" rel=""nofollow"">Ameba_Blog</a>","","http://ameblo.jp/ogurayui-0815/entry-12111696124.html","",""
"681767989058736128","≪Team YUIKAORI：REPORT更新≫
RAINBOW CANARY!! グッズ撮影 ☆ オフショット その1～2を更新しました♪
https://t.co/1gJAPeHv6v　#RAINBOW_CANARY #yuikaori","ja","Tweet","ゆいかおり(小倉 唯＆石原夏織)公式","YUIKAORI_STAFF","","0","81","0","164","0","2015-12-29 18:25:29","https://x.com/YUIKAORI_STAFF/status/681767989058736128","<a href=""http://twitter.com"" rel=""nofollow"">Twitter Web Client</a>","#RAINBOW_CANARY, #yuikaori","http://yuikaori-report.info","",""
"681134087919157248","まもなく実ラジはじまりますよー！！！ #yuikaori #joqr #実ラジ","ja","Tweet","ゆいかおり(小倉 唯＆石原夏織)公式","YUIKAORI_STAFF","","0","43","0","98","0","2015-12-28 00:26:36","https://x.com/YUIKAORI_STAFF/status/681134087919157248","<a href=""http://twitter.com/download/iphone"" rel=""nofollow"">Twitter for iPhone</a>","#yuikaori, #joqr, #実ラジ","","",""
"681123186449104896","この後24:30〜は文化放送「ゆいかおりの実♪」が放送になります！！年内最後の実ラジです！！罰ゲームも執行されますので是非お聞き下さいね！！！ #yuikaori #joqr #実ラジ","ja","Tweet","ゆいかおり(小倉 唯＆石原夏織)公式","YUIKAORI_STAFF","","0","80","0","126","0","2015-12-27 23:43:16","https://x.com/YUIKAORI_STAFF/status/681123186449104896","<a href=""http://twitter.com/download/iphone"" rel=""nofollow"">Twitter for iPhone</a>","#yuikaori, #joqr, #実ラジ","","",""
"680776140613484544","ブログを更新しました。 『RAINBOW CANARY!!〜名古屋〜☆』
⇒ https://t.co/Iwo4y3ZpY8","ja","Tweet","ゆいかおり(小倉 唯＆石原夏織)公式","YUIKAORI_STAFF","","0","143","0","219","0","2015-12-27 00:44:14","https://x.com/YUIKAORI_STAFF/status/680776140613484544","<a href=""https://ameblo.jp/"" rel=""nofollow"">Ameba_Blog</a>","","http://ameblo.jp/ogurayui-0815/entry-12110656152.html","",""
"680774454092288000","ブログを更新しました。 『名古屋公演！』
⇒ https://t.co/l1vk3hgtU0","ja","Tweet","ゆいかおり(小倉 唯＆石原夏織)公式","YUIKAORI_STAFF","","0","158","0","257","0","2015-12-27 00:37:32","https://x.com/YUIKAORI_STAFF/status/680774454092288000","<a href=""https://ameblo.jp/"" rel=""nofollow"">Ameba_Blog</a>","","http://ameblo.jp/ishiharakaori-0806/entry-12110658325.html","",""
"680730171213660160","愛知公演無事終演致しました！！！ありがとうございました！！#RAINBOW_CANARY #yuikaori","ja","Tweet","ゆいかおり(小倉 唯＆石原夏織)公式","YUIKAORI_STAFF","","19","266","0","367","0","2015-12-26 21:41:34","https://x.com/YUIKAORI_STAFF/status/680730171213660160","<a href=""http://twitter.com/download/iphone"" rel=""nofollow"">Twitter for iPhone</a>","#RAINBOW_CANARY, #yuikaori","","",""
"680665836084826112","まもなく愛知公演開場になります！！開演は18:30予定です！！しばらくお待ちくださいね！！！#RAINBOW_CANARY #yuikaori https://t.co/m1Rtn95NCe","ja","Tweet","ゆいかおり(小倉 唯＆石原夏織)公式","YUIKAORI_STAFF","","1","211","0","311","0","2015-12-26 17:25:56","https://x.com/YUIKAORI_STAFF/status/680665836084826112","<a href=""http://twitter.com/download/iphone"" rel=""nofollow"">Twitter for iPhone</a>","#RAINBOW_CANARY, #yuikaori","","photo","https://pbs.twimg.com/media/CXI1-IvUwAErzaW.jpg"
"680599480341630976","ライブグッズは、予定を早め12:30より販売をスタート！
場内にもラインナップを掲示しているので、購入前にチェックしてくださいね〜♪
#RAINBOW_CANARY #yuikaori https://t.co/RYhhyWvoAN","ja","Tweet","ゆいかおり(小倉 唯＆石原夏織)公式","YUIKAORI_STAFF","","1","129","0","206","0","2015-12-26 13:02:15","https://x.com/YUIKAORI_STAFF/status/680599480341630976","<a href=""http://twitter.com"" rel=""nofollow"">Twitter Web Client</a>","#RAINBOW_CANARY, #yuikaori","","photo","https://pbs.twimg.com/media/CXH5niwUEAA2mci.jpg
https://pbs.twimg.com/media/CXH5ntvVAAAnn5-.jpg"
"680595790864105472","名古屋会場限定のCD•Blu-ray•DVD購入特典はこちらですよーー！！#RAINBOW_CANARY #yuikaori https://t.co/K6Ad5PWzPA","ja","Tweet","ゆいかおり(小倉 唯＆石原夏織)公式","YUIKAORI_STAFF","","0","119","0","214","1","2015-12-26 12:47:36","https://x.com/YUIKAORI_STAFF/status/680595790864105472","<a href=""http://twitter.com/download/iphone"" rel=""nofollow"">Twitter for iPhone</a>","#RAINBOW_CANARY, #yuikaori","","photo","https://pbs.twimg.com/media/CXH2NmGUkAEbHnU.jpg"
"680595144010145793","本日はゆいかおりライブツアー「RAINBOW CANARY!!」愛知公演！！快晴です！！よろしくお願いします！！！#RAINBOW_CANARY #yuikaori https://t.co/d8L3HpNp32","ja","Tweet","ゆいかおり(小倉 唯＆石原夏織)公式","YUIKAORI_STAFF","","2","241","0","312","0","2015-12-26 12:45:01","https://x.com/YUIKAORI_STAFF/status/680595144010145793","<a href=""http://twitter.com/download/iphone"" rel=""nofollow"">Twitter for iPhone</a>","#RAINBOW_CANARY, #yuikaori","","photo","https://pbs.twimg.com/media/CXH1pOFVAAEmFSz.jpg"
"680566387622809600","ブログを更新しました。 『おはよう〜！』
⇒ https://t.co/hU5QMY6DCd","ja","Tweet","ゆいかおり(小倉 唯＆石原夏織)公式","YUIKAORI_STAFF","","0","107","0","193","0","2015-12-26 10:50:45","https://x.com/YUIKAORI_STAFF/status/680566387622809600","<a href=""https://ameblo.jp/"" rel=""nofollow"">Ameba_Blog</a>","","http://ameblo.jp/ishiharakaori-0806/entry-12110402757.html","",""
"680391130874163200","ブログを更新しました。 『メリクリと名古屋☆』
⇒ https://t.co/3Sz0kXkoQ4","ja","Tweet","ゆいかおり(小倉 唯＆石原夏織)公式","YUIKAORI_STAFF","","0","137","0","226","0","2015-12-25 23:14:21","https://x.com/YUIKAORI_STAFF/status/680391130874163200","<a href=""https://ameblo.jp/"" rel=""nofollow"">Ameba_Blog</a>","","http://ameblo.jp/ogurayui-0815/entry-12110278530.html","",""
"680374599498907648","これからライブに参加される皆さんも、大阪公演にご来場いただいた皆さんも！！
ゆいかおりライブツアー「RAINBOW CANARY‼︎」の感想等は、ぜひハッシュタグ（#RAINBOW_CANARY）をつけてツイートしてくださいね♪　#RAINBOW_CANARY #yuikaori","ja","Tweet","ゆいかおり(小倉 唯＆石原夏織)公式","YUIKAORI_STAFF","","1","71","0","138","0","2015-12-25 22:08:39","https://x.com/YUIKAORI_STAFF/status/680374599498907648","<a href=""http://twitter.com"" rel=""nofollow"">Twitter Web Client</a>","#RAINBOW_CANARY, #RAINBOW_CANARY, #yuikaori","","",""
"680371491167313920","ゆいかおりライブツアー「RAINBOW CANARY‼︎」
明日12/26(土)は、愛知県・名古屋国際会議場 センチュリーホール公演です！
ご来場予定のみなさん、よろしくお願いします♪　#yuikaori","ja","Tweet","ゆいかおり(小倉 唯＆石原夏織)公式","YUIKAORI_STAFF","","0","151","0","197","0","2015-12-25 21:56:18","https://x.com/YUIKAORI_STAFF/status/680371491167313920","<a href=""http://twitter.com"" rel=""nofollow"">Twitter Web Client</a>","#yuikaori","","",""
"680365869977829376","ブログを更新しました。 『明日は〜！』
⇒ https://t.co/x7nGwPMPIl","ja","Tweet","ゆいかおり(小倉 唯＆石原夏織)公式","YUIKAORI_STAFF","","0","124","0","219","0","2015-12-25 21:33:58","https://x.com/YUIKAORI_STAFF/status/680365869977829376","<a href=""https://ameblo.jp/"" rel=""nofollow"">Ameba_Blog</a>","","http://ameblo.jp/ishiharakaori-0806/entry-12110233285.html","",""
"680027192214945792","ブログを更新しました。 『クリスマスイブ〜☆』
⇒ https://t.co/xRmkxYiGoK","ja","Tweet","ゆいかおり(小倉 唯＆石原夏織)公式","YUIKAORI_STAFF","","0","178","0","243","0","2015-12-24 23:08:11","https://x.com/YUIKAORI_STAFF/status/680027192214945792","<a href=""https://ameblo.jp/"" rel=""nofollow"">Ameba_Blog</a>","","http://ameblo.jp/ogurayui-0815/entry-12109893606.html","",""
"679689795342217216","ブログを更新しました。 『RAINBOW CANARY!!〜大阪〜☆』
⇒ https://t.co/nDdCrrg44v","ja","Tweet","ゆいかおり(小倉 唯＆石原夏織)公式","YUIKAORI_STAFF","","0","168","0","257","0","2015-12-24 00:47:29","https://x.com/YUIKAORI_STAFF/status/679689795342217216","<a href=""https://ameblo.jp/"" rel=""nofollow"">Ameba_Blog</a>","","http://ameblo.jp/ogurayui-0815/entry-12109556124.html","",""
"679683596928466945","ブログを更新しました。 『ライブ❤︎初日』
⇒ https://t.co/lEQOjsZ0wZ","ja","Tweet","ゆいかおり(小倉 唯＆石原夏織)公式","YUIKAORI_STAFF","","0","143","0","232","0","2015-12-24 00:22:52","https://x.com/YUIKAORI_STAFF/status/679683596928466945","<a href=""https://ameblo.jp/"" rel=""nofollow"">Ameba_Blog</a>","","http://ameblo.jp/ishiharakaori-0806/entry-12109548810.html","",""
"679681741355749376","Merry Xmas〜♪ ﾟ*｡☆ヾ(´∀｀)(´∀｀)ノ☆。*ﾟ
ゆいかおり＆小倉 唯公式サイトもクリスマス仕様に、プチチェンジしましたよ！
みなさん、すてきなクリスマスをお過ごしくださいね〜☆  #yuikaori","ja","Tweet","ゆいかおり(小倉 唯＆石原夏織)公式","YUIKAORI_STAFF","","6","241","0","394","0","2015-12-24 00:15:29","https://x.com/YUIKAORI_STAFF/status/679681741355749376","<a href=""http://twitter.com"" rel=""nofollow"">Twitter Web Client</a>","#yuikaori","","",""
"679637714153570304","「RAINBOW CANARY!!」大阪公演無事終演しました！！感想等は是非こちらのハッシュタグ(#RAINBOW_CANARY)を付けて呟いてくださいね！ご来場頂いた皆さん本当にありがとうございました！！！！ #RAINBOW_CANARY #yuikaori","ja","Tweet","ゆいかおり(小倉 唯＆石原夏織)公式","YUIKAORI_STAFF","","4","209","0","292","0","2015-12-23 21:20:32","https://x.com/YUIKAORI_STAFF/status/679637714153570304","<a href=""http://twitter.com/download/iphone"" rel=""nofollow"">Twitter for iPhone</a>","#RAINBOW_CANARY, #RAINBOW_CANARY, #yuikaori","","",""
"679579242347167744","まもなく大阪公演、開場になります！ 
すごく楽しみです✨（ゆい） 
頑張るんで、待っててねー❤️（かおり）
#RAINBOW_CANARY #yuikaori https://t.co/6OLvYrhb96","ja","Tweet","ゆいかおり(小倉 唯＆石原夏織)公式","YUIKAORI_STAFF","","8","348","0","576","1","2015-12-23 17:28:12","https://x.com/YUIKAORI_STAFF/status/679579242347167744","<a href=""http://twitter.com"" rel=""nofollow"">Twitter Web Client</a>","#RAINBOW_CANARY, #yuikaori","","photo","https://pbs.twimg.com/media/CW5ZuCKUwAAzflC.jpg"
"679536816630804480","ちなみに「HAPPY JAM」Blu-rayパッケージの中身はこんな感じになっておりますよー！！https://t.co/qdcABbwHJy #RAINBOW_CANARY #yuikaori #小倉唯 https://t.co/dBtpiNDCpG","ja","Tweet","ゆいかおり(小倉 唯＆石原夏織)公式","YUIKAORI_STAFF","","1","148","0","256","1","2015-12-23 14:39:36","https://x.com/YUIKAORI_STAFF/status/679536816630804480","<a href=""http://twitter.com/download/iphone"" rel=""nofollow"">Twitter for iPhone</a>","#RAINBOW_CANARY, #yuikaori, #小倉唯","https://m.youtube.com/watch?v=fUyTzjzclGs","photo","https://pbs.twimg.com/media/CW4zIiHUsAAnxGF.jpg"
"679527360119451649","こちらは本日発売小倉唯ライブ「HAPPY JAM」の購入特典ですよ！！！#RAINBOW_CANARY #yuikaori #小倉唯 https://t.co/5mod3an2Fr","ja","Tweet","ゆいかおり(小倉 唯＆石原夏織)公式","YUIKAORI_STAFF","","1","143","0","246","1","2015-12-23 14:02:02","https://x.com/YUIKAORI_STAFF/status/679527360119451649","<a href=""http://twitter.com/download/iphone"" rel=""nofollow"">Twitter for iPhone</a>","#RAINBOW_CANARY, #yuikaori, #小倉唯","","photo","https://pbs.twimg.com/media/CW4qfBYUAAEXB9n.jpg"
"679526881075433473","CD•Blu-ray•DVD購入特典はこちらになります！浪切ホール限定のブロマイドもありますよー！！#RAINBOW_CANARY!! #yuikaori https://t.co/WiMQ7FRLyF","ja","Tweet","ゆいかおり(小倉 唯＆石原夏織)公式","YUIKAORI_STAFF","","0","123","0","219","1","2015-12-23 14:00:08","https://x.com/YUIKAORI_STAFF/status/679526881075433473","<a href=""http://twitter.com/download/iphone"" rel=""nofollow"">Twitter for iPhone</a>","#RAINBOW_CANARY, #yuikaori","","photo","https://pbs.twimg.com/media/CW4p-yuUMAA5AXE.jpg
https://pbs.twimg.com/media/CW4p-yvUkAAjpGp.jpg"
"679520781399764992","ライブグッズの販売は、予定を早め12:30よりスタートしました〜☆
ラインナップは、こちらからご確認くださいね！
https://t.co/HNsEfBn0aH
#RAINBOW_CANARY #yuikaori https://t.co/1qHcxY3jAl","ja","Tweet","ゆいかおり(小倉 唯＆石原夏織)公式","YUIKAORI_STAFF","","0","143","0","269","1","2015-12-23 13:35:53","https://x.com/YUIKAORI_STAFF/status/679520781399764992","<a href=""http://twitter.com"" rel=""nofollow"">Twitter Web Client</a>","#RAINBOW_CANARY, #yuikaori","http://www.yuikaori.info/special/2015/rainbow-canary/index.html","photo","https://pbs.twimg.com/media/CW4kjKIUQAILfGh.jpg"
"679517741032681473","いよいよゆいかおりライブツアー「RAINBOW CANARY!!」本日からスタートです！！！！ #RAINBOW CANARY!! #yuikaori https://t.co/YRUcuhDoqk","ja","Tweet","ゆいかおり(小倉 唯＆石原夏織)公式","YUIKAORI_STAFF","","2","312","0","364","0","2015-12-23 13:23:48","https://x.com/YUIKAORI_STAFF/status/679517741032681473","<a href=""http://twitter.com/download/iphone"" rel=""nofollow"">Twitter for iPhone</a>","#RAINBOW, #yuikaori","","photo","https://pbs.twimg.com/media/CW4hxg7UMAEYFFE.jpg"
"679448269706035200","ブログを更新しました。 『今日は』
⇒ https://t.co/9GTnSTKgdq","ja","Tweet","ゆいかおり(小倉 唯＆石原夏織)公式","YUIKAORI_STAFF","","0","85","0","157","0","2015-12-23 08:47:45","https://x.com/YUIKAORI_STAFF/status/679448269706035200","<a href=""https://ameblo.jp/"" rel=""nofollow"">Ameba_Blog</a>","","http://ameblo.jp/ishiharakaori-0806/entry-12109260278.html","",""
"679312689659703296","ブログを更新しました。 『いよいよです〜☆』
⇒ https://t.co/G6e7K2BXnr","ja","Tweet","ゆいかおり(小倉 唯＆石原夏織)公式","YUIKAORI_STAFF","","0","129","0","189","0","2015-12-22 23:49:00","https://x.com/YUIKAORI_STAFF/status/679312689659703296","<a href=""https://ameblo.jp/"" rel=""nofollow"">Ameba_Blog</a>","","http://ameblo.jp/ogurayui-0815/entry-12109187437.html","",""
"679233387073110016","そしてゆいかおりライブツアー「RAINBOW CANARY‼︎」も遂に明日からスタートしますよー！！！よろしくお願いします！！ #yuikaori","ja","Tweet","ゆいかおり(小倉 唯＆石原夏織)公式","YUIKAORI_STAFF","","3","155","0","214","0","2015-12-22 18:33:53","https://x.com/YUIKAORI_STAFF/status/679233387073110016","<a href=""http://twitter.com/download/iphone"" rel=""nofollow"">Twitter for iPhone</a>","#yuikaori","","",""
"679233243971903488","いよいよ明日は小倉唯ライブ「HAPPY JAM」発売日になります！！！お店さんによっては本日からゲットできるかもしれないので是非チェックてくださいねー！！https://t.co/qdcABbwHJy #小倉唯","ja","Tweet","ゆいかおり(小倉 唯＆石原夏織)公式","YUIKAORI_STAFF","","0","112","0","201","0","2015-12-22 18:33:19","https://x.com/YUIKAORI_STAFF/status/679233243971903488","<a href=""http://twitter.com/download/iphone"" rel=""nofollow"">Twitter for iPhone</a>","#小倉唯","https://m.youtube.com/watch?v=fUyTzjzclGs","",""
"678870617773309952","小倉唯LIVE「HAPPY JAM」より、「Happy Strawberry」のライブ映像をフル配信！ライブBlu-ray&amp;DVDの発売は明後日12/23です！宜しくお願いします！
#HAPPYJAM #yuikaori  #小倉唯
https://t.co/bYvslsqexC","ja","Tweet","ゆいかおり(小倉 唯＆石原夏織)公式","YUIKAORI_STAFF","","1","324","0","376","0","2015-12-21 18:32:22","https://x.com/YUIKAORI_STAFF/status/678870617773309952","<a href=""http://twitter.com/download/iphone"" rel=""nofollow"">Twitter for iPhone</a>","#HAPPYJAM, #yuikaori, #小倉唯","https://www.youtube.com/watch?v=nlza28S0YOo","",""
"678870395521359872","【特別企画】 みなさん投票ありがとうございました！投票の結果、「Happy Strawberry」が選ばれましたので、この後ライブ映像をフル配信致します！楽しみにお待ちください～！
#HAPPYJAM #小倉唯","ja","Tweet","ゆいかおり(小倉 唯＆石原夏織)公式","YUIKAORI_STAFF","","0","122","0","188","0","2015-12-21 18:31:29","https://x.com/YUIKAORI_STAFF/status/678870395521359872","<a href=""http://twitter.com/download/iphone"" rel=""nofollow"">Twitter for iPhone</a>","#HAPPYJAM, #小倉唯","","",""
"678606201769226242","≪ゆいかおり・小倉 唯：公式サイト更新≫ 
小倉唯が「サモンナイト6 失われた境界たち」の主題歌を担当することが決定！！
https://t.co/WEwGJtv4Kg　#小倉唯","ja","Tweet","ゆいかおり(小倉 唯＆石原夏織)公式","YUIKAORI_STAFF","","0","289","0","271","1","2015-12-21 01:01:41","https://x.com/YUIKAORI_STAFF/status/678606201769226242","<a href=""http://twitter.com"" rel=""nofollow"">Twitter Web Client</a>","#小倉唯","http://www.yuikaori.info/info/1451/","",""
"678594893485178880","この後24:30〜の文化放送「ゆいかおりの実♪」も是非お聞き下さいねー！！ #anisama #nhkbsp #yuikaori #joqr #実ラジ","ja","Tweet","ゆいかおり(小倉 唯＆石原夏織)公式","YUIKAORI_STAFF","","1","46","0","83","0","2015-12-21 00:16:44","https://x.com/YUIKAORI_STAFF/status/678594893485178880","<a href=""http://twitter.com/download/iphone"" rel=""nofollow"">Twitter for iPhone</a>","#anisama, #nhkbsp, #yuikaori, #joqr, #実ラジ","","",""
"678594683644211200","そしてゆいかおりライブツアー「RAINBOW CANARY‼︎」がいよいよ来週水曜日に大阪からスタートします！！よろしくお願いします！！！ #anisama #nhkbsp #yuikaori","ja","Tweet","ゆいかおり(小倉 唯＆石原夏織)公式","YUIKAORI_STAFF","","2","97","0","158","0","2015-12-21 00:15:54","https://x.com/YUIKAORI_STAFF/status/678594683644211200","<a href=""http://twitter.com/download/iphone"" rel=""nofollow"">Twitter for iPhone</a>","#anisama, #nhkbsp, #yuikaori","","",""
"678594515616141313","アニサマ2015ご覧頂きありがとうございました！先週の小倉唯に続き、本日はゆいかおりのライブの模様が放送されました！！！
小倉唯ライブ「HAPPY JAM」は来週12月23日発売ですよー！！ #anisama #nhkbsp #yuikaori","ja","Tweet","ゆいかおり(小倉 唯＆石原夏織)公式","YUIKAORI_STAFF","","1","100","0","167","0","2015-12-21 00:15:14","https://x.com/YUIKAORI_STAFF/status/678594515616141313","<a href=""http://twitter.com/download/iphone"" rel=""nofollow"">Twitter for iPhone</a>","#anisama, #nhkbsp, #yuikaori","","",""
"678593320856084480","ブログを更新しました。 『投票第2弾☆』
⇒ https://t.co/KaB71koml8","ja","Tweet","ゆいかおり(小倉 唯＆石原夏織)公式","YUIKAORI_STAFF","","0","84","0","152","0","2015-12-21 00:10:30","https://x.com/YUIKAORI_STAFF/status/678593320856084480","<a href=""https://ameblo.jp/"" rel=""nofollow"">Ameba_Blog</a>","","http://ameblo.jp/ogurayui-0815/entry-12108494362.html","",""
"678544379309527040","ブログを更新しました。 『疲れた〜！！』
⇒ https://t.co/lOCvXC3Y0H","ja","Tweet","ゆいかおり(小倉 唯＆石原夏織)公式","YUIKAORI_STAFF","","0","81","0","152","0","2015-12-20 20:56:01","https://x.com/YUIKAORI_STAFF/status/678544379309527040","<a href=""https://ameblo.jp/"" rel=""nofollow"">Ameba_Blog</a>","","http://ameblo.jp/ishiharakaori-0806/entry-12108413374.html","",""
"678526872364257280","本日23時からNHK BSプレミアムにてアニサマ2015 「3rd day 後編」が放送されます！！ゆいかおりのライブ映像も放送されますので是非ご覧くださいね！！！ #anisama #nhkbsp #yuikaori","ja","Tweet","ゆいかおり(小倉 唯＆石原夏織)公式","YUIKAORI_STAFF","","1","126","0","175","0","2015-12-20 19:46:27","https://x.com/YUIKAORI_STAFF/status/678526872364257280","<a href=""http://twitter.com"" rel=""nofollow"">Twitter Web Client</a>","#anisama, #nhkbsp, #yuikaori","","",""
"678507675798208514","Happy StrawberryのMUSIC VIDEOはこちらです！
https://t.co/E914ELulhJ
#HAPPYJAM #小倉唯","ja","Tweet","ゆいかおり(小倉 唯＆石原夏織)公式","YUIKAORI_STAFF","","0","112","0","152","0","2015-12-20 18:30:10","https://x.com/YUIKAORI_STAFF/status/678507675798208514","<a href=""http://twitter.com/download/iphone"" rel=""nofollow"">Twitter for iPhone</a>","#HAPPYJAM, #小倉唯","http://youtu.be/e37MJhTXEmE","",""
"678507629132382209","Charming Do!のMUSIC VIDEOはこちらです！
https://t.co/17XvyDpgz6
#HAPPYJAM  #小倉唯","ja","Tweet","ゆいかおり(小倉 唯＆石原夏織)公式","YUIKAORI_STAFF","","0","104","0","149","0","2015-12-20 18:29:59","https://x.com/YUIKAORI_STAFF/status/678507629132382209","<a href=""http://twitter.com/download/iphone"" rel=""nofollow"">Twitter for iPhone</a>","#HAPPYJAM, #小倉唯","http://youtu.be/0LG2nIsqhAg","",""
"678505276580884480","【特別企画】
投票機能は下記にて対応していますのでご注意ください。
【PC】Twitter公式サイト（Webブラウザ）※一部ブラウザでは対応不可 
【スマートフォン】Twitter公式アプリ 
#HAPPYJAM #小倉唯","ja","Tweet","ゆいかおり(小倉 唯＆石原夏織)公式","YUIKAORI_STAFF","","0","39","0","71","0","2015-12-20 18:20:38","https://x.com/YUIKAORI_STAFF/status/678505276580884480","<a href=""http://twitter.com/download/iphone"" rel=""nofollow"">Twitter for iPhone</a>","#HAPPYJAM, #小倉唯","","",""
"678500103137591296","【特別企画】 あなたが見たい小倉唯LIVE「HAPPY JAM」のライブ映像はどっち！？ Part2
最終結果で投票数が多かった方の映像を明日公開！ 締切は明日12/21（月）18時までです！
#HAPPYJAM #小倉唯","ja","Tweet","ゆいかおり(小倉 唯＆石原夏織)公式","YUIKAORI_STAFF","","8","398","0","282","0","2015-12-20 18:00:05","https://x.com/YUIKAORI_STAFF/status/678500103137591296","<a href=""http://twitter.com/download/iphone"" rel=""nofollow"">Twitter for iPhone</a>","#HAPPYJAM, #小倉唯","","",""
"677814313344602112","文化放送「A&amp;G ARTIST ZONE THE CATCH」ご覧頂きありがとうございました！小倉唯ライブ「HAPPY JAM」は来週12/23日発売ですよーー！！#小倉唯 #agqr #ザキャッチ https://t.co/AYzaCLLjOK","ja","Tweet","ゆいかおり(小倉 唯＆石原夏織)公式","YUIKAORI_STAFF","","2","265","0","489","1","2015-12-18 20:35:00","https://x.com/YUIKAORI_STAFF/status/677814313344602112","<a href=""http://twitter.com/download/iphone"" rel=""nofollow"">Twitter for iPhone</a>","#小倉唯, #agqr, #ザキャッチ","","photo","https://pbs.twimg.com/media/CWgUfmVUAAArVZM.jpg"
"677783688281653248","「A&amp;G ARTIST ZONE THE CATCH」小倉唯出演待機中です！！まもなく出演しますよー！お見逃しなく！！#小倉唯 #agqr #ザキャッチ","ja","Tweet","ゆいかおり(小倉 唯＆石原夏織)公式","YUIKAORI_STAFF","","1","76","0","91","0","2015-12-18 18:33:18","https://x.com/YUIKAORI_STAFF/status/677783688281653248","<a href=""http://twitter.com/download/iphone"" rel=""nofollow"">Twitter for iPhone</a>","#小倉唯, #agqr, #ザキャッチ","","",""
"677759730157137920","本日18：00～放送の文化放送 超!A&amp;G+「A&amp;G ARTIST ZONE THE CATCH」に小倉唯がゲスト出演致しますよー！！是非チェックして下さいねー！！ #小倉唯 #agqr #ザキャッチ","ja","Tweet","ゆいかおり(小倉 唯＆石原夏織)公式","YUIKAORI_STAFF","","0","69","0","114","0","2015-12-18 16:58:06","https://x.com/YUIKAORI_STAFF/status/677759730157137920","<a href=""http://twitter.com"" rel=""nofollow"">Twitter Web Client</a>","#小倉唯, #agqr, #ザキャッチ","","",""
"677707395959758849","ブログを更新しました。 『チャレンジ？と告知☆』
⇒ https://t.co/OcdpUD4ugD","ja","Tweet","ゆいかおり(小倉 唯＆石原夏織)公式","YUIKAORI_STAFF","","0","77","0","127","0","2015-12-18 13:30:09","https://x.com/YUIKAORI_STAFF/status/677707395959758849","<a href=""https://ameblo.jp/"" rel=""nofollow"">Ameba_Blog</a>","","http://ameblo.jp/ogurayui-0815/entry-12107609370.html","",""
"677420066049159169","2016年1月7日までJR東日本主要駅ホームなど、計30箇所に『小倉 唯LIVE「HAPPY JAM」』の大型看板が掲示されております！！！下記よりチェックして下さいね！！https://t.co/iEQ5R5fvEA　#小倉唯","ja","Tweet","ゆいかおり(小倉 唯＆石原夏織)公式","YUIKAORI_STAFF","","0","178","0","197","0","2015-12-17 18:28:24","https://x.com/YUIKAORI_STAFF/status/677420066049159169","<a href=""http://twitter.com"" rel=""nofollow"">Twitter Web Client</a>","#小倉唯","http://www.yuikaori.info/info/1439/","",""
"677416675096969220","≪ゆいかおり・小倉 唯：公式サイト更新≫ 
BD&amp;DVD『小倉 唯LIVE「HAPPY JAM」』プロモーション情報【12/17情報更新】 
https://t.co/iEQ5R5fvEA　#小倉唯","ja","Tweet","ゆいかおり(小倉 唯＆石原夏織)公式","YUIKAORI_STAFF","","0","65","0","112","0","2015-12-17 18:14:55","https://x.com/YUIKAORI_STAFF/status/677416675096969220","<a href=""http://twitter.com"" rel=""nofollow"">Twitter Web Client</a>","#小倉唯","http://www.yuikaori.info/info/1439/","",""
"677110251666059264","ブログを更新しました。 『温まった〜！』
⇒ https://t.co/VWMPQaW3xh","ja","Tweet","ゆいかおり(小倉 唯＆石原夏織)公式","YUIKAORI_STAFF","","2","72","0","134","0","2015-12-16 21:57:18","https://x.com/YUIKAORI_STAFF/status/677110251666059264","<a href=""https://ameblo.jp/"" rel=""nofollow"">Ameba_Blog</a>","","http://ameblo.jp/ishiharakaori-0806/entry-12107061189.html","",""
"677058272101203968","小倉唯LIVE「HAPPY JAM」より、「Honey❤️Come!!」のライブ映像をフル配信！ライブBlu-ray&amp;DVDの発売は来週12/23です！宜しくお願いします！
#HAPPYJAM #yuikaori  #小倉唯 

https://t.co/4Sh5PFsFsK","ja","Tweet","ゆいかおり(小倉 唯＆石原夏織)公式","YUIKAORI_STAFF","","0","587","0","596","0","2015-12-16 18:30:45","https://x.com/YUIKAORI_STAFF/status/677058272101203968","<a href=""http://twitter.com/download/iphone"" rel=""nofollow"">Twitter for iPhone</a>","#HAPPYJAM, #yuikaori, #小倉唯","https://www.youtube.com/watch?v=06t_WrTxms0","",""
"677050916671885312","【特別企画】 みなさん投票ありがとうございました！投票の結果、「Honey❤️Come!!」が選ばれましたので、この後ライブ映像をフル配信致します！楽しみにお待ちください〜！
#HAPPYJAM","ja","Tweet","ゆいかおり(小倉 唯＆石原夏織)公式","YUIKAORI_STAFF","","1","262","0","296","0","2015-12-16 18:01:32","https://x.com/YUIKAORI_STAFF/status/677050916671885312","<a href=""http://twitter.com/download/iphone"" rel=""nofollow"">Twitter for iPhone</a>","#HAPPYJAM","","",""
"677037266858938368","ブログを更新しました。 『投票いそげ〜☆』
⇒ https://t.co/2A33lGGe4M","ja","Tweet","ゆいかおり(小倉 唯＆石原夏織)公式","YUIKAORI_STAFF","","1","99","0","153","0","2015-12-16 17:07:17","https://x.com/YUIKAORI_STAFF/status/677037266858938368","<a href=""https://ameblo.jp/"" rel=""nofollow"">Ameba_Blog</a>","","http://ameblo.jp/ogurayui-0815/entry-12106961220.html","",""
"676784343155523584","ブログを更新しました。 『お餅のアイス？☆』
⇒ https://t.co/6i985bzpg4","ja","Tweet","ゆいかおり(小倉 唯＆石原夏織)公式","YUIKAORI_STAFF","","0","103","0","158","0","2015-12-16 00:22:16","https://x.com/YUIKAORI_STAFF/status/676784343155523584","<a href=""https://ameblo.jp/"" rel=""nofollow"">Ameba_Blog</a>","","http://ameblo.jp/ogurayui-0815/entry-12106697849.html","",""
"676739375661604865","≪ゆいかおり：公式サイト更新≫ 
ゆいかおりLIVE TOUR「RAINBOW CANARY!!」全公演 チケットSOLD OUTのお知らせ
https://t.co/QeGJPhSMsd　#yuikaori","ja","Tweet","ゆいかおり(小倉 唯＆石原夏織)公式","YUIKAORI_STAFF","","6","173","0","144","0","2015-12-15 21:23:35","https://x.com/YUIKAORI_STAFF/status/676739375661604865","<a href=""http://twitter.com"" rel=""nofollow"">Twitter Web Client</a>","#yuikaori","http://www.yuikaori.info/info/1435/","",""
"676727045309661184","≪ゆいかおり・小倉 唯：公式サイト更新≫ 
BD&amp;DVD『小倉 唯LIVE「HAPPY JAM」』プロモーション情報 
https://t.co/iEQ5R5fvEA　#小倉唯","ja","Tweet","ゆいかおり(小倉 唯＆石原夏織)公式","YUIKAORI_STAFF","","0","54","0","99","0","2015-12-15 20:34:35","https://x.com/YUIKAORI_STAFF/status/676727045309661184","<a href=""http://twitter.com"" rel=""nofollow"">Twitter Web Client</a>","#小倉唯","http://www.yuikaori.info/info/1439/","",""
"676703341091557377","【特別企画】
投票機能は下記にて対応していますのでご注意ください。
【PC】Twitter公式サイト（Webブラウザ）※一部ブラウザでは対応不可 
【スマートフォン】Twitter公式アプリ 
#HAPPYJAM","ja","Tweet","ゆいかおり(小倉 唯＆石原夏織)公式","YUIKAORI_STAFF","","0","36","0","81","0","2015-12-15 19:00:23","https://x.com/YUIKAORI_STAFF/status/676703341091557377","<a href=""http://twitter.com"" rel=""nofollow"">Twitter Web Client</a>","#HAPPYJAM","","",""
"676688156670881792","【特別企画】 あなたが見たい小倉唯LIVE「HAPPY JAM」のライブ映像はどっち！？ 最終結果で投票数が多かった方の映像をなんと明日公開！ 投票の締切は明日12/16（水）18:00までです！BD&amp;DVDは12/23発売ですよ〜","ja","Tweet","ゆいかおり(小倉 唯＆石原夏織)公式","YUIKAORI_STAFF","","6","616","0","343","0","2015-12-15 18:00:03","https://x.com/YUIKAORI_STAFF/status/676688156670881792","<a href=""http://twitter.com"" rel=""nofollow"">Twitter Web Client</a>","","","",""
"676058250979086336","この後24:30〜文化放送にて「ゆいかおりの実♪」が放送です！！是非お聞き下さいね〜！！#yuikaori #joqr #実ラジ","ja","Tweet","ゆいかおり(小倉 唯＆石原夏織)公式","YUIKAORI_STAFF","","0","42","0","87","0","2015-12-14 00:17:02","https://x.com/YUIKAORI_STAFF/status/676058250979086336","<a href=""http://twitter.com/download/iphone"" rel=""nofollow"">Twitter for iPhone</a>","#yuikaori, #joqr, #実ラジ","","",""
"676050499456532481","ブログを更新しました。 『はじまってるよ〜☆』
⇒ https://t.co/yKjs1iaVBL","ja","Tweet","ゆいかおり(小倉 唯＆石原夏織)公式","YUIKAORI_STAFF","","0","102","0","142","0","2015-12-13 23:46:14","https://x.com/YUIKAORI_STAFF/status/676050499456532481","<a href=""https://ameblo.jp/"" rel=""nofollow"">Ameba_Blog</a>","","http://ameblo.jp/ogurayui-0815/entry-12105959097.html","",""
"675989128320786433","本日23時からNHK BSプレミアムにてアニサマ2015 「3rd day 前編」が放送されます！小倉 唯のライブ映像も放送されますので是非ご覧下さい！ゆいかおりは来週放送の「3rd day 後編」でO.A予定！ https://t.co/Y6Xg4tdqkk #anisama","ja","Tweet","ゆいかおり(小倉 唯＆石原夏織)公式","YUIKAORI_STAFF","","1","207","0","213","0","2015-12-13 19:42:22","https://x.com/YUIKAORI_STAFF/status/675989128320786433","<a href=""http://twitter.com"" rel=""nofollow"">Twitter Web Client</a>","#anisama","http://www4.nhk.or.jp/P2795/","",""
"675702507843153920","ブログを更新しました。 『今日はリハーサル♡』
⇒ https://t.co/LyrzdWuBYp","ja","Tweet","ゆいかおり(小倉 唯＆石原夏織)公式","YUIKAORI_STAFF","","0","72","0","156","0","2015-12-13 00:43:26","https://x.com/YUIKAORI_STAFF/status/675702507843153920","<a href=""https://ameblo.jp/"" rel=""nofollow"">Ameba_Blog</a>","","http://ameblo.jp/ishiharakaori-0806/entry-12105621219.html","",""
"675499270435291137","ブログを更新しました。 『メイキングとグッズ☆』
⇒ https://t.co/h5pdyt2SM4","ja","Tweet","ゆいかおり(小倉 唯＆石原夏織)公式","YUIKAORI_STAFF","","0","105","0","174","0","2015-12-12 11:15:50","https://x.com/YUIKAORI_STAFF/status/675499270435291137","<a href=""https://ameblo.jp/"" rel=""nofollow"">Ameba_Blog</a>","","http://ameblo.jp/ogurayui-0815/entry-12105379202.html","",""
"675280988759453696","12月23日発売の小倉唯ライブ「HAPPY JAM」のメイキング映像が公開されました！！下記よりチェックして下さいね！！ https://t.co/5r2CAMQxpC 
#小倉唯","ja","Tweet","ゆいかおり(小倉 唯＆石原夏織)公式","YUIKAORI_STAFF","","0","125","0","176","0","2015-12-11 20:48:28","https://x.com/YUIKAORI_STAFF/status/675280988759453696","<a href=""http://twitter.com/download/iphone"" rel=""nofollow"">Twitter for iPhone</a>","#小倉唯","https://www.youtube.com/watch?v=cnyd0sMGNsI&feature=youtu.be","",""
"675269459720863745","≪ゆいかおり・小倉 唯：公式サイト更新≫ 
小倉 唯「Making of HAPPY JAM」short ver.公開！
https://t.co/HZRjks26Ii　#小倉唯","ja","Tweet","ゆいかおり(小倉 唯＆石原夏織)公式","YUIKAORI_STAFF","","0","99","0","146","0","2015-12-11 20:02:39","https://x.com/YUIKAORI_STAFF/status/675269459720863745","<a href=""http://twitter.com"" rel=""nofollow"">Twitter Web Client</a>","#小倉唯","http://www.yuikaori.info/info/1426/","",""
"675261556980977664","≪ゆいかおり・小倉 唯：公式サイト更新≫ 
小倉 唯、文化放送 超!A&amp;G＋「A&amp;G ARTIST ZONE THE CATCH」出演決定！
https://t.co/ZnkZRN9xWo　#小倉唯","ja","Tweet","ゆいかおり(小倉 唯＆石原夏織)公式","YUIKAORI_STAFF","","0","83","0","123","0","2015-12-11 19:31:15","https://x.com/YUIKAORI_STAFF/status/675261556980977664","<a href=""http://twitter.com"" rel=""nofollow"">Twitter Web Client</a>","#小倉唯","http://www.yuikaori.info/info/1428/","",""
"675228763920195584","ゆいかおりLIVE TOUR「RAINBOW CANARY!!」のライブグッズ情報が公開されました！！下記よりチェックして下さいね！！　
https://t.co/A3Q3KdSFzd  #yuikaori","ja","Tweet","ゆいかおり(小倉 唯＆石原夏織)公式","YUIKAORI_STAFF","","1","209","0","231","0","2015-12-11 17:20:57","https://x.com/YUIKAORI_STAFF/status/675228763920195584","<a href=""http://twitter.com"" rel=""nofollow"">Twitter Web Client</a>","#yuikaori","http://www.yuikaori.info/special/2015/rainbow-canary/","",""
"675224786612723712","≪ゆいかおり：公式サイト更新≫ 
ゆいかおりLIVE TOUR「RAINBOW CANARY!!」ライブグッズ情報！ 
https://t.co/REv3zq26Wd　#yuikaori","ja","Tweet","ゆいかおり(小倉 唯＆石原夏織)公式","YUIKAORI_STAFF","","0","254","0","237","0","2015-12-11 17:05:08","https://x.com/YUIKAORI_STAFF/status/675224786612723712","<a href=""http://twitter.com"" rel=""nofollow"">Twitter Web Client</a>","#yuikaori","http://www.yuikaori.info/info/1418/","",""
"675224749543399424","≪ゆいかおり：公式サイト更新≫ 
ゆいかおり「RAINBOW CANARY」ライブ会場CD物販ブース特典情報！ 
https://t.co/YXeCHRmktw　#yuikaori","ja","Tweet","ゆいかおり(小倉 唯＆石原夏織)公式","YUIKAORI_STAFF","","0","90","0","129","0","2015-12-11 17:05:00","https://x.com/YUIKAORI_STAFF/status/675224749543399424","<a href=""http://twitter.com"" rel=""nofollow"">Twitter Web Client</a>","#yuikaori","http://www.yuikaori.info/info/1413/","",""
"675198848680255488","≪ゆいかおり・小倉 唯：公式サイト更新≫ 
小倉 唯 掲載情報♪
https://t.co/FnvdFKfWsW　#小倉唯","ja","Tweet","ゆいかおり(小倉 唯＆石原夏織)公式","YUIKAORI_STAFF","","0","35","0","75","0","2015-12-11 15:22:04","https://x.com/YUIKAORI_STAFF/status/675198848680255488","<a href=""http://twitter.com"" rel=""nofollow"">Twitter Web Client</a>","#小倉唯","http://www.yuikaori.info/info/1414/","",""
"674964969553715201","ブログを更新しました。 『ジャム☆』
⇒ https://t.co/PaOXTPAiWV","ja","Tweet","ゆいかおり(小倉 唯＆石原夏織)公式","YUIKAORI_STAFF","","0","94","0","141","0","2015-12-10 23:52:43","https://x.com/YUIKAORI_STAFF/status/674964969553715201","<a href=""https://ameblo.jp/"" rel=""nofollow"">Ameba_Blog</a>","","http://ameblo.jp/ogurayui-0815/entry-12104922694.html","",""
"674948493379637249","ブログを更新しました。 『スタバ♡』
⇒ https://t.co/fMeWJTTuaF","ja","Tweet","ゆいかおり(小倉 唯＆石原夏織)公式","YUIKAORI_STAFF","","0","76","0","137","0","2015-12-10 22:47:15","https://x.com/YUIKAORI_STAFF/status/674948493379637249","<a href=""https://ameblo.jp/"" rel=""nofollow"">Ameba_Blog</a>","","http://ameblo.jp/ishiharakaori-0806/entry-12104896210.html","",""
"674036654454083585","ブログを更新しました。 『早く☆』
⇒ https://t.co/GVu9n2W1oL","ja","Tweet","ゆいかおり(小倉 唯＆石原夏織)公式","YUIKAORI_STAFF","","0","61","0","109","0","2015-12-08 10:23:56","https://x.com/YUIKAORI_STAFF/status/674036654454083585","<a href=""https://ameblo.jp/"" rel=""nofollow"">Ameba_Blog</a>","","http://ameblo.jp/ogurayui-0815/entry-12103978945.html","",""
"673524713470070784","まもなく実ラジはじまりますよー！！ #yuikaori #joqr #実ラジ","ja","Tweet","ゆいかおり(小倉 唯＆石原夏織)公式","YUIKAORI_STAFF","","0","29","0","66","0","2015-12-07 00:29:39","https://x.com/YUIKAORI_STAFF/status/673524713470070784","<a href=""http://twitter.com/download/iphone"" rel=""nofollow"">Twitter for iPhone</a>","#yuikaori, #joqr, #実ラジ","","",""
"673510440182218754","この後24:30〜は文化放送にて「ゆいかおりの実♪」が放送されますので、是非お聞き下さいね！！#yuikaori #joqr #実ラジ","ja","Tweet","ゆいかおり(小倉 唯＆石原夏織)公式","YUIKAORI_STAFF","","0","45","0","65","0","2015-12-06 23:32:56","https://x.com/YUIKAORI_STAFF/status/673510440182218754","<a href=""http://twitter.com/download/iphone"" rel=""nofollow"">Twitter for iPhone</a>","#yuikaori, #joqr, #実ラジ","","",""
"673156383303274496","ブログを更新しました。 『実は、、☆』
⇒ https://t.co/Y6apk10zsS","ja","Tweet","ゆいかおり(小倉 唯＆石原夏織)公式","YUIKAORI_STAFF","","0","109","0","157","0","2015-12-06 00:06:03","https://x.com/YUIKAORI_STAFF/status/673156383303274496","<a href=""https://ameblo.jp/"" rel=""nofollow"">Ameba_Blog</a>","","http://ameblo.jp/ogurayui-0815/entry-12103169110.html","",""
"672773719853391872","ブログを更新しました。 『撮影とトレーラー☆』
⇒ https://t.co/W7m2wWji8U","ja","Tweet","ゆいかおり(小倉 唯＆石原夏織)公式","YUIKAORI_STAFF","","0","75","0","139","0","2015-12-04 22:45:29","https://x.com/YUIKAORI_STAFF/status/672773719853391872","<a href=""https://ameblo.jp/"" rel=""nofollow"">Ameba_Blog</a>","","http://ameblo.jp/ogurayui-0815/entry-12102795119.html","",""
"672735175361474561","ライブBlu-ray&amp;DVD、小倉 唯LIVE「HAPPY JAM」は12月23日発売ですよー！！！#yuikaori #小倉唯","ja","Tweet","ゆいかおり(小倉 唯＆石原夏織)公式","YUIKAORI_STAFF","","0","78","0","128","0","2015-12-04 20:12:19","https://x.com/YUIKAORI_STAFF/status/672735175361474561","<a href=""http://twitter.com"" rel=""nofollow"">Twitter Web Client</a>","#yuikaori, #小倉唯","","",""
"672733540623126528","小倉 唯1stライブ「HAPPY JAM」のスペシャルトレーラーが公開されました！！是非チェックして下さいねー！！https://t.co/oHbqrSB45M
#yuikaori #小倉唯","ja","Tweet","ゆいかおり(小倉 唯＆石原夏織)公式","YUIKAORI_STAFF","","0","221","0","215","0","2015-12-04 20:05:49","https://x.com/YUIKAORI_STAFF/status/672733540623126528","<a href=""http://twitter.com"" rel=""nofollow"">Twitter Web Client</a>","#yuikaori, #小倉唯","https://www.youtube.com/watch?v=fUyTzjzclGs","",""
"672732774407659520","≪ゆいかおり・小倉 唯：公式サイト更新≫ 
ライブBlu-ray&amp;DVD、小倉 唯LIVE「HAPPY JAM」トレーラー公開！
https://t.co/XX4mpGWrVA　#小倉唯","ja","Tweet","ゆいかおり(小倉 唯＆石原夏織)公式","YUIKAORI_STAFF","","0","100","0","153","0","2015-12-04 20:02:46","https://x.com/YUIKAORI_STAFF/status/672732774407659520","<a href=""http://twitter.com"" rel=""nofollow"">Twitter Web Client</a>","#小倉唯","http://www.yuikaori.info/info/1410/","",""
"672690048869908480","（→続き）
チケットの発送情報は、発送完了メールまたは“Team YUIKAORI チケット先行予約受付ページ”で確認くださいね♪　https://t.co/HFrBKTXtPB","ja","Tweet","ゆいかおり(小倉 唯＆石原夏織)公式","YUIKAORI_STAFF","","0","49","0","76","0","2015-12-04 17:13:00","https://x.com/YUIKAORI_STAFF/status/672690048869908480","<a href=""http://twitter.com"" rel=""nofollow"">Twitter Web Client</a>","","https://www.yuikaori-entry.com","",""
"672689855973863424","ゆいかおりLIVE TOUR「RAINBOW CANARY!!」チケット最速先行・2次先行予約受付にお申し込み頂きました皆さまへ、本日チケットを発送しました☆（→続く）","ja","Tweet","ゆいかおり(小倉 唯＆石原夏織)公式","YUIKAORI_STAFF","","0","82","0","104","0","2015-12-04 17:12:14","https://x.com/YUIKAORI_STAFF/status/672689855973863424","<a href=""http://twitter.com"" rel=""nofollow"">Twitter Web Client</a>","","","",""
"672381236376035329","ブログを更新しました。 『特典たち☆』
⇒ https://t.co/zpc8E5eneu","ja","Tweet","ゆいかおり(小倉 唯＆石原夏織)公式","YUIKAORI_STAFF","","0","110","0","172","0","2015-12-03 20:45:53","https://x.com/YUIKAORI_STAFF/status/672381236376035329","<a href=""https://ameblo.jp/"" rel=""nofollow"">Ameba_Blog</a>","","http://ameblo.jp/ogurayui-0815/entry-12102397292.html","",""
"672219430772858884","≪ゆいかおり・小倉 唯：公式サイト更新≫ 
小倉 唯LIVE「HAPPY JAM」オリジナル特典情報【特典詳細更新】
https://t.co/pmE8sm4vlb　#小倉唯","ja","Tweet","ゆいかおり(小倉 唯＆石原夏織)公式","YUIKAORI_STAFF","","0","134","0","159","0","2015-12-03 10:02:56","https://x.com/YUIKAORI_STAFF/status/672219430772858884","<a href=""http://twitter.com"" rel=""nofollow"">Twitter Web Client</a>","#小倉唯","http://www.yuikaori.info/info/1402/","",""
"671709402521407488","ブログを更新しました。 『一ヶ月☆』
⇒ https://t.co/xGw2YFMtVj","ja","Tweet","ゆいかおり(小倉 唯＆石原夏織)公式","YUIKAORI_STAFF","","0","112","0","185","0","2015-12-02 00:16:15","https://x.com/YUIKAORI_STAFF/status/671709402521407488","<a href=""https://ameblo.jp/"" rel=""nofollow"">Ameba_Blog</a>","","http://ameblo.jp/ogurayui-0815/entry-12101748894.html","",""
"671679180543692800","ブログを更新しました。 『白猫プロジェクト』
⇒ https://t.co/qPEDMnMwD2","ja","Tweet","ゆいかおり(小倉 唯＆石原夏織)公式","YUIKAORI_STAFF","","0","110","0","165","0","2015-12-01 22:16:10","https://x.com/YUIKAORI_STAFF/status/671679180543692800","<a href=""https://ameblo.jp/"" rel=""nofollow"">Ameba_Blog</a>","","http://ameblo.jp/ishiharakaori-0806/entry-12101698230.html","",""
"671002333019422720","ブログを更新しました。 『(♪)☆』
⇒ https://t.co/d6oAtRC7MS","ja","Tweet","ゆいかおり(小倉 唯＆石原夏織)公式","YUIKAORI_STAFF","","0","59","0","106","0","2015-11-30 01:26:37","https://x.com/YUIKAORI_STAFF/status/671002333019422720","<a href=""https://ameblo.jp/"" rel=""nofollow"">Ameba_Blog</a>","","http://ameblo.jp/ogurayui-0815/entry-12101035700.html","",""
"670987131121045504","まもなく実ラジはじまりますよ！是非聞いて下さいねー！！ #yuikaori #joqr #実ラジ","ja","Tweet","ゆいかおり(小倉 唯＆石原夏織)公式","YUIKAORI_STAFF","","0","40","0","64","0","2015-11-30 00:26:13","https://x.com/YUIKAORI_STAFF/status/670987131121045504","<a href=""http://twitter.com/download/iphone"" rel=""nofollow"">Twitter for iPhone</a>","#yuikaori, #joqr, #実ラジ","","",""
"670981871023480832","この後24:30〜は文化放送にて「ゆいかおりの実♪」が放送になりますよー！！ #yuikaori #joqr #実ラジ","ja","Tweet","ゆいかおり(小倉 唯＆石原夏織)公式","YUIKAORI_STAFF","","0","38","0","73","0","2015-11-30 00:05:18","https://x.com/YUIKAORI_STAFF/status/670981871023480832","<a href=""http://twitter.com/download/iphone"" rel=""nofollow"">Twitter for iPhone</a>","#yuikaori, #joqr, #実ラジ","","",""
"670636708128358400","ブログを更新しました。 『カワウソちゃん☆』
⇒ https://t.co/0JvDUTbNmP","ja","Tweet","ゆいかおり(小倉 唯＆石原夏織)公式","YUIKAORI_STAFF","","1","101","0","145","0","2015-11-29 01:13:45","https://x.com/YUIKAORI_STAFF/status/670636708128358400","<a href=""https://ameblo.jp/"" rel=""nofollow"">Ameba_Blog</a>","","http://ameblo.jp/ogurayui-0815/entry-12100678327.html","",""
"670270454930665472","ブログを更新しました。 『エシレバター☆』
⇒ https://t.co/ZIVyAJtDOi","ja","Tweet","ゆいかおり(小倉 唯＆石原夏織)公式","YUIKAORI_STAFF","","0","59","0","108","0","2015-11-28 00:58:24","https://x.com/YUIKAORI_STAFF/status/670270454930665472","<a href=""https://ameblo.jp/"" rel=""nofollow"">Ameba_Blog</a>","","http://ameblo.jp/ogurayui-0815/entry-12100334065.html","",""
"669896259080093697","ブログを更新しました。 『HAPPY JAMの☆』
⇒ https://t.co/hEoURPOwba","ja","Tweet","ゆいかおり(小倉 唯＆石原夏織)公式","YUIKAORI_STAFF","","0","110","0","153","0","2015-11-27 00:11:28","https://x.com/YUIKAORI_STAFF/status/669896259080093697","<a href=""https://ameblo.jp/"" rel=""nofollow"">Ameba_Blog</a>","","http://ameblo.jp/ogurayui-0815/entry-12099976625.html","",""
"669684024256786432","12月23日発売の小倉 唯LIVE「HAPPY JAM」のジャケット写真が公開されました！！！https://t.co/rKuxBX37lB 
#yuikaori #小倉唯 https://t.co/eid1MKcsiX","ja","Tweet","ゆいかおり(小倉 唯＆石原夏織)公式","YUIKAORI_STAFF","","5","553","0","627","1","2015-11-26 10:08:08","https://x.com/YUIKAORI_STAFF/status/669684024256786432","<a href=""http://twitter.com"" rel=""nofollow"">Twitter Web Client</a>","#yuikaori, #小倉唯","http://www.ogurayui.jp/discography/","photo","https://pbs.twimg.com/media/CUsyEe4UcAEMR23.jpg
https://pbs.twimg.com/media/CUsyEjEUwAEetvf.jpg"
"669682503557386240","≪ゆいかおり・小倉 唯：公式サイト更新≫ 
小倉 唯LIVE「HAPPY JAM」ジャケット＆収録内容公開！
https://t.co/rKuxBX37lB　#小倉唯","ja","Tweet","ゆいかおり(小倉 唯＆石原夏織)公式","YUIKAORI_STAFF","","0","99","0","135","0","2015-11-26 10:02:05","https://x.com/YUIKAORI_STAFF/status/669682503557386240","<a href=""http://twitter.com"" rel=""nofollow"">Twitter Web Client</a>","#小倉唯","http://www.ogurayui.jp/discography/","",""
"669682461949886464","≪ゆいかおり・小倉 唯：公式サイト更新≫ 
小倉 唯LIVE「HAPPY JAM」オリジナル特典情報
https://t.co/pmE8sm4vlb　#小倉唯","ja","Tweet","ゆいかおり(小倉 唯＆石原夏織)公式","YUIKAORI_STAFF","","0","109","0","145","0","2015-11-26 10:01:55","https://x.com/YUIKAORI_STAFF/status/669682461949886464","<a href=""http://twitter.com"" rel=""nofollow"">Twitter Web Client</a>","#小倉唯","http://www.yuikaori.info/info/1402/","",""
"669419802155466753","≪ゆいかおり・小倉 唯：公式サイト更新≫
小倉 唯＆石原夏織の出演情報を更新しました☆
https://t.co/9IT8M74QfU  　#yuikaori","ja","Tweet","ゆいかおり(小倉 唯＆石原夏織)公式","YUIKAORI_STAFF","","0","33","0","76","0","2015-11-25 16:38:12","https://x.com/YUIKAORI_STAFF/status/669419802155466753","<a href=""http://twitter.com"" rel=""nofollow"">Twitter Web Client</a>","#yuikaori","http://www.yuikaori.info/profile/","",""
"669171762370846720","ブログを更新しました。 『キラキラ☆』
⇒ https://t.co/Ynwfwi23FT","ja","Tweet","ゆいかおり(小倉 唯＆石原夏織)公式","YUIKAORI_STAFF","","1","96","0","168","0","2015-11-25 00:12:35","https://x.com/YUIKAORI_STAFF/status/669171762370846720","<a href=""https://ameblo.jp/"" rel=""nofollow"">Ameba_Blog</a>","","http://ameblo.jp/ogurayui-0815/entry-12099278382.html","",""
"668971372203261952","ブログを更新しました。 『ご飯☆』
⇒ https://t.co/X1viRzMv6n","ja","Tweet","ゆいかおり(小倉 唯＆石原夏織)公式","YUIKAORI_STAFF","","0","72","0","116","0","2015-11-24 10:56:18","https://x.com/YUIKAORI_STAFF/status/668971372203261952","<a href=""https://ameblo.jp/"" rel=""nofollow"">Ameba_Blog</a>","","http://ameblo.jp/ogurayui-0815/entry-12099016213.html","",""
"668789911894429696","ブログを更新しました。 『ふぅ〜』
⇒ https://t.co/2XEb3wwzB5","ja","Tweet","ゆいかおり(小倉 唯＆石原夏織)公式","YUIKAORI_STAFF","","0","70","0","133","0","2015-11-23 22:55:15","https://x.com/YUIKAORI_STAFF/status/668789911894429696","<a href=""https://ameblo.jp/"" rel=""nofollow"">Ameba_Blog</a>","","http://ameblo.jp/ishiharakaori-0806/entry-12098885015.html","",""
"668450144803688448","まもなく「ゆいかおりの実♪」が放送になります！！ 是非聞いてくださいねっ！！ #yuikaori #joqr #実ラジ","ja","Tweet","ゆいかおり(小倉 唯＆石原夏織)公式","YUIKAORI_STAFF","","1","42","0","76","0","2015-11-23 00:25:08","https://x.com/YUIKAORI_STAFF/status/668450144803688448","<a href=""http://twitter.com/download/iphone"" rel=""nofollow"">Twitter for iPhone</a>","#yuikaori, #joqr, #実ラジ","","",""
"668447067660943361","ブログを更新しました。 『A&amp;Gオールスター2015☆』
⇒ https://t.co/8X7WAPjz4u","ja","Tweet","ゆいかおり(小倉 唯＆石原夏織)公式","YUIKAORI_STAFF","","0","104","0","162","0","2015-11-23 00:12:54","https://x.com/YUIKAORI_STAFF/status/668447067660943361","<a href=""https://ameblo.jp/"" rel=""nofollow"">Ameba_Blog</a>","","http://ameblo.jp/ogurayui-0815/entry-12098537185.html","",""
"668425099075186689","ブログを更新しました。 『A&amp;Gオールスター2015』
⇒ https://t.co/YCYg4ksqUa","ja","Tweet","ゆいかおり(小倉 唯＆石原夏織)公式","YUIKAORI_STAFF","","0","116","0","155","0","2015-11-22 22:45:37","https://x.com/YUIKAORI_STAFF/status/668425099075186689","<a href=""https://ameblo.jp/"" rel=""nofollow"">Ameba_Blog</a>","","http://ameblo.jp/ishiharakaori-0806/entry-12098501753.html","",""
"668090392764542977","ブログを更新しました。 『美味しいものたち☆』
⇒ https://t.co/I5wzpPUROL","ja","Tweet","ゆいかおり(小倉 唯＆石原夏織)公式","YUIKAORI_STAFF","","0","60","0","118","0","2015-11-22 00:35:36","https://x.com/YUIKAORI_STAFF/status/668090392764542977","<a href=""https://ameblo.jp/"" rel=""nofollow"">Ameba_Blog</a>","","http://ameblo.jp/ogurayui-0815/entry-12098170624.html","",""
"667173609752780800","ブログを更新しました。 『風邪予防☆』
⇒ https://t.co/PxT2QeutGx","ja","Tweet","ゆいかおり(小倉 唯＆石原夏織)公式","YUIKAORI_STAFF","","0","108","0","164","0","2015-11-19 11:52:38","https://x.com/YUIKAORI_STAFF/status/667173609752780800","<a href=""https://ameblo.jp/"" rel=""nofollow"">Ameba_Blog</a>","","http://ameblo.jp/ogurayui-0815/entry-12097244532.html","",""
"666675353348239360","ブログを更新しました。 『考え事☆』
⇒ https://t.co/3XPZsJkT9s","ja","Tweet","ゆいかおり(小倉 唯＆石原夏織)公式","YUIKAORI_STAFF","","0","79","0","151","0","2015-11-18 02:52:45","https://x.com/YUIKAORI_STAFF/status/666675353348239360","<a href=""https://ameblo.jp/"" rel=""nofollow"">Ameba_Blog</a>","","http://ameblo.jp/ogurayui-0815/entry-12096789662.html","",""
"666270045669072897","ブログを更新しました。 『包まれる☆』
⇒ https://t.co/VoMRkufBly","ja","Tweet","ゆいかおり(小倉 唯＆石原夏織)公式","YUIKAORI_STAFF","","0","56","0","108","0","2015-11-17 00:02:12","https://x.com/YUIKAORI_STAFF/status/666270045669072897","<a href=""https://ameblo.jp/"" rel=""nofollow"">Ameba_Blog</a>","","http://ameblo.jp/ogurayui-0815/entry-12096388975.html","",""
"665913809337319424","まもなく実ラジはじまりますよー！！！ #yuikaori #joqr #実ラジ","ja","Tweet","ゆいかおり(小倉 唯＆石原夏織)公式","YUIKAORI_STAFF","","0","37","0","74","0","2015-11-16 00:26:38","https://x.com/YUIKAORI_STAFF/status/665913809337319424","<a href=""http://twitter.com/download/iphone"" rel=""nofollow"">Twitter for iPhone</a>","#yuikaori, #joqr, #実ラジ","","",""
"665896053833527296","この後24:30〜は「ゆいかおりの実♪」が放送になりますよー！！ 是非聞いてくださいねっ！！ #yuikaori #joqr #実ラジ","ja","Tweet","ゆいかおり(小倉 唯＆石原夏織)公式","YUIKAORI_STAFF","","1","52","0","74","0","2015-11-15 23:16:05","https://x.com/YUIKAORI_STAFF/status/665896053833527296","<a href=""http://twitter.com/download/iphone"" rel=""nofollow"">Twitter for iPhone</a>","#yuikaori, #joqr, #実ラジ","","",""
"665870131214417922","ブログを更新しました。 『Bright Canary 大阪•名古屋☆』
⇒ https://t.co/sa8mAsKXeZ","ja","Tweet","ゆいかおり(小倉 唯＆石原夏織)公式","YUIKAORI_STAFF","","0","97","0","143","0","2015-11-15 21:33:05","https://x.com/YUIKAORI_STAFF/status/665870131214417922","<a href=""https://ameblo.jp/"" rel=""nofollow"">Ameba_Blog</a>","","http://ameblo.jp/ogurayui-0815/entry-12095950181.html","",""
"665870008686239744","ブログを更新しました。 『大阪と名古屋❤︎』
⇒ https://t.co/SCR62zO1F0","ja","Tweet","ゆいかおり(小倉 唯＆石原夏織)公式","YUIKAORI_STAFF","","1","96","0","143","0","2015-11-15 21:32:35","https://x.com/YUIKAORI_STAFF/status/665870008686239744","<a href=""https://ameblo.jp/"" rel=""nofollow"">Ameba_Blog</a>","","http://ameblo.jp/ishiharakaori-0806/entry-12095943082.html","",""
"665549620974456834","ブログを更新しました。 『またまた☆』
⇒ https://t.co/m8AcDjmwah","ja","Tweet","ゆいかおり(小倉 唯＆石原夏織)公式","YUIKAORI_STAFF","","0","78","0","123","0","2015-11-15 00:19:29","https://x.com/YUIKAORI_STAFF/status/665549620974456834","<a href=""https://ameblo.jp/"" rel=""nofollow"">Ameba_Blog</a>","","http://ameblo.jp/ogurayui-0815/entry-12095647673.html","",""
"665068916314472448","≪Team YUIKAORI：REPORT更新≫
ゆいかおり3rdアルバム「Bright Canary」 ☆ オフショット その1〜5を更新しました♪
ぜひお手元にあるアルバムと一緒にお楽しみくださいね〜！
https://t.co/tfdjEciSKF　#yuikaori","ja","Tweet","ゆいかおり(小倉 唯＆石原夏織)公式","YUIKAORI_STAFF","","0","95","0","153","0","2015-11-13 16:29:20","https://x.com/YUIKAORI_STAFF/status/665068916314472448","<a href=""http://twitter.com"" rel=""nofollow"">Twitter Web Client</a>","#yuikaori","http://yuikaori-report.info/","",""
"665025469146730496","ブログを更新しました。 『わ〜！！』
⇒ https://t.co/L34JiBx07E","ja","Tweet","ゆいかおり(小倉 唯＆石原夏織)公式","YUIKAORI_STAFF","","0","53","0","124","0","2015-11-13 13:36:42","https://x.com/YUIKAORI_STAFF/status/665025469146730496","<a href=""https://ameblo.jp/"" rel=""nofollow"">Ameba_Blog</a>","","http://ameblo.jp/ishiharakaori-0806/entry-12095078127.html","",""
"664999937977901056","ブログを更新しました。 『かぼちゃとツアー☆』
⇒ https://t.co/5jqJ9pICHQ","ja","Tweet","ゆいかおり(小倉 唯＆石原夏織)公式","YUIKAORI_STAFF","","0","92","0","153","0","2015-11-13 11:55:14","https://x.com/YUIKAORI_STAFF/status/664999937977901056","<a href=""https://ameblo.jp/"" rel=""nofollow"">Ameba_Blog</a>","","http://ameblo.jp/ogurayui-0815/entry-12095050412.html","",""
"664753016990334976","≪Team YUIKAORI：REPORT更新≫
ゆいかおり3rdアルバム「Bright Canary」アドトレーラー☆
https://t.co/tfdjEciSKF　#yuikaori　#ブライトカナリー号","ja","Tweet","ゆいかおり(小倉 唯＆石原夏織)公式","YUIKAORI_STAFF","","0","34","0","81","0","2015-11-12 19:34:04","https://x.com/YUIKAORI_STAFF/status/664753016990334976","<a href=""http://twitter.com"" rel=""nofollow"">Twitter Web Client</a>","#yuikaori, #ブライトカナリー号","http://yuikaori-report.info/","",""
"664692822700720128","≪ゆいかおり・小倉 唯：公式サイト更新≫
小倉 唯＆石原夏織の出演情報を更新しました☆
https://t.co/9IT8M7mr7s 　#yuikaori","ja","Tweet","ゆいかおり(小倉 唯＆石原夏織)公式","YUIKAORI_STAFF","","0","36","0","88","0","2015-11-12 15:34:52","https://x.com/YUIKAORI_STAFF/status/664692822700720128","<a href=""http://twitter.com"" rel=""nofollow"">Twitter Web Client</a>","#yuikaori","http://www.yuikaori.info/profile/","",""
"664472290122305536","ブログを更新しました。 『長いですね☆』
⇒ https://t.co/AnWrOVSZwD","ja","Tweet","ゆいかおり(小倉 唯＆石原夏織)公式","YUIKAORI_STAFF","","0","59","0","98","0","2015-11-12 00:58:33","https://x.com/YUIKAORI_STAFF/status/664472290122305536","<a href=""https://ameblo.jp/"" rel=""nofollow"">Ameba_Blog</a>","","http://ameblo.jp/ogurayui-0815/entry-12094576809.html","",""
"664438913633677312","ブログを更新しました。 『11月11日』
⇒ https://t.co/Hlv7Z2vMr7","ja","Tweet","ゆいかおり(小倉 唯＆石原夏織)公式","YUIKAORI_STAFF","","0","76","0","134","0","2015-11-11 22:45:56","https://x.com/YUIKAORI_STAFF/status/664438913633677312","<a href=""https://ameblo.jp/"" rel=""nofollow"">Ameba_Blog</a>","","http://ameblo.jp/ishiharakaori-0806/entry-12094528422.html","",""
"664095910784188417","≪ゆいかおり：公式サイト更新≫
ゆいかおり「カナリア」MUSIC VIDEO（Dance ver.）配信開始！
https://t.co/GeYziHhTAu　#yuikaori","ja","Tweet","ゆいかおり(小倉 唯＆石原夏織)公式","YUIKAORI_STAFF","","0","123","2","167","0","2015-11-11 00:02:58","https://x.com/YUIKAORI_STAFF/status/664095910784188417","<a href=""http://twitter.com"" rel=""nofollow"">Twitter Web Client</a>","#yuikaori","http://www.yuikaori.info/info/1389/","",""
"664093626666844160","ブログを更新しました。 『さ〜て☆』
⇒ https://t.co/HazkFotmD3","ja","Tweet","ゆいかおり(小倉 唯＆石原夏織)公式","YUIKAORI_STAFF","","0","80","0","157","0","2015-11-10 23:53:53","https://x.com/YUIKAORI_STAFF/status/664093626666844160","<a href=""https://ameblo.jp/"" rel=""nofollow"">Ameba_Blog</a>","","http://ameblo.jp/ogurayui-0815/entry-12094183455.html","",""
"663960405933318144","≪ゆいかおり：公式サイト更新≫
animelo mix presents ゆいかおりLIVE TOUR「RAINBOW CANARY!!」チケット一般発売情報！
https://t.co/Ca95DzHpXi　#yuikaori","ja","Tweet","ゆいかおり(小倉 唯＆石原夏織)公式","YUIKAORI_STAFF","","0","52","0","77","0","2015-11-10 15:04:31","https://x.com/YUIKAORI_STAFF/status/663960405933318144","<a href=""http://twitter.com"" rel=""nofollow"">Twitter Web Client</a>","#yuikaori","http://www.yuikaori.info/info/1387/","",""
"663731784023019520","ブログを更新しました。 『(^o^)☆』
⇒ https://t.co/d7g25pozg1","ja","Tweet","ゆいかおり(小倉 唯＆石原夏織)公式","YUIKAORI_STAFF","","1","70","0","130","0","2015-11-09 23:56:03","https://x.com/YUIKAORI_STAFF/status/663731784023019520","<a href=""https://ameblo.jp/"" rel=""nofollow"">Ameba_Blog</a>","","http://ameblo.jp/ogurayui-0815/entry-12093824139.html","",""
"663392184297586688","大変お待たせ致しました！まもなく25:30〜「ゆいかおりの実♪」が放送になります！！ ！ #yuikaori #joqr #実ラジ","ja","Tweet","ゆいかおり(小倉 唯＆石原夏織)公式","YUIKAORI_STAFF","","0","64","0","71","0","2015-11-09 01:26:36","https://x.com/YUIKAORI_STAFF/status/663392184297586688","<a href=""http://twitter.com/download/iphone"" rel=""nofollow"">Twitter for iPhone</a>","#yuikaori, #joqr, #実ラジ","","",""
"663377838133809152","今夜の実ラジですが、世界野球ＷＢＳＣプレミア12の中継延長のため25:30〜の放送になります。放送開始まで暫くお待ちください。","ja","Tweet","ゆいかおり(小倉 唯＆石原夏織)公式","YUIKAORI_STAFF","","0","108","0","93","0","2015-11-09 00:29:36","https://x.com/YUIKAORI_STAFF/status/663377838133809152","<a href=""http://twitter.com/download/iphone"" rel=""nofollow"">Twitter for iPhone</a>","","","",""
"663322330551070720","ブログを更新しました。 『Bright Canaryイベント☆』
⇒ https://t.co/taqQvuI0SH","ja","Tweet","ゆいかおり(小倉 唯＆石原夏織)公式","YUIKAORI_STAFF","","1","107","0","160","0","2015-11-08 20:49:02","https://x.com/YUIKAORI_STAFF/status/663322330551070720","<a href=""https://ameblo.jp/"" rel=""nofollow"">Ameba_Blog</a>","","http://ameblo.jp/ogurayui-0815/entry-12093358984.html","",""
"663306275711676417","ブログを更新しました。 『ゆいかおりイベント❤︎』
⇒ https://t.co/qnq862fMmF","ja","Tweet","ゆいかおり(小倉 唯＆石原夏織)公式","YUIKAORI_STAFF","","1","99","0","169","0","2015-11-08 19:45:14","https://x.com/YUIKAORI_STAFF/status/663306275711676417","<a href=""https://ameblo.jp/"" rel=""nofollow"">Ameba_Blog</a>","","http://ameblo.jp/ishiharakaori-0806/entry-12093345861.html","",""
"663148943895756800","ゆいかおりニューアルバム「Bright Canary」のアドトレーラー本日の運行スケジュール！ 【11/8の運行スケジュール】 
13:00～14:00 池袋 
14:00～16:00 原宿 
16:00～18:00 渋谷 
18:00～20:00 秋葉原 #ブライトカナリー号","ja","Tweet","ゆいかおり(小倉 唯＆石原夏織)公式","YUIKAORI_STAFF","","0","54","0","87","0","2015-11-08 09:20:03","https://x.com/YUIKAORI_STAFF/status/663148943895756800","<a href=""http://twitter.com/download/iphone"" rel=""nofollow"">Twitter for iPhone</a>","#ブライトカナリー号","","",""
"662993609424134144","ブログを更新しました。 『VOICE GIRLSさん☆』
⇒ https://t.co/QdJSuAbtEJ","ja","Tweet","ゆいかおり(小倉 唯＆石原夏織)公式","YUIKAORI_STAFF","","0","86","0","153","0","2015-11-07 23:02:48","https://x.com/YUIKAORI_STAFF/status/662993609424134144","<a href=""https://ameblo.jp/"" rel=""nofollow"">Ameba_Blog</a>","","http://ameblo.jp/ogurayui-0815/entry-12093051682.html","",""
"662783085813985281","ゆいかおりニューアルバム「Bright Canary」のアドトレーラー本日の運行スケジュール！ ！
【11/7の運行スケジュール】 
13:00～16:00 秋葉原 
16:00～18:00 原宿 
18:00～20:00 渋谷 #ブライトカナリー号","ja","Tweet","ゆいかおり(小倉 唯＆石原夏織)公式","YUIKAORI_STAFF","","0","45","0","78","0","2015-11-07 09:06:16","https://x.com/YUIKAORI_STAFF/status/662783085813985281","<a href=""http://twitter.com/download/iphone"" rel=""nofollow"">Twitter for iPhone</a>","#ブライトカナリー号","","",""
"662668971632517120","ブログを更新しました。 『ミニ写真集の☆』
⇒ https://t.co/QyOlLW7sHW","ja","Tweet","ゆいかおり(小倉 唯＆石原夏織)公式","YUIKAORI_STAFF","","0","69","0","131","0","2015-11-07 01:32:49","https://x.com/YUIKAORI_STAFF/status/662668971632517120","<a href=""https://ameblo.jp/"" rel=""nofollow"">Ameba_Blog</a>","","http://ameblo.jp/ogurayui-0815/entry-12092736784.html","",""
"662419821099769856","ゆいかおりニューアルバム「Bright Canary」のアドトレーラー本日の運行スケジュール！ 
【11/6の運行スケジュール】 
13:00～14:00 池袋 
14:00～16:00 渋谷 
16:00～20:00 秋葉原 #ブライトカナリー号","ja","Tweet","ゆいかおり(小倉 唯＆石原夏織)公式","YUIKAORI_STAFF","","1","42","0","75","0","2015-11-06 09:02:47","https://x.com/YUIKAORI_STAFF/status/662419821099769856","<a href=""http://twitter.com/download/iphone"" rel=""nofollow"">Twitter for iPhone</a>","#ブライトカナリー号","","",""
"662303487590424578","ブログを更新しました。 『一回転☆』
⇒ https://t.co/lEXF7rKvzz","ja","Tweet","ゆいかおり(小倉 唯＆石原夏織)公式","YUIKAORI_STAFF","","0","60","0","135","0","2015-11-06 01:20:31","https://x.com/YUIKAORI_STAFF/status/662303487590424578","<a href=""https://ameblo.jp/"" rel=""nofollow"">Ameba_Blog</a>","","http://ameblo.jp/ogurayui-0815/entry-12092369965.html","",""
"662062536817164288","ゆいかおりニューアルバム「Bright Canary」のアドトレーラー本日の運行スケジュール！ 
【11/5の運行スケジュール】 
13:00～14:00 池袋 
14:00～15:00 新宿 
15:00～18:00 渋谷 
18:00～20:00 秋葉原 #ブライトカナリー号","ja","Tweet","ゆいかおり(小倉 唯＆石原夏織)公式","YUIKAORI_STAFF","","0","54","0","79","0","2015-11-05 09:23:03","https://x.com/YUIKAORI_STAFF/status/662062536817164288","<a href=""http://twitter.com/download/iphone"" rel=""nofollow"">Twitter for iPhone</a>","#ブライトカナリー号","","",""
"661927624277553152","ブログを更新しました。 『カナリアMV☆』
⇒ https://t.co/g9g5Hkg7BT","ja","Tweet","ゆいかおり(小倉 唯＆石原夏織)公式","YUIKAORI_STAFF","","0","72","0","122","0","2015-11-05 00:26:58","https://x.com/YUIKAORI_STAFF/status/661927624277553152","<a href=""https://ameblo.jp/"" rel=""nofollow"">Ameba_Blog</a>","","http://ameblo.jp/ogurayui-0815/entry-12091991565.html","",""
"661813809284182016","ブログを更新しました。 『Bright Canary〜』
⇒ https://t.co/nhyMJFtVjK","ja","Tweet","ゆいかおり(小倉 唯＆石原夏織)公式","YUIKAORI_STAFF","","0","78","0","163","0","2015-11-04 16:54:42","https://x.com/YUIKAORI_STAFF/status/661813809284182016","<a href=""https://ameblo.jp/"" rel=""nofollow"">Ameba_Blog</a>","","http://ameblo.jp/ishiharakaori-0806/entry-12091823826.html","",""
"661778199009857536","≪ゆいかおり：公式サイト更新≫
ナタリーにてゆいかおり3rdアルバム「Bright Canary」のインタビュー掲載！
https://t.co/P8gZYLHpSn　#yuikaori","ja","Tweet","ゆいかおり(小倉 唯＆石原夏織)公式","YUIKAORI_STAFF","","0","57","0","134","0","2015-11-04 14:33:12","https://x.com/YUIKAORI_STAFF/status/661778199009857536","<a href=""http://twitter.com"" rel=""nofollow"">Twitter Web Client</a>","#yuikaori","http://www.yuikaori.info/info/1385/","",""
"661770621894836225","遂に本日11/4はゆいかおり3rdアルバム「Bright Canary」の発売日ですよー！！！！
みなさま是非チェックして下さいね！！！https://t.co/LaLuYfgqmw https://t.co/LrmbtwnyZj #yuikaori","ja","Tweet","ゆいかおり(小倉 唯＆石原夏織)公式","YUIKAORI_STAFF","","0","137","0","167","0","2015-11-04 14:03:06","https://x.com/YUIKAORI_STAFF/status/661770621894836225","<a href=""http://twitter.com"" rel=""nofollow"">Twitter Web Client</a>","#yuikaori","https://www.youtube.com/watch?v=K-Tyya0BEuU
http://www.yuikaori.info/discography/1214/","",""
"661694061070254080","本日発売！ゆいかおりニューアルバム「Bright Canary」のアドトレーラースケジュール！
【11/4の運行スケジュール】 
13:00～14:00 池袋 
14:00～16:00 原宿 
16:00～18:00 渋谷 
18:00～20:00 秋葉原 #ブライトカナリー号","ja","Tweet","ゆいかおり(小倉 唯＆石原夏織)公式","YUIKAORI_STAFF","","0","62","0","84","0","2015-11-04 08:58:52","https://x.com/YUIKAORI_STAFF/status/661694061070254080","<a href=""http://twitter.com/download/iphone"" rel=""nofollow"">Twitter for iPhone</a>","#ブライトカナリー号","","",""
"661575341324943360","ブログを更新しました。 『3rd☆』
⇒ https://t.co/IDWo5dnBUj","ja","Tweet","ゆいかおり(小倉 唯＆石原夏織)公式","YUIKAORI_STAFF","","0","88","0","154","0","2015-11-04 01:07:07","https://x.com/YUIKAORI_STAFF/status/661575341324943360","<a href=""https://ameblo.jp/"" rel=""nofollow"">Ameba_Blog</a>","","http://ameblo.jp/ogurayui-0815/entry-12091634241.html","",""
"661460319949029376","ブログを更新しました。 『ガッチャマン❤︎』
⇒ https://t.co/nZCRmG50Mk","ja","Tweet","ゆいかおり(小倉 唯＆石原夏織)公式","YUIKAORI_STAFF","","1","54","0","125","0","2015-11-03 17:30:04","https://x.com/YUIKAORI_STAFF/status/661460319949029376","<a href=""https://ameblo.jp/"" rel=""nofollow"">Ameba_Blog</a>","","http://ameblo.jp/ishiharakaori-0806/entry-12091462906.html","",""
"661399721404076032","遂に明日11/4はゆいかおり3rdアルバム「Bright Canary」の発売日ですよ！！！！
店舗さんによってはもうゲットできるかもしれませんので是非チェックして下さいね！！！
https://t.co/FvrF021Zxz #yuikaori","ja","Tweet","ゆいかおり(小倉 唯＆石原夏織)公式","YUIKAORI_STAFF","","1","120","0","127","0","2015-11-03 13:29:16","https://x.com/YUIKAORI_STAFF/status/661399721404076032","<a href=""http://twitter.com"" rel=""nofollow"">Twitter Web Client</a>","#yuikaori","https://www.youtube.com/watch?v=2Y3Q2Xe7RME","",""
"661333659916464128","いよいよ明日発売！！ゆいかおりニューアルバム「Bright Canary」のアドトレーラー本日の運行スケジュール！ 
【11/3の運行スケジュール】 
13:00～20:00 秋葉原 #ブライトカナリー号","ja","Tweet","ゆいかおり(小倉 唯＆石原夏織)公式","YUIKAORI_STAFF","","0","65","0","90","0","2015-11-03 09:06:46","https://x.com/YUIKAORI_STAFF/status/661333659916464128","<a href=""http://twitter.com/download/iphone"" rel=""nofollow"">Twitter for iPhone</a>","#ブライトカナリー号","","",""
"661194451121913856","ブログを更新しました。 『松来未祐さん』
⇒ https://t.co/GG2xTZghj9","ja","Tweet","ゆいかおり(小倉 唯＆石原夏織)公式","YUIKAORI_STAFF","","0","433","0","399","1","2015-11-02 23:53:36","https://x.com/YUIKAORI_STAFF/status/661194451121913856","<a href=""https://ameblo.jp/"" rel=""nofollow"">Ameba_Blog</a>","","http://ameblo.jp/ogurayui-0815/entry-12091244317.html","",""
"661174362607742976","≪ゆいかおり：公式サイト更新≫
ゆいかおり3rdアルバム「Bright Canary」全曲試聴動画が公開！
https://t.co/7Gg4KD97Uu　#yuikaori","ja","Tweet","ゆいかおり(小倉 唯＆石原夏織)公式","YUIKAORI_STAFF","","0","109","0","129","0","2015-11-02 22:33:46","https://x.com/YUIKAORI_STAFF/status/661174362607742976","<a href=""http://twitter.com"" rel=""nofollow"">Twitter Web Client</a>","#yuikaori","http://www.yuikaori.info/info/1379/","",""
"661174271272587268","≪ゆいかおり：公式サイト更新≫
ゆいかおり3rdアルバム収録曲「Rainy Day」試聴動画が公開！
https://t.co/JWtZNiKAM9　#yuikaori","ja","Tweet","ゆいかおり(小倉 唯＆石原夏織)公式","YUIKAORI_STAFF","","0","77","0","105","0","2015-11-02 22:33:24","https://x.com/YUIKAORI_STAFF/status/661174271272587268","<a href=""http://twitter.com"" rel=""nofollow"">Twitter Web Client</a>","#yuikaori","http://www.yuikaori.info/info/1378/","",""
"661174219007373312","≪ゆいかおり：公式サイト更新≫
ゆいかおり3rdアルバム収録曲「ライアーシープ」(小倉 唯ソロ)試聴動画が公開！
https://t.co/6kRj89VY6G　#yuikaori","ja","Tweet","ゆいかおり(小倉 唯＆石原夏織)公式","YUIKAORI_STAFF","","0","76","0","116","0","2015-11-02 22:33:12","https://x.com/YUIKAORI_STAFF/status/661174219007373312","<a href=""http://twitter.com"" rel=""nofollow"">Twitter Web Client</a>","#yuikaori","http://www.yuikaori.info/info/1376/","",""
"660970521991909376","また本日から、大阪日本橋でんでんタウンにて「Bright Canary」ののぼりを100枚掲出致します！！期間は本日から11月8日(日)まで！是非チェックお願い致します！！ #yuikaori","ja","Tweet","ゆいかおり(小倉 唯＆石原夏織)公式","YUIKAORI_STAFF","","0","67","0","84","0","2015-11-02 09:03:47","https://x.com/YUIKAORI_STAFF/status/660970521991909376","<a href=""http://twitter.com/download/iphone"" rel=""nofollow"">Twitter for iPhone</a>","#yuikaori","","",""
"660970264386080768","運良くアドトレーラーに遭遇できた皆さんは、良かったらハッシュタグ「#ブライトカナリー号」を付けてぜひお写真を添えてつぶやいてくださいね〜！#ブライトカナリー号 #yuikaori","ja","Tweet","ゆいかおり(小倉 唯＆石原夏織)公式","YUIKAORI_STAFF","","0","60","0","91","0","2015-11-02 09:02:45","https://x.com/YUIKAORI_STAFF/status/660970264386080768","<a href=""http://twitter.com/download/iphone"" rel=""nofollow"">Twitter for iPhone</a>","#ブライトカナリー号, #ブライトカナリー号, #yuikaori","","",""
"660970196237025281","いよいよ明後日発売！ゆいかおりニューアルバム「Bright Canary」のアドトレーラースケジュール！
【11/2の運行スケジュール】
13:00～14:00 池袋
14:00～16:00 原宿
16:00～18:00 渋谷
18:00〜20:00 秋葉原
#ブライトカナリー号","ja","Tweet","ゆいかおり(小倉 唯＆石原夏織)公式","YUIKAORI_STAFF","","0","82","0","107","0","2015-11-02 09:02:29","https://x.com/YUIKAORI_STAFF/status/660970196237025281","<a href=""http://twitter.com/download/iphone"" rel=""nofollow"">Twitter for iPhone</a>","#ブライトカナリー号","","",""
"660849384628731904","ブログを更新しました。 『明日から〜☆』
⇒ https://t.co/YiXNEyqRLq","ja","Tweet","ゆいかおり(小倉 唯＆石原夏織)公式","YUIKAORI_STAFF","","0","61","0","121","0","2015-11-02 01:02:25","https://x.com/YUIKAORI_STAFF/status/660849384628731904","<a href=""https://ameblo.jp/"" rel=""nofollow"">Ameba_Blog</a>","","http://ameblo.jp/ogurayui-0815/entry-12090899961.html","",""
"660848321192308736","本日の実ラジはハロウィンスペシャルでした〜！そして！いよいよ来週11/4は3rdアルバム「Bright Canary」が発売になりますよ〜！https://t.co/4UqAjlj8MK
#yuikaori #実ラジ #joqr https://t.co/BwCaX3B2RD","ja","Tweet","ゆいかおり(小倉 唯＆石原夏織)公式","YUIKAORI_STAFF","","0","249","0","505","2","2015-11-02 00:58:12","https://x.com/YUIKAORI_STAFF/status/660848321192308736","<a href=""http://twitter.com/download/iphone"" rel=""nofollow"">Twitter for iPhone</a>","#yuikaori, #実ラジ, #joqr","https://youtu.be/K-Tyya0BEuU","photo","https://pbs.twimg.com/media/CSvOCX8UkAAcWV4.jpg
https://pbs.twimg.com/media/CSvOCX7UsAIIUa5.jpg"
"660843864668794881","チーム実ラジのハロウィン仮装です！
#yuikaori #実ラジ #joqr https://t.co/jndvvBdh3r","ja","Tweet","ゆいかおり(小倉 唯＆石原夏織)公式","YUIKAORI_STAFF","","4","337","4","555","2","2015-11-02 00:40:29","https://x.com/YUIKAORI_STAFF/status/660843864668794881","<a href=""http://twitter.com/download/iphone"" rel=""nofollow"">Twitter for iPhone</a>","#yuikaori, #実ラジ, #joqr","","photo","https://pbs.twimg.com/media/CSvJ_LsVAAAOOBF.jpg"
"660843285611606016","スタジオ内はこんな感じになってますよ〜！
#yuikaori #実ラジ #joqr https://t.co/Vz4gjeNTIR","ja","Tweet","ゆいかおり(小倉 唯＆石原夏織)公式","YUIKAORI_STAFF","","0","165","0","320","1","2015-11-02 00:38:11","https://x.com/YUIKAORI_STAFF/status/660843285611606016","<a href=""http://twitter.com/download/iphone"" rel=""nofollow"">Twitter for iPhone</a>","#yuikaori, #実ラジ, #joqr","","photo","https://pbs.twimg.com/media/CSvJdi8UkAAM9RN.jpg"
"660841063926464513","実ラジハロウィン仮装はこんな感じですよ♪#yuikaori #実ラジ  #joqr https://t.co/5RqDz0H88T","ja","Tweet","ゆいかおり(小倉 唯＆石原夏織)公式","YUIKAORI_STAFF","","3","725","5","1160","4","2015-11-02 00:29:22","https://x.com/YUIKAORI_STAFF/status/660841063926464513","<a href=""http://twitter.com/download/iphone"" rel=""nofollow"">Twitter for iPhone</a>","#yuikaori, #実ラジ, #joqr","","photo","https://pbs.twimg.com/media/CSvHbziU8AAuXgO.jpg"
"660839012798738432","この後24:30～は文化放送「ゆいかおりの実♪」が放送になります！1日遅れですがハロウィン仕様で放送しちゃいますよー！！是非聞いて下さいね！ #yuikaori  #joqr #実ラジ","ja","Tweet","ゆいかおり(小倉 唯＆石原夏織)公式","YUIKAORI_STAFF","","0","59","0","81","0","2015-11-02 00:21:13","https://x.com/YUIKAORI_STAFF/status/660839012798738432","<a href=""http://twitter.com/download/iphone"" rel=""nofollow"">Twitter for iPhone</a>","#yuikaori, #joqr, #実ラジ","","",""
"660481537175977984","ブログを更新しました。 『エジソンandリスアニTV！❤︎』
⇒ https://t.co/dvg4VWaRau","ja","Tweet","ゆいかおり(小倉 唯＆石原夏織)公式","YUIKAORI_STAFF","","0","73","0","140","0","2015-11-01 00:40:44","https://x.com/YUIKAORI_STAFF/status/660481537175977984","<a href=""https://ameblo.jp/"" rel=""nofollow"">Ameba_Blog</a>","","http://ameblo.jp/ishiharakaori-0806/entry-12090509715.html","",""
"660475554609532928","エジソンでの集合写真です！今回も楽しい企画満載でした！日高さんが絶賛して頂いたゆいかおり3rdアルバム「Bright Canary」はいよいよ来週11/4発売です！よろしくお願いします！#agson #joqr #yuikaori https://t.co/A7rM8Be27I","ja","Tweet","ゆいかおり(小倉 唯＆石原夏織)公式","YUIKAORI_STAFF","","0","611","0","950","2","2015-11-01 00:16:57","https://x.com/YUIKAORI_STAFF/status/660475554609532928","<a href=""http://twitter.com/download/iphone"" rel=""nofollow"">Twitter for iPhone</a>","#agson, #joqr, #yuikaori","","photo","https://pbs.twimg.com/media/CSp7AURUEAAi7tF.jpg"
"660465746984570882","ゆいかおり3rdアルバム「Bright Canary」は来週11/4発売です！！！
https://t.co/LaLuYfgqmw https://t.co/LrmbtwnyZj
 #yuikaori","ja","Tweet","ゆいかおり(小倉 唯＆石原夏織)公式","YUIKAORI_STAFF","","0","74","0","104","0","2015-10-31 23:37:59","https://x.com/YUIKAORI_STAFF/status/660465746984570882","<a href=""http://twitter.com"" rel=""nofollow"">Twitter Web Client</a>","#yuikaori","https://www.youtube.com/watch?v=K-Tyya0BEuU
http://www.yuikaori.info/discography/1214/","",""
"660456552508223488","エジソンお聞き頂きましてありがとうございました！!23:00～はTOKYO MX「リスアニ!TV」にてゆいかおり特集が放送されます！！是非チェックして下さいね！！  #agson #agqr  #joqr #yuikaori","ja","Tweet","ゆいかおり(小倉 唯＆石原夏織)公式","YUIKAORI_STAFF","","0","72","0","97","0","2015-10-31 23:01:27","https://x.com/YUIKAORI_STAFF/status/660456552508223488","<a href=""http://twitter.com/download/iphone"" rel=""nofollow"">Twitter for iPhone</a>","#agson, #agqr, #joqr, #yuikaori","","",""
"660428792192626688","ゆいかおり、エジソン出演待機中ですよー！！是非聞いて下さいね！！ #agson #agqr  #joqr #yuikaori","ja","Tweet","ゆいかおり(小倉 唯＆石原夏織)公式","YUIKAORI_STAFF","","0","88","0","101","0","2015-10-31 21:11:08","https://x.com/YUIKAORI_STAFF/status/660428792192626688","<a href=""http://twitter.com/download/iphone"" rel=""nofollow"">Twitter for iPhone</a>","#agson, #agqr, #joqr, #yuikaori","","",""
"660418064391901185","ブログを更新しました。 『ハッピーハロウィン☆』
⇒ https://t.co/5XXxQXTiWD","ja","Tweet","ゆいかおり(小倉 唯＆石原夏織)公式","YUIKAORI_STAFF","","0","148","0","183","0","2015-10-31 20:28:31","https://x.com/YUIKAORI_STAFF/status/660418064391901185","<a href=""https://ameblo.jp/"" rel=""nofollow"">Ameba_Blog</a>","","http://ameblo.jp/ogurayui-0815/entry-12090406888.html","",""
"660125832547926017","ブログを更新しました。 『らいとの☆』
⇒ https://t.co/UqqVQR8uCS","ja","Tweet","ゆいかおり(小倉 唯＆石原夏織)公式","YUIKAORI_STAFF","","0","76","0","132","0","2015-10-31 01:07:17","https://x.com/YUIKAORI_STAFF/status/660125832547926017","<a href=""https://ameblo.jp/"" rel=""nofollow"">Ameba_Blog</a>","","http://ameblo.jp/ogurayui-0815/entry-12090150191.html","",""
"660107070289526784","明日ゆいかおりが文化放送「A&amp;G TRIBAL RADIO エジソン」に出演しますよー！！！21時頃からの出演になりますので是非聴いて下さいね！！https://t.co/KTzzmtHutR #yuikaori","ja","Tweet","ゆいかおり(小倉 唯＆石原夏織)公式","YUIKAORI_STAFF","","0","91","0","90","0","2015-10-30 23:52:44","https://x.com/YUIKAORI_STAFF/status/660107070289526784","<a href=""http://twitter.com/download/iphone"" rel=""nofollow"">Twitter for iPhone</a>","#yuikaori","http://www.joqr.co.jp/agson/","",""
"660082255671332864","≪ゆいかおり：公式サイト更新≫
animelo mix presents ゆいかおりLIVE TOUR「RAINBOW CANARY!!」一般プレイガイド チケット先行受付情報！
https://t.co/WXx4voQuRL　#yuikaori","ja","Tweet","ゆいかおり(小倉 唯＆石原夏織)公式","YUIKAORI_STAFF","","0","37","0","64","0","2015-10-30 22:14:08","https://x.com/YUIKAORI_STAFF/status/660082255671332864","<a href=""http://twitter.com"" rel=""nofollow"">Twitter Web Client</a>","#yuikaori","http://www.yuikaori.info/info/1371/","",""
"659747968782761985","ブログを更新しました。 『shockとhappy☆』
⇒ https://t.co/FKjlrP7sSi","ja","Tweet","ゆいかおり(小倉 唯＆石原夏織)公式","YUIKAORI_STAFF","","0","105","0","150","0","2015-10-30 00:05:47","https://x.com/YUIKAORI_STAFF/status/659747968782761985","<a href=""https://ameblo.jp/"" rel=""nofollow"">Ameba_Blog</a>","","http://ameblo.jp/ogurayui-0815/entry-12089775131.html","",""
"659664288664031234","≪ゆいかおり：公式サイト更新≫
ゆいかおり「カナリア」animelo先行配信＆ポストカードプレゼント！ https://t.co/8Uli8b8PBc　#yuikaori","ja","Tweet","ゆいかおり(小倉 唯＆石原夏織)公式","YUIKAORI_STAFF","","0","39","0","77","0","2015-10-29 18:33:17","https://x.com/YUIKAORI_STAFF/status/659664288664031234","<a href=""http://twitter.com"" rel=""nofollow"">Twitter Web Client</a>","#yuikaori","http://www.yuikaori.info/info/1368/","",""
"659390037600043008","11/4発売☆ゆいかおりニューアルバム「Bright Canary」のアドトレーラーの運行が決定〜！
池袋・原宿・渋谷・秋葉原・新宿の各所で運行します♪
交通ルールを守って、アルバムとともにお楽しみくださいね〜！ https://t.co/85ZsXk0lO9　#yuikaori","ja","Tweet","ゆいかおり(小倉 唯＆石原夏織)公式","YUIKAORI_STAFF","","0","108","0","122","0","2015-10-29 00:23:30","https://x.com/YUIKAORI_STAFF/status/659390037600043008","<a href=""http://twitter.com"" rel=""nofollow"">Twitter Web Client</a>","#yuikaori","http://www.yuikaori.info/info/1364/","",""
"659385031991803904","≪ゆいかおり：公式サイト更新≫
ゆいかおり「Bright Canary」プロモーション情報 https://t.co/85ZsXk0lO9　#yuikaori","ja","Tweet","ゆいかおり(小倉 唯＆石原夏織)公式","YUIKAORI_STAFF","","0","37","0","80","0","2015-10-29 00:03:37","https://x.com/YUIKAORI_STAFF/status/659385031991803904","<a href=""http://twitter.com"" rel=""nofollow"">Twitter Web Client</a>","#yuikaori","http://www.yuikaori.info/info/1364/","",""
"659376887655829504","&lt;おさらい4&gt;
「Making of Bright Canary」
https://t.co/uouez5h2tI","ja","Tweet","ゆいかおり(小倉 唯＆石原夏織)公式","YUIKAORI_STAFF","","0","60","0","96","0","2015-10-28 23:31:15","https://x.com/YUIKAORI_STAFF/status/659376887655829504","<a href=""http://twitter.com/download/iphone"" rel=""nofollow"">Twitter for iPhone</a>","","https://www.youtube.com/watch?v=nmKDbGOPP8g","",""
"659375985796624384","&lt;おさらい3&gt;
「Telephone Call」(石原夏織ソロ)試聴動画
https://t.co/S9aZ77dhCp","ja","Tweet","ゆいかおり(小倉 唯＆石原夏織)公式","YUIKAORI_STAFF","","0","62","0","109","0","2015-10-28 23:27:40","https://x.com/YUIKAORI_STAFF/status/659375985796624384","<a href=""http://twitter.com/download/iphone"" rel=""nofollow"">Twitter for iPhone</a>","","https://youtu.be/BP3SHFaTOKs","",""
"659374578691538944","&lt;おさらい2&gt;
「カナリア」MUSIC VIDEO
https://t.co/NSXvBTC7u4","ja","Tweet","ゆいかおり(小倉 唯＆石原夏織)公式","YUIKAORI_STAFF","","0","71","0","100","0","2015-10-28 23:22:04","https://x.com/YUIKAORI_STAFF/status/659374578691538944","<a href=""http://twitter.com/download/iphone"" rel=""nofollow"">Twitter for iPhone</a>","","http://m.youtube.com/watch?v=K-Tyya0BEuU","",""
"659373715147231233","&lt;おさらい1&gt;
「倍速∞ラブストレート」試聴動画
https://t.co/Bk0YNcgDJu","ja","Tweet","ゆいかおり(小倉 唯＆石原夏織)公式","YUIKAORI_STAFF","","0","64","0","104","0","2015-10-28 23:18:38","https://x.com/YUIKAORI_STAFF/status/659373715147231233","<a href=""http://twitter.com/download/iphone"" rel=""nofollow"">Twitter for iPhone</a>","","https://www.youtube.com/watch?v=EAVNC0DxSkM","",""
"659373524981669888","遂に来週11/4にゆいかおり3rdアルバム「Bright Canary」が発売になります！！！アルバム最新情報をおさらいしましょう！！
https://t.co/0RJGHgvbBs #yuikaori","ja","Tweet","ゆいかおり(小倉 唯＆石原夏織)公式","YUIKAORI_STAFF","","0","98","0","122","0","2015-10-28 23:17:53","https://x.com/YUIKAORI_STAFF/status/659373524981669888","<a href=""http://twitter.com/download/iphone"" rel=""nofollow"">Twitter for iPhone</a>","#yuikaori","http://www.yuikaori.info/discography/","",""
"659038384682221568","ブログを更新しました。 『アザラシ？☆』
⇒ https://t.co/MUz9W8GVSc","ja","Tweet","ゆいかおり(小倉 唯＆石原夏織)公式","YUIKAORI_STAFF","","0","61","0","92","0","2015-10-28 01:06:09","https://x.com/YUIKAORI_STAFF/status/659038384682221568","<a href=""https://ameblo.jp/"" rel=""nofollow"">Ameba_Blog</a>","","http://ameblo.jp/ogurayui-0815/entry-12089076800.html","",""
"658663533022810116","ブログを更新しました。 『おろしたて☆』
⇒ https://t.co/9i3IuFJRrU","ja","Tweet","ゆいかおり(小倉 唯＆石原夏織)公式","YUIKAORI_STAFF","","0","77","0","131","0","2015-10-27 00:16:38","https://x.com/YUIKAORI_STAFF/status/658663533022810116","<a href=""https://ameblo.jp/"" rel=""nofollow"">Ameba_Blog</a>","","http://ameblo.jp/ogurayui-0815/entry-12088707774.html","",""
"658479701703262208","ゆいかおりLIVE TOUR「RAINBOW CANARY!!」チケット2次先行予約受付の決済選択期間は【本日18:00まで】！！
期日までに決済方法の選択をお願いいたします～☆
https://t.co/HFrBKTXtPB 　#yuikaori","ja","Tweet","ゆいかおり(小倉 唯＆石原夏織)公式","YUIKAORI_STAFF","","0","17","0","41","0","2015-10-26 12:06:09","https://x.com/YUIKAORI_STAFF/status/658479701703262208","<a href=""http://twitter.com"" rel=""nofollow"">Twitter Web Client</a>","#yuikaori","https://www.yuikaori-entry.com","",""
"658478497329868801","ブログを更新しました。 『アトラクション☆』
⇒ https://t.co/kkjs4UhxcS","ja","Tweet","ゆいかおり(小倉 唯＆石原夏織)公式","YUIKAORI_STAFF","","0","87","0","144","0","2015-10-26 12:01:22","https://x.com/YUIKAORI_STAFF/status/658478497329868801","<a href=""https://ameblo.jp/"" rel=""nofollow"">Ameba_Blog</a>","","http://ameblo.jp/ogurayui-0815/entry-12088456603.html","",""
"658299347759534080","本日の文化放送「ゆいかおりの実♪」は日本シリーズ・プロ野球中継延長の為、休止となりました。楽しみに待って頂いた皆様には大変申し訳ございませんが、ご了承下さい。また次週の放送からもよろしくお願いします！#実ラジ #yuikaori","ja","Tweet","ゆいかおり(小倉 唯＆石原夏織)公式","YUIKAORI_STAFF","","3","234","0","144","0","2015-10-26 00:09:29","https://x.com/YUIKAORI_STAFF/status/658299347759534080","<a href=""http://twitter.com"" rel=""nofollow"">Twitter Web Client</a>","#実ラジ, #yuikaori","","",""
"658216135964254208","ゆいかおりLIVE TOUR「RAINBOW CANARY!!」チケット2次先行予約受付の決済選択期間は【明日 10/26(月)18:00まで】です♪
当選された皆さん！上記期日までに決済方法を選択くださいね〜☆
https://t.co/HFrBKTXtPB　#yuikaori","ja","Tweet","ゆいかおり(小倉 唯＆石原夏織)公式","YUIKAORI_STAFF","","0","12","0","49","0","2015-10-25 18:38:50","https://x.com/YUIKAORI_STAFF/status/658216135964254208","<a href=""http://twitter.com"" rel=""nofollow"">Twitter Web Client</a>","#yuikaori","https://www.yuikaori-entry.com","",""
"658095272002609152","ブログを更新しました。 『メイキングも☆』
⇒ https://t.co/Mzyp0UkUyB","ja","Tweet","ゆいかおり(小倉 唯＆石原夏織)公式","YUIKAORI_STAFF","","0","69","0","128","0","2015-10-25 10:38:34","https://x.com/YUIKAORI_STAFF/status/658095272002609152","<a href=""https://ameblo.jp/"" rel=""nofollow"">Ameba_Blog</a>","","http://ameblo.jp/ogurayui-0815/entry-12088053847.html","",""
"657934726687096833","≪ゆいかおり：公式サイト更新≫
ゆいかおり、文化放送「A&amp;G TRIBAL RADIO エジソン」出演決定！ 
https://t.co/WvV7AZIAju　#yuikaori","ja","Tweet","ゆいかおり(小倉 唯＆石原夏織)公式","YUIKAORI_STAFF","","0","64","0","92","0","2015-10-25 00:00:37","https://x.com/YUIKAORI_STAFF/status/657934726687096833","<a href=""http://twitter.com"" rel=""nofollow"">Twitter Web Client</a>","#yuikaori","http://www.yuikaori.info/info/1361/","",""
"657927179225841666","≪ゆいかおり：公式サイト更新≫
「リスアニ！TV」でゆいかおり特集放送決定！
 https://t.co/GKLZRsOXxv　#yuikaori","ja","Tweet","ゆいかおり(小倉 唯＆石原夏織)公式","YUIKAORI_STAFF","","0","113","0","140","0","2015-10-24 23:30:37","https://x.com/YUIKAORI_STAFF/status/657927179225841666","<a href=""http://twitter.com"" rel=""nofollow"">Twitter Web Client</a>","#yuikaori","http://www.yuikaori.info/info/1358/","",""
"657563957603889152","ブログを更新しました。 『うとうと☆』
⇒ https://t.co/K15XcjhvTz","ja","Tweet","ゆいかおり(小倉 唯＆石原夏織)公式","YUIKAORI_STAFF","","0","64","0","98","0","2015-10-23 23:27:19","https://x.com/YUIKAORI_STAFF/status/657563957603889152","<a href=""https://ameblo.jp/"" rel=""nofollow"">Ameba_Blog</a>","","http://ameblo.jp/ogurayui-0815/entry-12087582129.html","",""
"657558226389434368","11月4日発売の3rdアルバム「Bright Canary」ジャケット写真撮影、「カナリア」MV撮影の様子を追ったメイキング映像が公開されました！！是非チェックして下さいね！！https://t.co/uouez5h2tI #yuikaori","ja","Tweet","ゆいかおり(小倉 唯＆石原夏織)公式","YUIKAORI_STAFF","","0","123","0","164","0","2015-10-23 23:04:32","https://x.com/YUIKAORI_STAFF/status/657558226389434368","<a href=""http://twitter.com/download/iphone"" rel=""nofollow"">Twitter for iPhone</a>","#yuikaori","https://www.youtube.com/watch?v=nmKDbGOPP8g","",""
"657549665135562754","≪ゆいかおり：公式サイト更新≫
ゆいかおり「Making of Bright Canary」short ver. 公開！ 
https://t.co/mhDwtUFMCA　#yuikaori","ja","Tweet","ゆいかおり(小倉 唯＆石原夏織)公式","YUIKAORI_STAFF","","0","128","0","152","0","2015-10-23 22:30:31","https://x.com/YUIKAORI_STAFF/status/657549665135562754","<a href=""http://twitter.com"" rel=""nofollow"">Twitter Web Client</a>","#yuikaori","http://www.yuikaori.info/info/1355/","",""
"657404570922934272","≪ゆいかおり：公式サイト更新≫
スペースシャワーTVプラスにて「ゆいかおり スペシャル」放送決定！ 
https://t.co/eIvoWZjj7r 　#yuikaori","ja","Tweet","ゆいかおり(小倉 唯＆石原夏織)公式","YUIKAORI_STAFF","","0","89","0","122","0","2015-10-23 12:53:58","https://x.com/YUIKAORI_STAFF/status/657404570922934272","<a href=""http://twitter.com"" rel=""nofollow"">Twitter Web Client</a>","#yuikaori","http://www.yuikaori.info/info/1351/","",""
"657205732148776960","ブログを更新しました。 『これからの☆』
⇒ https://t.co/QR4H3BvsVD","ja","Tweet","ゆいかおり(小倉 唯＆石原夏織)公式","YUIKAORI_STAFF","","0","86","0","137","0","2015-10-22 23:43:51","https://x.com/YUIKAORI_STAFF/status/657205732148776960","<a href=""https://ameblo.jp/"" rel=""nofollow"">Ameba_Blog</a>","","http://ameblo.jp/ogurayui-0815/entry-12087224997.html","",""
"657072475231010816","≪ゆいかおり：公式サイト更新≫
ゆいかおり掲載情報♪
https://t.co/4ZAYKWzATb　#yuikaori","ja","Tweet","ゆいかおり(小倉 唯＆石原夏織)公式","YUIKAORI_STAFF","","0","27","0","64","0","2015-10-22 14:54:20","https://x.com/YUIKAORI_STAFF/status/657072475231010816","<a href=""http://twitter.com"" rel=""nofollow"">Twitter Web Client</a>","#yuikaori","http://www.yuikaori.info/info/1349/","",""
"656863065938395137","ブログを更新しました。 『和食派？☆』
⇒ https://t.co/wt1dH684Bo","ja","Tweet","ゆいかおり(小倉 唯＆石原夏織)公式","YUIKAORI_STAFF","","0","53","0","110","0","2015-10-22 01:02:13","https://x.com/YUIKAORI_STAFF/status/656863065938395137","<a href=""https://ameblo.jp/"" rel=""nofollow"">Ameba_Blog</a>","","http://ameblo.jp/ogurayui-0815/entry-12086878031.html","",""
"656735048670928896","【重要・その2】
チケット2次先行予約受付にお申し込みいただきました皆さまには、ご迷惑をおかけし誠に申し訳ございませんでした。
本件についてのお問い合わせの際は、申し込みページ下部に記載のメールアドレス宛にお送りくださいませ。
https://t.co/HFrBKTXtPB","ja","Tweet","ゆいかおり(小倉 唯＆石原夏織)公式","YUIKAORI_STAFF","","0","22","0","51","0","2015-10-21 16:33:31","https://x.com/YUIKAORI_STAFF/status/656735048670928896","<a href=""http://twitter.com"" rel=""nofollow"">Twitter Web Client</a>","","https://www.yuikaori-entry.com","",""
"656733813528117248","【重要】
先ほど、ゆいかおりLIVE TOUR「RAINBOW CANARY!!」チケット2次先行予約受付のシステムが復旧いたしました。
16:20頃より、当落結果メールの配信を開始しております。
お申し込みいただいた皆さま、メールの受信状況をご確認くださいませ。","ja","Tweet","ゆいかおり(小倉 唯＆石原夏織)公式","YUIKAORI_STAFF","","0","33","0","64","0","2015-10-21 16:28:37","https://x.com/YUIKAORI_STAFF/status/656733813528117248","<a href=""http://twitter.com"" rel=""nofollow"">Twitter Web Client</a>","","","",""
"656648499883171840","ブログを更新しました。 『さらつや☆』
⇒ https://t.co/WMC5Y59LE6","ja","Tweet","ゆいかおり(小倉 唯＆石原夏織)公式","YUIKAORI_STAFF","","0","70","0","107","0","2015-10-21 10:49:36","https://x.com/YUIKAORI_STAFF/status/656648499883171840","<a href=""https://ameblo.jp/"" rel=""nofollow"">Ameba_Blog</a>","","http://ameblo.jp/ogurayui-0815/entry-12086601969.html","",""
"656465013108903936","ブログを更新しました。 『So happy❤︎』
⇒ https://t.co/vvnVNqByFw","ja","Tweet","ゆいかおり(小倉 唯＆石原夏織)公式","YUIKAORI_STAFF","","1","98","0","167","0","2015-10-20 22:40:30","https://x.com/YUIKAORI_STAFF/status/656465013108903936","<a href=""https://ameblo.jp/"" rel=""nofollow"">Ameba_Blog</a>","","http://ameblo.jp/ishiharakaori-0806/entry-12086463211.html","",""
"656382353313366016","≪ゆいかおり・小倉 唯：公式サイト更新≫
「KING SUPER LIVE 2015」NHK BSプレミアム特別番組の再放送が決定！ 
https://t.co/OkeK2OqKBi　#yuikaori　#小倉唯","ja","Tweet","ゆいかおり(小倉 唯＆石原夏織)公式","YUIKAORI_STAFF","","0","90","0","141","0","2015-10-20 17:12:02","https://x.com/YUIKAORI_STAFF/status/656382353313366016","<a href=""http://twitter.com"" rel=""nofollow"">Twitter Web Client</a>","#yuikaori, #小倉唯","http://www.yuikaori.info/info/1347/","",""
"656318990105468928","ゆいかおり3rdアルバム「Bright Canary」発売記念 トーク＆抽選会イベントの申し込み締め切りは【2015年10月23日(金)消印有効】です☆
イベント参加応募券をお持ちの皆さん！申し込みお忘れなく~♪
https://t.co/5MuLlOGi5l　#yuikaori","ja","Tweet","ゆいかおり(小倉 唯＆石原夏織)公式","YUIKAORI_STAFF","","1","65","0","95","0","2015-10-20 13:00:15","https://x.com/YUIKAORI_STAFF/status/656318990105468928","<a href=""http://twitter.com"" rel=""nofollow"">Twitter Web Client</a>","#yuikaori","http://www.yuikaori.info/info/1274/","",""
"656276169789038592","ブログを更新しました。 『またまた☆』
⇒ https://t.co/nLEgcB53kN","ja","Tweet","ゆいかおり(小倉 唯＆石原夏織)公式","YUIKAORI_STAFF","","0","79","0","124","0","2015-10-20 10:10:06","https://x.com/YUIKAORI_STAFF/status/656276169789038592","<a href=""https://ameblo.jp/"" rel=""nofollow"">Ameba_Blog</a>","","http://ameblo.jp/ogurayui-0815/entry-12086215386.html","",""
"656063210236215297","≪ゆいかおり：公式サイト更新≫
ゆいかおり3rdアルバム収録曲「Telephone Call」(石原夏織ソロ) 試聴動画が公開！
http://t.co/rJcu8QAZ91　#yuikaori","ja","Tweet","ゆいかおり(小倉 唯＆石原夏織)公式","YUIKAORI_STAFF","","0","157","0","201","0","2015-10-19 20:03:53","https://x.com/YUIKAORI_STAFF/status/656063210236215297","<a href=""http://twitter.com"" rel=""nofollow"">Twitter Web Client</a>","#yuikaori","http://www.yuikaori.info/info/1344/","",""
"655944079864303617","≪ゆいかおり・小倉 唯：公式サイト更新≫
小倉 唯＆石原夏織の出演情報を更新しました☆
http://t.co/9IT8M7mr7s　#yuikaori","ja","Tweet","ゆいかおり(小倉 唯＆石原夏織)公式","YUIKAORI_STAFF","","0","42","0","81","0","2015-10-19 12:10:30","https://x.com/YUIKAORI_STAFF/status/655944079864303617","<a href=""http://twitter.com"" rel=""nofollow"">Twitter Web Client</a>","#yuikaori","http://www.yuikaori.info/profile/","",""
"655768895521841153","ブログを更新しました。 『熟睡？☆』
⇒ http://t.co/vMkaTw5W7C","ja","Tweet","ゆいかおり(小倉 唯＆石原夏織)公式","YUIKAORI_STAFF","","0","74","0","122","0","2015-10-19 00:34:22","https://x.com/YUIKAORI_STAFF/status/655768895521841153","<a href=""https://ameblo.jp/"" rel=""nofollow"">Ameba_Blog</a>","","http://ameblo.jp/ogurayui-0815/entry-12085753901.html","",""
"655765114226802688","この後24:30〜文化放送「ゆいかおりの実♪」が放送になりますよー！！是非聴いてくださいね！！ #yuikaori #joqr #実ラジ","ja","Tweet","ゆいかおり(小倉 唯＆石原夏織)公式","YUIKAORI_STAFF","","0","52","0","74","0","2015-10-19 00:19:21","https://x.com/YUIKAORI_STAFF/status/655765114226802688","<a href=""http://twitter.com/download/iphone"" rel=""nofollow"">Twitter for iPhone</a>","#yuikaori, #joqr, #実ラジ","","",""
"655406733469204480","ブログを更新しました。 『明日こそ☆』
⇒ http://t.co/Bhr37xwqkh","ja","Tweet","ゆいかおり(小倉 唯＆石原夏織)公式","YUIKAORI_STAFF","","0","63","0","110","0","2015-10-18 00:35:16","https://x.com/YUIKAORI_STAFF/status/655406733469204480","<a href=""https://ameblo.jp/"" rel=""nofollow"">Ameba_Blog</a>","","http://ameblo.jp/ogurayui-0815/entry-12085377863.html","",""
"655040162586427392","ブログを更新しました。 『焼きまんじゅう☆』
⇒ http://t.co/w52Bktaclw","ja","Tweet","ゆいかおり(小倉 唯＆石原夏織)公式","YUIKAORI_STAFF","","0","55","0","95","0","2015-10-17 00:18:39","https://x.com/YUIKAORI_STAFF/status/655040162586427392","<a href=""https://ameblo.jp/"" rel=""nofollow"">Ameba_Blog</a>","","http://ameblo.jp/ogurayui-0815/entry-12085017269.html","",""
"654824273479991296","≪ゆいかおり：公式サイト更新≫
ゆいかおり「Bright Canary」オリジナル特典情報【特典詳細更新】 http://t.co/9nK0ZpdOxl　#yuikaori","ja","Tweet","ゆいかおり(小倉 唯＆石原夏織)公式","YUIKAORI_STAFF","","0","115","0","142","0","2015-10-16 10:00:47","https://x.com/YUIKAORI_STAFF/status/654824273479991296","<a href=""http://twitter.com"" rel=""nofollow"">Twitter Web Client</a>","#yuikaori","http://www.yuikaori.info/info/1315/","",""
"654684633380974594","ブログを更新しました。 『わわ！☆』
⇒ http://t.co/b3jysAHtNe","ja","Tweet","ゆいかおり(小倉 唯＆石原夏織)公式","YUIKAORI_STAFF","","0","65","0","99","0","2015-10-16 00:45:54","https://x.com/YUIKAORI_STAFF/status/654684633380974594","<a href=""https://ameblo.jp/"" rel=""nofollow"">Ameba_Blog</a>","","http://ameblo.jp/ogurayui-0815/entry-12084664464.html","",""
"654683721740648448","ブログを更新しました。 『グリ生！』
⇒ http://t.co/toDI54e4iK","ja","Tweet","ゆいかおり(小倉 唯＆石原夏織)公式","YUIKAORI_STAFF","","0","45","0","84","0","2015-10-16 00:42:17","https://x.com/YUIKAORI_STAFF/status/654683721740648448","<a href=""https://ameblo.jp/"" rel=""nofollow"">Ameba_Blog</a>","","http://ameblo.jp/ishiharakaori-0806/entry-12084663577.html","",""
"654591952101359617","ゆいかおりLIVE TOUR「RAINBOW CANARY!!」チケット2次先行予約受付終了しました。
お申し込みいただいた皆さん、ありがとうございます！
当落結果の発表は、10/21(水)15:00 予定です。
https://t.co/HFrBKTXtPB　#yuikaori","ja","Tweet","ゆいかおり(小倉 唯＆石原夏織)公式","YUIKAORI_STAFF","","0","30","0","70","0","2015-10-15 18:37:37","https://x.com/YUIKAORI_STAFF/status/654591952101359617","<a href=""http://twitter.com"" rel=""nofollow"">Twitter Web Client</a>","#yuikaori","https://www.yuikaori-entry.com","",""
"654536922946121728","【あと3時間！】
ゆいかおりLIVE TOUR「RAINBOW CANARY!!」Live Supporters Team YUIKAORI チケット2次先行予約受付中は＜本日18:00締切＞！
お見逃しなくっ♪ https://t.co/HFrBKTXtPB　#yuikaori","ja","Tweet","ゆいかおり(小倉 唯＆石原夏織)公式","YUIKAORI_STAFF","","0","30","0","49","0","2015-10-15 14:58:57","https://x.com/YUIKAORI_STAFF/status/654536922946121728","<a href=""http://twitter.com"" rel=""nofollow"">Twitter Web Client</a>","#yuikaori","https://www.yuikaori-entry.com","",""
"654320560797683712","ブログを更新しました。 『学生生活☆』
⇒ http://t.co/0VN61C4SCu","ja","Tweet","ゆいかおり(小倉 唯＆石原夏織)公式","YUIKAORI_STAFF","","0","73","0","108","0","2015-10-15 00:39:13","https://x.com/YUIKAORI_STAFF/status/654320560797683712","<a href=""https://ameblo.jp/"" rel=""nofollow"">Ameba_Blog</a>","","http://ameblo.jp/ogurayui-0815/entry-12084302665.html","",""
"654155601698619392","【あと1日！】
ゆいかおりLIVE TOUR「RAINBOW CANARY!!」Live Supporters Team YUIKAORI チケット2次先行予約受付中♪
明日 10/15(木)18:00締切です☆
https://t.co/HFrBKTXtPB #yuikaori","ja","Tweet","ゆいかおり(小倉 唯＆石原夏織)公式","YUIKAORI_STAFF","","0","44","0","76","0","2015-10-14 13:43:43","https://x.com/YUIKAORI_STAFF/status/654155601698619392","<a href=""http://twitter.com"" rel=""nofollow"">Twitter Web Client</a>","#yuikaori","https://www.yuikaori-entry.com","",""
"653942113319563264","ブログを更新しました。 『お、、( ^ω^ )☆』
⇒ http://t.co/9MdAWNLzqy","ja","Tweet","ゆいかおり(小倉 唯＆石原夏織)公式","YUIKAORI_STAFF","","0","78","0","111","0","2015-10-13 23:35:24","https://x.com/YUIKAORI_STAFF/status/653942113319563264","<a href=""https://ameblo.jp/"" rel=""nofollow"">Ameba_Blog</a>","","http://ameblo.jp/ogurayui-0815/entry-12083935224.html","",""
"653773918520537088","【あと2日♪】
ゆいかおりLIVE TOUR「RAINBOW CANARY!!」Live Supporters Team YUIKAORI チケット2次先行予約受付は、≪10/15(木)18:00締切≫です！！
https://t.co/HFrBKTXtPB  #yuikaori","ja","Tweet","ゆいかおり(小倉 唯＆石原夏織)公式","YUIKAORI_STAFF","","0","46","0","68","0","2015-10-13 12:27:03","https://x.com/YUIKAORI_STAFF/status/653773918520537088","<a href=""http://twitter.com"" rel=""nofollow"">Twitter Web Client</a>","#yuikaori","https://www.yuikaori-entry.com","",""
"653598367151357952","ブログを更新しました。 『チャームポイント？☆』
⇒ http://t.co/fsYSA6a5vu","ja","Tweet","ゆいかおり(小倉 唯＆石原夏織)公式","YUIKAORI_STAFF","","0","61","0","109","0","2015-10-13 00:49:28","https://x.com/YUIKAORI_STAFF/status/653598367151357952","<a href=""https://ameblo.jp/"" rel=""nofollow"">Ameba_Blog</a>","","http://ameblo.jp/ogurayui-0815/entry-12083582800.html","",""
"653238986404564992","今夜の実ラジゲスト鷲崎さんとのスリーショットです！鷲崎さんありがとうございました！！！ #yuikaori  #joqr　#実ラジ http://t.co/YniJYCAMCh","ja","Tweet","ゆいかおり(小倉 唯＆石原夏織)公式","YUIKAORI_STAFF","","1","323","0","574","1","2015-10-12 01:01:25","https://x.com/YUIKAORI_STAFF/status/653238986404564992","<a href=""http://twitter.com/download/iphone"" rel=""nofollow"">Twitter for iPhone</a>","#yuikaori, #joqr, #実ラジ","","photo","https://pbs.twimg.com/media/CRDFYmaVEAEV05l.jpg"
"653230387297030144","実ラジまもなく始まりますよー！！
#yuikaori #joqr #実ラジ","ja","Tweet","ゆいかおり(小倉 唯＆石原夏織)公式","YUIKAORI_STAFF","","0","41","0","67","0","2015-10-12 00:27:15","https://x.com/YUIKAORI_STAFF/status/653230387297030144","<a href=""http://twitter.com/download/iphone"" rel=""nofollow"">Twitter for iPhone</a>","#yuikaori, #joqr, #実ラジ","","",""
"653222313488322561","ブログを更新しました。 『ねむ（´-`）け☆』
⇒ http://t.co/2EQxk4BxfQ","ja","Tweet","ゆいかおり(小倉 唯＆石原夏織)公式","YUIKAORI_STAFF","","0","57","0","108","0","2015-10-11 23:55:10","https://x.com/YUIKAORI_STAFF/status/653222313488322561","<a href=""https://ameblo.jp/"" rel=""nofollow"">Ameba_Blog</a>","","http://ameblo.jp/ogurayui-0815/entry-12083181698.html","",""
"653212615829643264","この後24:30～の文化放送「ゆいかおりの実♪」では、ゲストに鷲崎さんをお迎え致しますよ！！！お聴き逃しなくっ！！！ #yuikaori  #joqr　#実ラジ","ja","Tweet","ゆいかおり(小倉 唯＆石原夏織)公式","YUIKAORI_STAFF","","0","91","0","95","0","2015-10-11 23:16:38","https://x.com/YUIKAORI_STAFF/status/653212615829643264","<a href=""http://twitter.com/download/iphone"" rel=""nofollow"">Twitter for iPhone</a>","#yuikaori, #joqr, #実ラジ","","",""
"652873677759905792","ブログを更新しました。 『スキンケア☆』
⇒ http://t.co/TlMi0NmzJR","ja","Tweet","ゆいかおり(小倉 唯＆石原夏織)公式","YUIKAORI_STAFF","","0","69","0","128","0","2015-10-11 00:49:49","https://x.com/YUIKAORI_STAFF/status/652873677759905792","<a href=""https://ameblo.jp/"" rel=""nofollow"">Ameba_Blog</a>","","http://ameblo.jp/ogurayui-0815/entry-12082835801.html","",""
"652727149091098624","【10/15(木)18:00締切！】
ゆいかおりLIVE TOUR「RAINBOW CANARY!!」Live Supporters Team YUIKAORI チケット2次先行予約受付！
こちらもお忘れなく☆ https://t.co/HFrBKTXtPB  #yuikaori","ja","Tweet","ゆいかおり(小倉 唯＆石原夏織)公式","YUIKAORI_STAFF","","0","32","0","74","0","2015-10-10 15:07:34","https://x.com/YUIKAORI_STAFF/status/652727149091098624","<a href=""http://twitter.com"" rel=""nofollow"">Twitter Web Client</a>","#yuikaori","https://www.yuikaori-entry.com","",""
"652726912926683136","連休中に、ゆいかおり3rdアルバム最新情報を今一度チェックしちゃいましょう！！
アルバムのジャケット・収録内容、「カナリア」MUSIC VIDEO、発売記念イベント…etc 。
ゆいかおり公式サイトはこちら♪→ http://t.co/Z7hpcuQ8Nj #yuikaori","ja","Tweet","ゆいかおり(小倉 唯＆石原夏織)公式","YUIKAORI_STAFF","","0","58","0","97","0","2015-10-10 15:06:37","https://x.com/YUIKAORI_STAFF/status/652726912926683136","<a href=""http://twitter.com"" rel=""nofollow"">Twitter Web Client</a>","#yuikaori","http://www.yuikaori.info/","",""
"652725910068531200","今日から３連休〜☆
ゆいかおりスタッフTwitterも、11/4発売のゆいかおり3rdアルバム「Bright Canary」（ブライトカナリー）仕様に衣替えしちゃいました♪　#yuikaori","ja","Tweet","ゆいかおり(小倉 唯＆石原夏織)公式","YUIKAORI_STAFF","","1","74","0","135","0","2015-10-10 15:02:38","https://x.com/YUIKAORI_STAFF/status/652725910068531200","<a href=""http://twitter.com"" rel=""nofollow"">Twitter Web Client</a>","#yuikaori","","",""
"652515264966201344","ブログを更新しました。 『い〜っぱい☆』
⇒ http://t.co/7P5lUhxPwQ","ja","Tweet","ゆいかおり(小倉 唯＆石原夏織)公式","YUIKAORI_STAFF","","0","49","0","98","0","2015-10-10 01:05:36","https://x.com/YUIKAORI_STAFF/status/652515264966201344","<a href=""https://ameblo.jp/"" rel=""nofollow"">Ameba_Blog</a>","","http://ameblo.jp/ogurayui-0815/entry-12082480758.html","",""
"652466066627493890","ブログを更新しました。 『公開しました〜』
⇒ http://t.co/NKkG6ZABMT","ja","Tweet","ゆいかおり(小倉 唯＆石原夏織)公式","YUIKAORI_STAFF","","0","66","0","114","0","2015-10-09 21:50:07","https://x.com/YUIKAORI_STAFF/status/652466066627493890","<a href=""https://ameblo.jp/"" rel=""nofollow"">Ameba_Blog</a>","","http://ameblo.jp/ishiharakaori-0806/entry-12082412424.html","",""
"652441848368099328","同じく「Bright Canary」収録曲「倍速∞ラブストレート」の試聴動画も公開されましたよ！！！こちらも是非チェックしてくださいね！！
https://t.co/Bk0YNcgDJu #yuikaori","ja","Tweet","ゆいかおり(小倉 唯＆石原夏織)公式","YUIKAORI_STAFF","","0","114","0","149","0","2015-10-09 20:13:53","https://x.com/YUIKAORI_STAFF/status/652441848368099328","<a href=""http://twitter.com"" rel=""nofollow"">Twitter Web Client</a>","#yuikaori","https://www.youtube.com/watch?v=EAVNC0DxSkM","",""
"652441531895279616","11月4日発売のゆいかおり3rdアルバム「Bright Canary」より「カナリア」のMUSIC VIDEOが公開されました！！下記よりチェックしてくださいね！！！
https://t.co/LaLuYfgqmw #yuikaori","ja","Tweet","ゆいかおり(小倉 唯＆石原夏織)公式","YUIKAORI_STAFF","","0","237","0","233","0","2015-10-09 20:12:37","https://x.com/YUIKAORI_STAFF/status/652441531895279616","<a href=""http://twitter.com"" rel=""nofollow"">Twitter Web Client</a>","#yuikaori","https://www.youtube.com/watch?v=K-Tyya0BEuU","",""
"652438897436180480","≪ゆいかおり：公式サイト更新≫
ゆいかおり3rdアルバム収録曲「カナリア」のMUSIC VIDEO公開！
http://t.co/rfsBW0Kctq #yuikaori","ja","Tweet","ゆいかおり(小倉 唯＆石原夏織)公式","YUIKAORI_STAFF","","0","168","0","189","0","2015-10-09 20:02:09","https://x.com/YUIKAORI_STAFF/status/652438897436180480","<a href=""http://twitter.com"" rel=""nofollow"">Twitter Web Client</a>","#yuikaori","http://www.yuikaori.info/info/1330/","",""
"652438866033442816","≪ゆいかおり：公式サイト更新≫
ゆいかおり3rdアルバム収録曲「倍速∞ラブストレート」試聴動画が公開！
http://t.co/ghVIis1HES #yuikaori","ja","Tweet","ゆいかおり(小倉 唯＆石原夏織)公式","YUIKAORI_STAFF","","0","121","0","158","0","2015-10-09 20:02:02","https://x.com/YUIKAORI_STAFF/status/652438866033442816","<a href=""http://twitter.com"" rel=""nofollow"">Twitter Web Client</a>","#yuikaori","http://www.yuikaori.info/info/1331/","",""
"652318867256008704","【受付スタート！】
ゆいかおりLIVE TOUR「RAINBOW CANARY!!」Live Supporters Team YUIKAORIチケット2次先行予約受付中♪
みなさんのお申し込み、お待ちしています☆
https://t.co/HFrBKTXtPB #yuikaori","ja","Tweet","ゆいかおり(小倉 唯＆石原夏織)公式","YUIKAORI_STAFF","","0","66","0","77","0","2015-10-09 12:05:12","https://x.com/YUIKAORI_STAFF/status/652318867256008704","<a href=""http://twitter.com"" rel=""nofollow"">Twitter Web Client</a>","#yuikaori","https://www.yuikaori-entry.com","",""
"652291215019282432","ゆいかおり11/4発売3rd Album「Bright Canary」のジャケット写真が公開されました！！！ http://t.co/LrmbtwnyZj #yuikaori http://t.co/ecUCn9xsQe","ja","Tweet","ゆいかおり(小倉 唯＆石原夏織)公式","YUIKAORI_STAFF","","0","579","0","611","1","2015-10-09 10:15:19","https://x.com/YUIKAORI_STAFF/status/652291215019282432","<a href=""http://twitter.com"" rel=""nofollow"">Twitter Web Client</a>","#yuikaori","http://www.yuikaori.info/discography/1214/","photo","https://pbs.twimg.com/media/CQ1nZwxVAAAkZC1.jpg
https://pbs.twimg.com/media/CQ1nZywVAAASbQH.jpg
https://pbs.twimg.com/media/CQ1nZwPVAAAOUxj.jpg"
"652289593635508224","≪ゆいかおり：公式サイト更新≫
ゆいかおり3rdアルバム「Bright Canary」ジャケット＆収録内容公開！
http://t.co/LrmbtwnyZj #yuikaori","ja","Tweet","ゆいかおり(小倉 唯＆石原夏織)公式","YUIKAORI_STAFF","","0","129","0","154","0","2015-10-09 10:08:52","https://x.com/YUIKAORI_STAFF/status/652289593635508224","<a href=""http://twitter.com"" rel=""nofollow"">Twitter Web Client</a>","#yuikaori","http://www.yuikaori.info/discography/1214/","",""
"652289559607164930","≪ゆいかおり：公式サイト更新≫
ゆいかおり3rdアルバム「Bright Canary」発売記念 トーク＆抽選会イベント開催決定！
http://t.co/5MuLlOGi5l #yuikaori","ja","Tweet","ゆいかおり(小倉 唯＆石原夏織)公式","YUIKAORI_STAFF","","0","205","0","206","0","2015-10-09 10:08:44","https://x.com/YUIKAORI_STAFF/status/652289559607164930","<a href=""http://twitter.com"" rel=""nofollow"">Twitter Web Client</a>","#yuikaori","http://www.yuikaori.info/info/1274/","",""
"652289526581215232","≪ゆいかおり：公式サイト更新≫
ゆいかおり「Bright Canary」オリジナル特典情報
http://t.co/9nK0ZpdOxl #yuikaori","ja","Tweet","ゆいかおり(小倉 唯＆石原夏織)公式","YUIKAORI_STAFF","","0","97","0","140","0","2015-10-09 10:08:36","https://x.com/YUIKAORI_STAFF/status/652289526581215232","<a href=""http://twitter.com"" rel=""nofollow"">Twitter Web Client</a>","#yuikaori","http://www.yuikaori.info/info/1315/","",""
"652140205617496064","ブログを更新しました。 『前髪だけで？☆』
⇒ http://t.co/Dmahdrtqat","ja","Tweet","ゆいかおり(小倉 唯＆石原夏織)公式","YUIKAORI_STAFF","","0","64","0","95","0","2015-10-09 00:15:15","https://x.com/YUIKAORI_STAFF/status/652140205617496064","<a href=""https://ameblo.jp/"" rel=""nofollow"">Ameba_Blog</a>","","http://ameblo.jp/ogurayui-0815/entry-12082108020.html","",""
"652076924332732416","≪ゆいかおり・：公式サイト更新≫
ゆいかおりLIVE TOUR「RAINBOW CANARY!!」Live Supporters Team YUIKAORIチケット2次先行予約受付決定！
http://t.co/bDI3xrj6ES #yuikaori","ja","Tweet","ゆいかおり(小倉 唯＆石原夏織)公式","YUIKAORI_STAFF","","0","82","0","109","0","2015-10-08 20:03:48","https://x.com/YUIKAORI_STAFF/status/652076924332732416","<a href=""http://twitter.com"" rel=""nofollow"">Twitter Web Client</a>","#yuikaori","http://www.yuikaori.info/info/1311/","",""
"651769287510659072","ブログを更新しました。 『無意識？☆』
⇒ http://t.co/Yfg0UXILKs","ja","Tweet","ゆいかおり(小倉 唯＆石原夏織)公式","YUIKAORI_STAFF","","0","57","0","93","0","2015-10-07 23:41:22","https://x.com/YUIKAORI_STAFF/status/651769287510659072","<a href=""https://ameblo.jp/"" rel=""nofollow"">Ameba_Blog</a>","","http://ameblo.jp/ogurayui-0815/entry-12081723888.html","",""
"651434306234028032","ブログを更新しました。 『(^-^)☆』
⇒ http://t.co/B0wPXqwZww","ja","Tweet","ゆいかおり(小倉 唯＆石原夏織)公式","YUIKAORI_STAFF","","0","49","0","81","0","2015-10-07 01:30:16","https://x.com/YUIKAORI_STAFF/status/651434306234028032","<a href=""https://ameblo.jp/"" rel=""nofollow"">Ameba_Blog</a>","","http://ameblo.jp/ogurayui-0815/entry-12081386517.html","",""
"651047559901741056","ブログを更新しました。 『お菓子☆』
⇒ http://t.co/DtlmvBgdPV","ja","Tweet","ゆいかおり(小倉 唯＆石原夏織)公式","YUIKAORI_STAFF","","0","69","0","93","0","2015-10-05 23:53:28","https://x.com/YUIKAORI_STAFF/status/651047559901741056","<a href=""https://ameblo.jp/"" rel=""nofollow"">Ameba_Blog</a>","","http://ameblo.jp/ogurayui-0815/entry-12080998813.html","",""
"650904079078551552","ゆいかおりLIVE TOUR「RAINBOW CANARY!!」animelo mix会員限定チケット先行受付は【本日23:59まで】ですよ～♪
アニメロ会員の皆さん、お申し込みお忘れなくっ☆
詳しくはこちら！→http://t.co/e72uJqSlNe  #yuikaori","ja","Tweet","ゆいかおり(小倉 唯＆石原夏織)公式","YUIKAORI_STAFF","","0","37","0","59","0","2015-10-05 14:23:20","https://x.com/YUIKAORI_STAFF/status/650904079078551552","<a href=""http://twitter.com"" rel=""nofollow"">Twitter Web Client</a>","#yuikaori","http://r.animelo.jp/8G00Oqc1","",""
"650877432560353280","≪ゆいかおり：公式サイト更新≫
ゆいかおり掲載情報♪
http://t.co/EN9nUILcMv  #yuikaori","ja","Tweet","ゆいかおり(小倉 唯＆石原夏織)公式","YUIKAORI_STAFF","","0","37","0","76","0","2015-10-05 12:37:27","https://x.com/YUIKAORI_STAFF/status/650877432560353280","<a href=""http://twitter.com"" rel=""nofollow"">Twitter Web Client</a>","#yuikaori","http://www.yuikaori.info/info/1275/","",""
"650702286235107328","そして来週の「ゆいかおりの実♪」ですがゲストに鷲崎さんをお迎え致します！！！！お楽しみにっ！！！ #yuikaori  #joqr　#実ラジ","ja","Tweet","ゆいかおり(小倉 唯＆石原夏織)公式","YUIKAORI_STAFF","","0","120","0","115","0","2015-10-05 01:01:29","https://x.com/YUIKAORI_STAFF/status/650702286235107328","<a href=""http://twitter.com/download/iphone"" rel=""nofollow"">Twitter for iPhone</a>","#yuikaori, #joqr, #実ラジ","","",""
"650701770574815233","本日の激突！ゆいかおり！にて二人が作成した紙ヒコーキです！！ #yuikaori  #joqr　#実ラジ http://t.co/LIXlWF0uy7","ja","Tweet","ゆいかおり(小倉 唯＆石原夏織)公式","YUIKAORI_STAFF","","2","171","0","276","1","2015-10-05 00:59:26","https://x.com/YUIKAORI_STAFF/status/650701770574815233","<a href=""http://twitter.com/download/iphone"" rel=""nofollow"">Twitter for iPhone</a>","#yuikaori, #joqr, #実ラジ","","photo","https://pbs.twimg.com/media/CQfBzXlVEAE6SM3.jpg"
"650697960938868736","ブログを更新しました。 『後期も☆』
⇒ http://t.co/0Bw2E3pYc1","ja","Tweet","ゆいかおり(小倉 唯＆石原夏織)公式","YUIKAORI_STAFF","","0","110","0","132","0","2015-10-05 00:44:17","https://x.com/YUIKAORI_STAFF/status/650697960938868736","<a href=""https://ameblo.jp/"" rel=""nofollow"">Ameba_Blog</a>","","http://ameblo.jp/ogurayui-0815/entry-12080645698.html","",""
"650693707142860801","実ラジまもなく始まりますよー！！
#yuikaori #joqr #実ラジ","ja","Tweet","ゆいかおり(小倉 唯＆石原夏織)公式","YUIKAORI_STAFF","","0","32","0","51","0","2015-10-05 00:27:23","https://x.com/YUIKAORI_STAFF/status/650693707142860801","<a href=""http://twitter.com/download/iphone"" rel=""nofollow"">Twitter for iPhone</a>","#yuikaori, #joqr, #実ラジ","","",""
"650669139493720064","この後24:30〜は文化放送にて「ゆいかおりの実♪」が放送されます！！お楽しみにっ！！#yuikaori #joqr #実ラジ","ja","Tweet","ゆいかおり(小倉 唯＆石原夏織)公式","YUIKAORI_STAFF","","0","42","0","75","0","2015-10-04 22:49:46","https://x.com/YUIKAORI_STAFF/status/650669139493720064","<a href=""http://twitter.com/download/iphone"" rel=""nofollow"">Twitter for iPhone</a>","#yuikaori, #joqr, #実ラジ","","",""
"650324017878949888","ブログを更新しました。 『（´-`）☆』
⇒ http://t.co/pSW9eStYGy","ja","Tweet","ゆいかおり(小倉 唯＆石原夏織)公式","YUIKAORI_STAFF","","0","48","0","87","0","2015-10-03 23:58:22","https://x.com/YUIKAORI_STAFF/status/650324017878949888","<a href=""https://ameblo.jp/"" rel=""nofollow"">Ameba_Blog</a>","","http://ameblo.jp/ogurayui-0815/entry-12080252516.html","",""
"649911415713611776","ブログを更新しました。 『サインの秘密☆』
⇒ http://t.co/u4CTB5mjHE","ja","Tweet","ゆいかおり(小倉 唯＆石原夏織)公式","YUIKAORI_STAFF","","0","65","0","105","0","2015-10-02 20:38:50","https://x.com/YUIKAORI_STAFF/status/649911415713611776","<a href=""https://ameblo.jp/"" rel=""nofollow"">Ameba_Blog</a>","","http://ameblo.jp/ogurayui-0815/entry-12079802118.html","",""
"649583726226083840","ブログを更新しました。 『傘が2本？☆』
⇒ http://t.co/Ef2KmZjbFC","ja","Tweet","ゆいかおり(小倉 唯＆石原夏織)公式","YUIKAORI_STAFF","","0","55","0","86","0","2015-10-01 22:56:43","https://x.com/YUIKAORI_STAFF/status/649583726226083840","<a href=""https://ameblo.jp/"" rel=""nofollow"">Ameba_Blog</a>","","http://ameblo.jp/ogurayui-0815/entry-12079464286.html","",""
"649246584035643392","ブログを更新しました。 『リピート？☆』
⇒ http://t.co/rw9oVebDiJ","ja","Tweet","ゆいかおり(小倉 唯＆石原夏織)公式","YUIKAORI_STAFF","","0","52","0","96","0","2015-10-01 00:37:02","https://x.com/YUIKAORI_STAFF/status/649246584035643392","<a href=""https://ameblo.jp/"" rel=""nofollow"">Ameba_Blog</a>","","http://ameblo.jp/ogurayui-0815/entry-12079150961.html","",""
"648867574025883648","ブログを更新しました。 『HAPPY JAM映像化☆』
⇒ http://t.co/T6NNjqIfyp","ja","Tweet","ゆいかおり(小倉 唯＆石原夏織)公式","YUIKAORI_STAFF","","0","78","0","108","0","2015-09-29 23:30:59","https://x.com/YUIKAORI_STAFF/status/648867574025883648","<a href=""https://ameblo.jp/"" rel=""nofollow"">Ameba_Blog</a>","","http://ameblo.jp/ogurayui-0815/entry-12078753325.html","",""
"648788219044102144","≪ゆいかおり：公式サイト更新≫
ゆいかおりLIVE TOUR「RAINBOW CANARY!!」animelo mix会員限定チケット先行受付開始！
http://t.co/p5z1SbjwUS　#yuikaori","ja","Tweet","ゆいかおり(小倉 唯＆石原夏織)公式","YUIKAORI_STAFF","","0","84","0","93","0","2015-09-29 18:15:39","https://x.com/YUIKAORI_STAFF/status/648788219044102144","<a href=""http://twitter.com"" rel=""nofollow"">Twitter Web Client</a>","#yuikaori","http://www.yuikaori.info/info/1269/","",""
"648472825758527488","ブログを更新しました。 『コメント☆』
⇒ http://t.co/gSBWGLX1k9","ja","Tweet","ゆいかおり(小倉 唯＆石原夏織)公式","YUIKAORI_STAFF","","0","60","0","104","0","2015-09-28 21:22:24","https://x.com/YUIKAORI_STAFF/status/648472825758527488","<a href=""https://ameblo.jp/"" rel=""nofollow"">Ameba_Blog</a>","","http://ameblo.jp/ogurayui-0815/entry-12078321550.html","",""
"648418317842018304","≪ゆいかおり・小倉 唯：公式サイト更新≫
小倉 唯 1st LIVE「HAPPY JAM」ライブグッズお届け予定日のお知らせ http://t.co/va3JedxksZ #yuikaori #小倉唯","ja","Tweet","ゆいかおり(小倉 唯＆石原夏織)公式","YUIKAORI_STAFF","","0","54","0","91","0","2015-09-28 17:45:48","https://x.com/YUIKAORI_STAFF/status/648418317842018304","<a href=""http://twitter.com"" rel=""nofollow"">Twitter Web Client</a>","#yuikaori, #小倉唯","http://www.yuikaori.info/info/1264/","",""
"648166869917024256","今週も実ラジお聞き頂きありがとうございました！小倉唯1st LIVE「HAPPY JAM」のBlu-ray&amp;DVDの発売が決定致しました！！！！12/23発売です！！http://t.co/EHeXrcrQy3  #yuikaori #小倉唯","ja","Tweet","ゆいかおり(小倉 唯＆石原夏織)公式","YUIKAORI_STAFF","","0","184","0","197","0","2015-09-28 01:06:38","https://x.com/YUIKAORI_STAFF/status/648166869917024256","<a href=""http://twitter.com/download/iphone"" rel=""nofollow"">Twitter for iPhone</a>","#yuikaori, #小倉唯","http://www.yuikaori.info/info/1263/","",""
"648166098529972225","≪ゆいかおり・小倉 唯：公式サイト更新≫
小倉 唯 1st LIVE「HAPPY JAM」がBlu-ray&amp;DVDで発売決定！ http://t.co/EHeXrcrQy3 #yuikaori #小倉唯","ja","Tweet","ゆいかおり(小倉 唯＆石原夏織)公式","YUIKAORI_STAFF","","0","294","0","266","0","2015-09-28 01:03:34","https://x.com/YUIKAORI_STAFF/status/648166098529972225","<a href=""http://twitter.com"" rel=""nofollow"">Twitter Web Client</a>","#yuikaori, #小倉唯","http://www.yuikaori.info/info/1263/","",""
"648156426947264512","まもなく実ラジ始まりますよー！！
#yuikaori #joqr #実ラジ","ja","Tweet","ゆいかおり(小倉 唯＆石原夏織)公式","YUIKAORI_STAFF","","0","45","0","65","0","2015-09-28 00:25:09","https://x.com/YUIKAORI_STAFF/status/648156426947264512","<a href=""http://twitter.com/download/iphone"" rel=""nofollow"">Twitter for iPhone</a>","#yuikaori, #joqr, #実ラジ","","",""
"648143845830451200","ブログを更新しました。 『ブログ☆』
⇒ http://t.co/ga5Z0Q1Fp3","ja","Tweet","ゆいかおり(小倉 唯＆石原夏織)公式","YUIKAORI_STAFF","","1","74","0","106","0","2015-09-27 23:35:09","https://x.com/YUIKAORI_STAFF/status/648143845830451200","<a href=""https://ameblo.jp/"" rel=""nofollow"">Ameba_Blog</a>","","http://ameblo.jp/ogurayui-0815/entry-12077995219.html","",""
"648128171548606465","この後24:30〜文化放送「ゆいかおりの実♪」が放送されますよ〜！！お聴き逃しなくっ！！！！#yuikaori #joqr #実ラジ","ja","Tweet","ゆいかおり(小倉 唯＆石原夏織)公式","YUIKAORI_STAFF","","0","51","0","83","0","2015-09-27 22:32:52","https://x.com/YUIKAORI_STAFF/status/648128171548606465","<a href=""http://twitter.com/download/iphone"" rel=""nofollow"">Twitter for iPhone</a>","#yuikaori, #joqr, #実ラジ","","",""
"647783707584000000","ブログを更新しました。 『お気に入りの？☆』
⇒ http://t.co/r8BCqRE0Cb","ja","Tweet","ゆいかおり(小倉 唯＆石原夏織)公式","YUIKAORI_STAFF","","0","39","0","83","0","2015-09-26 23:44:05","https://x.com/YUIKAORI_STAFF/status/647783707584000000","<a href=""http://twitter.com"" rel=""nofollow"">Twitter Web Client</a>","","http://ameblo.jp/ogurayui-0815/entry-12077605080.html","",""
"647578101363245057","ブログを更新しました。 『お～もちも～ちもち☆』
⇒ http://t.co/7a5fIWNojI","ja","Tweet","ゆいかおり(小倉 唯＆石原夏織)公式","YUIKAORI_STAFF","","0","64","0","98","0","2015-09-26 10:07:05","https://x.com/YUIKAORI_STAFF/status/647578101363245057","<a href=""https://ameblo.jp/"" rel=""nofollow"">Ameba_Blog</a>","","http://ameblo.jp/ogurayui-0815/entry-12077348155.html","",""
"647277217299337216","【あと4時間☆】
ゆいかおりLIVE TOUR「RAINBOW CANARY!!」チケット最速先行予約受付の決済選択期間は【本日18:00まで】！
決済方法を選択しないと、当選が無効に…！早めにお手続きください♪
https://t.co/HFrBKTXtPB　#yuikaori","ja","Tweet","ゆいかおり(小倉 唯＆石原夏織)公式","YUIKAORI_STAFF","","1","38","0","62","0","2015-09-25 14:11:29","https://x.com/YUIKAORI_STAFF/status/647277217299337216","<a href=""http://twitter.com"" rel=""nofollow"">Twitter Web Client</a>","#yuikaori","https://www.yuikaori-entry.com","",""
"647069191875358720","ブログを更新しました。 『( ´ ▽ ` )ﾉ☆』
⇒ http://t.co/vM4A4O1w9h","ja","Tweet","ゆいかおり(小倉 唯＆石原夏織)公式","YUIKAORI_STAFF","","0","66","0","94","0","2015-09-25 00:24:51","https://x.com/YUIKAORI_STAFF/status/647069191875358720","<a href=""https://ameblo.jp/"" rel=""nofollow"">Ameba_Blog</a>","","http://ameblo.jp/ogurayui-0815/entry-12076905099.html","",""
"646932798884868097","ゆいかおりLIVE TOUR「RAINBOW CANARY!!」チケット最速先行予約受付の決済選択期間は【明日 9/25(金)18:00まで】♪
当選された皆さん！！ 各手続きをお忘れなくっ☆
https://t.co/HFrBKTXtPB　#yuikaori","ja","Tweet","ゆいかおり(小倉 唯＆石原夏織)公式","YUIKAORI_STAFF","","0","45","0","69","0","2015-09-24 15:22:53","https://x.com/YUIKAORI_STAFF/status/646932798884868097","<a href=""http://twitter.com"" rel=""nofollow"">Twitter Web Client</a>","#yuikaori","https://www.yuikaori-entry.com","",""
"646708613659013120","ブログを更新しました。 『まだまだ☆』
⇒ http://t.co/3sabAR1GjZ","ja","Tweet","ゆいかおり(小倉 唯＆石原夏織)公式","YUIKAORI_STAFF","","0","57","0","107","0","2015-09-24 00:32:03","https://x.com/YUIKAORI_STAFF/status/646708613659013120","<a href=""https://ameblo.jp/"" rel=""nofollow"">Ameba_Blog</a>","","http://ameblo.jp/ogurayui-0815/entry-12076541001.html","",""
"646350390099755008","ブログを更新しました。 『最近は続けて☆』
⇒ http://t.co/YyJQKKCf6e","ja","Tweet","ゆいかおり(小倉 唯＆石原夏織)公式","YUIKAORI_STAFF","","0","53","0","94","0","2015-09-23 00:48:36","https://x.com/YUIKAORI_STAFF/status/646350390099755008","<a href=""https://ameblo.jp/"" rel=""nofollow"">Ameba_Blog</a>","","http://ameblo.jp/ogurayui-0815/entry-12076156337.html","",""
"646275612613566464","ブログを更新しました。 『終わりのセラフ』
⇒ http://t.co/DaUqQiVWzp","ja","Tweet","ゆいかおり(小倉 唯＆石原夏織)公式","YUIKAORI_STAFF","","0","75","0","121","0","2015-09-22 19:51:27","https://x.com/YUIKAORI_STAFF/status/646275612613566464","<a href=""https://ameblo.jp/"" rel=""nofollow"">Ameba_Blog</a>","","http://ameblo.jp/ishiharakaori-0806/entry-12076041696.html","",""
"646215670934274048","≪ゆいかおり・小倉 唯：公式サイト更新≫
小倉 唯＆石原夏織の出演情報を更新しました☆
http://t.co/9IT8M7mr7s  　#yuikaori","ja","Tweet","ゆいかおり(小倉 唯＆石原夏織)公式","YUIKAORI_STAFF","","0","52","0","87","0","2015-09-22 15:53:16","https://x.com/YUIKAORI_STAFF/status/646215670934274048","<a href=""http://twitter.com"" rel=""nofollow"">Twitter Web Client</a>","#yuikaori","http://www.yuikaori.info/profile/","",""
"646204636991361024","ゆいかおりLIVE TOUR「RAINBOW CANARY!!」チケット最速先行予約受付に関して、不明な点がある方！！
申し込みページに記載のお問い合わせ宛にご連絡くださいね～☆
https://t.co/HFrBKTXtPB 　#yuikaori","ja","Tweet","ゆいかおり(小倉 唯＆石原夏織)公式","YUIKAORI_STAFF","","1","29","0","54","0","2015-09-22 15:09:26","https://x.com/YUIKAORI_STAFF/status/646204636991361024","<a href=""http://twitter.com"" rel=""nofollow"">Twitter Web Client</a>","#yuikaori","https://www.yuikaori-entry.com","",""
"646204549598855168","ゆいかおりLIVE TOUR「RAINBOW CANARY!!」チケット最速先行予約受付の決済選択期間は【9/25(金)18:00まで】です♪
期日までに決済方法を選択、支払期限までにご入金をお願いいたします！
https://t.co/HFrBKTXtPB 　#yuikaori","ja","Tweet","ゆいかおり(小倉 唯＆石原夏織)公式","YUIKAORI_STAFF","","0","38","0","68","0","2015-09-22 15:09:05","https://x.com/YUIKAORI_STAFF/status/646204549598855168","<a href=""http://twitter.com"" rel=""nofollow"">Twitter Web Client</a>","#yuikaori","https://www.yuikaori-entry.com","",""
"645985546355933184","ブログを更新しました。 『さあ☆』
⇒ http://t.co/kOiaHvvK40","ja","Tweet","ゆいかおり(小倉 唯＆石原夏織)公式","YUIKAORI_STAFF","","0","58","0","104","0","2015-09-22 00:38:50","https://x.com/YUIKAORI_STAFF/status/645985546355933184","<a href=""https://ameblo.jp/"" rel=""nofollow"">Ameba_Blog</a>","","http://ameblo.jp/ogurayui-0815/entry-12075790376.html","",""
"645628447067279360","そして、なんと本日は11/4発売のゆいかおり3rdアルバム「Bright Canary」からもう一曲！「倍速∞ラブストレート」も宇宙初解禁されましたよー！発売お楽しみに！！
#yuikaori #実ラジ #joqr","ja","Tweet","ゆいかおり(小倉 唯＆石原夏織)公式","YUIKAORI_STAFF","","0","156","0","174","0","2015-09-21 00:59:51","https://x.com/YUIKAORI_STAFF/status/645628447067279360","<a href=""http://twitter.com/download/iphone"" rel=""nofollow"">Twitter for iPhone</a>","#yuikaori, #実ラジ, #joqr","","",""
"645628276824629248","11/4発売のゆいかおり3rdアルバム「Bright Canary」のリード曲、「カナリア」が宇宙初解禁されましたよー！
#yuikaori #実ラジ","ja","Tweet","ゆいかおり(小倉 唯＆石原夏織)公式","YUIKAORI_STAFF","","0","142","0","173","0","2015-09-21 00:59:11","https://x.com/YUIKAORI_STAFF/status/645628276824629248","<a href=""http://twitter.com/download/iphone"" rel=""nofollow"">Twitter for iPhone</a>","#yuikaori, #実ラジ","","",""
"645613703404982273","この後24:30〜の文化放送「ゆいかおりの実♪」では11/4発売のニューアルバム「Bright Canary(ブライトカナリー)」より新曲を宇宙初解禁しちゃいますよー！！！是非聴いてくださいね！！#yuikaori #joqr #実ラジ","ja","Tweet","ゆいかおり(小倉 唯＆石原夏織)公式","YUIKAORI_STAFF","","0","99","0","102","0","2015-09-21 00:01:16","https://x.com/YUIKAORI_STAFF/status/645613703404982273","<a href=""http://twitter.com/download/iphone"" rel=""nofollow"">Twitter for iPhone</a>","#yuikaori, #joqr, #実ラジ","","",""
"645611456151490561","ブログを更新しました。 『シルバー？(OvO)☆』
⇒ http://t.co/IGFgwNLvkl","ja","Tweet","ゆいかおり(小倉 唯＆石原夏織)公式","YUIKAORI_STAFF","","0","62","0","100","0","2015-09-20 23:52:20","https://x.com/YUIKAORI_STAFF/status/645611456151490561","<a href=""https://ameblo.jp/"" rel=""nofollow"">Ameba_Blog</a>","","http://ameblo.jp/ogurayui-0815/entry-12075405725.html","",""
"645252132963155968","ブログを更新しました。 『スターオーシャン☆』
⇒ http://t.co/4OFSIo2TQK","ja","Tweet","ゆいかおり(小倉 唯＆石原夏織)公式","YUIKAORI_STAFF","","0","56","0","91","0","2015-09-20 00:04:31","https://x.com/YUIKAORI_STAFF/status/645252132963155968","<a href=""https://ameblo.jp/"" rel=""nofollow"">Ameba_Blog</a>","","http://ameblo.jp/ogurayui-0815/entry-12075048641.html","",""
"645191171254300672","明日の実ラジでは新曲を宇宙初解禁します！！そしてこのあと20:30〜フジテレビNEXT「あたしの音楽」が放送されます！ モーニング娘。’15さんともコラボさせて頂きました！お見逃しなく！http://t.co/FwJDVtRCAY http://t.co/3uTRJkNAGl","ja","Tweet","ゆいかおり(小倉 唯＆石原夏織)公式","YUIKAORI_STAFF","","1","292","0","365","4","2015-09-19 20:02:16","https://x.com/YUIKAORI_STAFF/status/645191171254300672","<a href=""http://twitter.com/download/iphone"" rel=""nofollow"">Twitter for iPhone</a>","","http://www.fujitv.co.jp/otogumi/mymusic/","photo","https://pbs.twimg.com/media/CPQt83KU8AAgY9Y.jpg"
"645128148061786112","ブログを更新しました。 『あたしの音楽❤︎』
⇒ http://t.co/ejSg6T7QjQ","ja","Tweet","ゆいかおり(小倉 唯＆石原夏織)公式","YUIKAORI_STAFF","","0","46","0","85","0","2015-09-19 15:51:51","https://x.com/YUIKAORI_STAFF/status/645128148061786112","<a href=""https://ameblo.jp/"" rel=""nofollow"">Ameba_Blog</a>","","http://ameblo.jp/ishiharakaori-0806/entry-12074879022.html","",""
"644896297414078465","もう日付変わっていますが、明日19(土)はフジテレビNEXT「あたしの音楽」のオンエアになりますよ！モーニング娘。'15さんとのコラボ、ぜひお見逃し無く！公式サイトもコラボ仕様になっているようです！嬉しいです！
http://t.co/FwJDVtRCAY
#yuikaori","ja","Tweet","ゆいかおり(小倉 唯＆石原夏織)公式","YUIKAORI_STAFF","","0","131","0","141","0","2015-09-19 00:30:33","https://x.com/YUIKAORI_STAFF/status/644896297414078465","<a href=""http://twitter.com"" rel=""nofollow"">Twitter Web Client</a>","#yuikaori","http://www.fujitv.co.jp/otogumi/mymusic/","",""
"644854884861239296","ブログを更新しました。 『TGS＆あたしの音楽☆』
⇒ http://t.co/GgoOIzYxs5","ja","Tweet","ゆいかおり(小倉 唯＆石原夏織)公式","YUIKAORI_STAFF","","0","64","0","93","0","2015-09-18 21:46:00","https://x.com/YUIKAORI_STAFF/status/644854884861239296","<a href=""https://ameblo.jp/"" rel=""nofollow"">Ameba_Blog</a>","","http://ameblo.jp/ogurayui-0815/entry-12074631823.html","",""
"644760658307760128","ゆいかおりLIVE TOUR「RAINBOW CANARY!!」チケット最速先行予約受付の当落結果を発表いたしました☆
お申し込みいただいた皆さん、画面の案内に沿って当落結果を確認くださいね～！
確認こちらから♪→https://t.co/HFrBKTXtPB　#yuikaori","ja","Tweet","ゆいかおり(小倉 唯＆石原夏織)公式","YUIKAORI_STAFF","","5","123","0","138","0","2015-09-18 15:31:34","https://x.com/YUIKAORI_STAFF/status/644760658307760128","<a href=""http://twitter.com"" rel=""nofollow"">Twitter Web Client</a>","#yuikaori","https://www.yuikaori-entry.com","",""
"644567016100130816","はにかむ～！！
https://t.co/RxNB2D7FkZ #yuikaori #小倉唯 #dande_anime","ja","Tweet","ゆいかおり(小倉 唯＆石原夏織)公式","YUIKAORI_STAFF","","0","61","0","96","0","2015-09-18 02:42:06","https://x.com/YUIKAORI_STAFF/status/644567016100130816","<a href=""http://twitter.com/download/iphone"" rel=""nofollow"">Twitter for iPhone</a>","#yuikaori, #小倉唯, #dande_anime","https://youtu.be/Yd4CQdcng7Y","",""
"644561011056349184","Rainbow Rainbow ‼︎
https://t.co/azRAbO4cru  #yuikaori #dande_anime","en","Tweet","ゆいかおり(小倉 唯＆石原夏織)公式","YUIKAORI_STAFF","","1","34","0","75","0","2015-09-18 02:18:15","https://x.com/YUIKAORI_STAFF/status/644561011056349184","<a href=""http://twitter.com/download/iphone"" rel=""nofollow"">Twitter for iPhone</a>","#yuikaori, #dande_anime","https://youtu.be/SuN7rQQvXm4","",""
"644560152738201600","まもなく城下町のダンデライオン始まりますよー！遂に最終回です！お見逃しなく！！#yuikaori #dande_anime","ja","Tweet","ゆいかおり(小倉 唯＆石原夏織)公式","YUIKAORI_STAFF","","0","61","0","79","0","2015-09-18 02:14:50","https://x.com/YUIKAORI_STAFF/status/644560152738201600","<a href=""http://twitter.com/download/iphone"" rel=""nofollow"">Twitter for iPhone</a>","#yuikaori, #dande_anime","","",""
"644524017806774272","ブログを更新しました。 『カッコイイ写真☆』
⇒ http://t.co/JTxjbFIHFJ","ja","Tweet","ゆいかおり(小倉 唯＆石原夏織)公式","YUIKAORI_STAFF","","0","61","0","96","0","2015-09-17 23:51:15","https://x.com/YUIKAORI_STAFF/status/644524017806774272","<a href=""https://ameblo.jp/"" rel=""nofollow"">Ameba_Blog</a>","","http://ameblo.jp/ogurayui-0815/entry-12074321957.html","",""
"644475618084569089","≪ゆいかおり・小倉 唯：公式サイト更新≫
「アニメソング史上最大の祭典～アニメロサマーライブ2015～」放送情報
http://t.co/mPWqgT2D6r　#yuikaori","ja","Tweet","ゆいかおり(小倉 唯＆石原夏織)公式","YUIKAORI_STAFF","","0","77","0","133","0","2015-09-17 20:38:55","https://x.com/YUIKAORI_STAFF/status/644475618084569089","<a href=""http://twitter.com"" rel=""nofollow"">Twitter Web Client</a>","#yuikaori","http://www.yuikaori.info/info/1255/","",""
"644173202596335616","ブログを更新しました。 『倒れるだけ〜で☆』
⇒ http://t.co/57mtj3Dahv","ja","Tweet","ゆいかおり(小倉 唯＆石原夏織)公式","YUIKAORI_STAFF","","0","74","0","104","0","2015-09-17 00:37:14","https://x.com/YUIKAORI_STAFF/status/644173202596335616","<a href=""https://ameblo.jp/"" rel=""nofollow"">Ameba_Blog</a>","","http://ameblo.jp/ogurayui-0815/entry-12073968593.html","",""
"643807752909815808","ブログを更新しました。 『ね（´-`）☆』
⇒ http://t.co/Awj8eonmce","ja","Tweet","ゆいかおり(小倉 唯＆石原夏織)公式","YUIKAORI_STAFF","","0","56","0","98","0","2015-09-16 00:25:04","https://x.com/YUIKAORI_STAFF/status/643807752909815808","<a href=""https://ameblo.jp/"" rel=""nofollow"">Ameba_Blog</a>","","http://ameblo.jp/ogurayui-0815/entry-12073597201.html","",""
"643446550337683456","ブログを更新しました。 『実は☆』
⇒ http://t.co/F7t6EU46kH","ja","Tweet","ゆいかおり(小倉 唯＆石原夏織)公式","YUIKAORI_STAFF","","0","80","0","115","0","2015-09-15 00:29:46","https://x.com/YUIKAORI_STAFF/status/643446550337683456","<a href=""https://ameblo.jp/"" rel=""nofollow"">Ameba_Blog</a>","","http://ameblo.jp/ogurayui-0815/entry-12073231730.html","",""
"643091635945865216","本日も実ラジ、最後までお聴き頂きありがとうございました！来週は11/4発売の3rdアルバム「Bright Canary」から新曲をお届けできるかもしれません！ぜひ来週もお聞き下さいね〜♪
#yuikaori #実ラジ  #joqr","ja","Tweet","ゆいかおり(小倉 唯＆石原夏織)公式","YUIKAORI_STAFF","","1","138","0","148","0","2015-09-14 00:59:28","https://x.com/YUIKAORI_STAFF/status/643091635945865216","<a href=""http://twitter.com/download/iphone"" rel=""nofollow"">Twitter for iPhone</a>","#yuikaori, #実ラジ, #joqr","","",""
"643084696662880256","実ラジの「激突！ゆいかおり！」にて、ついに唯ちゃん二回目の罰執行！
ということで変Tを着て収録に臨む小倉さん。一応メガネも用意したのですが、思いのほか似合っちゃってます…
#yuikaori #小倉唯 #実ラジ #joqr http://t.co/y7jrmb7VXn","ja","Tweet","ゆいかおり(小倉 唯＆石原夏織)公式","YUIKAORI_STAFF","","4","680","1","976","2","2015-09-14 00:31:54","https://x.com/YUIKAORI_STAFF/status/643084696662880256","<a href=""http://twitter.com/download/iphone"" rel=""nofollow"">Twitter for iPhone</a>","#yuikaori, #小倉唯, #実ラジ, #joqr","","photo","https://pbs.twimg.com/media/COyyHb8UkAA37h3.jpg
https://pbs.twimg.com/media/COyyHcCUwAAguNp.jpg"
"643078963015749633","この後24:30からは文化放送にて「ゆいかおりの実♪」が始まりますよ〜！唯ちゃんの罰も執行いたします！お楽しみに！
#yuikaori  #小倉唯  #実ラジ #joqr","ja","Tweet","ゆいかおり(小倉 唯＆石原夏織)公式","YUIKAORI_STAFF","","0","69","0","82","0","2015-09-14 00:09:07","https://x.com/YUIKAORI_STAFF/status/643078963015749633","<a href=""http://twitter.com/download/iphone"" rel=""nofollow"">Twitter for iPhone</a>","#yuikaori, #小倉唯, #実ラジ, #joqr","","",""
"643076724935098370","≪ゆいかおり・小倉 唯：公式サイト更新≫ 
『KING SUPER LIVE 2015』Blu-ray&amp;DVD発売決定！！ http://t.co/P7Fnq3EME1　#yuikaori　#小倉唯","ja","Tweet","ゆいかおり(小倉 唯＆石原夏織)公式","YUIKAORI_STAFF","","0","487","1","163","0","2015-09-14 00:00:13","https://x.com/YUIKAORI_STAFF/status/643076724935098370","<a href=""http://twitter.com"" rel=""nofollow"">Twitter Web Client</a>","#yuikaori, #小倉唯","http://www.yuikaori.info/info/1252/","",""
"643038944452411392","ブログを更新しました。 『『ニ』〜大阪 日本橋〜☆』
⇒ http://t.co/W8MYALsLjG","ja","Tweet","ゆいかおり(小倉 唯＆石原夏織)公式","YUIKAORI_STAFF","","0","68","0","107","0","2015-09-13 21:30:06","https://x.com/YUIKAORI_STAFF/status/643038944452411392","<a href=""https://ameblo.jp/"" rel=""nofollow"">Ameba_Blog</a>","","http://ameblo.jp/ogurayui-0815/entry-12072776075.html","",""
"642933921982738432","ブログを更新しました。 『『カ』〜金沢〜☆』
⇒ http://t.co/vW7sJpSiVz","ja","Tweet","ゆいかおり(小倉 唯＆石原夏織)公式","YUIKAORI_STAFF","","0","84","0","118","0","2015-09-13 14:32:46","https://x.com/YUIKAORI_STAFF/status/642933921982738432","<a href=""https://ameblo.jp/"" rel=""nofollow"">Ameba_Blog</a>","","http://ameblo.jp/ogurayui-0815/entry-12072633593.html","",""
"642716963215552512","ブログを更新しました。 『ゆいたまさんと〜笑』
⇒ http://t.co/SCWfv0Sx97","ja","Tweet","ゆいかおり(小倉 唯＆石原夏織)公式","YUIKAORI_STAFF","","0","126","0","186","0","2015-09-13 00:10:39","https://x.com/YUIKAORI_STAFF/status/642716963215552512","<a href=""https://ameblo.jp/"" rel=""nofollow"">Ameba_Blog</a>","","http://ameblo.jp/ishiharakaori-0806/entry-12072467698.html","",""
"642716842201493504","ブログを更新しました。 『明日は☆』
⇒ http://t.co/xv6vuiYPhP","ja","Tweet","ゆいかおり(小倉 唯＆石原夏織)公式","YUIKAORI_STAFF","","0","67","0","119","0","2015-09-13 00:10:10","https://x.com/YUIKAORI_STAFF/status/642716842201493504","<a href=""https://ameblo.jp/"" rel=""nofollow"">Ameba_Blog</a>","","http://ameblo.jp/ogurayui-0815/entry-12072469228.html","",""
"642358143972806656","ブログを更新しました。 『アイスが好き☆』
⇒ http://t.co/JzKvCNLSSQ","ja","Tweet","ゆいかおり(小倉 唯＆石原夏織)公式","YUIKAORI_STAFF","","1","70","0","91","0","2015-09-12 00:24:50","https://x.com/YUIKAORI_STAFF/status/642358143972806656","<a href=""https://ameblo.jp/"" rel=""nofollow"">Ameba_Blog</a>","","http://ameblo.jp/ogurayui-0815/entry-12072121279.html","",""
"642037851878633472","はにかむ～！
https://t.co/RxNB2D7FkZ #yuikaori #小倉唯 #dande_anime","ja","Tweet","ゆいかおり(小倉 唯＆石原夏織)公式","YUIKAORI_STAFF","","0","79","0","105","0","2015-09-11 03:12:07","https://x.com/YUIKAORI_STAFF/status/642037851878633472","<a href=""http://twitter.com/download/iphone"" rel=""nofollow"">Twitter for iPhone</a>","#yuikaori, #小倉唯, #dande_anime","https://youtu.be/Yd4CQdcng7Y","",""
"642032425564942336","Rainbow Rainbow !!
https://t.co/azRAbO4cru  #yuikaori #dande_anime","en","Tweet","ゆいかおり(小倉 唯＆石原夏織)公式","YUIKAORI_STAFF","","0","47","0","80","0","2015-09-11 02:50:33","https://x.com/YUIKAORI_STAFF/status/642032425564942336","<a href=""http://twitter.com/download/iphone"" rel=""nofollow"">Twitter for iPhone</a>","#yuikaori, #dande_anime","https://youtu.be/SuN7rQQvXm4","",""
"642023433270767616","城下町のダンデライオンまもなく始まりますよー！是非みてくださいね！！#yuikaori #dande_anime","ja","Tweet","ゆいかおり(小倉 唯＆石原夏織)公式","YUIKAORI_STAFF","","0","38","0","70","0","2015-09-11 02:14:49","https://x.com/YUIKAORI_STAFF/status/642023433270767616","<a href=""http://twitter.com/download/iphone"" rel=""nofollow"">Twitter for iPhone</a>","#yuikaori, #dande_anime","","",""
"641985942694199296","ブログを更新しました。 『色々と☆』
⇒ http://t.co/lRiOhi6on0","ja","Tweet","ゆいかおり(小倉 唯＆石原夏織)公式","YUIKAORI_STAFF","","0","55","0","96","0","2015-09-10 23:45:50","https://x.com/YUIKAORI_STAFF/status/641985942694199296","<a href=""https://ameblo.jp/"" rel=""nofollow"">Ameba_Blog</a>","","http://ameblo.jp/ogurayui-0815/entry-12071746356.html","",""
"641623552634941441","ブログを更新しました。 『おやす☆』
⇒ http://t.co/P4NyD6Y9E4","ja","Tweet","ゆいかおり(小倉 唯＆石原夏織)公式","YUIKAORI_STAFF","","1","67","0","98","0","2015-09-09 23:45:50","https://x.com/YUIKAORI_STAFF/status/641623552634941441","<a href=""https://ameblo.jp/"" rel=""nofollow"">Ameba_Blog</a>","","http://ameblo.jp/ogurayui-0815/entry-12071380264.html","",""
"641278435558494208","ブログを更新しました。 『コスメ大好き☆』
⇒ http://t.co/1t2bswrYwh","ja","Tweet","ゆいかおり(小倉 唯＆石原夏織)公式","YUIKAORI_STAFF","","0","82","0","131","0","2015-09-09 00:54:28","https://x.com/YUIKAORI_STAFF/status/641278435558494208","<a href=""https://ameblo.jp/"" rel=""nofollow"">Ameba_Blog</a>","","http://ameblo.jp/ogurayui-0815/entry-12071024183.html","",""
"640902583880519682","ブログを更新しました。 『お片付け☆』
⇒ http://t.co/fbdLUw0Fjj","ja","Tweet","ゆいかおり(小倉 唯＆石原夏織)公式","YUIKAORI_STAFF","","0","71","0","113","0","2015-09-08 00:00:58","https://x.com/YUIKAORI_STAFF/status/640902583880519682","<a href=""https://ameblo.jp/"" rel=""nofollow"">Ameba_Blog</a>","","http://ameblo.jp/ogurayui-0815/entry-12070637459.html","",""
"640837050380365825","ゆいかおりLIVE TOUR「RAINBOW CANARY!!」チケット最速先行予約受付終了しました。
お申し込みいただいた皆さん、ありがとうございました！
当落結果の発表は、9/18(金)15:00 予定です。
https://t.co/HFrBKTXtPB　#yuikaori","ja","Tweet","ゆいかおり(小倉 唯＆石原夏織)公式","YUIKAORI_STAFF","","0","99","0","136","0","2015-09-07 19:40:33","https://x.com/YUIKAORI_STAFF/status/640837050380365825","<a href=""http://twitter.com"" rel=""nofollow"">Twitter Web Client</a>","#yuikaori","https://www.yuikaori-entry.com","",""
"640734459575177216","【あと5時間☆】
ゆいかおりLIVE TOUR「RAINBOW CANARY!!」チケット最速先行予約受付は、＜本日18:00締切！！！＞
今なら、まだ間に合います…！！
お申し込みはこちらから★ → https://t.co/HFrBKTXtPB 　#yuikaori","ja","Tweet","ゆいかおり(小倉 唯＆石原夏織)公式","YUIKAORI_STAFF","","1","70","0","75","0","2015-09-07 12:52:54","https://x.com/YUIKAORI_STAFF/status/640734459575177216","<a href=""http://twitter.com"" rel=""nofollow"">Twitter Web Client</a>","#yuikaori","https://www.yuikaori-entry.com","",""
"640547059196497921","まもなく！実ラジ始まりますよー！！
#yuikaori #joqr #実ラジ","ja","Tweet","ゆいかおり(小倉 唯＆石原夏織)公式","YUIKAORI_STAFF","","0","38","0","63","0","2015-09-07 00:28:14","https://x.com/YUIKAORI_STAFF/status/640547059196497921","<a href=""http://twitter.com/download/iphone"" rel=""nofollow"">Twitter for iPhone</a>","#yuikaori, #joqr, #実ラジ","","",""
"640540621120258048","このあと24:30〜文化放送「ゆいかおりの実♪」是非聴いてくださいね！！ #yuikaori  #joqr #実ラジ","ja","Tweet","ゆいかおり(小倉 唯＆石原夏織)公式","YUIKAORI_STAFF","","0","59","0","73","0","2015-09-07 00:02:39","https://x.com/YUIKAORI_STAFF/status/640540621120258048","<a href=""http://twitter.com/download/iphone"" rel=""nofollow"">Twitter for iPhone</a>","#yuikaori, #joqr, #実ラジ","","",""
"640518742158344192","ブログを更新しました。 『『ハ』・『ム』お渡し会☆』
⇒ http://t.co/X80Fl81iCf","ja","Tweet","ゆいかおり(小倉 唯＆石原夏織)公式","YUIKAORI_STAFF","","0","98","0","106","0","2015-09-06 22:35:43","https://x.com/YUIKAORI_STAFF/status/640518742158344192","<a href=""https://ameblo.jp/"" rel=""nofollow"">Ameba_Blog</a>","","http://ameblo.jp/ogurayui-0815/entry-12070227893.html","",""
"640509175173283840","ブログを更新しました。 『こんばんはー！』
⇒ http://t.co/YghuQRibkh","ja","Tweet","ゆいかおり(小倉 唯＆石原夏織)公式","YUIKAORI_STAFF","","0","71","0","108","0","2015-09-06 21:57:42","https://x.com/YUIKAORI_STAFF/status/640509175173283840","<a href=""https://ameblo.jp/"" rel=""nofollow"">Ameba_Blog</a>","","http://ameblo.jp/ishiharakaori-0806/entry-12070209840.html","",""
"640508290133155840","【残り1日☆】
ゆいかおりLIVE TOUR「RAINBOW CANARY!!」チケット最速先行予約受付は、明日 9/7(月)18:00締切っ！
CM♪→https://t.co/Ks1R8CPUFu
お申込み☆→https://t.co/HFrBKTXtPB　#yuikaori","ja","Tweet","ゆいかおり(小倉 唯＆石原夏織)公式","YUIKAORI_STAFF","","0","76","0","84","0","2015-09-06 21:54:11","https://x.com/YUIKAORI_STAFF/status/640508290133155840","<a href=""http://twitter.com"" rel=""nofollow"">Twitter Web Client</a>","#yuikaori","https://www.youtube.com/watch?v=wAFRotsZo6g
https://www.yuikaori-entry.com","",""
"640165428493357056","ブログを更新しました。 『( ´ ▽ ` )ﾉ☆』
⇒ http://t.co/MT5rSJrd2h","ja","Tweet","ゆいかおり(小倉 唯＆石原夏織)公式","YUIKAORI_STAFF","","0","54","0","93","0","2015-09-05 23:11:46","https://x.com/YUIKAORI_STAFF/status/640165428493357056","<a href=""https://ameblo.jp/"" rel=""nofollow"">Ameba_Blog</a>","","http://ameblo.jp/ogurayui-0815/entry-12069861395.html","",""
"640083484959113216","【残り2日☆】
ゆいかおりLIVE TOUR「RAINBOW CANARY!!」のチケット最速先行予約受付、残り2日♪♪ 
＜9/7(月)18:00締切＞ですよ〜！
お申し込みの詳細は、こちらになりますっ☆ → https://t.co/HFrBKTXtPB  #yuikaori","ja","Tweet","ゆいかおり(小倉 唯＆石原夏織)公式","YUIKAORI_STAFF","","0","66","0","82","0","2015-09-05 17:46:09","https://x.com/YUIKAORI_STAFF/status/640083484959113216","<a href=""http://twitter.com"" rel=""nofollow"">Twitter Web Client</a>","#yuikaori","https://www.yuikaori-entry.com","",""
"639817208512679936","ブログを更新しました。 『pinkと汐留○○部☆』
⇒ http://t.co/iDQPRTMEoE","ja","Tweet","ゆいかおり(小倉 唯＆石原夏織)公式","YUIKAORI_STAFF","","0","57","0","99","0","2015-09-05 00:08:04","https://x.com/YUIKAORI_STAFF/status/639817208512679936","<a href=""https://ameblo.jp/"" rel=""nofollow"">Ameba_Blog</a>","","http://ameblo.jp/ogurayui-0815/entry-12069525494.html","",""
"639762034846924800","昨日CBCにてオンエアされたゆいかおりLIVE TOUR「RAINBOW CANARY!!」のTVCMを限定で公開中！ぜひチェックしてくださいね〜♪
チケット最速先行予約受付中！締切は＜9/7(月)18:00＞！https://t.co/Ks1R8CPUFu
#yuikaori","ja","Tweet","ゆいかおり(小倉 唯＆石原夏織)公式","YUIKAORI_STAFF","","0","103","0","145","0","2015-09-04 20:28:49","https://x.com/YUIKAORI_STAFF/status/639762034846924800","<a href=""http://twitter.com"" rel=""nofollow"">Twitter Web Client</a>","#yuikaori","https://www.youtube.com/watch?v=wAFRotsZo6g","",""
"639715182814498816","【残り3日☆】
ゆいかおりLIVE TOUR「RAINBOW CANARY!!」のチケット最速先行予約受付中です★
締切は＜9/7(月)18:00＞！！！
忘れちゃう前にさくっと申し込みましょう♪
詳細はこちら→https://t.co/HFrBKTXtPB 　#yuikaori","ja","Tweet","ゆいかおり(小倉 唯＆石原夏織)公式","YUIKAORI_STAFF","","0","54","0","83","0","2015-09-04 17:22:39","https://x.com/YUIKAORI_STAFF/status/639715182814498816","<a href=""http://twitter.com"" rel=""nofollow"">Twitter Web Client</a>","#yuikaori","https://www.yuikaori-entry.com","",""
"639709969789521920","≪Team YUIKAORI：REPORT更新≫
【「Animelo Summer Live 2015 -THE GATE-」レポート】を公開っ♪
どこよりも早い(？)レポートですので、皆さんぜひご覧くださいね～☆
http://t.co/tfdjEciSKF　#yuikaori","ja","Tweet","ゆいかおり(小倉 唯＆石原夏織)公式","YUIKAORI_STAFF","","0","119","0","161","0","2015-09-04 17:01:56","https://x.com/YUIKAORI_STAFF/status/639709969789521920","<a href=""http://twitter.com"" rel=""nofollow"">Twitter Web Client</a>","#yuikaori","http://yuikaori-report.info/","",""
"639660903135227905","≪ゆいかおり・小倉 唯：公式サイト更新≫
小倉 唯＆石原夏織の出演情報を更新しました☆
http://t.co/9IT8M7mr7s 　#yuikaori","ja","Tweet","ゆいかおり(小倉 唯＆石原夏織)公式","YUIKAORI_STAFF","","0","40","0","83","0","2015-09-04 13:46:58","https://x.com/YUIKAORI_STAFF/status/639660903135227905","<a href=""http://twitter.com"" rel=""nofollow"">Twitter Web Client</a>","#yuikaori","http://www.yuikaori.info/profile/","",""
"639459634403655683","ブログを更新しました。 『サモンナイト6☆』
⇒ http://t.co/PoMG2ckBjL","ja","Tweet","ゆいかおり(小倉 唯＆石原夏織)公式","YUIKAORI_STAFF","","0","60","0","100","0","2015-09-04 00:27:12","https://x.com/YUIKAORI_STAFF/status/639459634403655683","<a href=""https://ameblo.jp/"" rel=""nofollow"">Ameba_Blog</a>","","http://ameblo.jp/ogurayui-0815/entry-12069170256.html","",""
"639444458342256642","本日CBCにて深夜3:20～オンエアの「城下町のダンデライオン」の時間帯にて、ゆいかおりLIVE TOUR「RAINBOW CANARY!!」のTVCMがオンエアされる予定ですよ〜！TBSは本日放送休止ですのでお気をつけくださいね！#dande_anime #yuikaori","ja","Tweet","ゆいかおり(小倉 唯＆石原夏織)公式","YUIKAORI_STAFF","","0","94","0","106","0","2015-09-03 23:26:53","https://x.com/YUIKAORI_STAFF/status/639444458342256642","<a href=""http://twitter.com/download/iphone"" rel=""nofollow"">Twitter for iPhone</a>","#dande_anime, #yuikaori","","",""
"639103243558109184","ブログを更新しました。 『(^-^)/☆』
⇒ http://t.co/WuWrHmyDB9","ja","Tweet","ゆいかおり(小倉 唯＆石原夏織)公式","YUIKAORI_STAFF","","0","73","0","106","0","2015-09-03 00:51:01","https://x.com/YUIKAORI_STAFF/status/639103243558109184","<a href=""https://ameblo.jp/"" rel=""nofollow"">Ameba_Blog</a>","","http://ameblo.jp/ogurayui-0815/entry-12068809013.html","",""
"638943491490365441","【残り5日☆】
ゆいかおりLIVE TOUR「RAINBOW CANARY!!」のチケット最速先行予約受付中♪
締切は＜9/7(月)18:00＞ですよ～！
皆さん、このチャンスをお見逃しなくっ★
申し込みはこちら→https://t.co/HFrBKTXtPB　#yuikaori","ja","Tweet","ゆいかおり(小倉 唯＆石原夏織)公式","YUIKAORI_STAFF","","0","65","0","116","0","2015-09-02 14:16:14","https://x.com/YUIKAORI_STAFF/status/638943491490365441","<a href=""http://twitter.com"" rel=""nofollow"">Twitter Web Client</a>","#yuikaori","https://www.yuikaori-entry.com","",""
"638728769654493185","ブログを更新しました。 『幸せな時間？(^-^)☆』
⇒ http://t.co/IX5pkgIaIg","ja","Tweet","ゆいかおり(小倉 唯＆石原夏織)公式","YUIKAORI_STAFF","","0","65","0","124","0","2015-09-02 00:03:00","https://x.com/YUIKAORI_STAFF/status/638728769654493185","<a href=""https://ameblo.jp/"" rel=""nofollow"">Ameba_Blog</a>","","http://ameblo.jp/ogurayui-0815/entry-12068421240.html","",""
"638332389861666816","ブログを更新しました。 『アニサマでの☆』
⇒ http://t.co/8dO4VcXFwk","ja","Tweet","ゆいかおり(小倉 唯＆石原夏織)公式","YUIKAORI_STAFF","","0","123","0","181","0","2015-08-31 21:47:56","https://x.com/YUIKAORI_STAFF/status/638332389861666816","<a href=""https://ameblo.jp/"" rel=""nofollow"">Ameba_Blog</a>","","http://ameblo.jp/ogurayui-0815/entry-12067974039.html","",""
"638207358171148288","今回の実ラジで話題に上がった、まろやか干し梅？種なし梅？昨日アニサマ楽屋でもゆいかおりは食べてましたよ〜♪
#yuikaori #小倉唯 http://t.co/jx3SpCAZCs","ja","Tweet","ゆいかおり(小倉 唯＆石原夏織)公式","YUIKAORI_STAFF","","4","142","0","275","0","2015-08-31 13:31:06","https://x.com/YUIKAORI_STAFF/status/638207358171148288","<a href=""http://twitter.com/download/iphone"" rel=""nofollow"">Twitter for iPhone</a>","#yuikaori, #小倉唯","","photo","https://pbs.twimg.com/media/CNteNEhUkAELdZU.jpg"
"638023226707148800","ブログを更新しました。 『アニサマ2015☆』
⇒ http://t.co/wxLzQp152c","ja","Tweet","ゆいかおり(小倉 唯＆石原夏織)公式","YUIKAORI_STAFF","","1","145","0","183","0","2015-08-31 01:19:25","https://x.com/YUIKAORI_STAFF/status/638023226707148800","<a href=""https://ameblo.jp/"" rel=""nofollow"">Ameba_Blog</a>","","http://ameblo.jp/ogurayui-0815/entry-12067674331.html","",""
"638023085518553089","ブログを更新しました。 『終わったー！！』
⇒ http://t.co/U03J0BzTkg","ja","Tweet","ゆいかおり(小倉 唯＆石原夏織)公式","YUIKAORI_STAFF","","0","143","0","174","0","2015-08-31 01:18:52","https://x.com/YUIKAORI_STAFF/status/638023085518553089","<a href=""https://ameblo.jp/"" rel=""nofollow"">Ameba_Blog</a>","","http://ameblo.jp/ishiharakaori-0806/entry-12067679526.html","",""
"638020019549396992","≪ゆいかおり：公式サイト更新≫
文化放送「ゆいかおりの実♪」に、オトナ☆なんでも相談室！がパワーアップして(?!)帰ってきました！
その名も『も〜っとオトナ☆なんでも相談室！』 
皆さんからのお便りお待ちしてます♪
http://t.co/dZPfDYhZEV　#yuikaori","ja","Tweet","ゆいかおり(小倉 唯＆石原夏織)公式","YUIKAORI_STAFF","","0","56","0","107","0","2015-08-31 01:06:41","https://x.com/YUIKAORI_STAFF/status/638020019549396992","<a href=""http://twitter.com"" rel=""nofollow"">Twitter Web Client</a>","#yuikaori","http://www.yuikaori.info/radio/","",""
"638009889038532609","まもなく実ラジ始まりますよー！！！
#yuikaori #joqr #実ラジ","ja","Tweet","ゆいかおり(小倉 唯＆石原夏織)公式","YUIKAORI_STAFF","","0","41","0","72","0","2015-08-31 00:26:25","https://x.com/YUIKAORI_STAFF/status/638009889038532609","<a href=""http://twitter.com/download/iphone"" rel=""nofollow"">Twitter for iPhone</a>","#yuikaori, #joqr, #実ラジ","","",""
"638005953942564864","アニサマありがとうございました！！次はライブツアーですね！！
ゆいかおりLIVE TOUR「RAINBOW CANARY!!」はチケット最速先行予約受付中です！こちらからお申し込みどうぞ！https://t.co/omT18WN0EG …
#yuikaori #anisama","ja","Tweet","ゆいかおり(小倉 唯＆石原夏織)公式","YUIKAORI_STAFF","","0","115","0","177","0","2015-08-31 00:10:47","https://x.com/YUIKAORI_STAFF/status/638005953942564864","<a href=""http://twitter.com/download/iphone"" rel=""nofollow"">Twitter for iPhone</a>","#yuikaori, #anisama","https://www.yuikaori-entry.com/p/ticket/ticket_top.php","",""
"637997567138140161","アニサマ2015ありがとうございました！！！！このあと24:30〜放送の文化放送「ゆいかおりの実♪」も是非聴いてください！！  #anisama  #yuikaori  #joqr　#実ラジ","ja","Tweet","ゆいかおり(小倉 唯＆石原夏織)公式","YUIKAORI_STAFF","","3","111","0","183","0","2015-08-30 23:37:28","https://x.com/YUIKAORI_STAFF/status/637997567138140161","<a href=""http://twitter.com/download/iphone"" rel=""nofollow"">Twitter for iPhone</a>","#anisama, #yuikaori, #joqr, #実ラジ","","",""
"637933853017903105","アニサマ2015、ゆいかおりの出番終わりました～！トロッコでのOur Steady Boy、続いてのRing Ring Rainbow!!ではみなさんと１つになれました！！ありがとうございました～！#yuikaori #anisama http://t.co/65PAsez4FF","ja","Tweet","ゆいかおり(小倉 唯＆石原夏織)公式","YUIKAORI_STAFF","","21","1587","1","2200","2","2015-08-30 19:24:17","https://x.com/YUIKAORI_STAFF/status/637933853017903105","<a href=""http://twitter.com"" rel=""nofollow"">Twitter Web Client</a>","#yuikaori, #anisama","","photo","https://pbs.twimg.com/media/CNpldW5VAAAfnF5.jpg"
"637903152910483456","アニサマ2015、小倉唯の出番終了しました〜！みなさん「ハニカム〜♪」と一緒に歌って頂いてありがとうございます〜！！#yuikaori #小倉唯 http://t.co/TZwT40fx3w","ja","Tweet","ゆいかおり(小倉 唯＆石原夏織)公式","YUIKAORI_STAFF","","19","1330","2","1850","3","2015-08-30 17:22:17","https://x.com/YUIKAORI_STAFF/status/637903152910483456","<a href=""http://twitter.com"" rel=""nofollow"">Twitter Web Client</a>","#yuikaori, #小倉唯","","photo","https://pbs.twimg.com/media/CNpJiYLUcAEJ_IX.jpg"
"637860728502792193","ゆいかおりLIVE TOUR「RAINBOW CANARY!!」のチケット最速先行予約受付中ですよ〜！！こちらからお申し込みどうぞ！https://t.co/omT18WN0EG …
#yuikaori","ja","Tweet","ゆいかおり(小倉 唯＆石原夏織)公式","YUIKAORI_STAFF","","0","123","0","154","0","2015-08-30 14:33:43","https://x.com/YUIKAORI_STAFF/status/637860728502792193","<a href=""http://twitter.com"" rel=""nofollow"">Twitter Web Client</a>","#yuikaori","https://www.yuikaori-entry.com/p/ticket/ticket_top.php","",""
"637819711237963776","ブログを更新しました。 『アニサマ〜』
⇒ http://t.co/ptgfvqnKaA","ja","Tweet","ゆいかおり(小倉 唯＆石原夏織)公式","YUIKAORI_STAFF","","0","73","0","106","0","2015-08-30 11:50:43","https://x.com/YUIKAORI_STAFF/status/637819711237963776","<a href=""https://ameblo.jp/"" rel=""nofollow"">Ameba_Blog</a>","","http://ameblo.jp/ishiharakaori-0806/entry-12067409469.html","",""
"637819689419169792","＜ゆいかおり3rd LIVE TOUR＞
2015/12/23(水・祝)大阪・岸和田市立浪切ホール
2015/12/26(土)名古屋国際会議場センチュリーホール
2016/1/2(土)パシフィコ横浜国立大ホール
2016/1/3(日)パシフィコ横浜国立大ホール
#yuikaori","ja","Tweet","ゆいかおり(小倉 唯＆石原夏織)公式","YUIKAORI_STAFF","","0","113","0","118","0","2015-08-30 11:50:38","https://x.com/YUIKAORI_STAFF/status/637819689419169792","<a href=""http://twitter.com/download/iphone"" rel=""nofollow"">Twitter for iPhone</a>","#yuikaori","","",""
"637817400310632448","ついにこのあと12:00から！ゆいかおりLIVE TOUR「RAINBOW CANARY!!」のチケット最速先行予約受付開始です！！みなさん忘れずにどうぞ！https://t.co/omT18WN0EG
#yuikaori","ja","Tweet","ゆいかおり(小倉 唯＆石原夏織)公式","YUIKAORI_STAFF","","0","150","0","156","0","2015-08-30 11:41:32","https://x.com/YUIKAORI_STAFF/status/637817400310632448","<a href=""http://twitter.com"" rel=""nofollow"">Twitter Web Client</a>","#yuikaori","https://www.yuikaori-entry.com/p/ticket/ticket_top.php","",""
"637812835972550656","そして、この後12:00〜♪
ゆいかおりLIVE TOUR「RAINBOW CANARY!!」チケット最速先行予約受付が『Live Supporters Team YUIKAORI』にてスタート☆
要チェックです！
http://t.co/aL2l5SvnrA #yuikaori","ja","Tweet","ゆいかおり(小倉 唯＆石原夏織)公式","YUIKAORI_STAFF","","1","149","0","162","0","2015-08-30 11:23:24","https://x.com/YUIKAORI_STAFF/status/637812835972550656","<a href=""http://twitter.com"" rel=""nofollow"">Twitter Web Client</a>","#yuikaori","http://www.yuikaori.info/team_yuikaori/","",""
"637811183530078209","本日の「Animelo Summer Live 2015 -THE GATE-」3日目に、ゆいかおり・小倉唯が出演しますよ！
ご参加予定の皆さん☆ どうぞよろしくお願いします〜♪　#anisama #yuikaori #小倉唯","ja","Tweet","ゆいかおり(小倉 唯＆石原夏織)公式","YUIKAORI_STAFF","","2","209","0","202","0","2015-08-30 11:16:50","https://x.com/YUIKAORI_STAFF/status/637811183530078209","<a href=""http://twitter.com"" rel=""nofollow"">Twitter Web Client</a>","#anisama, #yuikaori, #小倉唯","","",""
"637630841753989120","ブログを更新しました。 『明日はアニサマ☆』
⇒ http://t.co/7yciOSwpaM","ja","Tweet","ゆいかおり(小倉 唯＆石原夏織)公式","YUIKAORI_STAFF","","0","117","0","129","0","2015-08-29 23:20:13","https://x.com/YUIKAORI_STAFF/status/637630841753989120","<a href=""https://ameblo.jp/"" rel=""nofollow"">Ameba_Blog</a>","","http://ameblo.jp/ogurayui-0815/entry-12067269128.html","",""
"637240282707161088","ブログを更新しました。 『アルバムとツアー☆』
⇒ http://t.co/R0yz8lnlIC","ja","Tweet","ゆいかおり(小倉 唯＆石原夏織)公式","YUIKAORI_STAFF","","2","64","0","103","0","2015-08-28 21:28:17","https://x.com/YUIKAORI_STAFF/status/637240282707161088","<a href=""https://ameblo.jp/"" rel=""nofollow"">Ameba_Blog</a>","","http://ameblo.jp/ogurayui-0815/entry-12066865431.html","",""
"636951205424443393","まもなく城下町のダンデライオン始まりますよーー！是非みてくださいねっ！！#yuikaori #dande_anime","ja","Tweet","ゆいかおり(小倉 唯＆石原夏織)公式","YUIKAORI_STAFF","","0","32","0","68","0","2015-08-28 02:19:36","https://x.com/YUIKAORI_STAFF/status/636951205424443393","<a href=""http://twitter.com/download/iphone"" rel=""nofollow"">Twitter for iPhone</a>","#yuikaori, #dande_anime","","",""
"636927991734382592","ブログを更新しました。 『(^-^)/☆』
⇒ http://t.co/JwCEjF7vB2","ja","Tweet","ゆいかおり(小倉 唯＆石原夏織)公式","YUIKAORI_STAFF","","0","45","0","87","0","2015-08-28 00:47:21","https://x.com/YUIKAORI_STAFF/status/636927991734382592","<a href=""https://ameblo.jp/"" rel=""nofollow"">Ameba_Blog</a>","","http://ameblo.jp/ogurayui-0815/entry-12066582032.html","",""
"636551287887147008","ブログを更新しました。 『迷い中、、、☆』
⇒ http://t.co/OomKK0aRG4","ja","Tweet","ゆいかおり(小倉 唯＆石原夏織)公式","YUIKAORI_STAFF","","0","64","0","99","0","2015-08-26 23:50:28","https://x.com/YUIKAORI_STAFF/status/636551287887147008","<a href=""https://ameblo.jp/"" rel=""nofollow"">Ameba_Blog</a>","","http://ameblo.jp/ogurayui-0815/entry-12066202459.html","",""
"636198170058330113","ブログを更新しました。 『前髪フェチ？( ´ ▽ ` )ﾉ☆』
⇒ http://t.co/fg4UnqVM09","ja","Tweet","ゆいかおり(小倉 唯＆石原夏織)公式","YUIKAORI_STAFF","","1","73","0","110","0","2015-08-26 00:27:18","https://x.com/YUIKAORI_STAFF/status/636198170058330113","<a href=""https://ameblo.jp/"" rel=""nofollow"">Ameba_Blog</a>","","http://ameblo.jp/ogurayui-0815/entry-12065851544.html","",""
"636164559619780608","唯ちゃんの特技にフラフープが追加されました！
http://t.co/9IT8M7mr7s
#yuikaori  #小倉唯","ja","Tweet","ゆいかおり(小倉 唯＆石原夏織)公式","YUIKAORI_STAFF","","1","260","0","251","0","2015-08-25 22:13:45","https://x.com/YUIKAORI_STAFF/status/636164559619780608","<a href=""http://twitter.com/download/iphone"" rel=""nofollow"">Twitter for iPhone</a>","#yuikaori, #小倉唯","http://www.yuikaori.info/profile/","",""
"636161286863130624","≪ゆいかおり・小倉 唯：公式サイト更新≫
小倉 唯＆石原夏織の出演情報を更新しました☆
http://t.co/9IT8M7mr7s　#yuikaori","ja","Tweet","ゆいかおり(小倉 唯＆石原夏織)公式","YUIKAORI_STAFF","","0","49","0","89","0","2015-08-25 22:00:44","https://x.com/YUIKAORI_STAFF/status/636161286863130624","<a href=""http://twitter.com"" rel=""nofollow"">Twitter Web Client</a>","#yuikaori","http://www.yuikaori.info/profile/","",""
"635805991641083904","ブログを更新しました。 『あたしの音楽〜モーニング娘。’15さん☆』
⇒ http://t.co/7FtPnc3axq","ja","Tweet","ゆいかおり(小倉 唯＆石原夏織)公式","YUIKAORI_STAFF","","1","115","0","134","0","2015-08-24 22:28:55","https://x.com/YUIKAORI_STAFF/status/635805991641083904","<a href=""https://ameblo.jp/"" rel=""nofollow"">Ameba_Blog</a>","","http://ameblo.jp/ogurayui-0815/entry-12065431421.html","",""
"635763784838082560","ブログを更新しました。 『あたしの音楽❤︎』
⇒ http://t.co/N23Aor8fQp","ja","Tweet","ゆいかおり(小倉 唯＆石原夏織)公式","YUIKAORI_STAFF","","0","85","0","131","0","2015-08-24 19:41:12","https://x.com/YUIKAORI_STAFF/status/635763784838082560","<a href=""https://ameblo.jp/"" rel=""nofollow"">Ameba_Blog</a>","","http://ameblo.jp/ishiharakaori-0806/entry-12065362295.html","",""
"635763732090454016","ゆいかおりがフジテレビNEXT「あたしの音楽」に出演させて頂きますよ〜！
モーニング娘。’15さんともコラボさせて頂きました！みなさんお見逃しなく！ 9/19(土)放送予定です！http://t.co/FwJDVtRCAY http://t.co/kMNJxDxFkx","ja","Tweet","ゆいかおり(小倉 唯＆石原夏織)公式","YUIKAORI_STAFF","","3","1211","4","1082","7","2015-08-24 19:41:00","https://x.com/YUIKAORI_STAFF/status/635763732090454016","<a href=""http://twitter.com"" rel=""nofollow"">Twitter Web Client</a>","","http://www.fujitv.co.jp/otogumi/mymusic/","photo","https://pbs.twimg.com/media/CNKvvsIU8AAt9JU.jpg"
"635695578660270080","@YUIKAORI_STAFF
『Live Supporters Team YUIKAORI』ってなに？と思った方！
ぜひ“Team YUIKAORI”サイトにてご確認くださいね～☆
http://t.co/aL2l5SvnrA 　#yuikaori","ja","Reply","ゆいかおり(小倉 唯＆石原夏織)公式","YUIKAORI_STAFF","","0","42","0","93","0","2015-08-24 15:10:11","https://x.com/YUIKAORI_STAFF/status/635695578660270080","<a href=""http://twitter.com"" rel=""nofollow"">Twitter Web Client</a>","#yuikaori","http://www.yuikaori.info/team_yuikaori/","",""
"635691436491444224","8/30からスタートする、ゆいかおり3rdライブツアーのチケット最速先行予約受付は『Live Supporters Team YUIKAORI』にて実施☆
“Team YUIKAORI”もチェックしてくださいね～♪
http://t.co/aL2l5SvnrA　#yuikaori","ja","Tweet","ゆいかおり(小倉 唯＆石原夏織)公式","YUIKAORI_STAFF","","1","133","0","221","0","2015-08-24 14:53:43","https://x.com/YUIKAORI_STAFF/status/635691436491444224","<a href=""http://twitter.com"" rel=""nofollow"">Twitter Web Client</a>","#yuikaori","http://www.yuikaori.info/team_yuikaori/","",""
"635691390874161153","昨日発表されたゆいかおり最新情報☆
皆さんチェックいただけましたか～？

1.ゆいかおり3rdアルバムの発売＆タイトルが決定！
2.ゆいかおり3rdライブツアーのタイトルが決定！
3.ゆいかおり3rdライブツアーのチケット最速先行予約受付は、8/30スタート！　#yuikaori","ja","Tweet","ゆいかおり(小倉 唯＆石原夏織)公式","YUIKAORI_STAFF","","0","190","0","224","0","2015-08-24 14:53:32","https://x.com/YUIKAORI_STAFF/status/635691390874161153","<a href=""http://twitter.com"" rel=""nofollow"">Twitter Web Client</a>","#yuikaori","","",""
"635631997143007232","≪ゆいかおり：公式サイト更新≫
ゆいかおり、「あたしの音楽」出演決定！
http://t.co/jJjhcStNu5　#yuikaori","ja","Tweet","ゆいかおり(小倉 唯＆石原夏織)公式","YUIKAORI_STAFF","","0","162","0","177","0","2015-08-24 10:57:32","https://x.com/YUIKAORI_STAFF/status/635631997143007232","<a href=""http://twitter.com"" rel=""nofollow"">Twitter Web Client</a>","#yuikaori","http://www.yuikaori.info/info/1237/","",""
"635482909550350336","＜ゆいかおり3rd LIVE TOUR＞
2015/12/23(水・祝)大阪・岸和田市立浪切ホール
2015/12/26(土)名古屋国際会議場センチュリーホール
2016/1/2(土)パシフィコ横浜国立大ホール
2016/1/3(日)パシフィコ横浜国立大ホール
#yuikaori","ja","Tweet","ゆいかおり(小倉 唯＆石原夏織)公式","YUIKAORI_STAFF","","1","271","0","279","0","2015-08-24 01:05:06","https://x.com/YUIKAORI_STAFF/status/635482909550350336","<a href=""http://twitter.com/download/iphone"" rel=""nofollow"">Twitter for iPhone</a>","#yuikaori","","",""
"635482679119474692","そして！ゆいかおり3rdライブツアー「RAINBOW CANARY!!（レインボーカナリー）」の開催も決定しております！！チケットの最速先行予約受付は8月30日から開始となります！！是非チェックして下さい！#yuikaori  #joqr　#実ラジ","ja","Tweet","ゆいかおり(小倉 唯＆石原夏織)公式","YUIKAORI_STAFF","","0","323","0","304","0","2015-08-24 01:04:12","https://x.com/YUIKAORI_STAFF/status/635482679119474692","<a href=""http://twitter.com/download/iphone"" rel=""nofollow"">Twitter for iPhone</a>","#yuikaori, #joqr, #実ラジ","","",""
"635482520843235330","ゆいかおりの3rdアルバム「Bright Canary(ブライトカナリー)」の発売が決定致しました！！！2年ぶりとなるニューアルバムは11月4日に発売されます！！！ #yuikaori  #joqr　#実ラジ","ja","Tweet","ゆいかおり(小倉 唯＆石原夏織)公式","YUIKAORI_STAFF","","0","456","0","387","0","2015-08-24 01:03:34","https://x.com/YUIKAORI_STAFF/status/635482520843235330","<a href=""http://twitter.com/download/iphone"" rel=""nofollow"">Twitter for iPhone</a>","#yuikaori, #joqr, #実ラジ","","",""
"635473576011763716","まもなく実ラジ始まります！！
#yuikaori #joqr #実ラジ","ja","Tweet","ゆいかおり(小倉 唯＆石原夏織)公式","YUIKAORI_STAFF","","0","42","0","67","0","2015-08-24 00:28:01","https://x.com/YUIKAORI_STAFF/status/635473576011763716","<a href=""http://twitter.com/download/iphone"" rel=""nofollow"">Twitter for iPhone</a>","#yuikaori, #joqr, #実ラジ","","",""
"635471106443362305","ブログを更新しました。 『リリース＆バースデー☆』
⇒ http://t.co/ZiVJiKOXqa","ja","Tweet","ゆいかおり(小倉 唯＆石原夏織)公式","YUIKAORI_STAFF","","0","96","0","125","0","2015-08-24 00:18:12","https://x.com/YUIKAORI_STAFF/status/635471106443362305","<a href=""https://ameblo.jp/"" rel=""nofollow"">Ameba_Blog</a>","","http://ameblo.jp/ogurayui-0815/entry-12065107181.html","",""
"635468180920516608","この後24:30〜文化放送にて放送の「ゆいかおりの実♪」では、2人から嬉しいお知らせもございますよー！是非聴いて下さいね！！ #yuikaori  #joqr　#実ラジ","ja","Tweet","ゆいかおり(小倉 唯＆石原夏織)公式","YUIKAORI_STAFF","","0","67","0","100","0","2015-08-24 00:06:35","https://x.com/YUIKAORI_STAFF/status/635468180920516608","<a href=""http://twitter.com/download/iphone"" rel=""nofollow"">Twitter for iPhone</a>","#yuikaori, #joqr, #実ラジ","","",""
"635445269807558661","ブログを更新しました。 『Ring Ring Rainbow!!発売記念イベント』
⇒ http://t.co/8HoSXyRLqr","ja","Tweet","ゆいかおり(小倉 唯＆石原夏織)公式","YUIKAORI_STAFF","","0","96","0","128","0","2015-08-23 22:35:32","https://x.com/YUIKAORI_STAFF/status/635445269807558661","<a href=""https://ameblo.jp/"" rel=""nofollow"">Ameba_Blog</a>","","http://ameblo.jp/ishiharakaori-0806/entry-12065065326.html","",""
"635103793890267137","ブログを更新しました。 『羽？☆』
⇒ http://t.co/vFLFbAsiwf","ja","Tweet","ゆいかおり(小倉 唯＆石原夏織)公式","YUIKAORI_STAFF","","0","74","0","105","0","2015-08-22 23:58:38","https://x.com/YUIKAORI_STAFF/status/635103793890267137","<a href=""https://ameblo.jp/"" rel=""nofollow"">Ameba_Blog</a>","","http://ameblo.jp/ogurayui-0815/entry-12064727075.html","",""
"634743122178641920","ブログを更新しました。 『シロクマ☆』
⇒ http://t.co/C7m64QaQ5M","ja","Tweet","ゆいかおり(小倉 唯＆石原夏織)公式","YUIKAORI_STAFF","","0","65","0","97","0","2015-08-22 00:05:27","https://x.com/YUIKAORI_STAFF/status/634743122178641920","<a href=""https://ameblo.jp/"" rel=""nofollow"">Ameba_Blog</a>","","http://ameblo.jp/ogurayui-0815/entry-12064372113.html","",""
"634421415991619584","はにかむ～！
https://t.co/RxNB2D7FkZ #yuikaori #小倉唯 #dande_anime","ja","Tweet","ゆいかおり(小倉 唯＆石原夏織)公式","YUIKAORI_STAFF","","1","53","0","94","0","2015-08-21 02:47:07","https://x.com/YUIKAORI_STAFF/status/634421415991619584","<a href=""http://twitter.com/download/iphone"" rel=""nofollow"">Twitter for iPhone</a>","#yuikaori, #小倉唯, #dande_anime","https://youtu.be/Yd4CQdcng7Y","",""
"634415472260182016","Rainbow Rainbow！！！
https://t.co/azRAbO4cru  #yuikaori #dande_anime","en","Tweet","ゆいかおり(小倉 唯＆石原夏織)公式","YUIKAORI_STAFF","","0","31","0","71","0","2015-08-21 02:23:30","https://x.com/YUIKAORI_STAFF/status/634415472260182016","<a href=""http://twitter.com/download/iphone"" rel=""nofollow"">Twitter for iPhone</a>","#yuikaori, #dande_anime","https://youtu.be/SuN7rQQvXm4","",""
"634414540709429249","まもなく城下町のダンデライオン始まりますよー！是非みてくださいねー！！#yuikaori #dande_anime","ja","Tweet","ゆいかおり(小倉 唯＆石原夏織)公式","YUIKAORI_STAFF","","0","41","0","64","0","2015-08-21 02:19:48","https://x.com/YUIKAORI_STAFF/status/634414540709429249","<a href=""http://twitter.com/download/iphone"" rel=""nofollow"">Twitter for iPhone</a>","#yuikaori, #dande_anime","","",""
"634377036543299584","ブログを更新しました。 『豪華なサプライズ☆』
⇒ http://t.co/8OXBNnlSc9","ja","Tweet","ゆいかおり(小倉 唯＆石原夏織)公式","YUIKAORI_STAFF","","1","81","0","114","0","2015-08-20 23:50:46","https://x.com/YUIKAORI_STAFF/status/634377036543299584","<a href=""https://ameblo.jp/"" rel=""nofollow"">Ameba_Blog</a>","","http://ameblo.jp/ogurayui-0815/entry-12064011450.html","",""
"634007145680257024","ブログを更新しました。 『ダンデライオン7話☆』
⇒ http://t.co/wsVZRPy0jO","ja","Tweet","ゆいかおり(小倉 唯＆石原夏織)公式","YUIKAORI_STAFF","","0","71","0","115","0","2015-08-19 23:20:57","https://x.com/YUIKAORI_STAFF/status/634007145680257024","<a href=""https://ameblo.jp/"" rel=""nofollow"">Ameba_Blog</a>","","http://ameblo.jp/ogurayui-0815/entry-12063635963.html","",""
"633620883941163012","ブログを更新しました。 『不調？☆』
⇒ http://t.co/TkL6TqKNbg","ja","Tweet","ゆいかおり(小倉 唯＆石原夏織)公式","YUIKAORI_STAFF","","0","98","0","95","0","2015-08-18 21:46:05","https://x.com/YUIKAORI_STAFF/status/633620883941163012","<a href=""https://ameblo.jp/"" rel=""nofollow"">Ameba_Blog</a>","","http://ameblo.jp/ogurayui-0815/entry-12063231862.html","",""
"633576522360598528","≪ゆいかおり・小倉 唯：公式サイト更新≫
小倉 唯＆石原夏織の出演情報を更新しました☆
http://t.co/9IT8M7mr7s  　#yuikaori","ja","Tweet","ゆいかおり(小倉 唯＆石原夏織)公式","YUIKAORI_STAFF","","0","49","0","83","0","2015-08-18 18:49:48","https://x.com/YUIKAORI_STAFF/status/633576522360598528","<a href=""http://twitter.com"" rel=""nofollow"">Twitter Web Client</a>","#yuikaori","http://www.yuikaori.info/profile/","",""
"633297340825079808","ブログを更新しました。 『舞台裏☆』
⇒ http://t.co/gIo7WLioWR","ja","Tweet","ゆいかおり(小倉 唯＆石原夏織)公式","YUIKAORI_STAFF","","1","67","0","103","0","2015-08-18 00:20:26","https://x.com/YUIKAORI_STAFF/status/633297340825079808","<a href=""https://ameblo.jp/"" rel=""nofollow"">Ameba_Blog</a>","","http://ameblo.jp/ogurayui-0815/entry-12062938920.html","",""
"632939420878925825","ブログを更新しました。 『たくさん☆』
⇒ http://t.co/M40rNHkJ0Y","ja","Tweet","ゆいかおり(小倉 唯＆石原夏織)公式","YUIKAORI_STAFF","","0","69","0","108","0","2015-08-17 00:38:12","https://x.com/YUIKAORI_STAFF/status/632939420878925825","<a href=""https://ameblo.jp/"" rel=""nofollow"">Ameba_Blog</a>","","http://ameblo.jp/ogurayui-0815/entry-12062577418.html","",""
"632937139383103488","実ラジまもなく始まりますよー！！
#yuikaori #joqr #実ラジ","ja","Tweet","ゆいかおり(小倉 唯＆石原夏織)公式","YUIKAORI_STAFF","","0","34","0","67","0","2015-08-17 00:29:08","https://x.com/YUIKAORI_STAFF/status/632937139383103488","<a href=""http://twitter.com/download/iphone"" rel=""nofollow"">Twitter for iPhone</a>","#yuikaori, #joqr, #実ラジ","","",""
"632922063024427008","この後24:30〜文化放送にて放送されます「ゆいかおりの実♪」是非聞いてくださいねー！#yuikaori  #joqr　#実ラジ","ja","Tweet","ゆいかおり(小倉 唯＆石原夏織)公式","YUIKAORI_STAFF","","0","46","0","84","0","2015-08-16 23:29:13","https://x.com/YUIKAORI_STAFF/status/632922063024427008","<a href=""http://twitter.com/download/iphone"" rel=""nofollow"">Twitter for iPhone</a>","#yuikaori, #joqr, #実ラジ","","",""
"632811160316719104","≪ゆいかおり・小倉 唯：公式サイト更新≫ 
NHK BSプレミアムにて「KING SUPER LIVE 2015」の模様をOA！ 
http://t.co/hjngmMSqBl　#yuikaori　#小倉唯","ja","Tweet","ゆいかおり(小倉 唯＆石原夏織)公式","YUIKAORI_STAFF","","0","122","0","173","0","2015-08-16 16:08:32","https://x.com/YUIKAORI_STAFF/status/632811160316719104","<a href=""http://twitter.com"" rel=""nofollow"">Twitter Web Client</a>","#yuikaori, #小倉唯","http://www.yuikaori.info/info/1211/","",""
"632553124910268416","ブログを更新しました。 『二十歳☆』
⇒ http://t.co/fDLLvQDlRQ","ja","Tweet","ゆいかおり(小倉 唯＆石原夏織)公式","YUIKAORI_STAFF","","1","256","0","253","0","2015-08-15 23:03:11","https://x.com/YUIKAORI_STAFF/status/632553124910268416","<a href=""https://ameblo.jp/"" rel=""nofollow"">Ameba_Blog</a>","","http://ameblo.jp/ogurayui-0815/entry-12062181594.html","",""
"632542337684520961","ブログを更新しました。 『おでかけ〜』
⇒ http://t.co/gOqlu4IoY7","ja","Tweet","ゆいかおり(小倉 唯＆石原夏織)公式","YUIKAORI_STAFF","","0","70","0","119","0","2015-08-15 22:20:20","https://x.com/YUIKAORI_STAFF/status/632542337684520961","<a href=""https://ameblo.jp/"" rel=""nofollow"">Ameba_Blog</a>","","http://ameblo.jp/ishiharakaori-0806/entry-12062163858.html","",""
"632216796012019712","小倉 唯「Honey❤️Come‼︎」が8/12に発売されました！みなさん是非チェックして下さいねー！https://t.co/RxNB2D7FkZ #yuikaori #小倉唯","ja","Tweet","ゆいかおり(小倉 唯＆石原夏織)公式","YUIKAORI_STAFF","","2","104","0","165","0","2015-08-15 00:46:44","https://x.com/YUIKAORI_STAFF/status/632216796012019712","<a href=""http://twitter.com/download/iphone"" rel=""nofollow"">Twitter for iPhone</a>","#yuikaori, #小倉唯","https://youtu.be/Yd4CQdcng7Y","",""
"632210428613914624","【Happy Birthday♡小倉 唯】
本日、8月15日は唯ちゃん20歳のお誕生日！
祝♡成人！唯ちゃん、お誕生日おめでとうございます( ´ ▽ ` )ﾉ
ゆいかおり＆小倉唯公式サイトでもお祝い中～♪
http://t.co/Z7hpcuQ8Nj　#yuikaori　#小倉唯","ja","Tweet","ゆいかおり(小倉 唯＆石原夏織)公式","YUIKAORI_STAFF","","42","1112","0","936","0","2015-08-15 00:21:26","https://x.com/YUIKAORI_STAFF/status/632210428613914624","<a href=""http://twitter.com"" rel=""nofollow"">Twitter Web Client</a>","#yuikaori, #小倉唯","http://www.yuikaori.info/","",""
"632205471701569536","ブログを更新しました。 『ハタチ☆』
⇒ http://t.co/En7fPEvsyW","ja","Tweet","ゆいかおり(小倉 唯＆石原夏織)公式","YUIKAORI_STAFF","","9","414","0","328","0","2015-08-15 00:01:44","https://x.com/YUIKAORI_STAFF/status/632205471701569536","<a href=""https://ameblo.jp/"" rel=""nofollow"">Ameba_Blog</a>","","http://ameblo.jp/ogurayui-0815/entry-12061856579.html","",""
"631886461084631040","ハニカム〜！！https://t.co/RxNB2D7FkZ #yuikaori #小倉唯","ja","Tweet","ゆいかおり(小倉 唯＆石原夏織)公式","YUIKAORI_STAFF","","4","68","0","112","0","2015-08-14 02:54:06","https://x.com/YUIKAORI_STAFF/status/631886461084631040","<a href=""http://twitter.com"" rel=""nofollow"">Twitter Web Client</a>","#yuikaori, #小倉唯","https://youtu.be/Yd4CQdcng7Y","",""
"631879564826775552","まもなく城下町のダンデライオン始まりますよー！！#yuikaori #dande_anime","ja","Tweet","ゆいかおり(小倉 唯＆石原夏織)公式","YUIKAORI_STAFF","","0","41","0","56","0","2015-08-14 02:26:42","https://x.com/YUIKAORI_STAFF/status/631879564826775552","<a href=""http://twitter.com"" rel=""nofollow"">Twitter Web Client</a>","#yuikaori, #dande_anime","","",""
"631831621516156928","ブログを更新しました。 『お風呂☆』
⇒ http://t.co/1wlIxek49b","ja","Tweet","ゆいかおり(小倉 唯＆石原夏織)公式","YUIKAORI_STAFF","","0","101","0","123","0","2015-08-13 23:16:12","https://x.com/YUIKAORI_STAFF/status/631831621516156928","<a href=""https://ameblo.jp/"" rel=""nofollow"">Ameba_Blog</a>","","http://ameblo.jp/ogurayui-0815/entry-12061491068.html","",""
"631451577178456067","ブログを更新しました。 『Honey♥Come!!発売☆』
⇒ http://t.co/bLk1lHq7sn","ja","Tweet","ゆいかおり(小倉 唯＆石原夏織)公式","YUIKAORI_STAFF","","1","90","0","114","0","2015-08-12 22:06:02","https://x.com/YUIKAORI_STAFF/status/631451577178456067","<a href=""https://ameblo.jp/"" rel=""nofollow"">Ameba_Blog</a>","","http://ameblo.jp/ogurayui-0815/entry-12061109862.html","",""
"631282424563961856","遂に、本日8/12は小倉 唯ニューシングル「Honey❤️Come!!」の発売日です！！！！みなさま是非チェックして下さいね！！
 ハニカム〜！！#yuikaori  #小倉唯 https://t.co/RxNB2D7FkZ","ja","Tweet","ゆいかおり(小倉 唯＆石原夏織)公式","YUIKAORI_STAFF","","0","265","0","240","0","2015-08-12 10:53:53","https://x.com/YUIKAORI_STAFF/status/631282424563961856","<a href=""http://twitter.com"" rel=""nofollow"">Twitter Web Client</a>","#yuikaori, #小倉唯","https://youtu.be/Yd4CQdcng7Y","",""
"631007450326396929","ブログを更新しました。 『奇跡の写真☆』
⇒ http://t.co/4yyav5c7FP","ja","Tweet","ゆいかおり(小倉 唯＆石原夏織)公式","YUIKAORI_STAFF","","0","74","0","113","0","2015-08-11 16:41:14","https://x.com/YUIKAORI_STAFF/status/631007450326396929","<a href=""https://ameblo.jp/"" rel=""nofollow"">Ameba_Blog</a>","","http://ameblo.jp/ogurayui-0815/entry-12060640293.html","",""
"630993194981834753","明日8/12小倉 唯ニューシングル「Honey❤️Come!!」が発売になります！！！お店さんによっては本日よりゲットできるかもしれませんのでいち早くゲットして下さいね！！！https://t.co/RxNB2D7FkZ  #小倉唯","ja","Tweet","ゆいかおり(小倉 唯＆石原夏織)公式","YUIKAORI_STAFF","","3","115","0","144","0","2015-08-11 15:44:35","https://x.com/YUIKAORI_STAFF/status/630993194981834753","<a href=""http://twitter.com/download/iphone"" rel=""nofollow"">Twitter for iPhone</a>","#小倉唯","https://youtu.be/Yd4CQdcng7Y","",""
"630922082545594369","ナタリーさんにて、小倉 唯の特集記事が公開されました！！明日8/12発売のニューシングル「Honey♥Come!!」と1stライブ「HAPPY JAM」についてたっぷり掲載されています！！下記よりチェックして下さい！http://t.co/kEdgn3gt6A #小倉唯","ja","Tweet","ゆいかおり(小倉 唯＆石原夏織)公式","YUIKAORI_STAFF","","0","104","0","200","0","2015-08-11 11:02:01","https://x.com/YUIKAORI_STAFF/status/630922082545594369","<a href=""http://twitter.com"" rel=""nofollow"">Twitter Web Client</a>","#小倉唯","http://natalie.mu/music/pp/ogurayui03","",""
"630756390710030336","ブログを更新しました。 『ダンスバージョン☆』
⇒ http://t.co/rgdjqoaNmK","ja","Tweet","ゆいかおり(小倉 唯＆石原夏織)公式","YUIKAORI_STAFF","","0","59","0","91","0","2015-08-11 00:03:37","https://x.com/YUIKAORI_STAFF/status/630756390710030336","<a href=""https://ameblo.jp/"" rel=""nofollow"">Ameba_Blog</a>","","http://ameblo.jp/ogurayui-0815/entry-12060434513.html","",""
"630538347128053760","そしてそして！小倉唯1st LIVE「HAPPY JAM」でも披露した、ニューシングルのカップリング曲「ガーリッシュエイジ」の試聴動画も公開しましたよー！#yuikaori #小倉唯 
http://t.co/8vP1SXQ52u","ja","Tweet","ゆいかおり(小倉 唯＆石原夏織)公式","YUIKAORI_STAFF","","0","88","0","129","0","2015-08-10 09:37:11","https://x.com/YUIKAORI_STAFF/status/630538347128053760","<a href=""http://twitter.com/download/iphone"" rel=""nofollow"">Twitter for iPhone</a>","#yuikaori, #小倉唯","http://www.youtube.com/watch?v=xOZ1AShc_LY&sns=em","",""
"630537573111181312","明後日8/12発売！小倉唯「Honey♥Come!!」のMUSIC VIDEO（Dance short ver.）公開しましたよー！#yuikaori　#小倉唯
http://t.co/cPzATHzyAr","ja","Tweet","ゆいかおり(小倉 唯＆石原夏織)公式","YUIKAORI_STAFF","","1","155","0","177","0","2015-08-10 09:34:06","https://x.com/YUIKAORI_STAFF/status/630537573111181312","<a href=""http://twitter.com/download/iphone"" rel=""nofollow"">Twitter for iPhone</a>","#yuikaori, #小倉唯","http://www.youtube.com/watch?v=gEHT_r0f3y8&sns=em","",""
"630499239290732548","≪ゆいかおり・小倉 唯：公式サイト更新≫  
小倉唯「Honey♥Come!!」のMUSIC VIDEO（Dance short ver.）公開！ 
http://t.co/K4X1DEBmqB　　#yuikaori　#小倉唯","ja","Tweet","ゆいかおり(小倉 唯＆石原夏織)公式","YUIKAORI_STAFF","","0","162","0","173","0","2015-08-10 07:01:47","https://x.com/YUIKAORI_STAFF/status/630499239290732548","<a href=""http://twitter.com"" rel=""nofollow"">Twitter Web Client</a>","#yuikaori, #小倉唯","http://www.yuikaori.info/info/1203/","",""
"630499112782180352","≪ゆいかおり・小倉 唯：公式サイト更新≫ 
小倉唯ニューシングルのカップリング曲「ガーリッシュエイジ」試聴動画が公開！ 
http://t.co/3p4YqMLNrK　#yuikaori　#小倉唯","ja","Tweet","ゆいかおり(小倉 唯＆石原夏織)公式","YUIKAORI_STAFF","","0","85","0","108","0","2015-08-10 07:01:17","https://x.com/YUIKAORI_STAFF/status/630499112782180352","<a href=""http://twitter.com"" rel=""nofollow"">Twitter Web Client</a>","#yuikaori, #小倉唯","http://www.yuikaori.info/info/1201/","",""
"630412737869320192","明日、小倉 唯ニューシングル「Honey❤️Come‼︎」のDance ver.をYouTubeにて公開します！！是非チェックして下さいね！#yuikaori  #joqr #実ラジ","ja","Tweet","ゆいかおり(小倉 唯＆石原夏織)公式","YUIKAORI_STAFF","","1","166","0","227","0","2015-08-10 01:18:03","https://x.com/YUIKAORI_STAFF/status/630412737869320192","<a href=""http://twitter.com/download/iphone"" rel=""nofollow"">Twitter for iPhone</a>","#yuikaori, #joqr, #実ラジ","","",""
"630400018847891456","まもなく実ラジ始まりますよ！！！
#yuikaori #joqr #実ラジ","ja","Tweet","ゆいかおり(小倉 唯＆石原夏織)公式","YUIKAORI_STAFF","","0","43","0","73","0","2015-08-10 00:27:31","https://x.com/YUIKAORI_STAFF/status/630400018847891456","<a href=""http://twitter.com/download/iphone"" rel=""nofollow"">Twitter for iPhone</a>","#yuikaori, #joqr, #実ラジ","","",""
"630393977573736449","小倉画伯によるノールック鷲崎さんです。刮目せよ！#yuikaori #小倉唯 http://t.co/cKSg1Nx3XT","ja","Tweet","ゆいかおり(小倉 唯＆石原夏織)公式","YUIKAORI_STAFF","","5","209","0","344","1","2015-08-10 00:03:31","https://x.com/YUIKAORI_STAFF/status/630393977573736449","<a href=""http://twitter.com/download/iphone"" rel=""nofollow"">Twitter for iPhone</a>","#yuikaori, #小倉唯","","photo","https://pbs.twimg.com/media/CL-b-hkUwAYsWl_.jpg"
"630388287392210944","ブログを更新しました。 『ありがとうございました〜！』
⇒ http://t.co/iWjgT0Z03V","ja","Tweet","ゆいかおり(小倉 唯＆石原夏織)公式","YUIKAORI_STAFF","","0","52","0","93","0","2015-08-09 23:40:54","https://x.com/YUIKAORI_STAFF/status/630388287392210944","<a href=""https://ameblo.jp/"" rel=""nofollow"">Ameba_Blog</a>","","http://ameblo.jp/ishiharakaori-0806/entry-12060054175.html","",""
"630387947242569728","そして、この後24:30〜放送の文化放送ゆいかおりの実♪では""リンリン""レインボーということで、リスナーさんに電話しちゃいますよー！是非聞いて下さいねー！ #yuikaori  #joqr　#実ラジ","ja","Tweet","ゆいかおり(小倉 唯＆石原夏織)公式","YUIKAORI_STAFF","","0","73","0","99","0","2015-08-09 23:39:33","https://x.com/YUIKAORI_STAFF/status/630387947242569728","<a href=""http://twitter.com/download/iphone"" rel=""nofollow"">Twitter for iPhone</a>","#yuikaori, #joqr, #実ラジ","","",""
"630382309712068612","プレミアムコーナーでのゆいかおり反省房の様子。凹んでます。
#yuikaori http://t.co/yGtsfN2U14","ja","Tweet","ゆいかおり(小倉 唯＆石原夏織)公式","YUIKAORI_STAFF","","2","427","0","837","2","2015-08-09 23:17:09","https://x.com/YUIKAORI_STAFF/status/630382309712068612","<a href=""http://twitter.com/download/iphone"" rel=""nofollow"">Twitter for iPhone</a>","#yuikaori","","photo","https://pbs.twimg.com/media/CL-RQL_UcAARKSo.jpg"
"630381423183028224","プレミアムコーナーで楽しんだ風船たちと一緒に集合写真！鷲崎さんありがとうございました！#yuikaori http://t.co/sZNKoeZp21","ja","Tweet","ゆいかおり(小倉 唯＆石原夏織)公式","YUIKAORI_STAFF","","2","271","0","548","0","2015-08-09 23:13:37","https://x.com/YUIKAORI_STAFF/status/630381423183028224","<a href=""http://twitter.com/download/iphone"" rel=""nofollow"">Twitter for iPhone</a>","#yuikaori","","photo","https://pbs.twimg.com/media/CL-QjotUwAAx9PW.jpg"
"630380941983154176","ゆいかおりまるごと100%ご視聴ありがとうございました！！！
ゆいかおり「Ring Ring Rainbow!!」は絶賛発売中！小倉唯「Honey❤️Come!!」は8/12発売です！よろしくお願いします〜！
#yuikaori http://t.co/5IQmuJcAkP","ja","Tweet","ゆいかおり(小倉 唯＆石原夏織)公式","YUIKAORI_STAFF","","4","286","0","544","0","2015-08-09 23:11:43","https://x.com/YUIKAORI_STAFF/status/630380941983154176","<a href=""http://twitter.com/download/iphone"" rel=""nofollow"">Twitter for iPhone</a>","#yuikaori","","photo","https://pbs.twimg.com/media/CL-QHrjUcAAe8N2.jpg"
"630344922655121408","まもなく21時からニコニコ生放送「ゆいかおりまるごと100%」始まりますよーー！！！ http://t.co/p9hOiYDv4a #yuikaori #yuikaori_RRR","ja","Tweet","ゆいかおり(小倉 唯＆石原夏織)公式","YUIKAORI_STAFF","","1","115","0","122","0","2015-08-09 20:48:35","https://x.com/YUIKAORI_STAFF/status/630344922655121408","<a href=""http://twitter.com"" rel=""nofollow"">Twitter Web Client</a>","#yuikaori, #yuikaori_RRR","http://live.nicovideo.jp/watch/lv229649800","",""
"630337906876387328","ブログを更新しました。 『ゆいかおりまるごと100%』
⇒ http://t.co/oKmgtEvpKm","ja","Tweet","ゆいかおり(小倉 唯＆石原夏織)公式","YUIKAORI_STAFF","","0","57","0","86","0","2015-08-09 20:20:42","https://x.com/YUIKAORI_STAFF/status/630337906876387328","<a href=""https://ameblo.jp/"" rel=""nofollow"">Ameba_Blog</a>","","http://ameblo.jp/ishiharakaori-0806/entry-12059969397.html","",""
"630337756195983360","ブログを更新しました。 『ニコ生だよ〜☆』
⇒ http://t.co/usCpoXIxF1","ja","Tweet","ゆいかおり(小倉 唯＆石原夏織)公式","YUIKAORI_STAFF","","0","67","0","86","0","2015-08-09 20:20:06","https://x.com/YUIKAORI_STAFF/status/630337756195983360","<a href=""https://ameblo.jp/"" rel=""nofollow"">Ameba_Blog</a>","","http://ameblo.jp/ogurayui-0815/entry-12059970534.html","",""
"630309343825494016","本日、21:00からRing Ring Rainbow!!発売記念特番「ゆいかおりまるごと100%」がニコニコ生放送にて放送されます！お見逃しなく！  http://t.co/p9hOiYDv4a #yuikaori http://t.co/rQnisRxlo9","ja","Tweet","ゆいかおり(小倉 唯＆石原夏織)公式","YUIKAORI_STAFF","","1","250","0","230","0","2015-08-09 18:27:12","https://x.com/YUIKAORI_STAFF/status/630309343825494016","<a href=""http://twitter.com"" rel=""nofollow"">Twitter Web Client</a>","#yuikaori","http://live.nicovideo.jp/watch/lv229649800","photo","https://pbs.twimg.com/media/CL9PAazVEAEu46Q.jpg"
"630033728413130753","ブログを更新しました。 『TBSアニメフェスタ&amp;こむちゃ！』
⇒ http://t.co/TjQShrBXf5","ja","Tweet","ゆいかおり(小倉 唯＆石原夏織)公式","YUIKAORI_STAFF","","0","61","0","91","0","2015-08-09 00:12:00","https://x.com/YUIKAORI_STAFF/status/630033728413130753","<a href=""https://ameblo.jp/"" rel=""nofollow"">Ameba_Blog</a>","","http://ameblo.jp/ishiharakaori-0806/entry-12059701065.html","",""
"630014860332417024","そして23:20頃からゆいかおりが文化放送「A＆Gメディアステーション こむちゃっとカウントダウン」にゲスト出演致します！お聴き逃しなく！ #yuikaori http://t.co/9pLgjNecNy 
#comcha #agqr #cho_ag #joqr","ja","Tweet","ゆいかおり(小倉 唯＆石原夏織)公式","YUIKAORI_STAFF","","0","74","0","77","0","2015-08-08 22:57:02","https://x.com/YUIKAORI_STAFF/status/630014860332417024","<a href=""http://twitter.com/download/iphone"" rel=""nofollow"">Twitter for iPhone</a>","#yuikaori, #comcha, #agqr, #cho_ag, #joqr","http://www.joqr.co.jp/comcha/","",""
"630014496048705536","本日TOKYO MX、KBS京都にて放送の「リスアニ！TV 4th Season」内にて、小倉唯の特集が放送されます！誕生日間近ということでハタチにちなんだ企画に挑戦します！詳しくはこちらをご覧下さい！ http://t.co/qrfFNcRZY5  #LisAni #小倉唯","ja","Tweet","ゆいかおり(小倉 唯＆石原夏織)公式","YUIKAORI_STAFF","","0","97","0","102","0","2015-08-08 22:55:35","https://x.com/YUIKAORI_STAFF/status/630014496048705536","<a href=""http://twitter.com/download/iphone"" rel=""nofollow"">Twitter for iPhone</a>","#LisAni, #小倉唯","http://www.lisani.jp/tv","",""
"630010367729467392","この後23:00〜、TOKYO MX「リスアニ！TV 4th Season」にて小倉唯の特集が放送されます♪ 
また同じく23:00〜、文化放送「こむちゃっとカウントダウン」にゆいかおりがゲスト出演しますよ〜☆
合わせてチェックしてくださいね！！ #yuikaori　#小倉唯","ja","Tweet","ゆいかおり(小倉 唯＆石原夏織)公式","YUIKAORI_STAFF","","0","112","0","96","0","2015-08-08 22:39:11","https://x.com/YUIKAORI_STAFF/status/630010367729467392","<a href=""http://twitter.com"" rel=""nofollow"">Twitter Web Client</a>","#yuikaori, #小倉唯","","",""
"630009844272009216","ブログを更新しました。 『このあとは〜☆』
⇒ http://t.co/LpAMEOYP1x","ja","Tweet","ゆいかおり(小倉 唯＆石原夏織)公式","YUIKAORI_STAFF","","0","65","0","86","0","2015-08-08 22:37:06","https://x.com/YUIKAORI_STAFF/status/630009844272009216","<a href=""https://ameblo.jp/"" rel=""nofollow"">Ameba_Blog</a>","","http://ameblo.jp/ogurayui-0815/entry-12059663324.html","",""
"629621193528578049","文化放送「A&amp;G ARTIST ZONE THE CATCH」お聞きいただきありがとうございました！
Honey❤️Come!!は来週8/12発売です！
よろしくお願いしますー！！
#小倉唯 #agqr #ザキャッチ http://t.co/MO0GzQH3oL","ja","Tweet","ゆいかおり(小倉 唯＆石原夏織)公式","YUIKAORI_STAFF","","1","224","0","379","0","2015-08-07 20:52:44","https://x.com/YUIKAORI_STAFF/status/629621193528578049","<a href=""http://twitter.com/download/iphone"" rel=""nofollow"">Twitter for iPhone</a>","#小倉唯, #agqr, #ザキャッチ","","photo","https://pbs.twimg.com/media/CLzdIC9UEAEKyg3.jpg"
"629588036460785664","文化放送「A&amp;G ARTIST ZONE THE CATCH」に小倉 唯出演中です！！！ #小倉唯 #agqr #ザキャッチ","ja","Tweet","ゆいかおり(小倉 唯＆石原夏織)公式","YUIKAORI_STAFF","","0","55","0","64","0","2015-08-07 18:40:59","https://x.com/YUIKAORI_STAFF/status/629588036460785664","<a href=""http://twitter.com/download/iphone"" rel=""nofollow"">Twitter for iPhone</a>","#小倉唯, #agqr, #ザキャッチ","","",""
"629574405526433792","≪ゆいかおり・小倉 唯：公式サイト更新≫ 
「アニメソング史上最大の祭典～アニメロサマーライブ2014～」（再放送）放送情報
http://t.co/Rmk1CjRI0E　#yuikaori　#小倉唯","ja","Tweet","ゆいかおり(小倉 唯＆石原夏織)公式","YUIKAORI_STAFF","","0","64","0","86","0","2015-08-07 17:46:49","https://x.com/YUIKAORI_STAFF/status/629574405526433792","<a href=""http://twitter.com"" rel=""nofollow"">Twitter Web Client</a>","#yuikaori, #小倉唯","http://www.yuikaori.info/info/1191/","",""
"629571928181739520","ブログを更新しました。 『幸せ気分☆』
⇒ http://t.co/6jzyHeLjFt","ja","Tweet","ゆいかおり(小倉 唯＆石原夏織)公式","YUIKAORI_STAFF","","0","53","0","75","0","2015-08-07 17:36:59","https://x.com/YUIKAORI_STAFF/status/629571928181739520","<a href=""https://ameblo.jp/"" rel=""nofollow"">Ameba_Blog</a>","","http://ameblo.jp/ogurayui-0815/entry-12059199578.html","",""
"629567486891986944","小倉 唯がこの後18:00〜放送の文化放送「A&amp;G ARTIST ZONE THE CATCH」にゲスト出演致しますよーー！！お聴き逃しなく！！ #小倉唯 #agqr #ザキャッチ","ja","Tweet","ゆいかおり(小倉 唯＆石原夏織)公式","YUIKAORI_STAFF","","0","80","0","92","0","2015-08-07 17:19:20","https://x.com/YUIKAORI_STAFF/status/629567486891986944","<a href=""http://twitter.com"" rel=""nofollow"">Twitter Web Client</a>","#小倉唯, #agqr, #ザキャッチ","","",""
"629355376127946756","城下町のダンデライオンEDテーマ、小倉 唯「Honey♥Come!!」は来週8/12(水)発売です！！！！
https://t.co/RxNB2CQ4tr #yuikaori #小倉唯 #dande_anime","ja","Tweet","ゆいかおり(小倉 唯＆石原夏織)公式","YUIKAORI_STAFF","","1","65","0","90","0","2015-08-07 03:16:29","https://x.com/YUIKAORI_STAFF/status/629355376127946756","<a href=""http://twitter.com"" rel=""nofollow"">Twitter Web Client</a>","#yuikaori, #小倉唯, #dande_anime","https://youtu.be/Yd4CQdcng7Y","",""
"629355032077553664","はにかむ〜〜！！
https://t.co/RxNB2CQ4tr #yuikaori #小倉唯 #dande_anime","ja","Tweet","ゆいかおり(小倉 唯＆石原夏織)公式","YUIKAORI_STAFF","","0","53","0","89","0","2015-08-07 03:15:07","https://x.com/YUIKAORI_STAFF/status/629355032077553664","<a href=""http://twitter.com"" rel=""nofollow"">Twitter Web Client</a>","#yuikaori, #小倉唯, #dande_anime","https://youtu.be/Yd4CQdcng7Y","",""
"629349511698194434","8/5発売となりましたゆいかおりニューシングル「Ring Ring Rainbow!!」は参加型のロックチューン！！みなさまの感想お待ちしております！！！ https://t.co/azRAbOlNQ4  #yuikaori #yuikaori_RRR #dande_anime","ja","Tweet","ゆいかおり(小倉 唯＆石原夏織)公式","YUIKAORI_STAFF","","0","32","0","68","0","2015-08-07 02:53:10","https://x.com/YUIKAORI_STAFF/status/629349511698194434","<a href=""http://twitter.com"" rel=""nofollow"">Twitter Web Client</a>","#yuikaori, #yuikaori_RRR, #dande_anime","https://youtu.be/SuN7rQQvXm4","",""
"629349118524178432","せーの!それではみなさんご一緒に

Stand up! Let’s go!  https://t.co/azRAbOlNQ4  　#yuikaori #yuikaori_RRR #dande_anime","ja","Tweet","ゆいかおり(小倉 唯＆石原夏織)公式","YUIKAORI_STAFF","","0","37","0","81","0","2015-08-07 02:51:37","https://x.com/YUIKAORI_STAFF/status/629349118524178432","<a href=""http://twitter.com"" rel=""nofollow"">Twitter Web Client</a>","#yuikaori, #yuikaori_RRR, #dande_anime","https://youtu.be/SuN7rQQvXm4","",""
"629348148763361280","まもなく城下町のダンデライオン始まりますよーー！！ #yuikaori #yuikaori_RRR #dande_anime","ja","Tweet","ゆいかおり(小倉 唯＆石原夏織)公式","YUIKAORI_STAFF","","0","34","0","64","0","2015-08-07 02:47:46","https://x.com/YUIKAORI_STAFF/status/629348148763361280","<a href=""http://twitter.com"" rel=""nofollow"">Twitter Web Client</a>","#yuikaori, #yuikaori_RRR, #dande_anime","","",""
"629290287450292224","ブログを更新しました。 『三つ編みのこだわり☆』
⇒ http://t.co/g3z3rV6rfG","ja","Tweet","ゆいかおり(小倉 唯＆石原夏織)公式","YUIKAORI_STAFF","","0","73","0","97","0","2015-08-06 22:57:50","https://x.com/YUIKAORI_STAFF/status/629290287450292224","<a href=""https://ameblo.jp/"" rel=""nofollow"">Ameba_Blog</a>","","http://ameblo.jp/ogurayui-0815/entry-12058949540.html","",""
"629193342618763264","ゆいかおりニューシングル「Ring Ring Rainbow!!」発売記念＆Birthdayイベントの応募締切は「8月10日（月）必着」となっています！
参加ご希望の方は忘れずにご応募ください！#yuikaori #yuikaori_RRR","ja","Tweet","ゆいかおり(小倉 唯＆石原夏織)公式","YUIKAORI_STAFF","","1","66","0","101","0","2015-08-06 16:32:37","https://x.com/YUIKAORI_STAFF/status/629193342618763264","<a href=""http://twitter.com/download/iphone"" rel=""nofollow"">Twitter for iPhone</a>","#yuikaori, #yuikaori_RRR","","",""
"629162544066772992","ブログを更新しました。 『22歳❤︎』
⇒ http://t.co/hvGOdhi34M","ja","Tweet","ゆいかおり(小倉 唯＆石原夏織)公式","YUIKAORI_STAFF","","1","172","0","207","0","2015-08-06 14:30:14","https://x.com/YUIKAORI_STAFF/status/629162544066772992","<a href=""https://ameblo.jp/"" rel=""nofollow"">Ameba_Blog</a>","","http://ameblo.jp/ishiharakaori-0806/entry-12058780402.html","",""
"628949417135976448","【Happy Birthday☆石原夏織】
本日、8月6日は夏織ちゃんのお誕生日！
夏織ちゃん、お誕生日おめでとうございます (´∀｀*)☆
ゆいかおり公式サイトも、スペシャル仕様でお祝いしてますよ～♪
http://t.co/Z7hpcuQ8Nj　#yuikaori　#石原夏織","ja","Tweet","ゆいかおり(小倉 唯＆石原夏織)公式","YUIKAORI_STAFF","","25","936","0","800","0","2015-08-06 00:23:21","https://x.com/YUIKAORI_STAFF/status/628949417135976448","<a href=""http://twitter.com"" rel=""nofollow"">Twitter Web Client</a>","#yuikaori, #石原夏織","http://www.yuikaori.info/","",""
"628925274277588993","ブログを更新しました。 『Ring Ring Rainbow!!☆』
⇒ http://t.co/f7tBjvgfBw","ja","Tweet","ゆいかおり(小倉 唯＆石原夏織)公式","YUIKAORI_STAFF","","1","90","0","93","0","2015-08-05 22:47:24","https://x.com/YUIKAORI_STAFF/status/628925274277588993","<a href=""https://ameblo.jp/"" rel=""nofollow"">Ameba_Blog</a>","","http://ameblo.jp/ogurayui-0815/entry-12058576999.html","",""
"628870753400680448","ブログを更新しました。 『おに魂』
⇒ http://t.co/IB0ZYp8dHF","ja","Tweet","ゆいかおり(小倉 唯＆石原夏織)公式","YUIKAORI_STAFF","","0","34","0","71","0","2015-08-05 19:10:46","https://x.com/YUIKAORI_STAFF/status/628870753400680448","<a href=""https://ameblo.jp/"" rel=""nofollow"">Ameba_Blog</a>","","http://ameblo.jp/ishiharakaori-0806/entry-12058494182.html","",""
"628730800041635840","遂に本日8/5はゆいかおり「Ring Ring Rainbow!!」発売日ですよー！！！
感想等は #yuikaori_RRR　こちらのハッシュタグをつけてつぶやいて下さいね！！！
https://t.co/azRAbO4cru  #yuikaori","ja","Tweet","ゆいかおり(小倉 唯＆石原夏織)公式","YUIKAORI_STAFF","","0","179","0","167","0","2015-08-05 09:54:38","https://x.com/YUIKAORI_STAFF/status/628730800041635840","<a href=""http://twitter.com"" rel=""nofollow"">Twitter Web Client</a>","#yuikaori_RRR, #yuikaori","https://youtu.be/SuN7rQQvXm4","",""
"628586316033208320","ブログを更新しました。 『おに魂さん☆』
⇒ http://t.co/NQoJrKvCRE","ja","Tweet","ゆいかおり(小倉 唯＆石原夏織)公式","YUIKAORI_STAFF","","0","36","0","73","0","2015-08-05 00:20:30","https://x.com/YUIKAORI_STAFF/status/628586316033208320","<a href=""https://ameblo.jp/"" rel=""nofollow"">Ameba_Blog</a>","","http://ameblo.jp/ogurayui-0815/entry-12058247324.html","",""
"628572724302974976","NACK5「おに魂」お聞きいただいた皆さんありがとうございました！今回もとっても楽しかったです！ゆいかおりニューシングル「Ring Ring Rainbow!!」は明日発売ですよー！
#yuikaori #onitama795 http://t.co/XcHplscVlJ","ja","Tweet","ゆいかおり(小倉 唯＆石原夏織)公式","YUIKAORI_STAFF","","1","198","0","340","0","2015-08-04 23:26:30","https://x.com/YUIKAORI_STAFF/status/628572724302974976","<a href=""http://twitter.com/download/iphone"" rel=""nofollow"">Twitter for iPhone</a>","#yuikaori, #onitama795","","photo","https://pbs.twimg.com/media/CLkjjZMVAAAEY1V.jpg"
"628556750803726336","ゆいかおり「おに魂」出演待機中です！もうまもなくですのでもう少しだけお待ちくださいね！！#yuikaori #onitama795 #nack5","ja","Tweet","ゆいかおり(小倉 唯＆石原夏織)公式","YUIKAORI_STAFF","","1","74","0","88","0","2015-08-04 22:23:02","https://x.com/YUIKAORI_STAFF/status/628556750803726336","<a href=""http://twitter.com/download/iphone"" rel=""nofollow"">Twitter for iPhone</a>","#yuikaori, #onitama795, #nack5","","",""
"628511058047582208","このあと20:00～放送のNACK5「The Nutty Radio Show～おに魂」
 にゆいかおりがゲスト出演致します！！22:15～の出演予定です！是非聞いてくださいね！！！
#yuikaori #onitama795 #nack5","ja","Tweet","ゆいかおり(小倉 唯＆石原夏織)公式","YUIKAORI_STAFF","","0","103","0","112","0","2015-08-04 19:21:28","https://x.com/YUIKAORI_STAFF/status/628511058047582208","<a href=""http://twitter.com"" rel=""nofollow"">Twitter Web Client</a>","#yuikaori, #onitama795, #nack5","","",""
"628460313235492864","ナタリーさんにて、ゆいかおりの特集記事が公開されました！！！インタビューもたっぷり掲載されています！！！下記よりチェックして下さい！
http://t.co/Aw3Xjl5PmB #yuikaori #yuikaori_RRR","ja","Tweet","ゆいかおり(小倉 唯＆石原夏織)公式","YUIKAORI_STAFF","","0","83","0","150","0","2015-08-04 15:59:49","https://x.com/YUIKAORI_STAFF/status/628460313235492864","<a href=""http://twitter.com"" rel=""nofollow"">Twitter Web Client</a>","#yuikaori, #yuikaori_RRR","http://natalie.mu/music/pp/yuikaori03","",""
"628443057839456256","ちなみに巨大看板ですが、人通りが激しいこの通りで、人がいない写真を撮るのは至難の技でした…笑
※通行する方のご迷惑にならないようご注意ください
【掲出場所】
東京メトロ丸の内線新宿駅 メトロプロムナード
#yuikaori #小倉唯 http://t.co/v7JeTW8qZt","ja","Tweet","ゆいかおり(小倉 唯＆石原夏織)公式","YUIKAORI_STAFF","","0","216","0","304","0","2015-08-04 14:51:15","https://x.com/YUIKAORI_STAFF/status/628443057839456256","<a href=""http://twitter.com/download/iphone"" rel=""nofollow"">Twitter for iPhone</a>","#yuikaori, #小倉唯","","photo","https://pbs.twimg.com/media/CLitn90UMAAcFHT.jpg"
"628406952494628865","遂に明日8/5、ゆいかおりのニューシングル「Ring Ring Rainbow!!」が発売になります！！！！店舗さんによっては本日よりいち早くゲットできるかもしれないので是非チェックして下さいね！！！
　https://t.co/azRAbO4cru  　#yuikaori","ja","Tweet","ゆいかおり(小倉 唯＆石原夏織)公式","YUIKAORI_STAFF","","0","100","0","116","0","2015-08-04 12:27:47","https://x.com/YUIKAORI_STAFF/status/628406952494628865","<a href=""http://twitter.com/download/iphone"" rel=""nofollow"">Twitter for iPhone</a>","#yuikaori","https://youtu.be/SuN7rQQvXm4","",""
"628396752979144704","≪ゆいかおり・小倉 唯：公式サイト更新≫ 
小倉唯 掲載情報♪【掲載情報追加】 http://t.co/j3tmENsQ7Y　　#yuikaori　#小倉唯","ja","Tweet","ゆいかおり(小倉 唯＆石原夏織)公式","YUIKAORI_STAFF","","0","37","0","75","0","2015-08-04 11:47:15","https://x.com/YUIKAORI_STAFF/status/628396752979144704","<a href=""http://twitter.com"" rel=""nofollow"">Twitter Web Client</a>","#yuikaori, #小倉唯","http://www.yuikaori.info/info/1099/","",""
"628364407160999936","【再告知】
ゆいかおり「Ring Ring Rainbow!!」8/5発売！このツイートをリツイート、またはハッシュタグ#yuikaori_RRRを付けて新曲の感想や、ゆいかおりへのメッセージをツイートして頂いた方の中から告知ポスターをプレゼント！
#yuikaori_RRR","ja","Tweet","ゆいかおり(小倉 唯＆石原夏織)公式","YUIKAORI_STAFF","","4","499","0","149","0","2015-08-04 09:38:43","https://x.com/YUIKAORI_STAFF/status/628364407160999936","<a href=""http://twitter.com/download/iphone"" rel=""nofollow"">Twitter for iPhone</a>","#yuikaori_RRR","","",""
"628218454076604416","ブログを更新しました。 『昨日の放送とお洋服☆』
⇒ http://t.co/JpzWt3nP64","ja","Tweet","ゆいかおり(小倉 唯＆石原夏織)公式","YUIKAORI_STAFF","","1","67","0","88","0","2015-08-03 23:58:45","https://x.com/YUIKAORI_STAFF/status/628218454076604416","<a href=""https://ameblo.jp/"" rel=""nofollow"">Ameba_Blog</a>","","http://ameblo.jp/ogurayui-0815/entry-12057879890.html","",""
"628161367934046208","「Calling Calling」の試聴動画が公開されましたよ！！！下記よりチェックして下さいね！！
https://t.co/VujySVNchV　#yuikaori","ja","Tweet","ゆいかおり(小倉 唯＆石原夏織)公式","YUIKAORI_STAFF","","0","85","0","122","0","2015-08-03 20:11:55","https://x.com/YUIKAORI_STAFF/status/628161367934046208","<a href=""http://twitter.com/download/iphone"" rel=""nofollow"">Twitter for iPhone</a>","#yuikaori","https://www.youtube.com/watch?v=leQ3n97fgAY","",""
"628158700734169088","≪ゆいかおり：公式サイト更新≫
ゆいかおりニューシングルのカップリング曲「Calling Calling」試聴動画が公開！ 
http://t.co/jiJqpTe283　#yuikaori","ja","Tweet","ゆいかおり(小倉 唯＆石原夏織)公式","YUIKAORI_STAFF","","0","82","0","115","0","2015-08-03 20:01:19","https://x.com/YUIKAORI_STAFF/status/628158700734169088","<a href=""http://twitter.com"" rel=""nofollow"">Twitter Web Client</a>","#yuikaori","http://www.yuikaori.info/info/1181/","",""
"628076779555586048","実ラジでお知らせしました電話企画ですが、メールの件名に「リンリンレインボー電話企画」と書いて、お名前、住所
電話番号（非通知設定を解除してください）、そしてメッセージを添えてご応募下さい！メールアドレスはこちら！yuikaori@joqr.net
#yuikaori #実ラジ","ja","Tweet","ゆいかおり(小倉 唯＆石原夏織)公式","YUIKAORI_STAFF","","2","112","0","211","0","2015-08-03 14:35:48","https://x.com/YUIKAORI_STAFF/status/628076779555586048","<a href=""http://twitter.com/download/iphone"" rel=""nofollow"">Twitter for iPhone</a>","#yuikaori, #実ラジ","","",""
"628044092182630400","本日から！ゆいかおり「Ring Ring Rainbow!!」、小倉唯「Honey❤️Come!!」の巨大看板が新宿に出現！
【期間】
8/3(月)～8/9(日)掲出予定
 
【掲出場所】
東京メトロ丸の内線新宿駅 メトロプロムナード http://t.co/lzcHD4ejsi","ja","Tweet","ゆいかおり(小倉 唯＆石原夏織)公式","YUIKAORI_STAFF","","3","464","0","460","0","2015-08-03 12:25:54","https://x.com/YUIKAORI_STAFF/status/628044092182630400","<a href=""http://twitter.com/download/iphone"" rel=""nofollow"">Twitter for iPhone</a>","","","photo","https://pbs.twimg.com/media/CLdCxCdUwAAs-lB.jpg"
"627878906943516672","ゆいかおりニューシングル「Ring Ring Rainbow!!」発売まであと2日！！！
https://t.co/azRAbO4cru  　#yuikaori #yuikaori_RRR","ja","Tweet","ゆいかおり(小倉 唯＆石原夏織)公式","YUIKAORI_STAFF","","0","82","0","109","0","2015-08-03 01:29:31","https://x.com/YUIKAORI_STAFF/status/627878906943516672","<a href=""http://twitter.com/download/iphone"" rel=""nofollow"">Twitter for iPhone</a>","#yuikaori, #yuikaori_RRR","https://youtu.be/SuN7rQQvXm4","",""
"627873089011908609","そしてそして来週の実ラジはRing Ring Rainbow!!発売記念企画！
リンリン♪ということで電話を使った企画をします！
みなさんのメールをお待ちしております！！
#yuikaori #yuikaori_RRR #joqr #実ラジ","ja","Tweet","ゆいかおり(小倉 唯＆石原夏織)公式","YUIKAORI_STAFF","","2","121","0","172","0","2015-08-03 01:06:24","https://x.com/YUIKAORI_STAFF/status/627873089011908609","<a href=""http://twitter.com/download/iphone"" rel=""nofollow"">Twitter for iPhone</a>","#yuikaori, #yuikaori_RRR, #joqr, #実ラジ","","",""
"627872388252766208","今夜の実ラジにて宇宙初解禁しました「Calling Calling」ですが、明日8/3(月)夜にYouTubeにて公開します！！是非チェックして下さいね！！#yuikaori  #joqr #実ラジ","ja","Tweet","ゆいかおり(小倉 唯＆石原夏織)公式","YUIKAORI_STAFF","","1","131","0","176","0","2015-08-03 01:03:37","https://x.com/YUIKAORI_STAFF/status/627872388252766208","<a href=""http://twitter.com/download/iphone"" rel=""nofollow"">Twitter for iPhone</a>","#yuikaori, #joqr, #実ラジ","","",""
"627872044181360640","＜ゆいかおり3rd LIVE TOUR＞
2015/12/23(水・祝)大阪・岸和田市立浪切ホール
2015/12/26(土)名古屋国際会議場センチュリーホール
2016/1/2(土)パシフィコ横浜国立大ホール
2016/1/3(日)パシフィコ横浜国立大ホール
#yuikaori","ja","Tweet","ゆいかおり(小倉 唯＆石原夏織)公式","YUIKAORI_STAFF","","2","1000","0","681","0","2015-08-03 01:02:15","https://x.com/YUIKAORI_STAFF/status/627872044181360640","<a href=""http://twitter.com/download/iphone"" rel=""nofollow"">Twitter for iPhone</a>","#yuikaori","","",""
"627871667025412097","ゆいかおり3rd LIVE TOURの開催が決定しました！！！！！詳しくは公式HPをチェックして下さいね！
http://t.co/mgkhThjPYX
#yuikaori  #joqr #実ラジ","ja","Tweet","ゆいかおり(小倉 唯＆石原夏織)公式","YUIKAORI_STAFF","","3","449","0","344","0","2015-08-03 01:00:45","https://x.com/YUIKAORI_STAFF/status/627871667025412097","<a href=""http://twitter.com/download/iphone"" rel=""nofollow"">Twitter for iPhone</a>","#yuikaori, #joqr, #実ラジ","http://www.yuikaori.info/info/","",""
"627869335101374465","MUSIC JAPAN応援して頂きありがとうございました！
そして、まもなく実ラジにて重大発表がございます！！
#yuikaori #joqr","ja","Tweet","ゆいかおり(小倉 唯＆石原夏織)公式","YUIKAORI_STAFF","","0","222","0","216","0","2015-08-03 00:51:29","https://x.com/YUIKAORI_STAFF/status/627869335101374465","<a href=""http://twitter.com/download/iphone"" rel=""nofollow"">Twitter for iPhone</a>","#yuikaori, #joqr","","",""
"627861654328377344","今パフォーマンスさせて頂いたゆいかおりニューシングル「Ring Ring Rainbow!!」のMVはこちらからチェックして下さいね！！！https://t.co/azRAbO4cru  　#yuikaori","ja","Tweet","ゆいかおり(小倉 唯＆石原夏織)公式","YUIKAORI_STAFF","","1","297","0","246","0","2015-08-03 00:20:58","https://x.com/YUIKAORI_STAFF/status/627861654328377344","<a href=""http://twitter.com/download/iphone"" rel=""nofollow"">Twitter for iPhone</a>","#yuikaori","https://youtu.be/SuN7rQQvXm4","",""
"627857249092800512","まもなくNHK「MUSIC JAPAN」始まりますよ！！
24:05からの 5minutesと
24:10からの本編にゆいかおりが出演致します！！！　#yuikaori","ja","Tweet","ゆいかおり(小倉 唯＆石原夏織)公式","YUIKAORI_STAFF","","1","245","0","176","0","2015-08-03 00:03:27","https://x.com/YUIKAORI_STAFF/status/627857249092800512","<a href=""http://twitter.com/download/iphone"" rel=""nofollow"">Twitter for iPhone</a>","#yuikaori","","",""
"627828911687086080","ブログを更新しました。 『らじらー！サンデー』
⇒ http://t.co/riWkL5ydBu","ja","Tweet","ゆいかおり(小倉 唯＆石原夏織)公式","YUIKAORI_STAFF","","0","53","0","87","0","2015-08-02 22:10:51","https://x.com/YUIKAORI_STAFF/status/627828911687086080","<a href=""https://ameblo.jp/"" rel=""nofollow"">Ameba_Blog</a>","","http://ameblo.jp/ishiharakaori-0806/entry-12057466798.html","",""
"627826288443547648","今夜ゆいかおりがNHK「MUSIC JAPAN」に出演します！！！
24:05からの 5minutes、
24:10からの本編に出演しますよ！是非お見逃しなく！！！　#yuikaori","ja","Tweet","ゆいかおり(小倉 唯＆石原夏織)公式","YUIKAORI_STAFF","","0","405","0","264","0","2015-08-02 22:00:26","https://x.com/YUIKAORI_STAFF/status/627826288443547648","<a href=""http://twitter.com/download/iphone"" rel=""nofollow"">Twitter for iPhone</a>","#yuikaori","","",""
"627803527247564800","NHKラジオ第1「らじらー！サンデー」『声優アーツ』始まりましたよー！！
http://t.co/u4RzLUyZce
#yuikaori #nhkらじらー","ja","Tweet","ゆいかおり(小倉 唯＆石原夏織)公式","YUIKAORI_STAFF","","0","76","0","73","0","2015-08-02 20:29:59","https://x.com/YUIKAORI_STAFF/status/627803527247564800","<a href=""http://twitter.com/download/iphone"" rel=""nofollow"">Twitter for iPhone</a>","#yuikaori, #nhkらじらー","http://www.nhk.or.jp/radirer/","",""
"627765628556832769","このあと20:05より放送のNHKラジオ第1「らじらー！サンデー」内『声優アーツ』にゆいかおりがゲスト出演しますよー！
お聞き逃しなく！http://t.co/u4RzLUyZce
#yuikaori #nhkらじらー","ja","Tweet","ゆいかおり(小倉 唯＆石原夏織)公式","YUIKAORI_STAFF","","0","77","0","88","0","2015-08-02 17:59:23","https://x.com/YUIKAORI_STAFF/status/627765628556832769","<a href=""http://twitter.com/download/iphone"" rel=""nofollow"">Twitter for iPhone</a>","#yuikaori, #nhkらじらー","http://www.nhk.or.jp/radirer/","",""
"627685444969365504","ブログを更新しました。 『今日の出演☆』
⇒ http://t.co/8DJe4JO5Nq","ja","Tweet","ゆいかおり(小倉 唯＆石原夏織)公式","YUIKAORI_STAFF","","0","83","0","82","0","2015-08-02 12:40:46","https://x.com/YUIKAORI_STAFF/status/627685444969365504","<a href=""https://ameblo.jp/"" rel=""nofollow"">Ameba_Blog</a>","","http://ameblo.jp/ogurayui-0815/entry-12057283528.html","",""
"627501711142195200","≪ゆいかおり：公式サイト更新≫
ゆいかおり、文化放送「こむちゃっとカウントダウン」出演決定！ 
http://t.co/5xo7sGNrZl　#yuikaori","ja","Tweet","ゆいかおり(小倉 唯＆石原夏織)公式","YUIKAORI_STAFF","","0","80","0","96","0","2015-08-02 00:30:41","https://x.com/YUIKAORI_STAFF/status/627501711142195200","<a href=""http://twitter.com"" rel=""nofollow"">Twitter Web Client</a>","#yuikaori","http://www.yuikaori.info/info/1174/","",""
"627110374186205184","ブログを更新しました。 『VOICE GIRLS』
⇒ http://t.co/jFZEgSk5RT","ja","Tweet","ゆいかおり(小倉 唯＆石原夏織)公式","YUIKAORI_STAFF","","0","56","0","84","0","2015-07-31 22:35:39","https://x.com/YUIKAORI_STAFF/status/627110374186205184","<a href=""https://ameblo.jp/"" rel=""nofollow"">Ameba_Blog</a>","","http://ameblo.jp/ishiharakaori-0806/entry-12056731303.html","",""
"627107019388878848","ブログを更新しました。 『VOICE GIRLS &amp; アニカン☆』
⇒ http://t.co/jnOePdNuLH","ja","Tweet","ゆいかおり(小倉 唯＆石原夏織)公式","YUIKAORI_STAFF","","0","60","0","84","0","2015-07-31 22:22:19","https://x.com/YUIKAORI_STAFF/status/627107019388878848","<a href=""https://ameblo.jp/"" rel=""nofollow"">Ameba_Blog</a>","","http://ameblo.jp/ogurayui-0815/entry-12056725329.html","",""
"627102382149636096","≪ゆいかおり・小倉 唯：公式サイト更新≫ 
小倉 唯、文化放送 超!A&amp;G+「A&amp;G ARTIST ZONE THE CATCH」出演決定！
http://t.co/9PNWV9FJs9　#yuikaori　#小倉唯","ja","Tweet","ゆいかおり(小倉 唯＆石原夏織)公式","YUIKAORI_STAFF","","0","74","0","99","0","2015-07-31 22:03:53","https://x.com/YUIKAORI_STAFF/status/627102382149636096","<a href=""http://twitter.com"" rel=""nofollow"">Twitter Web Client</a>","#yuikaori, #小倉唯","http://www.yuikaori.info/info/1170/","",""
"626968795685347328","【キャンペーン補足】
詳しくはこちらのページをご確認ください！キャンペーンは8月10日（月）18:00までとなっております！
http://t.co/AKxWpR4b6X
#yuikaori_RRR","ja","Tweet","ゆいかおり(小倉 唯＆石原夏織)公式","YUIKAORI_STAFF","","0","74","0","79","0","2015-07-31 13:13:04","https://x.com/YUIKAORI_STAFF/status/626968795685347328","<a href=""http://twitter.com"" rel=""nofollow"">Twitter Web Client</a>","#yuikaori_RRR","http://www.yuikaori.info/info/1160/","",""
"626968602122391552","【キャンペーン補足】
抽選で10名様に「Ring Ring Rainbow!!」ポスターをプレゼント！
ご応募にはゆいかおりスタッフ公式Twitter(@YUIKAORI_STAFF)のフォローが必須となります！ツイートも公開状態に設定してください！
#yuikaori_RRR","ja","Tweet","ゆいかおり(小倉 唯＆石原夏織)公式","YUIKAORI_STAFF","","0","143","0","113","0","2015-07-31 13:12:17","https://x.com/YUIKAORI_STAFF/status/626968602122391552","<a href=""http://twitter.com"" rel=""nofollow"">Twitter Web Client</a>","#yuikaori_RRR","","",""
"626967669820952578","8/5発売ゆいかおり「Ring Ring Rainbow!!」キャンペーン！この告知ツイートをリツイート、またはハッシュタグ#yuikaori_RRRを付けて新曲の感想や、ゆいかおりへのメッセージをツイートして頂いた方の中から告知ポスターをプレゼント！
#yuikaori_RRR","ja","Tweet","ゆいかおり(小倉 唯＆石原夏織)公式","YUIKAORI_STAFF","","8","865","0","272","0","2015-07-31 13:08:35","https://x.com/YUIKAORI_STAFF/status/626967669820952578","<a href=""http://twitter.com"" rel=""nofollow"">Twitter Web Client</a>","#yuikaori_RRR","","",""
"626965989247205376","≪ゆいかおり・小倉 唯：公式サイト更新≫ 
小倉 唯「Honey♥Come!!」プロモーション情報 
http://t.co/34KdSnHlfZ　#yuikaori　#小倉唯","ja","Tweet","ゆいかおり(小倉 唯＆石原夏織)公式","YUIKAORI_STAFF","","0","49","0","83","0","2015-07-31 13:01:54","https://x.com/YUIKAORI_STAFF/status/626965989247205376","<a href=""http://twitter.com"" rel=""nofollow"">Twitter Web Client</a>","#yuikaori, #小倉唯","http://www.yuikaori.info/info/1165/","",""
"626965650372608001","≪ゆいかおり：公式サイト更新≫
ゆいかおり「Ring Ring Rainbow!!」プロモーション情報
http://t.co/7eHOA2iEcr　#yuikaori","ja","Tweet","ゆいかおり(小倉 唯＆石原夏織)公式","YUIKAORI_STAFF","","0","55","0","83","0","2015-07-31 13:00:34","https://x.com/YUIKAORI_STAFF/status/626965650372608001","<a href=""http://twitter.com"" rel=""nofollow"">Twitter Web Client</a>","#yuikaori","http://www.yuikaori.info/info/1163/","",""
"626811015015968768","城下町のダンデライオンEDテーマ小倉 唯「Honey❤️Come!!」は8/12発売です！！
https://t.co/RxNB2D7FkZ #yuikaori #小倉唯 #dande_anime","ja","Tweet","ゆいかおり(小倉 唯＆石原夏織)公式","YUIKAORI_STAFF","","1","84","0","86","0","2015-07-31 02:46:06","https://x.com/YUIKAORI_STAFF/status/626811015015968768","<a href=""http://twitter.com/download/iphone"" rel=""nofollow"">Twitter for iPhone</a>","#yuikaori, #小倉唯, #dande_anime","https://youtu.be/Yd4CQdcng7Y","",""
"626804650264498176","いよいよ来週8/5にはゆいかおり「Ring Ring Rainbow!!」が発売されます！！
https://t.co/azRAbO4cru 　#yuikaori #dande_anime","ja","Tweet","ゆいかおり(小倉 唯＆石原夏織)公式","YUIKAORI_STAFF","","0","66","0","78","0","2015-07-31 02:20:48","https://x.com/YUIKAORI_STAFF/status/626804650264498176","<a href=""http://twitter.com/download/iphone"" rel=""nofollow"">Twitter for iPhone</a>","#yuikaori, #dande_anime","https://youtu.be/SuN7rQQvXm4","",""
"626804027594948608","城下町のダンデライオンはじまりますよー！！ #yuikaori #dande_anime","ja","Tweet","ゆいかおり(小倉 唯＆石原夏織)公式","YUIKAORI_STAFF","","0","32","0","58","0","2015-07-31 02:18:20","https://x.com/YUIKAORI_STAFF/status/626804027594948608","<a href=""http://twitter.com/download/iphone"" rel=""nofollow"">Twitter for iPhone</a>","#yuikaori, #dande_anime","","",""
"626778817651044352","ブログを更新しました。 『サンプル☆』
⇒ http://t.co/ndX4dNC504","ja","Tweet","ゆいかおり(小倉 唯＆石原夏織)公式","YUIKAORI_STAFF","","0","51","0","72","0","2015-07-31 00:38:09","https://x.com/YUIKAORI_STAFF/status/626778817651044352","<a href=""https://ameblo.jp/"" rel=""nofollow"">Ameba_Blog</a>","","http://ameblo.jp/ogurayui-0815/entry-12056410329.html","",""
"626767656524185600","8/9(日)にゆいかおりニコ生特番『ゆいかおりまるごと100％』を放送しますよー！
ぜひお見逃しなく！#yuikaori 
【URL】
http://t.co/p9hOiYDv4a","ja","Tweet","ゆいかおり(小倉 唯＆石原夏織)公式","YUIKAORI_STAFF","","0","138","0","180","0","2015-07-30 23:53:48","https://x.com/YUIKAORI_STAFF/status/626767656524185600","<a href=""http://twitter.com/download/iphone"" rel=""nofollow"">Twitter for iPhone</a>","#yuikaori","http://live.nicovideo.jp/watch/lv229649800","",""
"626644956728307712","≪ゆいかおり・小倉 唯：公式サイト更新≫ 
「リスアニ！TV」で小倉唯特集放送決定！
http://t.co/hL5RdICfRc　#yuikaori　#小倉唯","ja","Tweet","ゆいかおり(小倉 唯＆石原夏織)公式","YUIKAORI_STAFF","","0","137","0","157","0","2015-07-30 15:46:14","https://x.com/YUIKAORI_STAFF/status/626644956728307712","<a href=""http://twitter.com"" rel=""nofollow"">Twitter Web Client</a>","#yuikaori, #小倉唯","http://www.yuikaori.info/info/1158/","",""
"626633386853949440","≪ゆいかおり：公式サイト更新≫
ニコニコ生放送にてゆいかおり「Ring Ring Rainbow!!」発売記念特番放送決定！
http://t.co/eVtsyMrSfd　#yuikaori","ja","Tweet","ゆいかおり(小倉 唯＆石原夏織)公式","YUIKAORI_STAFF","","0","204","0","190","0","2015-07-30 15:00:16","https://x.com/YUIKAORI_STAFF/status/626633386853949440","<a href=""http://twitter.com"" rel=""nofollow"">Twitter Web Client</a>","#yuikaori","http://www.yuikaori.info/info/1152/","",""
"626420822236774400","ブログを更新しました。 『（´-`）.｡oO☆』
⇒ http://t.co/2P5UtXLG8P","ja","Tweet","ゆいかおり(小倉 唯＆石原夏織)公式","YUIKAORI_STAFF","","0","57","0","73","0","2015-07-30 00:55:37","https://x.com/YUIKAORI_STAFF/status/626420822236774400","<a href=""https://ameblo.jp/"" rel=""nofollow"">Ameba_Blog</a>","","http://ameblo.jp/ogurayui-0815/entry-12056053354.html","",""
"626023238821220352","ブログを更新しました。 『ばなな☆』
⇒ http://t.co/d3q6mEp4kO","ja","Tweet","ゆいかおり(小倉 唯＆石原夏織)公式","YUIKAORI_STAFF","","0","61","0","75","0","2015-07-28 22:35:45","https://x.com/YUIKAORI_STAFF/status/626023238821220352","<a href=""https://ameblo.jp/"" rel=""nofollow"">Ameba_Blog</a>","","http://ameblo.jp/ogurayui-0815/entry-12055643479.html","",""
"625601686887796736","≪ゆいかおり：公式サイト更新≫
ゆいかおり、NACK5「おに魂」に出演！
http://t.co/ltflejn8l3　#yuikaori","ja","Tweet","ゆいかおり(小倉 唯＆石原夏織)公式","YUIKAORI_STAFF","","0","60","0","88","0","2015-07-27 18:40:39","https://x.com/YUIKAORI_STAFF/status/625601686887796736","<a href=""http://twitter.com"" rel=""nofollow"">Twitter Web Client</a>","#yuikaori","http://www.yuikaori.info/info/1147/","",""
"625518595808727041","≪ゆいかおり：公式サイト更新≫
ゆいかおり、NHK「MUSIC JAPAN」出演情報
http://t.co/K3mvNniw3z　#yuikaori","ja","Tweet","ゆいかおり(小倉 唯＆石原夏織)公式","YUIKAORI_STAFF","","0","149","0","134","0","2015-07-27 13:10:29","https://x.com/YUIKAORI_STAFF/status/625518595808727041","<a href=""http://twitter.com"" rel=""nofollow"">Twitter Web Client</a>","#yuikaori","http://www.yuikaori.info/info/1144/","",""
"625335129469095936","来週8月3日月曜 午前0:10～ (日曜深夜)NHK「MUSIC JAPAN」にゆいかおりが登場しますよー！お楽しみに！
#yuikaori","ja","Tweet","ゆいかおり(小倉 唯＆石原夏織)公式","YUIKAORI_STAFF","","3","403","0","357","0","2015-07-27 01:01:27","https://x.com/YUIKAORI_STAFF/status/625335129469095936","<a href=""http://twitter.com/download/iphone"" rel=""nofollow"">Twitter for iPhone</a>","#yuikaori","","",""
"625334743815467008","今週も実ラジお聞き頂きありがとうございましたー！来週はRing Ring Rainbow!!のカップリング曲、Calling Callingもオンエアしますよー！お楽しみに！
#yuikaori #joqr","ja","Tweet","ゆいかおり(小倉 唯＆石原夏織)公式","YUIKAORI_STAFF","","0","92","0","105","0","2015-07-27 00:59:55","https://x.com/YUIKAORI_STAFF/status/625334743815467008","<a href=""http://twitter.com/download/iphone"" rel=""nofollow"">Twitter for iPhone</a>","#yuikaori, #joqr","","",""
"625325993733959680","まもなく実ラジ始まりますよー！！
#yuikaori #joqr","ja","Tweet","ゆいかおり(小倉 唯＆石原夏織)公式","YUIKAORI_STAFF","","0","52","0","61","0","2015-07-27 00:25:09","https://x.com/YUIKAORI_STAFF/status/625325993733959680","<a href=""http://twitter.com/download/iphone"" rel=""nofollow"">Twitter for iPhone</a>","#yuikaori, #joqr","","",""
"625317501077843968","≪ゆいかおり：公式サイト更新≫
ゆいかおり、NHKラジオ第1「らじらー！サンデー」に出演！ 
http://t.co/nd5tXl14IR　#yuikaori","ja","Tweet","ゆいかおり(小倉 唯＆石原夏織)公式","YUIKAORI_STAFF","","0","88","0","114","0","2015-07-26 23:51:24","https://x.com/YUIKAORI_STAFF/status/625317501077843968","<a href=""http://twitter.com"" rel=""nofollow"">Twitter Web Client</a>","#yuikaori","http://www.yuikaori.info/info/1141/","",""
"625305225943871488","この後24:30から文化放送にて「ゆいかおりの実♪」が放送されますよー！みなさん是非聞いてくださいね！
#yuikaori  #joqr","ja","Tweet","ゆいかおり(小倉 唯＆石原夏織)公式","YUIKAORI_STAFF","","0","49","0","65","0","2015-07-26 23:02:38","https://x.com/YUIKAORI_STAFF/status/625305225943871488","<a href=""http://twitter.com/download/iphone"" rel=""nofollow"">Twitter for iPhone</a>","#yuikaori, #joqr","","",""
"625292036829134850","ブログを更新しました。 『ハッピーロード大山商店街☆』
⇒ http://t.co/sV2gxguJxD","ja","Tweet","ゆいかおり(小倉 唯＆石原夏織)公式","YUIKAORI_STAFF","","0","74","0","93","0","2015-07-26 22:10:13","https://x.com/YUIKAORI_STAFF/status/625292036829134850","<a href=""https://ameblo.jp/"" rel=""nofollow"">Ameba_Blog</a>","","http://ameblo.jp/ogurayui-0815/entry-12054910039.html","",""
"625140950126301185","【受付終了まで、あと1日！】
小倉 唯 1st LIVE「HAPPY JAM」ライブグッズ通信販売の受付は
＜明日 7/27(月) am11:59まで＞☆
お忘れの方は、今すぐ申込みを…！
詳細はこちら→ http://t.co/sdqTQyg4gi　#yuikaori　#小倉唯","ja","Tweet","ゆいかおり(小倉 唯＆石原夏織)公式","YUIKAORI_STAFF","","0","64","0","68","0","2015-07-26 12:09:51","https://x.com/YUIKAORI_STAFF/status/625140950126301185","<a href=""http://twitter.com"" rel=""nofollow"">Twitter Web Client</a>","#yuikaori, #小倉唯","http://www.yuikaori.info/info/1105/","",""
"624934864983199745","ブログを更新しました。 『暑さ☆』
⇒ http://t.co/tHEImnpcLk","ja","Tweet","ゆいかおり(小倉 唯＆石原夏織)公式","YUIKAORI_STAFF","","1","68","0","99","0","2015-07-25 22:30:57","https://x.com/YUIKAORI_STAFF/status/624934864983199745","<a href=""https://ameblo.jp/"" rel=""nofollow"">Ameba_Blog</a>","","http://ameblo.jp/ogurayui-0815/entry-12054547836.html","",""
"624391645404860417","【受付終了まで、あと3日！】
小倉 唯 1st LIVE「HAPPY JAM」ライブグッズ通信販売の受付は、＜7/27(月) am11:59まで＞です～☆
この機会をお見逃しなくっ♪
詳細はこちら！ → http://t.co/sdqTQyg4gi　#yuikaori　#小倉唯","ja","Tweet","ゆいかおり(小倉 唯＆石原夏織)公式","YUIKAORI_STAFF","","0","64","0","86","0","2015-07-24 10:32:23","https://x.com/YUIKAORI_STAFF/status/624391645404860417","<a href=""http://twitter.com"" rel=""nofollow"">Twitter Web Client</a>","#yuikaori, #小倉唯","http://www.yuikaori.info/info/1105/","",""
"624274051465355264","はにかむ〜！はにかむ〜！
https://t.co/RxNB2CQ4tr #yuikaori #小倉唯","ja","Tweet","ゆいかおり(小倉 唯＆石原夏織)公式","YUIKAORI_STAFF","","0","108","0","122","0","2015-07-24 02:45:06","https://x.com/YUIKAORI_STAFF/status/624274051465355264","<a href=""http://twitter.com/download/iphone"" rel=""nofollow"">Twitter for iPhone</a>","#yuikaori, #小倉唯","https://youtu.be/Yd4CQdcng7Y","",""
"624268185676718081","みなさん一緒に歌いましょう！
りんりんっ！　さぁ一緒に〜
https://t.co/azRAbOlNQ4 　#yuikaori","ja","Tweet","ゆいかおり(小倉 唯＆石原夏織)公式","YUIKAORI_STAFF","","0","66","0","91","0","2015-07-24 02:21:48","https://x.com/YUIKAORI_STAFF/status/624268185676718081","<a href=""http://twitter.com/download/iphone"" rel=""nofollow"">Twitter for iPhone</a>","#yuikaori","https://youtu.be/SuN7rQQvXm4","",""
"624267951374475268","城下町のダンデライオンはじまりましたよー！！ #yuikaori","ja","Tweet","ゆいかおり(小倉 唯＆石原夏織)公式","YUIKAORI_STAFF","","0","34","0","59","0","2015-07-24 02:20:52","https://x.com/YUIKAORI_STAFF/status/624267951374475268","<a href=""http://twitter.com/download/iphone"" rel=""nofollow"">Twitter for iPhone</a>","#yuikaori","","",""
"624163210497622016","ゆいかおりが表紙、小倉唯が裏表紙のB.L.T. VOICE GIRLSVol.23は7/31発売ですよー！
http://t.co/2iqiPgEDRB
#yuikaori #小倉唯","ja","Tweet","ゆいかおり(小倉 唯＆石原夏織)公式","YUIKAORI_STAFF","","0","125","0","164","0","2015-07-23 19:24:40","https://x.com/YUIKAORI_STAFF/status/624163210497622016","<a href=""http://twitter.com/download/iphone"" rel=""nofollow"">Twitter for iPhone</a>","#yuikaori, #小倉唯","http://blt-voicegirls.zasshi.tv/list/vol23.html","",""
"624115912614936576","≪ゆいかおり・小倉 唯：公式サイト更新≫
小倉 唯＆石原夏織の出演情報を更新しました☆
http://t.co/9IT8M7mr7s 　#yuikaori","ja","Tweet","ゆいかおり(小倉 唯＆石原夏織)公式","YUIKAORI_STAFF","","1","53","0","66","0","2015-07-23 16:16:43","https://x.com/YUIKAORI_STAFF/status/624115912614936576","<a href=""http://twitter.com"" rel=""nofollow"">Twitter Web Client</a>","#yuikaori","http://www.yuikaori.info/profile/","",""
"623847559400828928","ブログを更新しました。 『はやく☆』
⇒ http://t.co/VQotxx8jXw","ja","Tweet","ゆいかおり(小倉 唯＆石原夏織)公式","YUIKAORI_STAFF","","0","61","0","94","0","2015-07-22 22:30:23","https://x.com/YUIKAORI_STAFF/status/623847559400828928","<a href=""https://ameblo.jp/"" rel=""nofollow"">Ameba_Blog</a>","","http://ameblo.jp/ogurayui-0815/entry-12053455037.html","",""
"623465033557655552","ブログを更新しました。 『もも☆』
⇒ http://t.co/sO2yLVX0yu","ja","Tweet","ゆいかおり(小倉 唯＆石原夏織)公式","YUIKAORI_STAFF","","0","64","0","81","0","2015-07-21 21:10:22","https://x.com/YUIKAORI_STAFF/status/623465033557655552","<a href=""https://ameblo.jp/"" rel=""nofollow"">Ameba_Blog</a>","","http://ameblo.jp/ogurayui-0815/entry-12053056145.html","",""
"623134214012080128","ブログを更新しました。 『MJ収録☆』
⇒ http://t.co/0yzonLk9pF","ja","Tweet","ゆいかおり(小倉 唯＆石原夏織)公式","YUIKAORI_STAFF","","0","92","0","104","0","2015-07-20 23:15:48","https://x.com/YUIKAORI_STAFF/status/623134214012080128","<a href=""https://ameblo.jp/"" rel=""nofollow"">Ameba_Blog</a>","","http://ameblo.jp/ogurayui-0815/entry-12052740951.html","",""
"623134020147154944","ブログを更新しました。 『MUSIC JAPAN』
⇒ http://t.co/px8pxm1tud","ja","Tweet","ゆいかおり(小倉 唯＆石原夏織)公式","YUIKAORI_STAFF","","0","92","0","96","0","2015-07-20 23:15:02","https://x.com/YUIKAORI_STAFF/status/623134020147154944","<a href=""https://ameblo.jp/"" rel=""nofollow"">Ameba_Blog</a>","","http://ameblo.jp/ishiharakaori-0806/entry-12052743665.html","",""
"622798228329664512","本日のゆいかおりの実♪には井口裕香さんがいらっしゃいました！！今回はパーソナリティーらしく、しっかりおもてなしできてましたかね…？
来週もお楽しみに！
#joqr #yuikaori http://t.co/XZ7mfbMlpN","ja","Tweet","ゆいかおり(小倉 唯＆石原夏織)公式","YUIKAORI_STAFF","","2","345","0","556","0","2015-07-20 01:00:43","https://x.com/YUIKAORI_STAFF/status/622798228329664512","<a href=""http://twitter.com/download/iphone"" rel=""nofollow"">Twitter for iPhone</a>","#joqr, #yuikaori","","photo","https://pbs.twimg.com/media/CKSfrpZUcAAoB5I.jpg"
"622797655207342080","そして！エンディングテーマもHoney❤️Come!!に変わりましたよー！
#joqr #yuikaori","ja","Tweet","ゆいかおり(小倉 唯＆石原夏織)公式","YUIKAORI_STAFF","","0","71","0","86","0","2015-07-20 00:58:26","https://x.com/YUIKAORI_STAFF/status/622797655207342080","<a href=""http://twitter.com/download/iphone"" rel=""nofollow"">Twitter for iPhone</a>","#joqr, #yuikaori","","",""
"622791762554126337","井口裕香さん実ラジに初登場です！！
#joqr #yuikaori","ja","Tweet","ゆいかおり(小倉 唯＆石原夏織)公式","YUIKAORI_STAFF","","1","56","0","81","0","2015-07-20 00:35:01","https://x.com/YUIKAORI_STAFF/status/622791762554126337","<a href=""http://twitter.com/download/iphone"" rel=""nofollow"">Twitter for iPhone</a>","#joqr, #yuikaori","","",""
"622791020153929729","実ラジのオープニングがRing Ring Rainbow!!に！！
#joqr  #yuikaori","ja","Tweet","ゆいかおり(小倉 唯＆石原夏織)公式","YUIKAORI_STAFF","","1","70","0","90","0","2015-07-20 00:32:04","https://x.com/YUIKAORI_STAFF/status/622791020153929729","<a href=""http://twitter.com/download/iphone"" rel=""nofollow"">Twitter for iPhone</a>","#joqr, #yuikaori","","",""
"622789237818064896","まもなく文化放送にて「ゆいかおりの実♪」始まります！！井口裕香さんにも登場して頂きますよー！！
#joqr  #yuikaori","ja","Tweet","ゆいかおり(小倉 唯＆石原夏織)公式","YUIKAORI_STAFF","","1","80","0","65","0","2015-07-20 00:24:59","https://x.com/YUIKAORI_STAFF/status/622789237818064896","<a href=""http://twitter.com/download/iphone"" rel=""nofollow"">Twitter for iPhone</a>","#joqr, #yuikaori","","",""
"622773332916568064","ブログを更新しました。 『久々に☆』
⇒ http://t.co/Sx1DMfKQgJ","ja","Tweet","ゆいかおり(小倉 唯＆石原夏織)公式","YUIKAORI_STAFF","","1","60","0","80","0","2015-07-19 23:21:47","https://x.com/YUIKAORI_STAFF/status/622773332916568064","<a href=""https://ameblo.jp/"" rel=""nofollow"">Ameba_Blog</a>","","http://ameblo.jp/ogurayui-0815/entry-12052366337.html","",""
"622753709013929984","今夜の「ゆいかおりの実♪」は井口裕香さんがゲストですよ！！お聞き逃しなく！！
#joqr #yuikaori","ja","Tweet","ゆいかおり(小倉 唯＆石原夏織)公式","YUIKAORI_STAFF","","1","127","0","114","0","2015-07-19 22:03:49","https://x.com/YUIKAORI_STAFF/status/622753709013929984","<a href=""http://twitter.com/download/iphone"" rel=""nofollow"">Twitter for iPhone</a>","#joqr, #yuikaori","","",""
"622719129233981441","ブログを更新しました。 『城下町のダンデライオン❤︎』
⇒ http://t.co/IvUx06e36g","ja","Tweet","ゆいかおり(小倉 唯＆石原夏織)公式","YUIKAORI_STAFF","","0","53","0","84","0","2015-07-19 19:46:24","https://x.com/YUIKAORI_STAFF/status/622719129233981441","<a href=""https://ameblo.jp/"" rel=""nofollow"">Ameba_Blog</a>","","http://ameblo.jp/ishiharakaori-0806/entry-12052281327.html","",""
"622420748800389120","明日の24:30からの文化放送「ゆいかおりの実♪」は井口裕香さんがゲストにいらっしゃいますよー！お楽しみにーー！！
#joqr #yuikaori","ja","Tweet","ゆいかおり(小倉 唯＆石原夏織)公式","YUIKAORI_STAFF","","1","113","0","119","0","2015-07-19 00:00:45","https://x.com/YUIKAORI_STAFF/status/622420748800389120","<a href=""http://twitter.com/download/iphone"" rel=""nofollow"">Twitter for iPhone</a>","#joqr, #yuikaori","","",""
"622394400555974657","ブログを更新しました。 『ダンデライオン☆』
⇒ http://t.co/dYpKbOwhin","ja","Tweet","ゆいかおり(小倉 唯＆石原夏織)公式","YUIKAORI_STAFF","","0","59","0","73","0","2015-07-18 22:16:03","https://x.com/YUIKAORI_STAFF/status/622394400555974657","<a href=""https://ameblo.jp/"" rel=""nofollow"">Ameba_Blog</a>","","http://ameblo.jp/ogurayui-0815/entry-12051980898.html","",""
"622209571436675072","≪ゆいかおり：公式サイト更新≫
 ゆいかおりニューシングル「Ring Ring Rainbow!!」発売記念＆Birthdayイベント開催決定！ 
http://t.co/a6eli2olIE　#yuikaori","ja","Tweet","ゆいかおり(小倉 唯＆石原夏織)公式","YUIKAORI_STAFF","","0","216","0","182","0","2015-07-18 10:01:36","https://x.com/YUIKAORI_STAFF/status/622209571436675072","<a href=""http://twitter.com"" rel=""nofollow"">Twitter Web Client</a>","#yuikaori","http://www.yuikaori.info/info/1123/","",""
"622209363046854656","≪ゆいかおり・小倉 唯：公式サイト更新≫ 
小倉唯5thシングル「Honey♥Come!!」発売記念イベント開催決定！ 
http://t.co/NkAeKf8OKd　#yuikaori　#小倉唯","ja","Tweet","ゆいかおり(小倉 唯＆石原夏織)公式","YUIKAORI_STAFF","","0","248","0","203","0","2015-07-18 10:00:46","https://x.com/YUIKAORI_STAFF/status/622209363046854656","<a href=""http://twitter.com"" rel=""nofollow"">Twitter Web Client</a>","#yuikaori, #小倉唯","http://www.yuikaori.info/info/1122/","",""
"622025570390413312","ブログを更新しました。 『お久しぶりです！』
⇒ http://t.co/mg8aMrYrSZ","ja","Tweet","ゆいかおり(小倉 唯＆石原夏織)公式","YUIKAORI_STAFF","","0","46","0","66","0","2015-07-17 21:50:27","https://x.com/YUIKAORI_STAFF/status/622025570390413312","<a href=""https://ameblo.jp/"" rel=""nofollow"">Ameba_Blog</a>","","http://ameblo.jp/ishiharakaori-0806/entry-12051617435.html","",""
"622010786777448448","小倉唯の8/12発売のニューシングル「Honey❤️Come!!」（ハニカム）の
メイキング映像(short ver.)も公開！
こちらの完全版は期間限定盤特典のDVDに収録されます！
https://t.co/5vlPtRyHmW http://t.co/NeNFG6xZ6a","ja","Tweet","ゆいかおり(小倉 唯＆石原夏織)公式","YUIKAORI_STAFF","","0","155","0","149","0","2015-07-17 20:51:42","https://x.com/YUIKAORI_STAFF/status/622010786777448448","<a href=""http://twitter.com/download/iphone"" rel=""nofollow"">Twitter for iPhone</a>","","https://www.youtube.com/watch?v=PyYo10sZo-8","photo","https://pbs.twimg.com/media/CKHTgc3UsAAEQsl.jpg"
"622010708981448705","改めてですが、ゆいかおり8/5発売のシングル「Ring Ring Rainbow!!」のメイキング映像(short ver.)が公開！
完全版は初回限定盤特典のDVDに収録されます！
https://t.co/x5U3d7v0c9 http://t.co/5quqZZW93s","ja","Tweet","ゆいかおり(小倉 唯＆石原夏織)公式","YUIKAORI_STAFF","","1","138","0","147","0","2015-07-17 20:51:24","https://x.com/YUIKAORI_STAFF/status/622010708981448705","<a href=""http://twitter.com/download/iphone"" rel=""nofollow"">Twitter for iPhone</a>","","https://www.youtube.com/watch?v=PzL3ltefw30","photo","https://pbs.twimg.com/media/CKHTcF_VEAENSEx.jpg"
"621998372484874240","≪ゆいかおり：公式サイト更新≫ 
ゆいかおり「Ring Ring Rainbow!!」Making＊short ver.”公開！
http://t.co/bAXYj0fu1y　#yuikaori","ja","Tweet","ゆいかおり(小倉 唯＆石原夏織)公式","YUIKAORI_STAFF","","1","100","0","119","0","2015-07-17 20:02:22","https://x.com/YUIKAORI_STAFF/status/621998372484874240","<a href=""http://twitter.com"" rel=""nofollow"">Twitter Web Client</a>","#yuikaori","http://www.yuikaori.info/info/1114/","",""
"621998183669862401","≪ゆいかおり・小倉 唯：公式サイト更新≫ 
小倉唯「Honey♥Come!!」Making＊short ver.”公開！
http://t.co/5AMiT51kR9　#yuikaori　#小倉唯","ja","Tweet","ゆいかおり(小倉 唯＆石原夏織)公式","YUIKAORI_STAFF","","1","122","0","134","0","2015-07-17 20:01:37","https://x.com/YUIKAORI_STAFF/status/621998183669862401","<a href=""http://twitter.com"" rel=""nofollow"">Twitter Web Client</a>","#yuikaori, #小倉唯","http://www.yuikaori.info/info/1113/","",""
"621975559917060097","≪ゆいかおり：公式サイト更新≫
MTV「MTV81」にてKING SUPER LIVE 2015の模様をOA！ 
http://t.co/VoDPRrjJ2A　#yuikaori","ja","Tweet","ゆいかおり(小倉 唯＆石原夏織)公式","YUIKAORI_STAFF","","0","56","0","99","0","2015-07-17 18:31:43","https://x.com/YUIKAORI_STAFF/status/621975559917060097","<a href=""http://twitter.com"" rel=""nofollow"">Twitter Web Client</a>","#yuikaori","http://www.yuikaori.info/info/1124/","",""
"621736658740752384","小倉唯「Honey♥Come!!」は大森祥子さんに作詞して頂きました。
可愛らしいタイトルも「コレだ！」とすぐに決まりました！
みなさんも一緒に「はにかむ〜！」言ってくださいね！
https://t.co/RxNB2D7FkZ
#yuikaori #小倉唯","ja","Tweet","ゆいかおり(小倉 唯＆石原夏織)公式","YUIKAORI_STAFF","","3","104","0","130","0","2015-07-17 02:42:25","https://x.com/YUIKAORI_STAFF/status/621736658740752384","<a href=""http://twitter.com/download/iphone"" rel=""nofollow"">Twitter for iPhone</a>","#yuikaori, #小倉唯","https://youtu.be/Yd4CQdcng7Y","",""
"621736483460767744","はにかむ〜！はにかむ〜！
https://t.co/RxNB2D7FkZ
#yuikaori #小倉唯","ja","Tweet","ゆいかおり(小倉 唯＆石原夏織)公式","YUIKAORI_STAFF","","1","104","0","138","0","2015-07-17 02:41:43","https://x.com/YUIKAORI_STAFF/status/621736483460767744","<a href=""http://twitter.com/download/iphone"" rel=""nofollow"">Twitter for iPhone</a>","#yuikaori, #小倉唯","https://youtu.be/Yd4CQdcng7Y","",""
"621730622042566656","せーの！それではみなさんご一緒にStand up! Let’s go! 
https://t.co/azRAbO4cru
#yuikaori","ja","Tweet","ゆいかおり(小倉 唯＆石原夏織)公式","YUIKAORI_STAFF","","0","85","0","108","0","2015-07-17 02:18:26","https://x.com/YUIKAORI_STAFF/status/621730622042566656","<a href=""http://twitter.com/download/iphone"" rel=""nofollow"">Twitter for iPhone</a>","#yuikaori","https://youtu.be/SuN7rQQvXm4","",""
"621729723647836160","Ring Ring Rainbow!!は参加型ロックチューン！
ということで曲の冒頭にもRock on!、For you!、Cheer me!、Let’s go!、Ring Ring!といった掛け声が入ってます！
https://t.co/azRAbO4cru
#yuikaori","ja","Tweet","ゆいかおり(小倉 唯＆石原夏織)公式","YUIKAORI_STAFF","","0","93","0","138","0","2015-07-17 02:14:51","https://x.com/YUIKAORI_STAFF/status/621729723647836160","<a href=""http://twitter.com/download/iphone"" rel=""nofollow"">Twitter for iPhone</a>","#yuikaori","https://youtu.be/SuN7rQQvXm4","",""
"621729513357971456","まもなくダンデライオン始まりますよー！
みなさまお見逃しなく！！","ja","Tweet","ゆいかおり(小倉 唯＆石原夏織)公式","YUIKAORI_STAFF","","0","23","0","62","0","2015-07-17 02:14:01","https://x.com/YUIKAORI_STAFF/status/621729513357971456","<a href=""http://twitter.com/download/iphone"" rel=""nofollow"">Twitter for iPhone</a>","","","",""
"621692176670396416","ブログを更新しました。 『寝る前☆』
⇒ http://t.co/1zEkjcJYH5","ja","Tweet","ゆいかおり(小倉 唯＆石原夏織)公式","YUIKAORI_STAFF","","0","58","0","84","0","2015-07-16 23:45:40","https://x.com/YUIKAORI_STAFF/status/621692176670396416","<a href=""https://ameblo.jp/"" rel=""nofollow"">Ameba_Blog</a>","","http://ameblo.jp/ogurayui-0815/entry-12051294105.html","",""
"621531183747219456","≪ゆいかおり：公式サイト更新≫
ゆいかおり 掲載情報♪【掲載情報追加】 http://t.co/ConcxBG8Ui　#yuikaori","ja","Tweet","ゆいかおり(小倉 唯＆石原夏織)公式","YUIKAORI_STAFF","","0","30","0","58","0","2015-07-16 13:05:56","https://x.com/YUIKAORI_STAFF/status/621531183747219456","<a href=""http://twitter.com"" rel=""nofollow"">Twitter Web Client</a>","#yuikaori","http://www.yuikaori.info/info/1100/","",""
"621530981363662848","≪ゆいかおり・小倉 唯：公式サイト更新≫ 
小倉唯 掲載情報♪【掲載情報追加】
 http://t.co/j3tmENsQ7Y  　#yuikaori","ja","Tweet","ゆいかおり(小倉 唯＆石原夏織)公式","YUIKAORI_STAFF","","0","33","0","67","0","2015-07-16 13:05:08","https://x.com/YUIKAORI_STAFF/status/621530981363662848","<a href=""http://twitter.com"" rel=""nofollow"">Twitter Web Client</a>","#yuikaori","http://www.yuikaori.info/info/1099/","",""
"621107615599165440","ブログを更新しました。 『グッズ通販☆』
⇒ http://t.co/WkkqHlEYf9","ja","Tweet","ゆいかおり(小倉 唯＆石原夏織)公式","YUIKAORI_STAFF","","0","55","0","80","0","2015-07-15 09:02:49","https://x.com/YUIKAORI_STAFF/status/621107615599165440","<a href=""https://ameblo.jp/"" rel=""nofollow"">Ameba_Blog</a>","","http://ameblo.jp/ogurayui-0815/entry-12050629663.html","",""
"620607455878234112","ブログを更新しました。 『らく？☆』
⇒ http://t.co/tIKpO3zRcS","ja","Tweet","ゆいかおり(小倉 唯＆石原夏織)公式","YUIKAORI_STAFF","","0","60","0","84","0","2015-07-13 23:55:22","https://x.com/YUIKAORI_STAFF/status/620607455878234112","<a href=""https://ameblo.jp/"" rel=""nofollow"">Ameba_Blog</a>","","http://ameblo.jp/ogurayui-0815/entry-12050165027.html","",""
"620402524592345088","ブログを更新しました。 『ワルブレイベント☆』
⇒ http://t.co/ia4CSxHL4Z","ja","Tweet","ゆいかおり(小倉 唯＆石原夏織)公式","YUIKAORI_STAFF","","0","66","0","81","0","2015-07-13 10:21:03","https://x.com/YUIKAORI_STAFF/status/620402524592345088","<a href=""https://ameblo.jp/"" rel=""nofollow"">Ameba_Blog</a>","","http://ameblo.jp/ogurayui-0815/entry-12049881623.html","",""
"620397535576768512","≪ゆいかおり・小倉 唯：公式サイト更新≫ 
小倉唯「Honey♥Come!!」オリジナル特典情報
http://t.co/4lfpoiG9OV 　#yuikaori","ja","Tweet","ゆいかおり(小倉 唯＆石原夏織)公式","YUIKAORI_STAFF","","1","127","0","131","0","2015-07-13 10:01:13","https://x.com/YUIKAORI_STAFF/status/620397535576768512","<a href=""http://twitter.com"" rel=""nofollow"">Twitter Web Client</a>","#yuikaori","http://www.yuikaori.info/info/1108/","",""
"620263393191038976","あっという間の30分でした！ありがとうございました！
来週は実ラジに井口裕香さんがゲストにいらっしゃいます！ぜひお便りお待ちしてます！http://t.co/dZPfDYhZEV
#yuikaori","ja","Tweet","ゆいかおり(小倉 唯＆石原夏織)公式","YUIKAORI_STAFF","","5","112","0","138","0","2015-07-13 01:08:11","https://x.com/YUIKAORI_STAFF/status/620263393191038976","<a href=""http://twitter.com/download/iphone"" rel=""nofollow"">Twitter for iPhone</a>","#yuikaori","http://www.yuikaori.info/radio/","",""
"620259468941508608","続いてこちら夏織ちゃんの絵描き歌結果です！！#yuikaori http://t.co/JqDRxQMnlS","ja","Tweet","ゆいかおり(小倉 唯＆石原夏織)公式","YUIKAORI_STAFF","","8","227","0","321","1","2015-07-13 00:52:35","https://x.com/YUIKAORI_STAFF/status/620259468941508608","<a href=""http://twitter.com/download/iphone"" rel=""nofollow"">Twitter for iPhone</a>","#yuikaori","","photo","https://pbs.twimg.com/media/CJuaslAUEAA4S_1.jpg"
"620259420379811840","こちらが唯ちゃんの絵描き歌結果です！
#yuikaori http://t.co/QDCDLtyxCF","ja","Tweet","ゆいかおり(小倉 唯＆石原夏織)公式","YUIKAORI_STAFF","","4","251","0","359","1","2015-07-13 00:52:24","https://x.com/YUIKAORI_STAFF/status/620259420379811840","<a href=""http://twitter.com/download/iphone"" rel=""nofollow"">Twitter for iPhone</a>","#yuikaori","","photo","https://pbs.twimg.com/media/CJuapuLUwAIwo4t.jpg"
"620258264102473728","「激突！ゆいかおり！」のコーナーで、絵描き歌対決をします！リスナーのみなさんにはあえて先に答えをお教えします！こちらです！
#yuikaori http://t.co/fvbkJ0uMbM","ja","Tweet","ゆいかおり(小倉 唯＆石原夏織)公式","YUIKAORI_STAFF","","1","166","0","226","1","2015-07-13 00:47:48","https://x.com/YUIKAORI_STAFF/status/620258264102473728","<a href=""http://twitter.com/download/iphone"" rel=""nofollow"">Twitter for iPhone</a>","#yuikaori","","photo","https://pbs.twimg.com/media/CJuZmYaUcAAcc9j.jpg"
"620253680231538688","実ラジ始まりまーす！！
#yuikaori","ja","Tweet","ゆいかおり(小倉 唯＆石原夏織)公式","YUIKAORI_STAFF","","1","51","0","66","0","2015-07-13 00:29:35","https://x.com/YUIKAORI_STAFF/status/620253680231538688","<a href=""http://twitter.com/download/iphone"" rel=""nofollow"">Twitter for iPhone</a>","#yuikaori","","",""
"620240467360247808","この後24:30からは文化放送にて「ゆいかおりの実♪」が放送！
放送までもう少しお待ちくださいね！
#yuikaori","ja","Tweet","ゆいかおり(小倉 唯＆石原夏織)公式","YUIKAORI_STAFF","","0","54","0","71","0","2015-07-12 23:37:05","https://x.com/YUIKAORI_STAFF/status/620240467360247808","<a href=""http://twitter.com"" rel=""nofollow"">Twitter Web Client</a>","#yuikaori","","",""
"619881639103991808","ブログを更新しました。 『MVみてね☆』
⇒ http://t.co/1ag5Xy2dEN","ja","Tweet","ゆいかおり(小倉 唯＆石原夏織)公式","YUIKAORI_STAFF","","0","68","0","84","0","2015-07-11 23:51:14","https://x.com/YUIKAORI_STAFF/status/619881639103991808","<a href=""https://ameblo.jp/"" rel=""nofollow"">Ameba_Blog</a>","","http://ameblo.jp/ogurayui-0815/entry-12049376347.html","",""
"619519223283322881","ブログを更新しました。 『晴れ☆』
⇒ http://t.co/VwIqv04BFv","ja","Tweet","ゆいかおり(小倉 唯＆石原夏織)公式","YUIKAORI_STAFF","","0","52","0","76","0","2015-07-10 23:51:07","https://x.com/YUIKAORI_STAFF/status/619519223283322881","<a href=""https://ameblo.jp/"" rel=""nofollow"">Ameba_Blog</a>","","http://ameblo.jp/ogurayui-0815/entry-12049003021.html","",""
"619415983430635520","≪ゆいかおり・小倉 唯：公式サイト更新≫ 
小倉 唯 1st LIVE「HAPPY JAM」ライブグッズ通信販売スケジュール決定！
http://t.co/sdqTQyg4gi　#yuikaori","ja","Tweet","ゆいかおり(小倉 唯＆石原夏織)公式","YUIKAORI_STAFF","","1","183","0","167","0","2015-07-10 17:00:53","https://x.com/YUIKAORI_STAFF/status/619415983430635520","<a href=""http://twitter.com"" rel=""nofollow"">Twitter Web Client</a>","#yuikaori","http://www.yuikaori.info/info/1105/","",""
"619198125140480000","みなさん！城下町のダンデライオンはじまりましたよー！！ #yuikaori","ja","Tweet","ゆいかおり(小倉 唯＆石原夏織)公式","YUIKAORI_STAFF","","1","35","0","75","0","2015-07-10 02:35:11","https://x.com/YUIKAORI_STAFF/status/619198125140480000","<a href=""http://twitter.com/download/iphone"" rel=""nofollow"">Twitter for iPhone</a>","#yuikaori","","",""
"619158337460944897","ブログを更新しました。 『( ´ ▽ ` )ﾉ☆』
⇒ http://t.co/uCPLRCivme","ja","Tweet","ゆいかおり(小倉 唯＆石原夏織)公式","YUIKAORI_STAFF","","0","65","0","76","0","2015-07-09 23:57:05","https://x.com/YUIKAORI_STAFF/status/619158337460944897","<a href=""https://ameblo.jp/"" rel=""nofollow"">Ameba_Blog</a>","","http://ameblo.jp/ogurayui-0815/entry-12048629509.html","",""
"618788129370013696","ブログを更新しました。 『公開☆』
⇒ http://t.co/sIR8oN8RPW","ja","Tweet","ゆいかおり(小倉 唯＆石原夏織)公式","YUIKAORI_STAFF","","0","63","0","80","0","2015-07-08 23:26:01","https://x.com/YUIKAORI_STAFF/status/618788129370013696","<a href=""https://ameblo.jp/"" rel=""nofollow"">Ameba_Blog</a>","","http://ameblo.jp/ogurayui-0815/entry-12048231047.html","",""
"618662272689311744","≪ゆいかおり：公式サイト更新≫
ゆいかおり 掲載情報♪
http://t.co/ConcxBG8Ui　#yuikaori","ja","Tweet","ゆいかおり(小倉 唯＆石原夏織)公式","YUIKAORI_STAFF","","0","36","0","68","0","2015-07-08 15:05:54","https://x.com/YUIKAORI_STAFF/status/618662272689311744","<a href=""http://twitter.com"" rel=""nofollow"">Twitter Web Client</a>","#yuikaori","http://www.yuikaori.info/info/1100/","",""
"618662168167223296","≪ゆいかおり・小倉 唯：公式サイト更新≫ 
小倉唯 掲載情報♪
http://t.co/j3tmENsQ7Y　#yuikaori","ja","Tweet","ゆいかおり(小倉 唯＆石原夏織)公式","YUIKAORI_STAFF","","0","48","0","77","0","2015-07-08 15:05:29","https://x.com/YUIKAORI_STAFF/status/618662168167223296","<a href=""http://twitter.com"" rel=""nofollow"">Twitter Web Client</a>","#yuikaori","http://www.yuikaori.info/info/1099/","",""
"618661919226859520","≪ゆいかおり：公式サイト更新≫
石原夏織 掲載情報♪
http://t.co/QIF4M8NUoP　#yuikaori","ja","Tweet","ゆいかおり(小倉 唯＆石原夏織)公式","YUIKAORI_STAFF","","0","38","0","76","0","2015-07-08 15:04:30","https://x.com/YUIKAORI_STAFF/status/618661919226859520","<a href=""http://twitter.com"" rel=""nofollow"">Twitter Web Client</a>","#yuikaori","http://www.yuikaori.info/info/1098/","",""
"618593773279318016","ゆいかおり8/5シングル「Ring Ring Rainbow!!」のオリジナル特典情報が出ましたよー！こちらでチェック！#yuikaori 
http://t.co/mMLy1H8syL","ja","Tweet","ゆいかおり(小倉 唯＆石原夏織)公式","YUIKAORI_STAFF","","0","98","0","125","0","2015-07-08 10:33:43","https://x.com/YUIKAORI_STAFF/status/618593773279318016","<a href=""http://twitter.com/download/iphone"" rel=""nofollow"">Twitter for iPhone</a>","#yuikaori","http://www.kingrecords.co.jp/cs/t/t6679/","",""
"618585766000726017","≪ゆいかおり：公式サイト更新≫
ゆいかおり「Ring Ring Rainbow!!」オリジナル特典情報
http://t.co/vKuv44Y2i8　#yuikaori","ja","Tweet","ゆいかおり(小倉 唯＆石原夏織)公式","YUIKAORI_STAFF","","0","91","0","119","0","2015-07-08 10:01:54","https://x.com/YUIKAORI_STAFF/status/618585766000726017","<a href=""http://twitter.com"" rel=""nofollow"">Twitter Web Client</a>","#yuikaori","http://www.yuikaori.info/info/1094/","",""
"618585548265893888","≪ゆいかおり・小倉 唯：公式サイト更新≫ 
小倉唯ニューシングル「Honey♥Come!!」ジャケット写真公開！ 
http://t.co/rKuxBX37lB　#小倉唯","ja","Tweet","ゆいかおり(小倉 唯＆石原夏織)公式","YUIKAORI_STAFF","","0","129","0","122","0","2015-07-08 10:01:02","https://x.com/YUIKAORI_STAFF/status/618585548265893888","<a href=""http://twitter.com"" rel=""nofollow"">Twitter Web Client</a>","#小倉唯","http://www.ogurayui.jp/discography/","",""
"618562166275182595","すみません、遅くなってしまいましたが、先日のゆいかおりの実♪の激突！ゆいかおりのコーナーで対決した「目隠ししてどちらの方がうまく字を書けるか？」ですが、こちらが２人の書いた結果になります！唯ちゃん悔しそうでした。。
#yuikaori http://t.co/F5eIuWIHe9","ja","Tweet","ゆいかおり(小倉 唯＆石原夏織)公式","YUIKAORI_STAFF","","15","283","1","424","1","2015-07-08 08:28:07","https://x.com/YUIKAORI_STAFF/status/618562166275182595","<a href=""http://twitter.com"" rel=""nofollow"">Twitter Web Client</a>","#yuikaori","","photo","https://pbs.twimg.com/media/CJWTArEUYAARg0V.jpg"
"618404430233235456","ブログを更新しました。 『ありがとうございます☆』
⇒ http://t.co/6nxi8d9ybw","ja","Tweet","ゆいかおり(小倉 唯＆石原夏織)公式","YUIKAORI_STAFF","","0","98","0","121","0","2015-07-07 22:01:20","https://x.com/YUIKAORI_STAFF/status/618404430233235456","<a href=""https://ameblo.jp/"" rel=""nofollow"">Ameba_Blog</a>","","http://ameblo.jp/ogurayui-0815/entry-12047798200.html","",""
"618040538688651264","ブログを更新しました。 『HAPPY JAM』
⇒ http://t.co/x0dvkuvkdj","ja","Tweet","ゆいかおり(小倉 唯＆石原夏織)公式","YUIKAORI_STAFF","","0","296","0","290","0","2015-07-06 21:55:21","https://x.com/YUIKAORI_STAFF/status/618040538688651264","<a href=""https://ameblo.jp/"" rel=""nofollow"">Ameba_Blog</a>","","http://ameblo.jp/ogurayui-0815/entry-12047399893.html","",""
"617715645552046081","ブログを更新しました。 『HAPPY☆』
⇒ http://t.co/1dWRH6Nj3W","ja","Tweet","ゆいかおり(小倉 唯＆石原夏織)公式","YUIKAORI_STAFF","","0","179","0","155","0","2015-07-06 00:24:21","https://x.com/YUIKAORI_STAFF/status/617715645552046081","<a href=""https://ameblo.jp/"" rel=""nofollow"">Ameba_Blog</a>","","http://ameblo.jp/ogurayui-0815/entry-12047076003.html","",""
"617712875176497152","放送時間に誤りがございました。失礼いたしました。
このあと【24:30から】は文化放送で実ラジですよ〜！お聴き逃しなく！
#yuikaori #joqr","ja","Tweet","ゆいかおり(小倉 唯＆石原夏織)公式","YUIKAORI_STAFF","","0","57","0","58","0","2015-07-06 00:13:20","https://x.com/YUIKAORI_STAFF/status/617712875176497152","<a href=""http://twitter.com"" rel=""nofollow"">Twitter Web Client</a>","#yuikaori, #joqr","","",""
"617682859147460608","≪ゆいかおり・小倉 唯：公式サイト更新≫ 
小倉唯ニューシングル「Honey♥Come!!」のMUSIC VIDEO公開！ http://t.co/IyjXhy9bs0　#yuikaori","ja","Tweet","ゆいかおり(小倉 唯＆石原夏織)公式","YUIKAORI_STAFF","","0","177","0","178","0","2015-07-05 22:14:04","https://x.com/YUIKAORI_STAFF/status/617682859147460608","<a href=""http://twitter.com"" rel=""nofollow"">Twitter Web Client</a>","#yuikaori","http://www.yuikaori.info/info/1087/","",""
"617681932428578816","ブログを更新しました。 『日曜！』
⇒ http://t.co/KwAJ5wrAcS","ja","Tweet","ゆいかおり(小倉 唯＆石原夏織)公式","YUIKAORI_STAFF","","0","110","0","128","0","2015-07-05 22:10:23","https://x.com/YUIKAORI_STAFF/status/617681932428578816","<a href=""https://ameblo.jp/"" rel=""nofollow"">Ameba_Blog</a>","","http://ameblo.jp/ishiharakaori-0806/entry-12047015901.html","",""
"617681704233205760","そして！！本日もライブで披露した8/12発売のニューシングル「Honey♥️Come!!」のMUSIC VIDEOが公開されました〜！！！
ぜひチェックしてくださいね〜♪https://t.co/A1mJGITG6a
#小倉唯","ja","Tweet","ゆいかおり(小倉 唯＆石原夏織)公式","YUIKAORI_STAFF","","1","322","0","288","0","2015-07-05 22:09:28","https://x.com/YUIKAORI_STAFF/status/617681704233205760","<a href=""http://twitter.com"" rel=""nofollow"">Twitter Web Client</a>","#小倉唯","https://www.youtube.com/watch?v=Yd4CQdcng7Y","",""
"617679203144613888","≪ゆいかおり・小倉 唯：公式サイト更新≫ 
小倉 唯 1st LIVE「HAPPY JAM」ライブグッズ通信販売決定！ http://t.co/sCUnKqoQC2　#yuikaori","ja","Tweet","ゆいかおり(小倉 唯＆石原夏織)公式","YUIKAORI_STAFF","","17","389","0","286","0","2015-07-05 21:59:32","https://x.com/YUIKAORI_STAFF/status/617679203144613888","<a href=""http://twitter.com"" rel=""nofollow"">Twitter Web Client</a>","#yuikaori","http://www.yuikaori.info/info/1081/","",""
"617677494057971712","小倉 唯 1st LIVE「HAPPY JAM」無事終演いたしました！！
ご来場いただきました皆さん、声援を送っていただきました皆さんありがとうございました〜☆
#小倉唯","ja","Tweet","ゆいかおり(小倉 唯＆石原夏織)公式","YUIKAORI_STAFF","","55","441","0","524","0","2015-07-05 21:52:45","https://x.com/YUIKAORI_STAFF/status/617677494057971712","<a href=""http://twitter.com"" rel=""nofollow"">Twitter Web Client</a>","#小倉唯","","",""
"617507747819466752","そして！ライブ会場CD物販ブースでは「小倉唯」「ゆいかおり」のCD・Blu-ray・DVD１点お買い上げごとに、「小倉唯」オリジナルブロマイドをプレゼント♪
こちらのチェックもお忘れなく☆→http://t.co/9o4bSS51t6 http://t.co/MCu6CsX8pB","ja","Tweet","ゆいかおり(小倉 唯＆石原夏織)公式","YUIKAORI_STAFF","","2","155","0","167","0","2015-07-05 10:38:14","https://x.com/YUIKAORI_STAFF/status/617507747819466752","<a href=""http://twitter.com"" rel=""nofollow"">Twitter Web Client</a>","","http://www.yuikaori.info/info/1048/","photo","https://pbs.twimg.com/media/CJHUBi4UEAAXekg.jpg"
"617507050919104512","ライブグッズの販売は、販売開始時刻を早めてのスタートとなりました☆
販売エリア、と〜っても賑わっています♪
何を買おうか悩んでいる方！！
グッズのラインナップはこちらで確認できますよ〜！→ http://t.co/g1bluw6zKR http://t.co/uISgQf2TSY","ja","Tweet","ゆいかおり(小倉 唯＆石原夏織)公式","YUIKAORI_STAFF","","1","228","0","233","0","2015-07-05 10:35:28","https://x.com/YUIKAORI_STAFF/status/617507050919104512","<a href=""http://twitter.com"" rel=""nofollow"">Twitter Web Client</a>","","http://www.ogurayui.jp/special/2015/happy-jam/index.html","photo","https://pbs.twimg.com/media/CJHTYxkUAAAZZ1T.jpg
https://pbs.twimg.com/media/CJHTYkRUcAAigEa.jpg
https://pbs.twimg.com/media/CJHTYdTUMAAOtpa.jpg
https://pbs.twimg.com/media/CJHTY-oUsAEPps8.jpg"
"617498919258320896","≪ゆいかおり・小倉 唯：公式サイト更新≫
小倉 唯 1st LIVE「HAPPY JAM」当日券について http://t.co/XrLDAyoHCe　#小倉唯","ja","Tweet","ゆいかおり(小倉 唯＆石原夏織)公式","YUIKAORI_STAFF","","0","139","0","79","0","2015-07-05 10:03:09","https://x.com/YUIKAORI_STAFF/status/617498919258320896","<a href=""http://twitter.com"" rel=""nofollow"">Twitter Web Client</a>","#小倉唯","http://www.yuikaori.info/info/1091/","",""
"617458916675325952","あいにくの雨ですが、本日はついに小倉唯1st LIVE「HAPPY JAM」です！
唯ちゃん、スタッフ共々気合十分です！みなさんも今日1日よろしくお願いします！！
#小倉唯","ja","Tweet","ゆいかおり(小倉 唯＆石原夏織)公式","YUIKAORI_STAFF","","14","363","0","309","0","2015-07-05 07:24:12","https://x.com/YUIKAORI_STAFF/status/617458916675325952","<a href=""http://twitter.com/download/iphone"" rel=""nofollow"">Twitter for iPhone</a>","#小倉唯","","",""
"617319531149524992","ブログを更新しました。 『ついに明日は☆』
⇒ http://t.co/8ELjQGacYi","ja","Tweet","ゆいかおり(小倉 唯＆石原夏織)公式","YUIKAORI_STAFF","","0","104","0","94","0","2015-07-04 22:10:20","https://x.com/YUIKAORI_STAFF/status/617319531149524992","<a href=""https://ameblo.jp/"" rel=""nofollow"">Ameba_Blog</a>","","http://ameblo.jp/ogurayui-0815/entry-12046635145.html","",""
"617187358903918593","その他のグッズも、皆さんのお手元にお届けできる準備が整っていますよ♪
小倉 唯 1st LIVE「HAPPY JAM」グッズ情報は、ライブ特設サイトでチェック！ → http://t.co/g1bluw6zKR
それでは明日！パシフィコ横浜で、皆さんのご来場をお待ちしてます〜☆","ja","Tweet","ゆいかおり(小倉 唯＆石原夏織)公式","YUIKAORI_STAFF","","0","82","0","99","0","2015-07-04 13:25:07","https://x.com/YUIKAORI_STAFF/status/617187358903918593","<a href=""http://twitter.com"" rel=""nofollow"">Twitter Web Client</a>","","http://www.ogurayui.jp/special/2015/happy-jam/index.html","",""
"617186477760327680","最後は会場いっぱいに輝く姿を早く見たいっ！『ペンライト』☆
声援とともに唯ちゃんに届けるピンクの光は、皆さんの思いがぎゅっと詰まったもの。
ライブロゴや両端に置かれたチェック柄と共に輝くペンライトが、その思いを一層大きくしてくれます♪ http://t.co/BcSGMuWmZ9","ja","Tweet","ゆいかおり(小倉 唯＆石原夏織)公式","YUIKAORI_STAFF","","0","126","0","144","0","2015-07-04 13:21:37","https://x.com/YUIKAORI_STAFF/status/617186477760327680","<a href=""http://twitter.com"" rel=""nofollow"">Twitter Web Client</a>","","","photo","https://pbs.twimg.com/media/CJCv1CnUYAAGW1-.jpg
https://pbs.twimg.com/media/CJCv1GvUAAAYMTo.jpg
https://pbs.twimg.com/media/CJCv1HaUcAAzudR.jpg"
"617185103425310720","お次は！皆さんのお手元で輝きを見せるグッズを続けてご紹介♪
おしゃれに身につけるもよし、ライブで流れる汗を拭うにも抜群な『リストバンド』！
ピンクとブラックで、ちょっぴり色の配置が違うというこだわりが光ります☆ http://t.co/qBwSKplG4c","ja","Tweet","ゆいかおり(小倉 唯＆石原夏織)公式","YUIKAORI_STAFF","","0","120","0","112","0","2015-07-04 13:16:10","https://x.com/YUIKAORI_STAFF/status/617185103425310720","<a href=""http://twitter.com"" rel=""nofollow"">Twitter Web Client</a>","","","photo","https://pbs.twimg.com/media/CJCuk8iUAAILtYe.jpg
https://pbs.twimg.com/media/CJCulKsUkAAxdKT.jpg
https://pbs.twimg.com/media/CJCulGTUcAEyyx-.jpg"
"617183872409669632","まずは、『Ｔシャツ』！
ライブロゴのピンクチェックが目を引く『ＴシャツＡ』はブラック＆イエローでのご用意☆
ホワイト地にカラフルなハートや音符が散りばめられた『ＴシャツＢ』も必見♪
""2015.07.05""と1stライブの記念日が…！ http://t.co/3knrVSmHCj","ja","Tweet","ゆいかおり(小倉 唯＆石原夏織)公式","YUIKAORI_STAFF","","0","163","0","155","0","2015-07-04 13:11:16","https://x.com/YUIKAORI_STAFF/status/617183872409669632","<a href=""http://twitter.com"" rel=""nofollow"">Twitter Web Client</a>","","","photo","https://pbs.twimg.com/media/CJCtdWlUMAAiUYE.jpg
https://pbs.twimg.com/media/CJCtc8SUMAA1Cqh.jpg
https://pbs.twimg.com/media/CJCtdXcUwAAHLIi.jpg
https://pbs.twimg.com/media/CJCtdeqUYAAkecS.jpg"
"617182121094852609","いよいよ明日！
小倉 唯 1st LIVE「HAPPY JAM」開幕ですね☆
皆さん、ライブに向かう準備は整っていますか〜？
昨日の唯ちゃんブログでもお話がでていましたが、ライブグッズのサンプルが続々到着しています！
今日はすこ〜しだけですが、そのサンプルをお見せしちゃいますよ♪","ja","Tweet","ゆいかおり(小倉 唯＆石原夏織)公式","YUIKAORI_STAFF","","1","190","0","176","0","2015-07-04 13:04:19","https://x.com/YUIKAORI_STAFF/status/617182121094852609","<a href=""http://twitter.com"" rel=""nofollow"">Twitter Web Client</a>","","","",""
"616991753715843073","ブログを更新しました。 『マグカップの秘密☆』
⇒ http://t.co/BVdbekXej1","ja","Tweet","ゆいかおり(小倉 唯＆石原夏織)公式","YUIKAORI_STAFF","","0","55","0","60","0","2015-07-04 00:27:51","https://x.com/YUIKAORI_STAFF/status/616991753715843073","<a href=""https://ameblo.jp/"" rel=""nofollow"">Ameba_Blog</a>","","http://ameblo.jp/ogurayui-0815/entry-12046311489.html","",""
"616988241170821121","ブログを更新しました。 『ガッチャマンクラウズインサイト』
⇒ http://t.co/cTkgMthFNp","ja","Tweet","ゆいかおり(小倉 唯＆石原夏織)公式","YUIKAORI_STAFF","","0","35","0","53","0","2015-07-04 00:13:54","https://x.com/YUIKAORI_STAFF/status/616988241170821121","<a href=""https://ameblo.jp/"" rel=""nofollow"">Ameba_Blog</a>","","http://ameblo.jp/ishiharakaori-0806/entry-12046307094.html","",""
"616667395445366784","Ring Ring Rainbow!!のMV、今回ドローンを使った空撮で、ダイナミックな映像になっています！ぜひ見てください！
先ほどたまたまですが、奏ちゃんが特殊能力でドローンを生成していましたね！https://t.co/F3ydFevi1h
#yuikaori","ja","Tweet","ゆいかおり(小倉 唯＆石原夏織)公式","YUIKAORI_STAFF","","0","152","0","176","0","2015-07-03 02:58:58","https://x.com/YUIKAORI_STAFF/status/616667395445366784","<a href=""http://twitter.com/download/iphone"" rel=""nofollow"">Twitter for iPhone</a>","#yuikaori","https://www.youtube.com/watch?v=SuN7rQQvXm4","",""
"616665319277510657","ゆいかおり8/5ニューシングル「Ring Ring Rainbow!!」のMUSIC VIDEOが公開されました！！https://t.co/F3ydFevi1h
#yuikaori","ja","Tweet","ゆいかおり(小倉 唯＆石原夏織)公式","YUIKAORI_STAFF","","1","208","0","169","0","2015-07-03 02:50:43","https://x.com/YUIKAORI_STAFF/status/616665319277510657","<a href=""http://twitter.com/download/iphone"" rel=""nofollow"">Twitter for iPhone</a>","#yuikaori","https://www.youtube.com/watch?v=SuN7rQQvXm4","",""
"616665216441520129","≪ゆいかおり：公式サイト更新≫
ゆいかおりニューシングル「Ring Ring Rainbow!!」のMUSIC VIDEO公開！ http://t.co/G8w3jFv0GM　#yuikaori","ja","Tweet","ゆいかおり(小倉 唯＆石原夏織)公式","YUIKAORI_STAFF","","0","100","0","105","0","2015-07-03 02:50:19","https://x.com/YUIKAORI_STAFF/status/616665216441520129","<a href=""http://twitter.com"" rel=""nofollow"">Twitter Web Client</a>","#yuikaori","http://www.yuikaori.info/info/1078/","",""
"616657159292616704","さぁ、城下町のダンデライオン始まりますよー！！#yuikaori","ja","Tweet","ゆいかおり(小倉 唯＆石原夏織)公式","YUIKAORI_STAFF","","0","71","0","83","0","2015-07-03 02:18:18","https://x.com/YUIKAORI_STAFF/status/616657159292616704","<a href=""http://twitter.com/download/iphone"" rel=""nofollow"">Twitter for iPhone</a>","#yuikaori","","",""
"616598676127887362","ブログを更新しました。 『ダンデライオン☆』
⇒ http://t.co/Mg97KLDEEh","ja","Tweet","ゆいかおり(小倉 唯＆石原夏織)公式","YUIKAORI_STAFF","","0","59","0","66","0","2015-07-02 22:25:54","https://x.com/YUIKAORI_STAFF/status/616598676127887362","<a href=""https://ameblo.jp/"" rel=""nofollow"">Ameba_Blog</a>","","http://ameblo.jp/ogurayui-0815/entry-12045881411.html","",""
"616596176750546944","アニメ放送後には…Ring Ring Rainbow!!のアレも解禁しちゃいますよ！アレ！またこちらで発表します！
#yuikaori","ja","Tweet","ゆいかおり(小倉 唯＆石原夏織)公式","YUIKAORI_STAFF","","1","128","0","120","0","2015-07-02 22:15:58","https://x.com/YUIKAORI_STAFF/status/616596176750546944","<a href=""http://twitter.com/download/iphone"" rel=""nofollow"">Twitter for iPhone</a>","#yuikaori","","",""
"616595744372322304","本日、TVアニメ『城下町のダンデライオン』がついに放送開始ですよー！
TBSでは深夜2:18～、CBCでは深夜3:20～からになります！
Ring Ring Rainbow!!、Honey❤️Come!!のTVCMも流れます！ぜひご注目！！
#yuikaori","ja","Tweet","ゆいかおり(小倉 唯＆石原夏織)公式","YUIKAORI_STAFF","","1","183","0","154","0","2015-07-02 22:14:15","https://x.com/YUIKAORI_STAFF/status/616595744372322304","<a href=""http://twitter.com/download/iphone"" rel=""nofollow"">Twitter for iPhone</a>","#yuikaori","","",""
"616564511143673856","ブログを更新しました。 『城下町のダンデライオン』
⇒ http://t.co/YrlsWkNmTD","ja","Tweet","ゆいかおり(小倉 唯＆石原夏織)公式","YUIKAORI_STAFF","","0","56","0","72","0","2015-07-02 20:10:09","https://x.com/YUIKAORI_STAFF/status/616564511143673856","<a href=""https://ameblo.jp/"" rel=""nofollow"">Ameba_Blog</a>","","http://ameblo.jp/ishiharakaori-0806/entry-12045824341.html","",""
"616441677746561024","ゆいかおりスタッフによる【ゆいかおりLIVE「HEARTY PARTY!!」衣装展2015 ☆ レポート vol.1～6】を公開しました♪
http://t.co/ehDW8S1d9v　　#yuikaori","ja","Tweet","ゆいかおり(小倉 唯＆石原夏織)公式","YUIKAORI_STAFF","","0","88","0","106","0","2015-07-02 12:02:03","https://x.com/YUIKAORI_STAFF/status/616441677746561024","<a href=""http://twitter.com"" rel=""nofollow"">Twitter Web Client</a>","#yuikaori","http://yuikaori-report.info/?eid=92","",""
"616229733546655744","≪THANK YOU☆10,000フォロー突破記念企画！ vol.2≫
10,000フォロー突破記念として、ゆいかおり＆小倉 唯 公式サイトの“ウェブクリップアイコン”の配布が決定☆　
詳しくはこちら！ → http://t.co/hnaui9NkQj　#yuikaori","ja","Tweet","ゆいかおり(小倉 唯＆石原夏織)公式","YUIKAORI_STAFF","","4","148","0","175","0","2015-07-01 21:59:52","https://x.com/YUIKAORI_STAFF/status/616229733546655744","<a href=""http://twitter.com"" rel=""nofollow"">Twitter Web Client</a>","#yuikaori","http://www.yuikaori.info/info/1076/","",""
"616229583247929345","≪THANK YOU☆10,000フォロー突破記念企画！ vol.1≫
ちょっぴり遅くなってしまいましたが、本アカウントのフォロワーが10,000人を突破いたしました♪
皆さん、フォローいただきありがとうございます☆　#yuikaori","ja","Tweet","ゆいかおり(小倉 唯＆石原夏織)公式","YUIKAORI_STAFF","","15","113","0","154","0","2015-07-01 21:59:16","https://x.com/YUIKAORI_STAFF/status/616229583247929345","<a href=""http://twitter.com"" rel=""nofollow"">Twitter Web Client</a>","#yuikaori","","",""
"616140896816402433","≪ゆいかおり：公式サイト更新≫
ゆいかおり、「文化放送Ａ＆Ｇオールスター2015」出演決定！ http://t.co/xu35IpGvNv　#yuikaori","ja","Tweet","ゆいかおり(小倉 唯＆石原夏織)公式","YUIKAORI_STAFF","","0","83","0","93","0","2015-07-01 16:06:51","https://x.com/YUIKAORI_STAFF/status/616140896816402433","<a href=""http://twitter.com"" rel=""nofollow"">Twitter Web Client</a>","#yuikaori","http://www.yuikaori.info/info/1074/","",""
"616036371136839680","ブログを更新しました。 『衣装着たよ☆』
⇒ http://t.co/RxKxUmuZeT","ja","Tweet","ゆいかおり(小倉 唯＆石原夏織)公式","YUIKAORI_STAFF","","0","52","0","65","0","2015-07-01 09:11:30","https://x.com/YUIKAORI_STAFF/status/616036371136839680","<a href=""https://ameblo.jp/"" rel=""nofollow"">Ameba_Blog</a>","","http://ameblo.jp/ogurayui-0815/entry-12045207148.html","",""
"615450045698043904","≪ゆいかおり：公式サイト更新≫
石原夏織の出演情報を更新しました☆
http://t.co/9IT8M7mr7s 　#yuikaori","ja","Tweet","ゆいかおり(小倉 唯＆石原夏織)公式","YUIKAORI_STAFF","","0","50","0","64","0","2015-06-29 18:21:40","https://x.com/YUIKAORI_STAFF/status/615450045698043904","<a href=""http://twitter.com"" rel=""nofollow"">Twitter Web Client</a>","#yuikaori","http://www.yuikaori.info/profile/","",""
"615188823027245056","本日の実ラジで小倉唯の新曲「ガーリッシュエイジ」 が解禁になりました！8/12発売のニューシングル「Honey❤️Come!!」に収録されています。試聴もこちらでできますよ！
http://t.co/y4n2hKg9E8
#yuikaori","ja","Tweet","ゆいかおり(小倉 唯＆石原夏織)公式","YUIKAORI_STAFF","","0","99","0","95","0","2015-06-29 01:03:39","https://x.com/YUIKAORI_STAFF/status/615188823027245056","<a href=""http://twitter.com/download/iphone"" rel=""nofollow"">Twitter for iPhone</a>","#yuikaori","http://www.yuikaori.info/info/1065/","",""
"615188251205222400","≪ゆいかおり・小倉 唯：公式サイト更新≫
小倉唯、新曲「ガーリッシュエイジ」試聴情報
http://t.co/y4n2hKg9E8 　#yuikaori","ja","Tweet","ゆいかおり(小倉 唯＆石原夏織)公式","YUIKAORI_STAFF","","0","102","0","98","0","2015-06-29 01:01:23","https://x.com/YUIKAORI_STAFF/status/615188251205222400","<a href=""http://twitter.com"" rel=""nofollow"">Twitter Web Client</a>","#yuikaori","http://www.yuikaori.info/info/1065/","",""
"615168043308548096","ブログを更新しました。 『きららフェスタ！』
⇒ http://t.co/E12UN5Pwjc","ja","Tweet","ゆいかおり(小倉 唯＆石原夏織)公式","YUIKAORI_STAFF","","0","62","0","68","0","2015-06-28 23:41:05","https://x.com/YUIKAORI_STAFF/status/615168043308548096","<a href=""https://ameblo.jp/"" rel=""nofollow"">Ameba_Blog</a>","","http://ameblo.jp/ishiharakaori-0806/entry-12044326158.html","",""
"615159362693132288","ブログを更新しました。 『合体祭☆』
⇒ http://t.co/pNrCgjq9JI","ja","Tweet","ゆいかおり(小倉 唯＆石原夏織)公式","YUIKAORI_STAFF","","0","72","0","71","0","2015-06-28 23:06:35","https://x.com/YUIKAORI_STAFF/status/615159362693132288","<a href=""https://ameblo.jp/"" rel=""nofollow"">Ameba_Blog</a>","","http://ameblo.jp/ogurayui-0815/entry-12044310727.html","",""
"615146123099963392","本日の文化放送「ゆいかおりの実♪」にて、小倉唯の新曲「ガーリッシュエイジ」が宇宙初解禁ですよ！ぜひ24:30からお聴き逃しなく！
#yuikaori","ja","Tweet","ゆいかおり(小倉 唯＆石原夏織)公式","YUIKAORI_STAFF","","0","125","0","123","0","2015-06-28 22:13:59","https://x.com/YUIKAORI_STAFF/status/615146123099963392","<a href=""http://twitter.com/download/iphone"" rel=""nofollow"">Twitter for iPhone</a>","#yuikaori","","",""
"614994196793946112","ブログを更新しました。 『今日は？(^-^)☆』
⇒ http://t.co/qxSCK6N5Z6","ja","Tweet","ゆいかおり(小倉 唯＆石原夏織)公式","YUIKAORI_STAFF","","0","47","0","51","0","2015-06-28 12:10:17","https://x.com/YUIKAORI_STAFF/status/614994196793946112","<a href=""https://ameblo.jp/"" rel=""nofollow"">Ameba_Blog</a>","","http://ameblo.jp/ogurayui-0815/entry-12044083370.html","",""
"614430958465368064","ブログを更新しました。 『ニューシングル♪』
⇒ http://t.co/yje8gC0xYX","ja","Tweet","ゆいかおり(小倉 唯＆石原夏織)公式","YUIKAORI_STAFF","","0","45","0","63","0","2015-06-26 22:52:10","https://x.com/YUIKAORI_STAFF/status/614430958465368064","<a href=""https://ameblo.jp/"" rel=""nofollow"">Ameba_Blog</a>","","http://ameblo.jp/ishiharakaori-0806/entry-12043549949.html","",""
"614255046377648129","そして！ゆいかおりニューシングル「Ring Ring Rainbow!!」に収録されるカップリング曲のタイトルが「Calling Calling」に決定しました！！
http://t.co/0RJGHgvbBs
#yuikaori","ja","Tweet","ゆいかおり(小倉 唯＆石原夏織)公式","YUIKAORI_STAFF","","0","104","0","117","0","2015-06-26 11:13:10","https://x.com/YUIKAORI_STAFF/status/614255046377648129","<a href=""http://twitter.com/download/iphone"" rel=""nofollow"">Twitter for iPhone</a>","#yuikaori","http://www.yuikaori.info/discography/","",""
"614238141797416960","公式HPのトップページも、プロフィールページも写真が変わったので、チェックしてみてくださいね♪
http://t.co/sIDdZCXWdR
http://t.co/9IT8M7mr7s
#yuikaori","ja","Tweet","ゆいかおり(小倉 唯＆石原夏織)公式","YUIKAORI_STAFF","","0","77","0","92","0","2015-06-26 10:05:59","https://x.com/YUIKAORI_STAFF/status/614238141797416960","<a href=""http://twitter.com"" rel=""nofollow"">Twitter Web Client</a>","#yuikaori","http://www.yuikaori.info
http://www.yuikaori.info/profile/","",""
"614237256719560704","ゆいかおり8/5ニューシングル「Ring Ring Rainbow!!」のジャケット写真が公開されました！！#yuikaori http://t.co/ZSQdsHputw","ja","Tweet","ゆいかおり(小倉 唯＆石原夏織)公式","YUIKAORI_STAFF","","0","413","0","390","1","2015-06-26 10:02:28","https://x.com/YUIKAORI_STAFF/status/614237256719560704","<a href=""http://twitter.com/download/iphone"" rel=""nofollow"">Twitter for iPhone</a>","#yuikaori","","photo","https://pbs.twimg.com/media/CIY1hopUwAAmtgm.jpg
https://pbs.twimg.com/media/CIY1horUMAEi8_A.jpg"
"614237058014380032","≪ゆいかおり：公式サイト更新≫
ゆいかおりニューシングル「Ring Ring Rainbow!!」ジャケット写真公開！
http://t.co/0RJGHgvbBs 　#yuikaori","ja","Tweet","ゆいかおり(小倉 唯＆石原夏織)公式","YUIKAORI_STAFF","","0","76","0","80","0","2015-06-26 10:01:41","https://x.com/YUIKAORI_STAFF/status/614237058014380032","<a href=""http://twitter.com"" rel=""nofollow"">Twitter Web Client</a>","#yuikaori","http://www.yuikaori.info/discography/","",""
"614069406193168384","ブログを更新しました。 『ソログッズ公開☆』
⇒ http://t.co/I6VptCxodG","ja","Tweet","ゆいかおり(小倉 唯＆石原夏織)公式","YUIKAORI_STAFF","","0","74","0","69","0","2015-06-25 22:55:29","https://x.com/YUIKAORI_STAFF/status/614069406193168384","<a href=""https://ameblo.jp/"" rel=""nofollow"">Ameba_Blog</a>","","http://ameblo.jp/ogurayui-0815/entry-12043177279.html","",""
"614023786883461120","7/5(日)パシフィコ横浜 国立大ホールで開催される、小倉 唯 1st LIVE「HAPPY JAM」のライブグッズが公開となりました☆　ライブまで、あと10日っ！　まだグッズ見てない！という方はこちらでチェック♪→http://t.co/g1bluw6zKR　#yuikaori","ja","Tweet","ゆいかおり(小倉 唯＆石原夏織)公式","YUIKAORI_STAFF","","2","166","0","144","0","2015-06-25 19:54:13","https://x.com/YUIKAORI_STAFF/status/614023786883461120","<a href=""http://twitter.com"" rel=""nofollow"">Twitter Web Client</a>","#yuikaori","http://www.ogurayui.jp/special/2015/happy-jam/index.html","",""
"613995430636990464","≪ゆいかおり・小倉 唯：公式サイト更新≫
小倉 唯 1st LIVE「HAPPY JAM」ライブグッズ情報！ http://t.co/hGa0mrgBrV　#yuikaori","ja","Tweet","ゆいかおり(小倉 唯＆石原夏織)公式","YUIKAORI_STAFF","","0","243","0","149","0","2015-06-25 18:01:32","https://x.com/YUIKAORI_STAFF/status/613995430636990464","<a href=""http://twitter.com"" rel=""nofollow"">Twitter Web Client</a>","#yuikaori","http://www.yuikaori.info/info/1049/","",""
"613995157973655552","≪ゆいかおり・小倉 唯：公式サイト更新≫
小倉 唯 1st LIVE「HAPPY JAM」ライブ会場CD物販ブース特典情報！ http://t.co/9o4bSS51t6　#yuikaori","ja","Tweet","ゆいかおり(小倉 唯＆石原夏織)公式","YUIKAORI_STAFF","","1","84","0","99","0","2015-06-25 18:00:27","https://x.com/YUIKAORI_STAFF/status/613995157973655552","<a href=""http://twitter.com"" rel=""nofollow"">Twitter Web Client</a>","#yuikaori","http://www.yuikaori.info/info/1048/","",""
"613723169845698560","ブログを更新しました。 『贅沢買い❤︎』
⇒ http://t.co/fFQCr2jHy6","ja","Tweet","ゆいかおり(小倉 唯＆石原夏織)公式","YUIKAORI_STAFF","","1","54","0","61","0","2015-06-24 23:59:40","https://x.com/YUIKAORI_STAFF/status/613723169845698560","<a href=""https://ameblo.jp/"" rel=""nofollow"">Ameba_Blog</a>","","http://ameblo.jp/ishiharakaori-0806/entry-12042828563.html","",""
"613357369871826948","ブログを更新しました。 『巻きポニテ☆』
⇒ http://t.co/8oWGko0Dhe","ja","Tweet","ゆいかおり(小倉 唯＆石原夏織)公式","YUIKAORI_STAFF","","0","74","0","70","0","2015-06-23 23:46:07","https://x.com/YUIKAORI_STAFF/status/613357369871826948","<a href=""https://ameblo.jp/"" rel=""nofollow"">Ameba_Blog</a>","","http://ameblo.jp/ogurayui-0815/entry-12042438454.html","",""
"612858409872814080","≪ゆいかおり：公式サイト更新≫
ゆいかおりがNHK「MUSIC JAPAN」出演決定！・観覧募集中！
http://t.co/XXGHtqn7tu　#yuikaori","ja","Tweet","ゆいかおり(小倉 唯＆石原夏織)公式","YUIKAORI_STAFF","","0","209","0","153","0","2015-06-22 14:43:25","https://x.com/YUIKAORI_STAFF/status/612858409872814080","<a href=""http://twitter.com"" rel=""nofollow"">Twitter Web Client</a>","#yuikaori","http://www.yuikaori.info/info/1054/","",""
"612856926758539264","ゆいかおり、NHK「MUSIC JAPAN」の出演が決まりましたー！！観覧方法など詳しくはリンク先にてご確認ください。
http://t.co/XXGHtqn7tu
#yuikaori","ja","Tweet","ゆいかおり(小倉 唯＆石原夏織)公式","YUIKAORI_STAFF","","1","355","0","266","0","2015-06-22 14:37:32","https://x.com/YUIKAORI_STAFF/status/612856926758539264","<a href=""http://twitter.com/download/iphone"" rel=""nofollow"">Twitter for iPhone</a>","#yuikaori","http://www.yuikaori.info/info/1054/","",""
"612806303258251264","ブログを更新しました。 『キンスパ2日目☆』
⇒ http://t.co/ty5R1I1bvT","ja","Tweet","ゆいかおり(小倉 唯＆石原夏織)公式","YUIKAORI_STAFF","","1","132","1","96","0","2015-06-22 11:16:22","https://x.com/YUIKAORI_STAFF/status/612806303258251264","<a href=""https://ameblo.jp/"" rel=""nofollow"">Ameba_Blog</a>","","http://ameblo.jp/ogurayui-0815/entry-12041788994.html","",""
"612786332369207296","そして来週は小倉唯ニューシングルのカップリング曲「ガーリッシュエイジ」もオンエアしちゃいますよー！お楽しみに！#yuikaori","ja","Tweet","ゆいかおり(小倉 唯＆石原夏織)公式","YUIKAORI_STAFF","","0","65","0","80","0","2015-06-22 09:57:01","https://x.com/YUIKAORI_STAFF/status/612786332369207296","<a href=""http://twitter.com/download/iphone"" rel=""nofollow"">Twitter for iPhone</a>","#yuikaori","","",""
"612786191750959105","実ラジで「Honey❤️Come!!」(作詞：大森祥子／作曲：俊龍／編曲：大久保 薫)初解禁でした！ここで少し試聴もできますよ！http://t.co/4D1yG2U7FU
#yuikaori","ja","Tweet","ゆいかおり(小倉 唯＆石原夏織)公式","YUIKAORI_STAFF","","0","100","0","100","0","2015-06-22 09:56:27","https://x.com/YUIKAORI_STAFF/status/612786191750959105","<a href=""http://twitter.com/download/iphone"" rel=""nofollow"">Twitter for iPhone</a>","#yuikaori","http://www.yuikaori.info/info/1050/","",""
"612652392450920448","ブログを更新しました。 『キンスパ〜！2日目』
⇒ http://t.co/gDWDaUTPFo","ja","Tweet","ゆいかおり(小倉 唯＆石原夏織)公式","YUIKAORI_STAFF","","0","107","0","114","0","2015-06-22 01:04:47","https://x.com/YUIKAORI_STAFF/status/612652392450920448","<a href=""http://twitter.com"" rel=""nofollow"">Twitter Web Client</a>","","http://ameblo.jp/ishiharakaori-0806/entry-12041687570.html","",""
"612651459511873536","≪ゆいかおり・小倉 唯：公式サイト更新≫
小倉唯ニューシングル「Honey♥Come!!」試聴情報
http://t.co/4D1yG2U7FU　#yuikaori","ja","Tweet","ゆいかおり(小倉 唯＆石原夏織)公式","YUIKAORI_STAFF","","0","141","0","131","0","2015-06-22 01:01:05","https://x.com/YUIKAORI_STAFF/status/612651459511873536","<a href=""http://twitter.com"" rel=""nofollow"">Twitter Web Client</a>","#yuikaori","http://www.yuikaori.info/info/1050/","",""
"612649528454332416","唯ちゃんの罰ゲームの戦利品（？）はこちらです！
#yuikaori #joqr http://t.co/PpZeqR0q9U","ja","Tweet","ゆいかおり(小倉 唯＆石原夏織)公式","YUIKAORI_STAFF","","4","181","0","274","0","2015-06-22 00:53:24","https://x.com/YUIKAORI_STAFF/status/612649528454332416","<a href=""http://twitter.com/download/iphone"" rel=""nofollow"">Twitter for iPhone</a>","#yuikaori, #joqr","","photo","https://pbs.twimg.com/media/CICRfbLVEAE09q1.jpg"
"612644111372259328","実ラジはじまりましたよー♪
#yuikaori #joqr","ja","Tweet","ゆいかおり(小倉 唯＆石原夏織)公式","YUIKAORI_STAFF","","1","45","0","63","0","2015-06-22 00:31:53","https://x.com/YUIKAORI_STAFF/status/612644111372259328","<a href=""http://twitter.com/download/iphone"" rel=""nofollow"">Twitter for iPhone</a>","#yuikaori, #joqr","","",""
"612630231036227584","そして！今夜の文化放送「ゆいかおりの実♪」では8/12発売の小倉唯ニューシングル「Honey❤️Come!!」が宇宙初解禁ですよ！お聴き逃しなく！！！！！！！#yuikaori #joqr","ja","Tweet","ゆいかおり(小倉 唯＆石原夏織)公式","YUIKAORI_STAFF","","0","179","0","150","0","2015-06-21 23:36:43","https://x.com/YUIKAORI_STAFF/status/612630231036227584","<a href=""http://twitter.com/download/iphone"" rel=""nofollow"">Twitter for iPhone</a>","#yuikaori, #joqr","","",""
"612629096690946049","キングスーパーライブ2015に参加されたみなさん、お疲れさまでした！！とても熱い２日間でした！ありがとうございました！#yuikaori http://t.co/G4GogvxouZ","ja","Tweet","ゆいかおり(小倉 唯＆石原夏織)公式","YUIKAORI_STAFF","","17","1403","1","1626","1","2015-06-21 23:32:13","https://x.com/YUIKAORI_STAFF/status/612629096690946049","<a href=""http://twitter.com/download/iphone"" rel=""nofollow"">Twitter for iPhone</a>","#yuikaori","","photo","https://pbs.twimg.com/media/CIB-6UIUEAEaGsG.jpg"
"612278223070720000","ブログを更新しました。 『キンスパ1日目☆』
⇒ http://t.co/AnxEJiw2G0","ja","Tweet","ゆいかおり(小倉 唯＆石原夏織)公式","YUIKAORI_STAFF","","1","118","0","91","0","2015-06-21 00:17:58","https://x.com/YUIKAORI_STAFF/status/612278223070720000","<a href=""https://ameblo.jp/"" rel=""nofollow"">Ameba_Blog</a>","","http://ameblo.jp/ogurayui-0815/entry-12041278071.html","",""
"612256590305951745","ブログを更新しました。 『キンスパ！1日目』
⇒ http://t.co/A7ktQakgXR","ja","Tweet","ゆいかおり(小倉 唯＆石原夏織)公式","YUIKAORI_STAFF","","1","137","0","127","0","2015-06-20 22:52:00","https://x.com/YUIKAORI_STAFF/status/612256590305951745","<a href=""https://ameblo.jp/"" rel=""nofollow"">Ameba_Blog</a>","","http://ameblo.jp/ishiharakaori-0806/entry-12041242735.html","",""
"611913508557459457","ブログを更新しました。 『明日は☆』
⇒ http://t.co/t7NGhX8gfx","ja","Tweet","ゆいかおり(小倉 唯＆石原夏織)公式","YUIKAORI_STAFF","","0","54","0","59","0","2015-06-20 00:08:43","https://x.com/YUIKAORI_STAFF/status/611913508557459457","<a href=""https://ameblo.jp/"" rel=""nofollow"">Ameba_Blog</a>","","http://ameblo.jp/ogurayui-0815/entry-12040907361.html","",""
"611481371492528128","ブログを更新しました。 『今日も雨〜』
⇒ http://t.co/iRci2KMdq7","ja","Tweet","ゆいかおり(小倉 唯＆石原夏織)公式","YUIKAORI_STAFF","","0","35","0","52","0","2015-06-18 19:31:34","https://x.com/YUIKAORI_STAFF/status/611481371492528128","<a href=""https://ameblo.jp/"" rel=""nofollow"">Ameba_Blog</a>","","http://ameblo.jp/ishiharakaori-0806/entry-12040421096.html","",""
"611184087366144001","ブログを更新しました。 『あいす〜☆』
⇒ http://t.co/d2bsBAJhFl","ja","Tweet","ゆいかおり(小倉 唯＆石原夏織)公式","YUIKAORI_STAFF","","0","59","0","61","0","2015-06-17 23:50:16","https://x.com/YUIKAORI_STAFF/status/611184087366144001","<a href=""https://ameblo.jp/"" rel=""nofollow"">Ameba_Blog</a>","","http://ameblo.jp/ogurayui-0815/entry-12040146053.html","",""
"611092576519598080","≪ゆいかおり・小倉 唯：公式サイト更新≫
小倉 唯＆石原夏織の出演情報を更新しました☆
http://t.co/9IT8M7mr7s　#yuikaori","ja","Tweet","ゆいかおり(小倉 唯＆石原夏織)公式","YUIKAORI_STAFF","","1","50","0","70","0","2015-06-17 17:46:38","https://x.com/YUIKAORI_STAFF/status/611092576519598080","<a href=""http://twitter.com"" rel=""nofollow"">Twitter Web Client</a>","#yuikaori","http://www.yuikaori.info/profile/","",""
"610786502914609152","ブログを更新しました。 『なんとなんと☆』
⇒ http://t.co/foTkNsT8EC","ja","Tweet","ゆいかおり(小倉 唯＆石原夏織)公式","YUIKAORI_STAFF","","0","61","0","68","0","2015-06-16 21:30:24","https://x.com/YUIKAORI_STAFF/status/610786502914609152","<a href=""https://ameblo.jp/"" rel=""nofollow"">Ameba_Blog</a>","","http://ameblo.jp/ogurayui-0815/entry-12039682316.html","",""
"610118235543875585","そして！来週は小倉唯の新曲「Honey♥Come!!」も宇宙初解禁しますよ！こちらは俊龍さんに作曲して頂きました！ぜひ来週もお聴き逃しなく！
#yuikaori #小倉唯","ja","Tweet","ゆいかおり(小倉 唯＆石原夏織)公式","YUIKAORI_STAFF","","2","151","0","153","0","2015-06-15 01:14:57","https://x.com/YUIKAORI_STAFF/status/610118235543875585","<a href=""http://twitter.com/download/iphone"" rel=""nofollow"">Twitter for iPhone</a>","#yuikaori, #小倉唯","","",""
"610117022412726272","実ラジにてゆいかおり新曲「Ring Ring Rainbow!!」初解禁でしたー！いかがでしたか？公式サイトでは試聴も開始しましたので、聞き逃した方はこちらでチェック！！http://t.co/sIDdZCXWdR
#yuikaori","ja","Tweet","ゆいかおり(小倉 唯＆石原夏織)公式","YUIKAORI_STAFF","","1","99","0","108","0","2015-06-15 01:10:08","https://x.com/YUIKAORI_STAFF/status/610117022412726272","<a href=""http://twitter.com/download/iphone"" rel=""nofollow"">Twitter for iPhone</a>","#yuikaori","http://www.yuikaori.info","",""
"610114713301594112","≪ゆいかおり：公式サイト更新≫
ゆいかおりニューシングル「Ring Ring Rainbow!!」試聴情報 
http://t.co/xjgnI7MoC3　#yuikaori","ja","Tweet","ゆいかおり(小倉 唯＆石原夏織)公式","YUIKAORI_STAFF","","0","147","0","125","0","2015-06-15 01:00:57","https://x.com/YUIKAORI_STAFF/status/610114713301594112","<a href=""http://twitter.com"" rel=""nofollow"">Twitter Web Client</a>","#yuikaori","http://www.yuikaori.info/info/1041/","",""
"610104098717765632","ブログを更新しました。 『ユリ熊嵐イベント☆』
⇒ http://t.co/Bq2cwEQMos","ja","Tweet","ゆいかおり(小倉 唯＆石原夏織)公式","YUIKAORI_STAFF","","0","60","0","65","0","2015-06-15 00:18:46","https://x.com/YUIKAORI_STAFF/status/610104098717765632","<a href=""https://ameblo.jp/"" rel=""nofollow"">Ameba_Blog</a>","","http://ameblo.jp/ogurayui-0815/entry-12038979996.html","",""
"610103373866496000","さぁ！このあとは24:30から文化放送で実ラジですよ！準備はいいですか？
#yuikaori #joqr","ja","Tweet","ゆいかおり(小倉 唯＆石原夏織)公式","YUIKAORI_STAFF","","2","64","0","64","0","2015-06-15 00:15:54","https://x.com/YUIKAORI_STAFF/status/610103373866496000","<a href=""http://twitter.com/download/iphone"" rel=""nofollow"">Twitter for iPhone</a>","#yuikaori, #joqr","","",""
"610022879644684288","本日24:30から文化放送にて「ゆいかおりの実♪」ですよー！今回はついにニューシングル「Ring Ring Rainbow!!」が宇宙初解禁！！お楽しみに！#yuikaori #joqr","ja","Tweet","ゆいかおり(小倉 唯＆石原夏織)公式","YUIKAORI_STAFF","","0","158","0","145","0","2015-06-14 18:56:02","https://x.com/YUIKAORI_STAFF/status/610022879644684288","<a href=""http://twitter.com/download/iphone"" rel=""nofollow"">Twitter for iPhone</a>","#yuikaori, #joqr","","",""
"609725776485724160","ブログを更新しました。 『塩分補給☆』
⇒ http://t.co/lkuOdOxEAL","ja","Tweet","ゆいかおり(小倉 唯＆石原夏織)公式","YUIKAORI_STAFF","","0","56","0","51","0","2015-06-13 23:15:27","https://x.com/YUIKAORI_STAFF/status/609725776485724160","<a href=""https://ameblo.jp/"" rel=""nofollow"">Ameba_Blog</a>","","http://ameblo.jp/ogurayui-0815/entry-12038557358.html","",""
"609512657272442880","この後、am10:00〜！
小倉 唯 1st LIVE「HAPPY JAM」のチケット一般発売がスタート☆
チケットは先着順での販売となります。このチャンスをお見逃しなく♪

http://t.co/z82bcuOSVY
#yuikaori","ja","Tweet","ゆいかおり(小倉 唯＆石原夏織)公式","YUIKAORI_STAFF","","0","81","0","47","0","2015-06-13 09:08:36","https://x.com/YUIKAORI_STAFF/status/609512657272442880","<a href=""http://twitter.com"" rel=""nofollow"">Twitter Web Client</a>","#yuikaori","http://www.yuikaori.info/info/1039/","",""
"609355881231159297","ブログを更新しました。 『！！！』
⇒ http://t.co/g8rlyT7a6G","ja","Tweet","ゆいかおり(小倉 唯＆石原夏織)公式","YUIKAORI_STAFF","","0","56","0","60","0","2015-06-12 22:45:38","https://x.com/YUIKAORI_STAFF/status/609355881231159297","<a href=""https://ameblo.jp/"" rel=""nofollow"">Ameba_Blog</a>","","http://ameblo.jp/ishiharakaori-0806/entry-12038167831.html","",""
"609199014962069504","≪石原夏織：ブログ情報≫
本日、夏織ちゃんのブログデザインをリニューアルしました～♪
ちょっぴり夏を先取り？素敵なデザインになっています☆

●石原夏織オフィシャルブログ「Mahalo.」
http://t.co/klrhDrXcIR
#yuikaori","ja","Tweet","ゆいかおり(小倉 唯＆石原夏織)公式","YUIKAORI_STAFF","","1","106","0","99","0","2015-06-12 12:22:18","https://x.com/YUIKAORI_STAFF/status/609199014962069504","<a href=""http://twitter.com"" rel=""nofollow"">Twitter Web Client</a>","#yuikaori","http://ameblo.jp/ishiharakaori-0806/","",""
"609170233308229632","ゆいかおりLIVE BD&amp;DVD発売記念「HEARTY PARTY!!」衣装展、本日が最終日です！
皆さん、ぜひお立ち寄りくださいね～☆

開催場所：AKIHABARAゲーマーズ本店 7階
http://t.co/fx8ZKvYVOI
#yuikaori","ja","Tweet","ゆいかおり(小倉 唯＆石原夏織)公式","YUIKAORI_STAFF","","0","59","0","51","0","2015-06-12 10:27:56","https://x.com/YUIKAORI_STAFF/status/609170233308229632","<a href=""http://twitter.com"" rel=""nofollow"">Twitter Web Client</a>","#yuikaori","http://www.anibro.jp/museum/19266/","",""
"609164476361760768","≪ゆいかおり・小倉 唯：公式サイト更新≫
小倉 唯 1st LIVE「HAPPY JAM」チケット一般発売情報 http://t.co/z82bcuOSVY　#yuikaori","ja","Tweet","ゆいかおり(小倉 唯＆石原夏織)公式","YUIKAORI_STAFF","","0","68","0","60","0","2015-06-12 10:05:03","https://x.com/YUIKAORI_STAFF/status/609164476361760768","<a href=""http://twitter.com"" rel=""nofollow"">Twitter Web Client</a>","#yuikaori","http://www.yuikaori.info/info/1039/","",""
"609014204813590528","ブログを更新しました。 『おやす☆』
⇒ http://t.co/CoJyrzTRI6","ja","Tweet","ゆいかおり(小倉 唯＆石原夏織)公式","YUIKAORI_STAFF","","0","48","0","52","0","2015-06-12 00:07:56","https://x.com/YUIKAORI_STAFF/status/609014204813590528","<a href=""https://ameblo.jp/"" rel=""nofollow"">Ameba_Blog</a>","","http://ameblo.jp/ogurayui-0815/entry-12037833504.html","",""
"608278652854222848","ブログを更新しました。 『いつも☆』
⇒ http://t.co/GkJv3WFDuS","ja","Tweet","ゆいかおり(小倉 唯＆石原夏織)公式","YUIKAORI_STAFF","","0","54","0","52","0","2015-06-09 23:25:06","https://x.com/YUIKAORI_STAFF/status/608278652854222848","<a href=""https://ameblo.jp/"" rel=""nofollow"">Ameba_Blog</a>","","http://ameblo.jp/ogurayui-0815/entry-12037065616.html","",""
"607877264672325632","ブログを更新しました。 『最近☆』
⇒ http://t.co/asWFwqUdMX","ja","Tweet","ゆいかおり(小倉 唯＆石原夏織)公式","YUIKAORI_STAFF","","0","59","0","68","0","2015-06-08 20:50:08","https://x.com/YUIKAORI_STAFF/status/607877264672325632","<a href=""https://ameblo.jp/"" rel=""nofollow"">Ameba_Blog</a>","","http://ameblo.jp/ogurayui-0815/entry-12036597542.html","",""
"607564164018495489","このあと24:30から！文化放送にて「ゆいかおりの実♪」が始まります！ぜひお聞きください！
#joqr #yuikaori","ja","Tweet","ゆいかおり(小倉 唯＆石原夏織)公式","YUIKAORI_STAFF","","0","46","0","59","0","2015-06-08 00:05:59","https://x.com/YUIKAORI_STAFF/status/607564164018495489","<a href=""http://twitter.com/download/iphone"" rel=""nofollow"">Twitter for iPhone</a>","#joqr, #yuikaori","","",""
"607542566855131137","ブログを更新しました。 『ふぅ〜』
⇒ http://t.co/foDwGjAACV","ja","Tweet","ゆいかおり(小倉 唯＆石原夏織)公式","YUIKAORI_STAFF","","0","73","0","50","0","2015-06-07 22:40:10","https://x.com/YUIKAORI_STAFF/status/607542566855131137","<a href=""https://ameblo.jp/"" rel=""nofollow"">Ameba_Blog</a>","","http://ameblo.jp/ishiharakaori-0806/entry-12036244254.html","",""
"607493756397297665","さらに「ゆいかおり スペシャル」の後は、「KING SUPER LIVE 2015 出演アーティスト スペシャル」が放送されちゃいます☆こちらも続けてお楽しみくださいー！！！ #yuikaori","ja","Tweet","ゆいかおり(小倉 唯＆石原夏織)公式","YUIKAORI_STAFF","","0","70","0","69","0","2015-06-07 19:26:12","https://x.com/YUIKAORI_STAFF/status/607493756397297665","<a href=""http://twitter.com"" rel=""nofollow"">Twitter Web Client</a>","#yuikaori","","",""
"607493582719549440","本日19:30～ スペースシャワーTVプラスにて「ゆいかおり スペシャル」が放送されます♪皆さん、視聴の準備はいかがですか？ぜひご覧くださいね〜☆ #yuikaori","ja","Tweet","ゆいかおり(小倉 唯＆石原夏織)公式","YUIKAORI_STAFF","","1","74","0","69","0","2015-06-07 19:25:31","https://x.com/YUIKAORI_STAFF/status/607493582719549440","<a href=""http://twitter.com"" rel=""nofollow"">Twitter Web Client</a>","#yuikaori","","",""
"607196679507279872","ブログを更新しました。 『エジソン！』
⇒ http://t.co/8QG872CHBH","ja","Tweet","ゆいかおり(小倉 唯＆石原夏織)公式","YUIKAORI_STAFF","","0","62","0","87","0","2015-06-06 23:45:44","https://x.com/YUIKAORI_STAFF/status/607196679507279872","<a href=""https://ameblo.jp/"" rel=""nofollow"">Ameba_Blog</a>","","http://ameblo.jp/ishiharakaori-0806/entry-12035872306.html","",""
"607196554097590272","ブログを更新しました。 『エジソン☆』
⇒ http://t.co/7rhiAfmOOk","ja","Tweet","ゆいかおり(小倉 唯＆石原夏織)公式","YUIKAORI_STAFF","","0","68","0","83","0","2015-06-06 23:45:14","https://x.com/YUIKAORI_STAFF/status/607196554097590272","<a href=""https://ameblo.jp/"" rel=""nofollow"">Ameba_Blog</a>","","http://ameblo.jp/ogurayui-0815/entry-12035874243.html","",""
"607191679632703489","文化放送「エジソン」お聞きいただきありがとうございました！みなさんの中でも見所シーンはありましたか？？ぜひ繰り返し見ていただけたら嬉しいです！#joqr  #yuikaori http://t.co/gdqMfJwIij","ja","Tweet","ゆいかおり(小倉 唯＆石原夏織)公式","YUIKAORI_STAFF","","2","358","0","583","0","2015-06-06 23:25:52","https://x.com/YUIKAORI_STAFF/status/607191679632703489","<a href=""http://twitter.com/download/iphone"" rel=""nofollow"">Twitter for iPhone</a>","#joqr, #yuikaori","","photo","https://pbs.twimg.com/media/CG0tnEGUYAAhZZJ.jpg"
"607168906957062144","もうすぐ文化放送「エジソン」に出演しますよー！ぜひ聴いてくださいね！！#yuikaori #joqr","ja","Tweet","ゆいかおり(小倉 唯＆石原夏織)公式","YUIKAORI_STAFF","","0","127","0","96","0","2015-06-06 21:55:22","https://x.com/YUIKAORI_STAFF/status/607168906957062144","<a href=""http://twitter.com/download/iphone"" rel=""nofollow"">Twitter for iPhone</a>","#yuikaori, #joqr","","",""
"606794575798136833","ゆいかおりLIVE「HEARTY PARTY!!」が絶賛発売中です！Blu-ray&amp;DVDのパッケージの中身はこのような感じになってますよー！#yuikaori http://t.co/zDRt2Te6Qc","ja","Tweet","ゆいかおり(小倉 唯＆石原夏織)公式","YUIKAORI_STAFF","","2","132","0","168","0","2015-06-05 21:07:55","https://x.com/YUIKAORI_STAFF/status/606794575798136833","<a href=""http://twitter.com/download/iphone"" rel=""nofollow"">Twitter for iPhone</a>","#yuikaori","","photo","https://pbs.twimg.com/media/CGvEXBvUQAEcwAZ.jpg
https://pbs.twimg.com/media/CGvEXD4UQAAKDm7.jpg"
"606722188691898368","ブログを更新しました。 『(´～｀)ﾓｸﾞﾓｸﾞ☆』
⇒ http://t.co/AEpCSU4bnJ","ja","Tweet","ゆいかおり(小倉 唯＆石原夏織)公式","YUIKAORI_STAFF","","1","52","0","66","0","2015-06-05 16:20:16","https://x.com/YUIKAORI_STAFF/status/606722188691898368","<a href=""https://ameblo.jp/"" rel=""nofollow"">Ameba_Blog</a>","","http://ameblo.jp/ogurayui-0815/entry-12035318709.html","",""
"606467952984997888","ブログを更新しました。 『Mr.Childrenさん』
⇒ http://t.co/SDh1rKiq76","ja","Tweet","ゆいかおり(小倉 唯＆石原夏織)公式","YUIKAORI_STAFF","","0","60","0","60","0","2015-06-04 23:30:02","https://x.com/YUIKAORI_STAFF/status/606467952984997888","<a href=""https://ameblo.jp/"" rel=""nofollow"">Ameba_Blog</a>","","http://ameblo.jp/ishiharakaori-0806/entry-12035088382.html","",""
"606314303579234304","ゆいかおり：公式サイト更新≫
スペースシャワーTVプラスにて「KING SUPER LIVE 2015 出演アーティスト スペシャル」放送決定！
http://t.co/DEOIhrIVBG","ja","Tweet","ゆいかおり(小倉 唯＆石原夏織)公式","YUIKAORI_STAFF","","0","69","0","75","0","2015-06-04 13:19:29","https://x.com/YUIKAORI_STAFF/status/606314303579234304","<a href=""http://twitter.com"" rel=""nofollow"">Twitter Web Client</a>","","http://www.yuikaori.info/info/1036/","",""
"606304311371431936","ゆいかおり：公式サイト更新≫
「KING SUPER LIVE 2015」ステージサイド席のチケット販売決定!! 
http://t.co/QonZHjHUZM","ja","Tweet","ゆいかおり(小倉 唯＆石原夏織)公式","YUIKAORI_STAFF","","0","62","0","60","0","2015-06-04 12:39:47","https://x.com/YUIKAORI_STAFF/status/606304311371431936","<a href=""http://twitter.com"" rel=""nofollow"">Twitter Web Client</a>","","http://www.yuikaori.info/info/1034/","",""
"606110606937092097","ブログを更新しました。 『発売＆Twitter開始☆』
⇒ http://t.co/sU2w1Neg6F","ja","Tweet","ゆいかおり(小倉 唯＆石原夏織)公式","YUIKAORI_STAFF","","0","89","0","79","0","2015-06-03 23:50:04","https://x.com/YUIKAORI_STAFF/status/606110606937092097","<a href=""https://ameblo.jp/"" rel=""nofollow"">Ameba_Blog</a>","","http://ameblo.jp/ogurayui-0815/entry-12034698722.html","",""
"606094188287913987","ちなみに今回のブルーレイ版の特典として収録されるビジュアルコメンタリーはこのような感じになっています！
ゆいかおりの2人がライブ映像全編を見ながら、楽しくおしゃべりしています！こちらもぜひチェック！#yuikaori http://t.co/fPs8aul0eY","ja","Tweet","ゆいかおり(小倉 唯＆石原夏織)公式","YUIKAORI_STAFF","","1","170","0","211","0","2015-06-03 22:44:49","https://x.com/YUIKAORI_STAFF/status/606094188287913987","<a href=""http://twitter.com/download/iphone"" rel=""nofollow"">Twitter for iPhone</a>","#yuikaori","","photo","https://pbs.twimg.com/media/CGlHcQSUIAAOmPd.jpg"
"606017504763215872","本日6/3発売のLIVE BD&amp;DVD「HEARTY PARTY!!」のおさらいPart5！！衣装展が昨日から開催中です！

開催期間：6月12日（金）まで
開催場所：AKIHABARAゲーマーズ本店 7階
http://t.co/fx8ZKvYVOI
#yuikaori","ja","Tweet","ゆいかおり(小倉 唯＆石原夏織)公式","YUIKAORI_STAFF","","0","73","0","68","0","2015-06-03 17:40:07","https://x.com/YUIKAORI_STAFF/status/606017504763215872","<a href=""http://twitter.com/download/iphone"" rel=""nofollow"">Twitter for iPhone</a>","#yuikaori","http://www.anibro.jp/museum/19266/","",""
"606017401914691584","本日6/3発売のLIVE BD&amp;DVD「HEARTY PARTY!!」のおさらいPart4！！
「HEARTY PARTY!!」の各販売店オリジナル特典情報です！
オリジナル特典の詳細は下記ページにてご確認下さい
http://t.co/eoObFRiGVY
#yuikaori","ja","Tweet","ゆいかおり(小倉 唯＆石原夏織)公式","YUIKAORI_STAFF","","0","48","0","63","0","2015-06-03 17:39:42","https://x.com/YUIKAORI_STAFF/status/606017401914691584","<a href=""http://twitter.com/download/iphone"" rel=""nofollow"">Twitter for iPhone</a>","#yuikaori","http://www.kingrecords.co.jp/cs/t/t6443/","",""
"605964225450668032","本日6/3発売のLIVE BD&amp;DVD「HEARTY PARTY!!」のおさらいPart3！！
◆「ウェィカッ!!」、「Intro Situation」ライブ映像
https://t.co/Vqbc6oZGZF
https://t.co/MQAX4enNJI
#yuikaori","ja","Tweet","ゆいかおり(小倉 唯＆石原夏織)公式","YUIKAORI_STAFF","","0","95","0","95","0","2015-06-03 14:08:24","https://x.com/YUIKAORI_STAFF/status/605964225450668032","<a href=""http://twitter.com/download/iphone"" rel=""nofollow"">Twitter for iPhone</a>","#yuikaori","https://www.youtube.com/watch?v=WUmX7BYrrQc
https://www.youtube.com/watch?v=kHIhWXzw6nU","",""
"605964064771022848","本日6/3発売のLIVE BD&amp;DVD「HEARTY PARTY!!」のおさらいPart2！！
◆「HEARTY PARTY!!」メイキングshort ver.
https://t.co/JKLRyuabBN
#yuikaori","ja","Tweet","ゆいかおり(小倉 唯＆石原夏織)公式","YUIKAORI_STAFF","","0","67","0","75","0","2015-06-03 14:07:45","https://x.com/YUIKAORI_STAFF/status/605964064771022848","<a href=""http://twitter.com/download/iphone"" rel=""nofollow"">Twitter for iPhone</a>","#yuikaori","https://www.youtube.com/watch?v=Vqw2fGImr3E","",""
"605952781376061440","ここで本日6/3発売のLIVE BD&amp;DVD「HEARTY PARTY!!」のおさらい！
◆「HEARTY PARTY!!」スペシャルトレーラー
https://t.co/X4lNBiyQ18
#yuikaori","ja","Tweet","ゆいかおり(小倉 唯＆石原夏織)公式","YUIKAORI_STAFF","","0","82","0","76","0","2015-06-03 13:22:55","https://x.com/YUIKAORI_STAFF/status/605952781376061440","<a href=""http://twitter.com/download/iphone"" rel=""nofollow"">Twitter for iPhone</a>","#yuikaori","https://www.youtube.com/watch?v=6escRWUufzA","",""
"605950795150819329","ブログを更新しました。 『ゆいかおり』
⇒ http://t.co/0ojkYinOIR","ja","Tweet","ゆいかおり(小倉 唯＆石原夏織)公式","YUIKAORI_STAFF","","1","68","0","82","0","2015-06-03 13:15:02","https://x.com/YUIKAORI_STAFF/status/605950795150819329","<a href=""https://ameblo.jp/"" rel=""nofollow"">Ameba_Blog</a>","","http://ameblo.jp/ishiharakaori-0806/entry-12034467488.html","",""
"605939100672065536","本日6/3は最新LIVE BD&amp;DVD『ゆいかおりLIVE「HEARTY PARTY!!」』の発売日です！
ライブツアーに来てくださった方々、残念ながら来る事ができなかった皆様もぜひ見て頂けたら嬉しいです！
#yuikaori http://t.co/n02VMP5KQ5","ja","Tweet","ゆいかおり(小倉 唯＆石原夏織)公式","YUIKAORI_STAFF","","2","250","0","201","0","2015-06-03 12:28:34","https://x.com/YUIKAORI_STAFF/status/605939100672065536","<a href=""http://twitter.com/download/iphone"" rel=""nofollow"">Twitter for iPhone</a>","#yuikaori","","photo","https://pbs.twimg.com/media/CGi6ZOuUkAAA1lC.jpg
https://pbs.twimg.com/media/CGi6ZOpUAAAtg2E.jpg"
"605931928437456896","みなさんこんにちは！ゆいかおり(小倉 唯＆石原夏織)のスタッフ公式Twitterがスタートしました！
ゆいかおり、唯ちゃん、夏織ちゃんの最新情報をお知らせしていきますよ♪どうぞよろしくお願い致します！#yuikaori","ja","Tweet","ゆいかおり(小倉 唯＆石原夏織)公式","YUIKAORI_STAFF","","12","1143","0","545","0","2015-06-03 12:00:04","https://x.com/YUIKAORI_STAFF/status/605931928437456896","<a href=""http://twitter.com/download/iphone"" rel=""nofollow"">Twitter for iPhone</a>","#yuikaori","","",""
